<?xml version="1.0" encoding="UTF-8"?>
<COLLADA xmlns="http://www.collada.org/2005/11/COLLADASchema" version="1.4.1">
<!--
# File generated by ImageToStl.com - Free Image and 3D model conversion tools
-->
  <asset>
    <contributor>
      <author>ImageToStl.com</author>
      <authoring_tool>ImageToStl.com</authoring_tool>
    </contributor>
    <created>2026-04-08T11:06:59</created>
    <modified>2026-04-08T11:06:59</modified>
    <up_axis>Z_UP</up_axis>
  </asset>
  <library_effects>
    <effect id="effect_0">
        <profile_COMMON>
          <technique sid="common">
            <phong>
              <diffuse>
                <color>0.85 0.85 0.85 1</color>
              </diffuse>
              <specular>
                <color>0.05 0.05 0.05 1</color>
              </specular>
              <shininess>
                <float>64</float>
              </shininess>
            </phong>
          </technique>
        </profile_COMMON>
    </effect>
  </library_effects>
  <library_materials>
    <material id="mat_0">
      <instance_effect url="#effect_0"/>
    </material>
  </library_materials>
  <library_geometries>
    <geometry id="geometry_e729ebde_6e7f_4f13_9cda_c56992e0cb7a">
      <mesh>
        <source id="pos_0">
          <float_array id="pos_0-array" count="7671">-0.19011316 -0.07605588 0.19004987 -0.20611306 0.11746535 0.17404966 -0.20611306 -0.11746535 0.17404966 -0.18817696 0.07302513 0.19198611 -0.20328456 0.134 0.16697861 -0.18821472 0.1304 0.18204875 -0.20148844 -0.13221717 0.16877478 -0.1848307 -0.07974264 0.18543284 -0.1810023 0.07267157 0.1892613 -0.19254543 0.05574302 0.16640352 -0.19174063 -0.04974416 0.16720833 -0.1922837 0.123 0.16666526 -0.18751526 -0.03733935 0.16949598 -0.18268622 0.05871242 0.17313498 -0.18894553 0.13866037 0.16841817 -0.19810244 -0.13561805 0.1615178 -0.19511218 -0.13147323 0.16377117 -0.196153 -0.02092857 0.16298684 -0.19684057 0.02141829 0.1624687 -0.19810244 0.13561803 0.1615178 -0.19534588 0.13147835 0.16359507 -0.18111849 -0.04887108 0.1718121 -0.19507766 -0.00040876 0.1612929 -0.17989835 0.05074198 0.17273155 -0.19479267 -0.1326002 0.16150765 -0.18600509 0.13545005 0.16812971 0.21196167 0.04063633 0.04400207 0.21060131 0.07396211 0.04400206 0.17532374 0.06653848 0.04400171 0.20721832 -0.01274687 0.04400202 0.19924957 0.009 0.04400194 0.18249957 -0.0125 0.04400178 0.17618454 -0.05617217 0.04400172 0.20375279 -0.03940841 0.04400199 0.19269088 0.03246938 0.04400188 0.20855288 -0.07044473 0.04400203 0.1773379 0.07261366 0.04000173 0.21200654 0.0589128 0.04000207 0.19135217 0.025375 0.04000187 0.20620714 0.0105625 0.04000201 0.18060458 -0.015875 0.04000176 0.20424961 -0.0190625 0.04000199 0.21196933 -0.06553096 0.04000207 0.1773379 -0.06488633 0.04000173 0.28380391 -0.19075 0.18519692 0.27345663 -0.19075 0.22156666 0.28985977 -0.19075 0.23251928 0.25906572 -0.19075 0.23905951 0.21407719 -0.19075 0.04835878 0.15415844 -0.19075 0.04632481 0.17805654 -0.19075 0.06173909 0.26932326 -0.19075 0.13307737 0.25999087 -0.19075 0.05813217 0.23292975 -0.19075 0.00295501 0.24964796 -0.19075 -0.01439063 0.22660685 -0.19475 0.00492206 0.2231469 -0.19475 0.065275 0.17846133 -0.19475 0.06186915 0.27999127 -0.19475 0.19251046 0.27558675 -0.19475 0.23383568 0.273173 -0.19475 0.15262058 0.29542363 -0.19475 0.22573385 0.2477552 -0.19475 -0.01624451 0.25428998 -0.19475 0.05476852 0.25906572 -0.19475 0.23905951 0.26558813 -0.19475 0.11336736 0.19597095 -0.18574999 0.04290891 0.15517782 -0.18574999 0.03208929 0.16986209 -0.18574999 0.05369275 0.23217949 -0.18574999 0.04741926 0.13163844 -0.18574999 -0.01196688 0.21212384 -0.18574999 -0.02110172 0.12087251 -0.18574999 0.02179013 0.12237863 -0.18574999 0.05852641 0.21578677 -0.18574999 0.01051508 0.24399456 -0.18574999 0.00411707 0.14015378 -0.19075 0.02791802 0.11429632 -0.19075 0.03579859 0.13593638 -0.19075 -0.00261704 0.22056937 -0.19075 0.04342179 0.21467187 -0.19075 0.01582832 0.24251796 -0.19075 -0.01452155 0.16326712 -0.19075 0.0056538 0.19980332 -0.19075 -0.01585525 0.17871615 -0.19075 0.04489769 0.2219032 -0.19075 0.07561289 0.15854198 -0.21995001 -0.05136333 0.13365661 -0.21995001 -0.01554623 0.16678683 -0.21995001 -0.0282913 0.20798945 -0.21995001 -0.02673757 0.21872815 -0.21995001 -0.04940277 0.12372621 -0.21995001 0.01769946 0.14592516 -0.21995001 0.00086542 0.20829709 -0.21995001 0.04067612 0.20507523 -0.21995001 0.06215817 0.24579178 -0.21995001 0.03156636 0.24873935 -0.21995001 -0.00882822 0.22416885 -0.21995001 0.01076521 0.16706309 -0.21995001 0.04062121 0.14066085 -0.21995001 0.05194699 0.24540509 -0.22194999 -0.01856485 0.20697127 -0.22194999 -0.0257474 0.20962112 -0.22194999 -0.05369799 0.20734821 -0.22194999 0.04007826 0.24897544 -0.22194999 0.02177945 0.21401776 -0.22194999 0.05868758 0.15734081 -0.22194999 -0.04764751 0.16690366 -0.22194999 -0.02767481 0.13047318 -0.22194999 -0.0070986 0.14034484 -0.22194999 0.01711684 0.12951007 -0.22194999 0.03329454 0.1638941 -0.22194999 0.03997633 0.22364686 -0.22194999 0.0078922 0.16015258 -0.22194999 0.06417939 0.18411408 -0.16775 0.02415951 0.1920777 -0.16775 -0.01203558 0.16998041 -0.16775 -8.788E-05 0.20620912 -0.16775 0.00832524 0.19590911 -0.14105 -0.00473508 0.17211626 -0.14105 0.00492948 0.19318643 -0.14105 0.01867563 0.17513974 -0.16775 -0.00767226 0.20027554 -0.16775 -0.00746033 0.17390653 -0.16775 0.01890673 0.20607357 -0.16775 0.01262393 0.10361744 -0.16500001 0.08435265 0.12127624 -0.16500001 0.14087689 0.1387814 -0.16500001 0.08512702 0.19756803 -0.16500001 0.05647223 0.14399718 -0.16500001 0.03821101 0.16144532 -0.16500001 0.06971589 0.15226988 -0.16500001 0.14051978 0.14515305 -0.16500001 0.11645674 0.17405762 -0.16500001 0.09309136 0.21430159 -0.16500001 0.08177596 0.11788212 -0.16500001 0.04196893 0.13043356 -0.16500001 0.00749897 0.23305115 -0.16500001 0.01217731 0.20999914 -0.17 0.10008458 0.15156463 -0.17 0.13835679 0.16266997 -0.17 0.10345346 0.12213277 -0.17 0.1417388 0.09916099 -0.17 0.09183823 0.13953434 -0.17 0.08216909 0.14925231 -0.17 0.04815072 0.2141296 -0.17 0.05689066 0.18349752 -0.17 0.07361409 0.14116424 -0.17 0.11971136 0.13936107 -0.17 0.01085384 0.11606184 -0.17 0.04693227 0.16248249 -0.20195 -0.02796014 0.2010929 -0.20195 -0.05644304 0.14680542 -0.20195 -0.0429722 0.13294831 -0.20195 -0.01365723 0.2156357 -0.20195 0.05894081 0.23173031 -0.20195 0.00719017 0.20643835 -0.20195 0.04109685 0.23826265 -0.20195 -0.03096456 0.19432797 -0.20195 -0.03618895 0.16172212 -0.20195 0.04255405 0.1245296 -0.20195 0.02165489 0.16027085 -0.20195 0.05962005 0.14533874 -0.20195 0.00338451 0.24964002 -0.20195 0.01133679 0.16970277 -0.20395 -0.02892659 0.1337474 -0.20395 -0.02729876 0.17179729 -0.20395 -0.05569411 0.21045277 -0.20395 -0.05273087 0.21144052 -0.20395 -0.02529049 0.14113356 -0.20395 0.00432772 0.1247147 -0.20395 0.0242635 0.14359094 -0.20395 0.05476592 0.21394031 -0.20395 0.04095768 0.23204492 -0.20395 0.01464263 0.2132674 -0.20395 0.06423256 0.24916786 -0.20395 0.01897748 0.24367845 -0.20395 -0.02221309 0.1647286 -0.20395 0.04074868 0.15368417 -0.23074999 0.00050669 0.19611606 -0.23074999 -0.0069643 0.16501947 -0.23074999 -0.03210565 0.17899989 -0.23074999 0.02315947 0.23040852 -0.23074999 0.00899703 0.2049706 -0.23074999 0.03120721 0.20525454 -0.23375 0.02117158 0.17630863 -0.23375 0.02208918 0.19690454 -0.23375 -0.00955318 0.16500728 -0.23375 -0.03335935 0.15351902 -0.23375 0.00430651 0.1920777 0.16775 -0.01203558 0.20620912 0.16775 0.00832524 0.18411408 0.16775 0.02415951 0.16998041 0.16775 -8.788E-05 0.19590911 0.14105 -0.00473508 0.19318643 0.14105 0.01867563 0.17211626 0.14105 0.00492948 0.17390653 0.16775 0.01890673 0.20607357 0.16775 0.01262393 0.20027554 0.16775 -0.00746033 0.17513974 0.16775 -0.00767226 0.15491931 0.20395 -0.04946663 0.1281807 0.20395 -0.01868218 0.16248249 0.20395 -0.02796014 0.20828883 0.20395 0.06264257 0.2472268 0.20395 0.02779389 0.21082915 0.20395 0.03933933 0.21510929 0.20395 -0.05130671 0.24762028 0.20395 -0.01270618 0.23146649 0.20395 -0.00627991 0.16865887 0.20395 0.05005046 0.1245296 0.20395 0.02165489 0.14359094 0.20395 0.05476592 0.14533874 0.20395 0.00338451 0.20692694 0.20395 -0.02799462 0.17179729 0.20195 -0.05569411 0.16099715 0.20195 -0.02276943 0.13931412 0.20195 -0.03591533 0.14113356 0.20195 0.00432772 0.21045277 0.20195 -0.05273087 0.21144052 0.20195 -0.02529049 0.12380353 0.20195 0.01142228 0.14359094 0.20195 0.05476592 0.21394031 0.20195 0.04095768 0.23204492 0.20195 0.01464263 0.2132674 0.20195 0.06423256 0.24916786 0.20195 0.01897748 0.24367845 0.20195 -0.02221309 0.1647286 0.20195 0.04074868 0.11678869 0.19075 0.05182608 0.15567943 0.19075 0.03141292 0.12552053 0.19075 0.01839779 0.20047355 0.19075 -0.01945624 0.18371679 0.19075 0.03619191 0.21646701 0.19075 0.04334387 0.15385358 0.19075 0.00313741 0.22237459 0.19075 0.00569192 0.237794 0.19075 -0.0196769 0.25255883 0.19075 -0.00051245 0.22447799 0.19075 0.06648329 0.1419518 0.18574999 0.03988289 0.13108933 0.18574999 -0.01168548 0.16108428 0.18574999 0.01404968 0.21956056 0.18574999 0.01062303 0.24245638 0.18574999 -0.01319547 0.22123885 0.18574999 0.07627964 0.19752385 0.18574999 -0.02008273 0.12270648 0.18574999 0.03261705 0.17964718 0.18574999 0.0425926 0.21755573 0.18574999 0.05047044 0.11865069 0.18574999 0.06639512 0.19680615 0.23375 -0.00974441 0.15372464 0.23375 0.00048505 0.17944844 0.23375 0.02297753 0.16483316 0.23375 -0.03216214 0.23196454 0.23074999 0.00819394 0.20316033 0.23074999 0.03200521 0.1973502 0.23074999 -0.00908773 0.15200575 0.23074999 0.00123028 0.16500728 0.23074999 -0.03335935 0.17928478 0.23074999 0.02390522 0.14329027 0.17 0.03707776 0.174649 0.17 0.08665641 0.20555031 0.17 0.06297516 0.15107192 0.17 0.14356928 0.14056183 0.17 0.08746223 0.14515305 0.17 0.11645674 0.21035573 0.17 0.09956695 0.10634067 0.17 0.08031143 0.13043356 0.17 0.00749897 0.22434165 0.17 0.0304932 0.20999914 0.16500001 0.10008458 0.15175453 0.16500001 0.14066462 0.17289028 0.16500001 0.09663082 0.12996465 0.16500001 0.00753914 0.15108091 0.16500001 0.04670366 0.11555663 0.16500001 0.05125783 0.19066775 0.16500001 0.06279896 0.23350801 0.16500001 0.01193878 0.2207512 0.16500001 0.05395143 0.12670675 0.16500001 0.13296314 0.14051487 0.16500001 0.08328798 0.14475998 0.16500001 0.11136161 0.09916099 0.16500001 0.09183823 0.15854198 0.22194999 -0.05136333 0.13365661 0.22194999 -0.01554623 0.16595416 0.22194999 -0.0277756 0.20798945 0.22194999 -0.02673757 0.21872815 0.22194999 -0.04940277 0.12372621 0.22194999 0.01769946 0.14941654 0.22194999 0.01037076 0.20829709 0.22194999 0.04067612 0.20507523 0.22194999 0.06215817 0.24579178 0.22194999 0.03156636 0.24873935 0.22194999 -0.00882822 0.22416885 0.22194999 0.01076521 0.16706309 0.22194999 0.04062121 0.14066085 0.22194999 0.05194699 0.20901017 0.21995001 0.04068764 0.21471775 0.21995001 0.06470449 0.16390318 0.21995001 0.04059142 0.15734081 0.21995001 -0.04764751 0.20962112 0.21995001 -0.05369799 0.16690366 0.21995001 -0.02767481 0.12364709 0.21995001 0.00744143 0.14013422 0.21995001 0.00090925 0.14066085 0.21995001 0.05194699 0.25046855 0.21995001 0.00131718 0.21109219 0.21995001 -0.02767585 0.24518554 0.21995001 0.03411028 0.23001015 0.21995001 -0.00089011 0.27304184 0.19475 0.22466429 0.2656225 0.19475 0.20377335 0.29360116 0.19475 0.22389725 0.26660466 0.19475 0.24299332 0.25237781 0.19475 0.22262493 0.19086467 0.26235041 0.03112688 0.20867386 0.26235041 0.00391576 0.16606651 0.26235041 0.01072797 0.17309476 0.23375 0.02331746 0.20187216 0.23375 -0.00937018 0.20459491 0.23375 0.02378506 0.16354871 0.23375 -0.00622155 0.18926086 0.23535021 0.03274759 0.20968363 0.23535021 0.00742976 0.1684612 0.23535021 0.00505981 0.1876767 0.23535021 -0.01717887 0.19241075 0.18099999 0.10372081 0.21103859 0.18099999 0.06694323 0.22616713 0.18099999 0.03144485 0.20334552 0.18099999 0.09922425 0.20334931 0.17299999 0.09920177 0.21578301 0.17299999 0.05634227 0.23279481 0.17299999 0.01735717 0.25722113 0.19475 0.23979905 0.27591646 0.19475 0.23406221 0.273173 0.19475 0.15262058 0.20928122 0.19475 0.04652767 0.15415844 0.19475 0.04632481 0.17805654 0.19475 0.06173909 0.28039339 0.19475 0.19373079 0.28385037 0.19475 0.24464521 0.29586914 0.19475 0.22039336 0.26120323 0.19475 0.0947357 0.24744123 0.19475 -0.00018225 0.22971222 0.19475 -0.00541602 0.27999127 0.19075 0.19251046 0.27558675 0.19075 0.23383568 0.273173 0.19075 0.15262058 0.29542363 0.19075 0.22573385 0.23357807 0.19075 -0.01799481 0.25131452 0.19075 0.01094763 0.22360055 0.19075 0.00249382 0.25906572 0.19075 0.23905951 0.21498591 0.19075 0.04595635 0.16731887 0.19075 0.05360955 0.26116869 0.19075 0.09442294 0.10676193 0.18099999 0.09835424 0.11819466 0.18099999 0.06718139 0.12572896 0.18099999 0.04450924 0.1390543 0.18099999 0.01825884 0.10970166 0.17299999 0.09920086 0.12213537 0.17299999 0.05634136 0.13914716 0.17299999 0.01735626 0.2070016 0.21995001 -0.03730875 0.16146727 0.21995001 -0.04499631 0.16836949 0.21995001 -0.02583907 0.16533889 0.21995001 0.04953921 0.2102178 0.21995001 0.05917012 0.20225547 0.21995001 0.04336796 0.13283463 0.20395 -0.01124894 0.15831837 0.20395 -0.04622043 0.16704337 0.20395 -0.03034921 0.20135127 0.20395 -0.04094907 0.23054031 0.20395 -0.03052575 0.22480059 0.20395 0.00811028 0.12424775 0.15788302 0.06000121 0.19799942 0.155 0.06000193 0.11461867 0.14763124 0.06000112 0.06986072 0.15715073 0.06000068 0.13799942 0.16500001 0.06000134 0.06799902 0.16500001 0.10000066 0.19275206 0.16500001 0.08186077 0.06799902 0.145 0.10000066 0.13694037 0.145 0.06924477 0.1826511 0.145 0.09678698 0.06799942 0.145 0.06000066 0.19525567 0.145 0.06298467 0.19016901 0.146 0.09306291 0.13693087 0.146 0.07041334 0.07124549 0.146 0.09470069 0.11324704 0.15473756 0.0610011 0.07517128 0.14811367 0.06100073 0.13477264 0.1546689 0.06100132 0.1979994 0.164 0.06100193 0.06799941 0.164 0.06100066 0.07124549 0.164 0.09470069 0.14223203 0.164 0.06504911 0.18978001 0.164 0.09307765 0.19484904 0.164 0.06334054 0.19799902 0.155 0.10000193 0.12987588 0.15094766 0.10000127 0.08915938 0.15154532 0.10000087 0.08661178 0.15823707 0.09900084 0.12897085 0.15051951 0.09900126 0.06799904 0.146 0.09900066 0.19799903 0.155 0.09900193 0.1299095 0.16122615 0.09900127 0.0679998 0.145 0.02000066 0.10262828 0.145 0.03141751 0.13799942 0.145 0.06000134 0.13437827 0.15121119 0.02000131 0.07571191 0.14744316 0.02000074 0.11680663 0.16125 0.02000114 0.07539257 0.1622967 0.02000074 0.10308678 0.16500001 0.02837254 0.05927144 0.16500001 0.02133138 0.1379998 0.16500001 0.02000135 0.10257521 0.15988633 0.060001 0.07345853 0.15690042 0.06000071 0.13040097 0.15762246 0.06000127 0.10327136 0.164 0.03031482 0.1379998 0.164 0.02100135 0.13799943 0.164 0.05900135 0.06799942 0.164 0.05900066 0.13799943 0.146 0.05900135 0.10288721 0.146 0.03009406 0.06799942 0.146 0.05900066 0.0679998 0.146 0.02100066 0.27936438 0.20209999 0.24207589 0.25300711 0.20209999 0.22508012 0.27240044 0.20209999 0.20258401 0.29149982 0.21709999 0.2196229 0.26284185 0.21709999 0.20688388 0.25464651 0.21709999 0.23543231 0.25914559 0.2221 0.19709042 0.29604146 0.2221 0.19391224 0.27247891 0.2221 0.15318286 0.23249121 0.2221 0.05485488 0.25757685 0.2221 0.07462922 0.26344621 0.2221 0.01997444 0.26454198 0.2221 0.11340358 0.25914559 0.19475 0.19709042 0.23249121 0.19475 0.05485488 0.26228672 0.22025 0.02383104 0.29481924 0.22025 0.19743417 0.26228672 0.20395 0.02383104 0.29481924 0.20395 0.19743417 0.29546943 0.19475 0.1991004 0.27203053 0.19475 0.15135092 0.26344621 0.19475 0.01997444 0.25795129 0.19475 0.07430439 0.26526004 0.19475 0.11286192 0.10676193 -0.17288496 0.09835424 0.11819466 -0.17288496 0.06718139 0.12572896 -0.17288496 0.04450924 0.1390543 -0.17288496 0.01825884 0.10970166 -0.18088496 0.09920086 0.12213537 -0.18088496 0.05634136 0.13914716 -0.18088496 0.01735626 0.17304802 -0.26235041 0.02342067 0.20187216 -0.26235041 -0.00937018 0.20459491 -0.26235041 0.02378506 0.16354871 -0.26235041 -0.00622155 0.20844297 -0.2607502 0.00469019 0.16275887 -0.2607502 0.00056733 0.18926086 -0.2607502 0.03274759 0.26300931 -0.19475 0.20992324 0.27367312 -0.19475 0.22529088 0.29572678 -0.19475 0.22073244 0.25721675 -0.19475 0.23949739 0.28646696 -0.19475 0.24182887 0.12984268 -0.15127459 0.06000127 0.19799942 -0.145 0.06000193 0.11098188 -0.15902182 0.06000108 0.06986072 -0.15284927 0.06000068 0.14144734 -0.145 0.06200024 0.06799902 -0.145 0.10000066 0.19275208 -0.145 0.07988982 0.06799942 -0.145 0.06000066 0.13621113 -0.16500001 0.0727903 0.06799902 -0.16500001 0.10000066 0.06799942 -0.16500001 0.06000066 0.19077694 -0.16500001 0.09839446 0.19799942 -0.16500001 0.06000193 0.07124549 -0.164 0.09470069 0.13704525 -0.164 0.06990883 0.06799941 -0.164 0.06100066 0.19016901 -0.164 0.09299728 0.11878564 -0.15747645 0.06100116 0.1979994 -0.155 0.06100193 0.13051827 -0.14881524 0.06100127 0.0735784 -0.15362579 0.06100072 0.19451448 -0.146 0.06331652 0.1803402 -0.146 0.08887368 0.14223203 -0.146 0.06504911 0.06799915 -0.146 0.08788048 0.06799941 -0.146 0.06100066 0.12987588 -0.15905234 0.10000127 0.19799902 -0.155 0.10000193 0.08915176 -0.1509831 0.10000087 0.07179267 -0.1602039 0.1000007 0.19799903 -0.155 0.09900193 0.12301713 -0.15684918 0.0990012 0.0751797 -0.14791915 0.09900073 0.19241075 -0.17288496 0.10372081 0.21103859 -0.17288496 0.06694323 0.22616713 -0.17288496 0.03144485 0.20334552 -0.17288496 0.09922425 0.20334931 -0.18088496 0.09920177 0.21578301 -0.18088496 0.05634227 0.23279481 -0.18088496 0.01735717 0.2070016 -0.20395 -0.03730875 0.16146727 -0.20395 -0.04499631 0.16836949 -0.20395 -0.02583907 0.22271347 -0.20395 0.04426759 0.23429726 -0.20395 0.00928774 0.20306306 -0.20395 0.05338207 0.13283463 -0.21995001 -0.01124894 0.15831837 -0.21995001 -0.04622043 0.16704337 -0.21995001 -0.03034921 0.25914559 -0.19475 0.19709042 0.29604146 -0.19475 0.19391224 0.27247891 -0.19475 0.15318286 0.23249121 -0.19475 0.05485488 0.25757685 -0.19475 0.07462922 0.26344621 -0.19475 0.01997444 0.26454198 -0.19475 0.11340358 0.25914559 -0.2221 0.19709042 0.23249121 -0.2221 0.05485488 0.26228672 -0.19660001 0.02383104 0.29481924 -0.19660001 0.19743417 0.26228672 -0.2129 0.02383104 0.29481924 -0.2129 0.19743417 0.29546943 -0.2221 0.1991004 0.27203053 -0.2221 0.15135092 0.26344621 -0.2221 0.01997444 0.25795129 -0.2221 0.07430439 0.26526004 -0.2221 0.11286192 0.27936438 -0.21709999 0.24207589 0.25300711 -0.21709999 0.22508012 0.27240044 -0.21709999 0.20258401 0.29149982 -0.20209999 0.2196229 0.26284185 -0.20209999 0.20688388 0.25464651 -0.20209999 0.23543231 0.1379998 -0.145 0.02000135 0.1033711 -0.145 0.03141752 0.13799942 -0.145 0.06000134 0.13050421 -0.15995957 0.02000127 0.10402891 -0.15798731 0.02000101 0.07355157 -0.1537292 0.02000072 0.13799942 -0.16500001 0.06000134 0.10249371 -0.16500001 0.02894998 0.1379998 -0.16500001 0.02000135 0.11684823 -0.16136737 0.02100114 0.0717826 -0.15156563 0.0210007 0.07538613 -0.162 0.02100074 0.12071189 -0.14794317 0.02100118 0.10260975 -0.164 0.03043312 0.0679998 -0.164 0.02100066 0.06799942 -0.164 0.05900066 0.13799943 -0.164 0.05900135 0.06799942 -0.146 0.05900066 0.10294481 -0.146 0.02988581 0.13799943 -0.146 0.05900135 0.13799979 -0.146 0.02100135 -0.00400195 -0.16500001 0.19999996 0.00601002 -0.16500001 0.16235676 0.00599873 -0.16500001 0.13000005 0.0110981 -0.16500001 0.19528049 0.01599805 -0.17 0.20000015 0.00605332 -0.17 0.16231836 0.00599873 -0.17 0.13000005 0.0008981 -0.17 0.19528039 0.01599873 -0.145 0.13000016 0.01599805 -0.145 0.20000015 0.01599873 -0.17 0.13000016 0.04902116 -0.16500001 0.13398798 0.05452305 -0.16500001 0.20000052 0.09961076 -0.16500001 0.13792725 0.10857584 -0.16500001 0.18451308 0.10004108 -0.17 0.13164161 0.10615335 -0.17 0.19602506 0.05622097 -0.17 0.13127746 0.05163915 -0.17 0.18340819 0.01599947 -0.1425585 0.05460507 0.01599805 -0.125 0.20000015 0.01101593 -0.145 0.04844259 0.00192026 -0.145 0.18893029 0.0065241 -0.145 0.09195939 -0.00400039 -0.145 0.03999997 -0.00400064 -0.14224641 0.06551957 -0.00400195 -0.125 0.19999996 -0.00400039 -0.125 0.03999997 -0.00400195 -0.145 0.19999996 0.00879978 -0.125 0.19432063 0.01073673 -0.125 0.07947977 0.00627449 -0.14399999 0.09089652 0.00078274 -0.14399999 0.19111776 0.01059821 -0.14399999 0.18350729 0.01052351 -0.14399999 0.05278663 -0.00300039 -0.14399999 0.03999997 0.00013899 -0.126 0.19049443 0.00311525 -0.126 0.08142541 0.01177649 -0.126 0.19058451 0.00816873 -0.126 0.04231941 -0.00400127 -0.16500001 0.12999997 0.00593274 -0.16500001 0.16751763 0.00599805 -0.16500001 0.20000005 0.01599873 -0.16500001 0.13000016 -0.00400127 -0.145 0.12999997 -0.00400127 -0.17 0.12999997 -0.00400195 -0.17 0.19999996 0.01099815 -0.145 0.18928294 0.01125875 -0.145 0.14260498 0.00599805 -0.164 0.20000006 0.00599826 -0.164 0.17856573 0.00175875 -0.164 0.14260489 0.01499873 -0.164 0.13000014 -0.00300127 -0.164 0.12999997 -0.00300127 -0.146 0.12999997 -0.00300195 -0.164 0.19999997 -0.00300195 -0.146 0.19999997 0.01499873 -0.146 0.13000014 0.01499805 -0.146 0.20000015 0.01499805 -0.164 0.20000015 0.05945694 -0.16500001 0.13438988 0.05795139 -0.16500001 0.05843218 0.0679998 -0.16500001 0.02000066 0.04799981 -0.16500001 0.02000046 0.05654044 -0.145 0.13438985 0.05806506 -0.145 0.05836656 0.04799981 -0.145 0.02000046 0.0679998 -0.145 0.02000066 0.05354615 -0.145 0.18884149 0.06799805 -0.145 0.20000066 0.06799965 -0.1550134 0.03569707 0.06799978 -0.1474683 0.02260556 0.06799805 -0.16500001 0.20000066 0.06699981 -0.146 0.02000065 0.06311204 -0.146 0.13995062 0.05775687 -0.146 0.05829214 0.04899981 -0.146 0.02000047 0.06699981 -0.164 0.02000065 0.04899981 -0.164 0.02000047 0.05825078 -0.164 0.0586355 0.05869015 -0.164 0.19158417 0.06030539 -0.164 0.13422918 -0.00150137 0.22157529 0.14067458 -0.00150164 0.20966783 0.16790548 -0.00150207 0.20254806 0.21199124 0.01349836 0.21034858 0.16782053 0.01349862 0.22094624 0.14106905 0.013498 0.20469141 0.20537835 0.09349862 0.22161043 0.14075306 0.09349836 0.20958865 0.16804659 0.09349799 0.20496789 0.20545453 0.10849836 0.20997609 0.16773544 0.10849863 0.22094624 0.14106998 0.10849793 0.21022031 0.21256731 0.0884988 0.25158688 0.12309802 0.0152482 0.23521659 0.18419211 0.09012319 0.23479602 0.18576247 0.11499871 0.24919282 0.13203308 0.09306704 0.25149134 0.12345473 0.11499826 0.2367695 0.17839752 0.09829639 0.23319697 0.19173025 0.01665913 0.23363073 0.19011062 0.0099979 0.22680497 0.21558465 0.08849814 0.23346956 0.19071282 0.00999887 0.25352481 0.11586488 0.11978555 0.25532672 0.10914113 -0.00800129 0.24919282 0.13203189 -0.00800174 0.2367695 0.17839633 0.00794661 0.23111431 0.19950196 0.10727993 0.25716284 0.10228853 -0.01157417 0.25846455 0.09742928 0.11499827 0.23387173 0.17762107 0.12099796 0.22530849 0.20957954 0.09874805 0.22792536 0.19981305 0.00599807 0.2285077 0.19763881 -0.00800173 0.23387173 0.17761986 -0.01092803 0.24707934 0.12832832 0.0534979 0.22390719 0.21480861 0.00824805 0.22778948 0.20031929 0.00487392 0.25173709 0.11094557 0.09938682 0.25283813 0.10683736 0.11499872 0.24629503 0.13125663 0.07898271 0.21976346 0.17038609 0.07936406 0.21139413 0.20162088 0.02569645 0.21958575 0.17104879 0.02849804 0.21152353 0.20113741 0.02596746 0.23011807 0.13174166 0.07629862 0.22753796 0.14137122 0.01996728 0.22518271 0.1501606 0.08274073 0.22312933 0.15782452 0.07849447 0.22993179 0.13243735 0.11822382 0.23308089 0.12068512 0.11022339 0.22116938 0.16513936 0.08277523 0.23756145 0.10396308 0.1020302 0.20980665 0.20754559 0.09497339 0.22116292 0.16516337 0.02205428 0.2372113 0.10526925 -0.00705891 0.2349344 0.11376652 0.00773589 0.22118799 0.16506894 0.07681718 0.22225644 0.16108215 -0.01236155 0.21747655 0.17892008 0.06186172 0.16500001 0.08005395 0.04799805 0.16500001 0.20000048 0.05788475 0.16500001 0.1621244 0.06799805 0.16500001 0.20000067 0.04799902 0.16500001 0.10000047 0.04799981 0.145 0.02000047 0.04799814 0.15103616 0.19056423 0.05654091 0.145 0.08561125 0.06306411 0.145 0.15551586 0.06295009 0.145 0.19157133 0.04799805 0.145 0.20000048 0.0478888 0.145 0.03225543 0.0679982 0.1550134 0.18430425 0.06799807 0.1474683 0.19739577 0.0679998 0.16500001 0.02000066 0.04899981 0.164 0.02000048 0.04899814 0.15540928 0.19072503 0.04899981 0.146 0.02000048 0.05565998 0.146 0.15861239 0.06699805 0.146 0.20000066 0.06311262 0.146 0.08005062 0.06286261 0.164 0.08023722 0.0625641 0.164 0.15551586 0.06017043 0.164 0.19792296 0.05090648 0.164 0.0225755 0.06418207 0.164 0.02924638 0.01599831 0.142 0.17340015 0.01599961 0.145 0.04000016 0.01599805 0.145 0.20000015 0.01599961 0.125 0.04000016 0.01059945 0.145 0.05649292 0.00120726 0.145 0.16711693 -0.00011209 0.145 0.04953971 -0.00400158 0.125 0.16249996 -0.00400039 0.145 0.03999996 -0.00400039 0.125 0.03999996 0.01599805 0.125 0.20000015 0.00628495 0.125 0.16123387 -0.00069715 0.125 0.0513839 0.0011598 0.125 0.19536135 0.0105222 0.14399999 0.18721357 -0.00300195 0.14399999 0.19999997 0.00652356 0.14399999 0.14804074 0.01059945 0.14399999 0.05649292 0.00011872 0.14399999 0.04951806 0.00785699 0.126 0.18452547 0.00139945 0.126 0.05649284 -0.00300195 0.126 0.19999997 0.00652356 0.126 0.14804074 0.01184617 0.126 0.04953403 0.05275317 0.17 0.19611418 0.10913999 0.17 0.13075107 0.04902116 0.17 0.13398798 0.10857584 0.17 0.18451308 0.05648576 0.16500001 0.13132855 0.10913996 0.16500001 0.13398856 0.10615335 0.16500001 0.19602506 0.05163915 0.16500001 0.18340819 -0.00400195 0.17 0.19999996 0.00601002 0.17 0.16235676 0.00599873 0.17 0.13000005 0.0110981 0.17 0.19528049 0.01599805 0.16500001 0.20000015 0.00605332 0.16500001 0.16231836 0.00599873 0.16500001 0.13000005 0.0008981 0.16500001 0.19528039 0.01599873 0.17 0.13000016 0.01599805 0.17 0.20000015 0.01599873 0.145 0.13000016 0.01114465 0.16500001 0.18731202 0.01599873 0.16500001 0.13000016 0.00060724 0.16500001 0.13999122 -0.00400195 0.16500001 0.19999996 -0.00400195 0.145 0.19999996 -0.00400127 0.145 0.12999997 -0.00400127 0.17 0.12999997 0.01108828 0.145 0.14031708 0.01111184 0.145 0.18743448 0.00599873 0.164 0.13000005 0.00617782 0.164 0.15063402 0.00161184 0.164 0.18743439 0.01499805 0.164 0.20000015 -0.00300195 0.164 0.19999997 -0.00300195 0.146 0.19999997 -0.00300127 0.164 0.12999997 -0.00300127 0.146 0.12999997 0.01499805 0.146 0.20000015 0.01499873 0.146 0.13000014 0.01499873 0.164 0.13000014 0.05699344 -0.145 0.03186473 0.00576306 -0.145 0.03486345 -0.00742829 -0.145 0.02792938 -0.05457316 -0.145 0.02721842 -0.1291839 -0.145 0.03499874 -0.0918716 -0.145 0.02773756 -0.16200019 -0.145 0.01999842 -0.16200039 -0.145 0.03999842 -0.13597383 -0.13473986 0.01999867 -0.08400019 -0.14031054 0.01999918 -0.16200019 -0.125 0.01999842 -0.03600019 -0.13500001 0.01999965 0.11454371 -0.13361934 0.02000112 0.00908066 -0.13502403 0.02000009 0.0633547 -0.13471349 0.02000062 0.09833599 -0.14441381 0.02000096 -0.16200039 -0.125 0.03999842 -0.0991715 -0.125 0.02503592 -0.04228723 -0.125 0.0349201 0.0060948 -0.125 0.03039157 0.05784818 -0.125 0.02748137 0.13799962 -0.125 0.04000134 0.10350142 -0.125 0.02628058 -0.13634783 -0.1346174 0.03999867 -0.09450039 -0.125 0.03999908 -0.06044999 -0.14030175 0.03999941 -0.01090313 -0.13532138 0.03999989 0.06111514 -0.13367237 0.0400006 0.10099962 -0.125 0.04000098 0.13663225 -0.13253281 0.04000133 0.11318146 -0.12687755 0.0390011 0.10170106 -0.13620937 0.03900099 0.06329533 -0.13553788 0.03900062 0.00443905 -0.13543065 0.03900004 -0.10210387 -0.13979295 0.038999 -0.13645504 -0.13477267 0.03899867 -0.09600038 -0.126 0.03899906 -0.03678317 -0.1347879 0.03899964 -0.16200037 -0.126 0.03899842 -0.16200037 -0.14399999 0.03899842 0.00625957 -0.14399999 0.02507686 -0.08415921 -0.14399999 0.02534021 -0.03699458 -0.14399999 0.029703 0.09010738 -0.14399999 0.02293928 0.11975987 -0.14399999 0.03647678 0.1379998 -0.14399999 0.02100135 0.0577765 -0.14399999 0.02983717 0.00755455 -0.14399999 0.03598177 -0.12228797 -0.14399999 0.03449551 -0.16200021 -0.14399999 0.02099842 0.11217309 -0.13825473 0.02100109 0.08055917 -0.12788634 0.02100079 0.06358203 -0.13421078 0.02100062 0.00899979 -0.14399999 0.02100009 -0.04449554 -0.13617182 0.02099957 -0.09367578 -0.13296211 0.02099909 -0.13634764 -0.1346174 0.02099867 -0.16200021 -0.126 0.02099842 0.01249248 -0.126 0.03540012 0.05624666 -0.126 0.02413895 0.09799511 -0.126 0.03278555 0.00774127 -0.126 0.02376838 -0.03674504 -0.126 0.02975669 -0.09202489 -0.126 0.02990732 -0.13206507 -0.126 0.03019127 -0.11182782 -0.145 0.02978955 -0.07213879 -0.145 0.02491652 -0.06200039 -0.145 0.0399994 -0.15204294 -0.145 0.03527386 -0.06200039 -0.1505 0.0399994 -0.1620003 -0.1505 0.02999842 -0.13237642 -0.1505 0.03063217 -0.09165534 -0.1505 0.02948202 -0.0620002 -0.1505 0.0199994 -0.13161099 -0.1705 0.02969637 -0.1620003 -0.1705 0.02999842 -0.0620002 -0.1705 0.0199994 -0.09177172 -0.1705 0.02978195 -0.06200039 -0.1705 0.0399994 -0.16200039 -0.1705 0.03999842 -0.12790895 -0.16067187 0.03999875 -0.09753756 -0.16031218 0.03999905 -0.15210111 -0.1505 0.03512389 -0.11208066 -0.1505 0.03056759 -0.16200019 -0.1505 0.01999842 -0.07199124 -0.1505 0.02459859 -0.12773688 -0.16028701 0.01999876 -0.0620002 -0.145 0.0199994 -0.16200019 -0.1705 0.01999842 -0.09736796 -0.16019309 0.01999905 -0.09202247 -0.169 0.02984914 -0.06200021 -0.169 0.0214994 -0.1620003 -0.169 0.02999842 -0.06200038 -0.169 0.0384994 -0.13215026 -0.169 0.03044202 -0.10644248 -0.16022994 0.03849896 -0.06200038 -0.152 0.0384994 -0.16200037 -0.16049999 0.03849842 -0.13649775 -0.16049999 0.03849867 -0.06200029 -0.152 0.0299994 -0.16200037 -0.152 0.03849842 -0.13220845 -0.152 0.03020686 -0.16200021 -0.152 0.02149842 -0.09138902 -0.152 0.02972377 -0.16200021 -0.169 0.02149842 -0.12790877 -0.16067187 0.02149875 -0.06200021 -0.16049999 0.0214994 -0.09753738 -0.16031218 0.02149905 -0.16605851 0.122 0.13834608 -0.10667893 0.122 0.14771107 -0.09238116 0.122 0.17794535 -0.0630201 0.122 0.15666056 -0.09025815 0.122 0.10636427 -0.06200019 0.122 0.0199994 -0.0943243 0.122 0.07826236 -0.12116438 0.122 0.08847463 -0.1186329 0.122 0.01999884 -0.19399844 0.122 0.15137491 -0.20366399 0.122 0.10709088 -0.17432813 0.122 0.07075626 -0.21374822 0.122 0.02572226 -0.1040709 0.125 0.14687806 -0.09036841 0.125 0.10653451 -0.11100011 0.125 0.09853077 -0.08219407 0.125 0.17837287 -0.15888084 0.125 0.14971195 -0.09356076 0.125 0.07746483 -0.06200019 0.125 0.0199994 -0.11175345 0.125 0.02283364 -0.06348425 0.125 0.1600495 -0.2130042 0.125 0.01999792 -0.13623944 0.125 0.04936424 -0.18466491 0.125 0.0858598 -0.21408188 0.125 0.11223081 -0.19588116 0.125 0.14640723 -0.10103051 -0.1232 0.1722614 -0.07076843 -0.1232 0.1668942 -0.07415369 -0.1232 0.13552521 -0.10480854 -0.1232 0.14142452 -0.07817303 -0.16689999 0.17188509 -0.10942061 -0.16689999 0.1641649 -0.08763618 -0.16689999 0.12727845 -0.06431194 -0.16689999 0.14586169 -0.10103828 -0.1776 0.16399606 -0.09207624 -0.1776 0.13090861 -0.06666259 -0.1776 0.15457608 -0.10587356 -0.1709 0.14208749 -0.09115306 -0.1709 0.17556176 -0.07177053 -0.1709 0.13816808 0.00717614 -0.1956 0.09966265 0.02380319 -0.1956 0.07856667 0.05520215 -0.1956 0.08984652 -0.02812385 -0.1956 0.11337981 -0.04126707 -0.1956 0.14341608 -0.07652489 -0.1956 0.12901151 -0.08678344 -0.1956 0.1668216 -0.09847158 -0.1856 0.14258946 -0.08250929 -0.1856 0.15825529 -0.04279424 -0.1856 0.13035791 -0.0291974 -0.1856 0.10899609 0.00688269 -0.1856 0.11133321 0.04971021 -0.1856 0.08099432 0.03205026 -0.1856 0.06545381 -0.06883603 -0.1856 0.16647695 -0.10140169 -0.1856 0.16990609 -0.09975273 -0.1856 0.14696568 -0.07874592 -0.1856 0.1350183 -0.09666989 -0.1776 0.17535949 -0.065459 -0.1776 0.16110156 -0.07819016 -0.1776 0.12957133 -0.11124614 -0.1776 0.14591618 -0.1887719 -0.2632004 0.03329568 -0.21981376 -0.2632004 0.02508181 -0.20974812 -0.2632004 -0.00153169 -0.17731795 -0.2632004 -0.00283403 -0.19466132 -0.2616002 0.0415732 -0.19594325 -0.2616002 -0.00617703 -0.22094761 -0.2616002 0.0197492 -0.22195813 -0.2362002 0.02571482 -0.21275121 -0.2362002 -0.00211353 -0.17874223 -0.2362002 -0.00054509 -0.18794367 -0.2362002 0.03340397 -0.15316251 -0.19660001 0.02783553 -0.19212539 -0.19660001 0.03967709 -0.12464757 -0.19660001 0.03358945 -0.17852738 -0.19660001 -0.00109611 0.04812235 -0.19660001 0.06225044 -0.0086478 -0.19660001 0.04593654 0.07296995 -0.19660001 0.08292407 0.03827438 -0.19660001 0.08092637 -0.0239248 -0.19660001 0.0734674 -0.06113473 -0.19660001 0.03954634 -0.11969103 -0.19660001 0.01943556 -0.08374383 -0.19660001 0.04767646 0.06143771 -0.19660001 0.00096515 0.09318753 -0.19660001 0.03026252 0.08676554 -0.19660001 0.00449167 -0.000592 -0.19660001 0.09027206 -0.07128041 -0.2066 0.05498488 -0.02026884 -0.2066 0.05002793 -0.01748584 -0.2066 0.08051292 0.06143771 -0.2066 0.00096515 0.08676554 -0.2066 0.00449167 0.09318753 -0.2066 0.03026252 0.06182292 -0.2066 0.05946315 0.00644127 -0.2066 0.05298147 -0.11361432 -0.2066 0.01611022 -0.1317818 -0.2066 0.03294745 -0.17431098 -0.2066 0.03484478 0.02169157 -0.2066 0.08337638 -0.0566865 -0.2066 0.0370316 -0.18313867 -0.1399 0.01623802 -0.19641744 -0.1399 0.00608703 -0.20695758 -0.1399 0.02194666 -0.19516455 -0.1666 -0.00546105 -0.17897403 -0.1666 0.01128139 -0.20310333 -0.1666 0.03061511 -0.21568534 -0.1666 0.00368528 -0.22426707 -0.2106 0.00145284 -0.18454176 -0.2106 -0.01138889 -0.21063691 -0.2106 0.03328957 -0.18304852 -0.1666 0.0136834 -0.2069798 -0.1666 -0.00055969 -0.2073444 -0.1666 0.02818066 0.02040559 -0.21179999 0.07504055 -0.01435503 -0.21179999 0.09395036 0.01580732 -0.21179999 0.04470909 -0.03018506 -0.21179999 0.05778735 -0.02482826 -0.2098 0.05060833 -0.01181032 -0.2098 0.093006 0.01672235 -0.2098 0.08659851 0.01994808 -0.2098 0.05409584 0.00501628 0.1637 0.07695833 -0.02006982 0.1637 0.06631624 -0.00034504 0.1637 0.05474053 0.01668692 -0.2098 0.0567842 -0.02987965 -0.2098 0.06041893 -0.00852162 -0.2098 0.04342442 0.00862301 -0.2098 0.08626758 0.00909117 -0.1906001 0.06633075 -0.00683166 -0.1906001 0.05447765 -0.00595518 -0.1906001 0.08077172 -0.01016884 -0.19059999 0.06114253 0.00447424 -0.19059999 0.05801175 -0.00605795 -0.19059999 0.07791975 0.05675228 -0.20810001 0.01242881 0.06901965 -0.20810001 0.04129183 0.09448532 -0.20810001 0.02600535 0.08094155 -0.2261 0.00428724 0.08862299 -0.2261 0.03469379 0.05909687 -0.2261 0.03791631 -0.22348945 -0.2123 0.06818932 -0.21984719 -0.2123 0.04794272 -0.25583538 -0.2123 0.03748699 -0.16589002 -0.2123 0.06738113 -0.14119959 -0.2123 0.03594304 -0.14912377 -0.2123 -0.00709122 -0.20485577 -0.2123 -0.01448968 -0.17000522 -0.2123 -0.01363746 -0.19925204 -0.2123 -0.04197113 -0.22893049 -0.2123 0.01401979 -0.24674851 -0.2123 -0.02424674 -0.23849033 -0.2256 0.01731918 -0.23376834 -0.2256 0.06183183 -0.25924945 -0.2256 0.00287779 -0.15690073 -0.2256 0.01280554 -0.20607057 -0.2256 -0.01950862 -0.19889295 -0.2256 -0.0471919 -0.18432096 -0.2256 0.07474838 -0.18779948 -0.2256 0.04724266 -0.15646392 -0.2256 -0.03021738 -0.24179457 -0.2256 -0.02811607 -0.13654983 -0.2256 0.02566317 -0.15621257 -0.2256 0.05958333 -0.21056896 -0.2216 -0.01574428 -0.17247994 -0.2216 -0.00595651 -0.22355011 -0.2216 0.00763851 -0.22146094 -0.2138 0.02007355 -0.20889108 -0.2138 0.04279562 -0.17622106 -0.2138 0.03152087 0.01994808 0.21439999 0.05409584 0.01672235 0.21439999 0.08659851 -0.02392825 0.21439999 0.08374435 -0.01604521 0.21439999 0.04414526 0.0108346 0.2164 0.09058847 0.02197448 0.2164 0.05569568 -0.01223437 0.2164 0.04180865 -0.02143765 0.2164 0.09082013 -0.22030599 0.26620018 0.01371411 -0.19818974 0.26620018 -0.00961224 -0.17981108 0.26620018 0.01367772 -0.20071591 0.26620018 0.0400377 -0.17404294 0.2408002 0.02806871 -0.21072717 0.2408002 -0.00500923 -0.20747875 0.2408002 0.03424513 -0.20896989 0.1445 0.00451891 -0.18574405 0.1445 0.00852331 -0.20062673 0.1445 0.02880667 -0.20215935 0.17120001 0.03444635 -0.18019976 0.17120001 0.02362924 -0.19551711 0.17120001 -0.00191635 -0.21577276 0.17120001 0.01940014 -0.18170565 0.17120001 0.02406322 -0.21176061 0.17120001 0.00484569 -0.18509145 0.17120001 0.00121276 -0.20251091 0.17120001 0.03190439 -0.18741052 0.2112 0.03698834 -0.13036138 0.2112 0.03250227 -0.13303134 0.2112 0.01498511 0.06851977 0.2112 0.08432816 0.04812235 0.2112 0.06225044 0.03026025 0.2112 0.08707417 0.01249441 0.2112 0.06072592 -0.01693293 0.2112 0.08167464 -0.01587159 0.2112 0.04674922 -0.05681917 0.2112 0.03891107 -0.18020858 0.2112 -0.0016505 -0.09111883 0.2112 0.03562703 0.06520456 0.2112 -0.00042376 0.09318753 0.2112 0.03026252 0.08676554 0.2112 0.00449167 -0.06096764 0.20119999 0.03913232 -0.01465862 0.20119999 0.04381713 -0.02195842 0.20119999 0.05742934 0.04257479 0.20119999 0.06645606 0.0916552 0.20119999 0.03155925 -0.05643992 0.20119999 0.06431681 -0.12139408 0.20119999 0.03401067 -0.09102888 0.20119999 0.03560755 0.06520456 0.20119999 -0.00042376 0.08676554 0.20119999 0.00449167 0.02114782 0.20119999 0.08575563 -0.13546205 0.20119999 0.01554195 -0.17917494 0.20119999 -0.00047669 0.01997173 0.21439999 0.05414381 0.01668271 0.21439999 0.08664013 -0.02132168 0.21439999 0.08342715 -0.01674477 0.21439999 0.0413947 0.0107872 0.2164 0.09061862 0.02199501 0.2164 0.05574759 -0.02221894 0.2164 0.0513659 -0.02148543 0.2164 0.09078744 0.05675228 0.2307 0.01242881 0.06901965 0.2307 0.04129183 0.09448532 0.2307 0.02600535 0.08094155 0.21269999 0.00428724 0.08862299 0.21269999 0.03469379 0.05909687 0.21269999 0.03791631 -0.2297357 0.21690001 0.06683616 -0.257707 0.21690001 0.02264602 -0.23207395 0.21690001 0.01516671 -0.19451028 0.21690001 0.04605919 -0.16586156 0.21690001 0.0146113 -0.17026564 0.21690001 0.06977665 -0.22249801 0.21690001 -0.01493286 -0.21080291 0.21690001 -0.04421858 -0.14312555 0.21690001 0.04042727 -0.15461324 0.21690001 -0.02694323 -0.13615432 0.23020001 0.0082201 -0.16337131 0.23020001 0.0135022 -0.18644133 0.23020001 0.05360733 -0.20760939 0.23020001 -0.0252224 -0.23938315 0.23020001 0.01945218 -0.22717772 0.23020001 0.06745325 -0.25654945 0.23020001 0.03244384 -0.22782427 0.23020001 -0.04052702 -0.25074074 0.23020001 -0.01787159 -0.16386187 0.23020001 -0.03472373 -0.16787311 0.23020001 0.06892724 -0.14178655 0.23020001 0.03965796 -0.1969883 0.2262 0.04907434 -0.17033766 0.2262 0.03183356 -0.18197247 0.2262 -0.0063846 -0.22127017 0.2262 0.04025342 -0.20357519 0.2184 -0.01629058 -0.17418049 0.2184 -0.00514701 -0.17948309 0.2184 0.03463025 -0.20804863 0.2184 0.03869774 -0.22560288 0.2184 0.00847253 0.00176577 0.1627 0.07957244 -0.01872211 0.1627 0.06834737 0.00319855 0.1627 0.05679972 -0.01578813 0.1892 0.09842715 -0.03002573 0.1892 0.11889356 -0.06053099 0.1892 0.13714814 -0.08979487 0.1892 0.16598198 0.01366708 0.1892 0.10193202 -0.09152965 0.1892 0.14889702 0.05520215 0.1892 0.08984652 0.03205026 0.1892 0.06545381 0.00985947 0.1992 0.10319488 -0.03641745 0.1992 0.12508199 -0.09099769 0.1992 0.16647711 -0.06803095 0.1992 0.14144196 -0.01722715 0.1992 0.09938452 -0.09968193 0.1992 0.14697705 0.03205026 0.1992 0.06545381 0.0510155 0.1992 0.085601 -0.10998128 0.1892 0.14281578 -0.08922507 0.1892 0.17907022 -0.0775512 0.1892 0.15990117 -0.07751982 0.1892 0.13566262 -0.06465029 0.1812 0.16184539 -0.10555333 0.1812 0.17185606 -0.07337876 0.1812 0.1323382 -0.10703384 0.1812 0.13719334 -0.07576654 0.1268 0.16905729 -0.09888542 0.1268 0.16049583 -0.07242277 0.1268 0.13716248 -0.1040308 0.1268 0.13687052 -0.09331331 0.1705 0.13196374 -0.11225943 0.1705 0.15463017 -0.06698177 0.1705 0.14616954 -0.08949322 0.1705 0.17865351 -0.09960998 0.1812 0.1686725 -0.06607681 0.1812 0.15435815 -0.09157895 0.1812 0.12980235 -0.08032233 0.1745 0.12874533 -0.07221594 0.1745 0.16314885 -0.10977549 0.1745 0.15848318 0.01773832 0.21439999 0.05923532 -0.0267559 0.21439999 0.07931622 0.00303895 0.21439999 0.08809642 -0.01493503 0.21439999 0.04547773 -0.00506562 0.1952001 0.08002246 -0.01478661 0.1952001 0.05551694 0.0071636 0.1952001 0.06438664 0.00336105 0.1952 0.07560511 0.00077957 0.1952 0.06085848 -0.01629028 0.1952 0.06460144 -0.1100905 0.2142 0.07365256 -0.02901715 0.2142 0.07793991 -0.09521057 0.2142 0.05709739 -0.12266096 0.2142 0.00475901 -0.02057545 0.2142 0.04470982 0.0079902 0.2142 0.03755131 -0.12266096 0.2112 0.00475901 -0.0942665 0.2112 0.05608037 -0.1100905 0.2112 0.07365256 -0.02899253 0.2112 0.05503768 -0.03377411 0.2112 0.07776315 0.00286167 0.2112 0.03516437 -0.02974146 0.1952 0.0635725 0.00379368 0.1952 0.03924569 -0.07450654 0.1952 0.02759816 -0.07374792 0.1952 0.05329648 -0.11033846 0.1952 0.07268319 -0.13631418 0.1952 0.09814125 -0.16032235 0.1952 0.08490437 -0.16439581 0.1952 0.11705177 -0.14469263 0.1802 0.0838264 -0.16539775 0.1802 0.12028214 -0.17263626 0.1802 0.09446768 -0.06954347 0.1802 0.02642944 -0.02761683 0.1802 0.05040734 -0.07231024 0.1802 0.05261196 -0.10921988 0.1802 0.06965557 -0.13153723 0.1802 0.11119182 0.00496561 -0.1591 0.05505549 -0.01771699 -0.1591 0.06064615 0.00050558 -0.1591 0.07743311 -0.17605168 -0.1214 0.07812543 -0.17552224 -0.1214 0.13240156 -0.19574577 -0.1214 0.06821778 -0.08836917 -0.1214 0.07612222 -0.08713599 -0.1214 0.10048461 -0.1027623 -0.1214 0.12520549 -0.1963004 -0.1214 0.1524229 -0.13006201 -0.1214 0.16353483 -0.06302007 -0.1214 0.1566603 -0.06200149 -0.1214 0.01999914 -0.09060523 -0.1214 0.17845711 -0.20395806 -0.1214 0.11166109 -0.11955254 -0.1214 0.08642265 -0.17247495 -0.1214 0.06299501 -0.20402634 -0.1214 0.02260518 -0.11071175 -0.1214 0.01999914 -0.1415 -0.1214 0.03160199 -0.11100064 -0.1184 0.09853099 -0.08535349 -0.1184 0.10770205 -0.09356149 -0.1184 0.07746488 -0.0889746 -0.1184 0.17825964 -0.10341783 -0.1184 0.14684734 -0.15960541 -0.1184 0.13905525 -0.06200149 -0.1184 0.01999914 -0.06550539 -0.1184 0.15802382 -0.12064547 -0.1184 0.02274988 -0.18948682 -0.1184 0.01999914 -0.17396478 -0.1184 0.06979457 -0.21353695 -0.1184 0.03039333 -0.20331576 -0.1184 0.11207576 -0.19675516 -0.1184 0.15231073 -0.17421402 -0.16689999 0.06308205 -0.20114219 -0.16689999 0.05241069 -0.21521224 -0.16689999 0.15997952 -0.17971687 -0.16689999 0.13141757 -0.13712138 -0.16689999 0.19094488 -0.18500076 -0.16689999 0.19026984 -0.13705222 -0.16689999 0.023571 -0.08723687 -0.16689999 0.0507962 -0.07667679 -0.16689999 0.02018961 -0.08455466 -0.16689999 0.10605336 -0.06255617 -0.16689999 0.15327165 -0.11455076 -0.16689999 0.0775026 -0.11647403 -0.16689999 0.14403182 -0.07208136 -0.16689999 0.18924831 -0.21341632 -0.1709 0.12934116 -0.17871472 -0.1709 0.06036764 -0.17331649 -0.1709 0.14146797 -0.09894523 -0.1709 0.10870878 -0.13546726 -0.1709 0.04657033 -0.08346722 -0.1709 0.06720059 -0.21478556 -0.1709 0.05989492 -0.18449549 -0.1709 0.19048521 -0.06387478 -0.1709 0.02457117 -0.13658781 -0.1709 0.01999831 -0.11639208 -0.1709 0.19160189 -0.06640107 -0.1709 0.14023794 -0.06255617 -0.1709 0.18299831 -0.11196207 -0.1709 0.14279775 -0.08494361 0.1745 0.07001312 -0.12752502 0.1745 0.06462494 -0.10155547 0.1745 0.10705744 -0.13877739 0.1745 0.01999831 -0.06239785 0.1745 0.11536357 -0.10007238 0.1745 0.15169004 -0.06671719 0.1745 0.17170742 -0.11054987 0.1745 0.19111237 -0.19452651 0.1745 0.19099182 -0.17824908 0.1745 0.05435131 -0.21368752 0.1745 0.05597881 -0.19072837 0.1745 0.11199728 -0.21455638 0.1745 0.15600808 -0.06512434 0.1745 0.02540173 -0.15031131 0.1745 0.14082798 -0.06699929 0.1705 0.02247604 -0.06359895 0.1705 0.16687088 -0.08693691 0.1705 0.10248075 -0.19820775 0.1705 0.04516341 -0.17675595 0.1705 0.06299365 -0.18316172 0.1705 0.12128533 -0.11264756 0.1705 0.06112161 -0.12601835 0.1705 0.02696884 -0.1609478 0.1705 0.19053842 -0.21430054 0.1705 0.13309017 -0.08566924 0.1705 0.19159743 -0.11219269 0.1705 0.14201809 -0.11973076 0.12970001 0.13951132 -0.14367722 0.12970001 0.05715128 -0.10729942 0.12970001 0.08576556 -0.17697439 0.12970001 0.06447747 -0.19542149 0.12970001 0.10281286 -0.16493081 0.12970001 0.14643647 -0.17034382 0.12125 0.1143122 -0.15500307 0.12125 0.13585953 -0.11888484 0.12125 0.10207255 -0.06200019 0.145 0.0199994 -0.11200929 0.145 0.02973257 -0.15191087 0.145 0.02496492 -0.16200039 0.145 0.03999842 -0.07195775 0.145 0.03527464 -0.1620003 0.1505 0.02999842 -0.06200039 0.1505 0.0399994 -0.09160617 0.1505 0.03033263 -0.06200019 0.1505 0.0199994 -0.13239442 0.1505 0.02966518 -0.09198229 0.1705 0.02988273 -0.06200029 0.1705 0.0299994 -0.16200019 0.1705 0.01999842 -0.1325198 0.1705 0.02999871 -0.16200039 0.1705 0.03999842 -0.06200039 0.145 0.0399994 -0.06200039 0.1705 0.0399994 -0.09611025 0.16046563 0.03999906 -0.12601882 0.15967993 0.03999877 -0.07189956 0.1505 0.03512467 -0.11191993 0.1505 0.03056759 -0.15200923 0.1505 0.0245978 -0.16200039 0.1505 0.03999842 -0.07475151 0.1655 0.01999927 -0.06200019 0.146 0.0199994 -0.16200019 0.145 0.01999842 -0.11623408 0.16041529 0.01999887 -0.13197811 0.169 0.02984875 -0.1620003 0.169 0.02999842 -0.06200021 0.169 0.0214994 -0.09185033 0.169 0.03044241 -0.06200038 0.169 0.0384994 -0.11755827 0.16022994 0.03849885 -0.16200037 0.152 0.03849842 -0.16200037 0.169 0.03849842 -0.06200038 0.16049999 0.0384994 -0.087503 0.16049999 0.03849915 -0.1620003 0.152 0.02999842 -0.06200038 0.152 0.0384994 -0.09177414 0.152 0.03027444 -0.06200021 0.152 0.0214994 -0.13266075 0.152 0.02990693 -0.09611008 0.16046563 0.02149906 -0.16200021 0.16049999 0.02149842 -0.12601864 0.15967993 0.02149877 -0.05179214 0.125 0.03015846 -0.00713166 0.125 0.02793268 0.00688625 0.125 0.03621347 -0.09200929 0.125 0.02978195 -0.1620003 0.125 0.02999842 -0.13270335 0.125 0.03024945 0.06130215 0.125 0.0306198 -0.11602422 0.13450374 0.01999887 -0.16200019 0.125 0.01999842 -0.03634355 0.13482951 0.01999965 0.10099981 0.125 0.02000098 -0.0761619 0.13531055 0.01999926 0.00389901 0.13511367 0.02000004 0.04428633 0.13551386 0.02000043 0.0924729 0.13861635 0.0200009 -0.13258038 0.145 0.03013967 -0.08100019 0.145 0.01999921 -0.08165118 0.145 0.03016476 -0.03201588 0.145 0.02962357 0.00774115 0.145 0.03648178 0.05631185 0.145 0.02411885 -0.13634783 0.13538261 0.03999867 -0.16200039 0.125 0.03999842 0.07322558 0.13220391 0.04000071 -0.08104843 0.13513125 0.03999921 0.10574961 0.145 0.04000103 -0.03623008 0.1352713 0.03999965 0.00914609 0.13536738 0.04000009 0.13663225 0.13746719 0.04000133 0.12362579 0.14079159 0.0390012 0.09393148 0.12980178 0.03900092 0.0758293 0.13835353 0.03900074 0.00905645 0.13534336 0.03900009 -0.03689683 0.1351793 0.03899964 -0.16200037 0.14399999 0.03899842 -0.11605721 0.13534336 0.03899887 -0.16200037 0.126 0.03899842 0.0577765 0.126 0.02983717 -0.00936185 0.126 0.03331445 0.10778724 0.126 0.03283716 0.00715955 0.126 0.02651347 -0.06735512 0.126 0.02997804 -0.12228797 0.126 0.03449551 -0.16200021 0.126 0.02099842 0.12019458 0.1338646 0.02100117 0.08208124 0.14113769 0.0210008 0.07598154 0.13144639 0.02100074 0.01895176 0.13562109 0.02100018 -0.05350021 0.126 0.02099948 -0.09625273 0.13472667 0.02099906 -0.16200021 0.14399999 0.02099842 -0.13598906 0.13515528 0.02099867 0.00625947 0.14399999 0.03532327 0.05624666 0.14399999 0.02413895 0.10303718 0.14399999 0.03290746 0.00774127 0.14399999 0.02376838 -0.03173396 0.14399999 0.03037581 -0.03600038 0.14399999 0.03899965 -0.07703713 0.14399999 0.02547795 -0.13192411 0.14399999 0.03083373 0.1129998 0.16500001 0.0200011 0.11299988 0.06769774 0.01224189 0.113 0.16500001 1.1E-06 0.07790373 0.07081325 0.02000076 0.08811889 0.14191788 0.02000086 0.07299981 0.16500001 0.02000071 0.10785976 0.1627121 0.02000105 0.10929243 0.0770581 0.02000106 0.07299981 0.075 0.02000071 0.0729999 0.16500001 0.01000071 0.07299989 0.0564049 0.01115562 0.09183086 0.07929109 9E-07 0.10862009 0.13635509 1.06E-06 0.11057764 0.06257764 1.08E-06 0.073 0.16500001 7.1E-07 0.08339258 0.13668236 8.1E-07 0.10739494 0.14709339 0.01900105 0.10982745 0.06257764 0.01900107 0.08079582 0.07285096 0.01900079 0.0789 0.15075374 0.01900077 0.07399981 0.16500001 0.01900072 0.07399996 0.0687683 0.00359223 0.07399999 0.16500001 0.00100072 0.07399981 0.055 0.01900072 0.07999617 0.14239712 0.00100078 0.10756561 0.05993437 0.00100105 0.10713018 0.1499285 0.00100104 0.07622157 0.06248359 0.00100074 0.11199995 0.08109376 0.00508423 0.11199982 0.16500001 0.01900109 0.11199999 0.16500001 0.00100109 0.11199982 0.055 0.01900109 0.07790392 -0.07081325 7.6E-07 0.10795196 -0.08004804 1.05E-06 0.10858369 -0.13632968 1.06E-06 0.08092421 -0.14725509 7.9E-07 0.10546719 -0.05753281 1.03E-06 0.07299981 -0.16500001 0.02000071 0.07299988 -0.06775 0.01201411 0.073 -0.16500001 7.1E-07 0.07299981 -0.055 0.02000071 0.08304259 -0.14033392 0.02000081 0.08284453 -0.08551385 0.02000081 0.10927382 -0.07707831 0.02000106 0.10794897 -0.14619917 0.02000105 0.11299995 -0.0825 0.0045011 0.11299984 -0.06606898 0.01597634 0.1129998 -0.16500001 0.0200011 0.11199982 -0.055 0.01900109 0.11199997 -0.07017564 0.00376141 0.11199982 -0.16500001 0.01900109 0.07998475 -0.07745106 0.00100078 0.08101951 -0.14947312 0.00100079 0.106459 -0.14943543 0.00100104 0.10759607 -0.07081325 0.00100105 0.07399981 -0.16500001 0.01900072 0.07399996 -0.06981961 0.00353732 0.07399981 -0.055 0.01900072 0.10736535 -0.07006884 0.01900105 0.08303498 -0.08584841 0.01900081 0.08353008 -0.1447835 0.01900081 0.10812575 -0.1369836 0.01900105 0.17515729 -0.0916788 0.02000171 0.13112634 -0.08575508 0.02000128 0.19527909 -0.05667812 0.02000191 0.06046855 -0.095 0.02000059 -0.08782458 -0.07497598 0.01999914 -0.04046969 -0.08586875 0.01999961 -0.2160002 -0.095 0.01999789 -0.01730337 -0.08554534 0.01999983 0.05918926 -0.05945196 0.02000058 0.09299337 -0.07955177 0.02000091 0.11699745 -0.06413262 0.02000114 -0.02237519 -0.055 0.01999978 -0.18054086 -0.060525 0.01999824 0.21418807 -0.08395558 0.02000209 0.16800682 -0.055 0.03540164 0.17670558 -0.055 0.02127337 -0.1995611 -0.055 0.03479806 0.20901011 -0.055 0.02877826 0.08306523 -0.075 0.04000081 0.1049996 -0.095 0.04000102 0.13111092 -0.07447092 0.04000128 0.05432492 -0.08598799 0.04000053 -0.08734139 -0.06436329 0.03999915 -0.03949022 -0.06432341 0.03999962 -0.02237539 -0.055 0.03999978 -0.18156233 -0.07018573 0.03999823 -0.08866205 -0.08593909 0.03999913 -0.02900039 -0.08554534 0.03999972 0.21055703 -0.05618437 0.04000206 0.11008926 -0.06040019 0.04000107 -0.19473132 -0.06231514 0.0399981 -0.21600039 -0.095 0.03999789 0.05701349 -0.06215898 0.04000056 0.1869138 -0.0781875 0.04000182 0.1604996 -0.095 0.04000156 0.16800693 -0.095 0.02460164 0.18765853 -0.095 0.03770183 -0.19956101 -0.095 0.02519805 0.21599962 -0.095 0.04000211 0.1171791 -0.06448241 0.02100114 0.17520033 -0.08527628 0.02100171 0.19770078 -0.05741036 0.02100193 0.11711347 -0.08556563 0.02100114 0.08336716 -0.07509844 0.02100081 0.0540418 -0.08585352 0.02100053 -0.08729316 -0.06398242 0.02099915 -0.02880568 -0.06408729 0.02099972 -0.06300021 -0.07545 0.02099939 -0.08866186 -0.08593909 0.02099914 -0.02358985 -0.0900416 0.02099977 -0.2160002 -0.094 0.02099789 -0.18054089 -0.060525 0.02099824 0.05406818 -0.0645027 0.02100053 0.21508887 -0.08719703 0.0210021 -0.21036154 -0.05783829 0.02099795 0.21599963 -0.056 0.03900211 0.16803367 -0.056 0.03010164 0.1963681 -0.056 0.02138361 -0.19950752 -0.056 0.03539805 0.11726652 -0.06937872 0.03900114 -0.08783121 -0.08701954 0.03899914 -0.21600038 -0.094 0.03899789 -0.08728046 -0.06406563 0.03899915 0.05939475 -0.05998477 0.03900058 -0.0286922 -0.06392559 0.03899972 0.05911126 -0.08723936 0.03900057 -0.02875546 -0.08619688 0.03899972 0.21072754 -0.05701523 0.03900205 0.21038558 -0.08959085 0.03900205 0.17332284 -0.09017321 0.03900169 -0.1866065 -0.06522089 0.03899818 0.21599972 -0.094 0.03000211 -0.20650654 -0.094 0.02630803 0.16803367 -0.094 0.02990164 -0.21215707 -0.094 0.03792293 -0.12619217 -0.08662649 -1.23E-06 -0.12615527 -0.13448615 -1.23E-06 -0.13088633 -0.16533829 -1.28E-06 -0.09976421 -0.14543468 -9.7E-07 -0.11606563 -0.06332076 -1.13E-06 -0.10109609 -0.08081325 -9.9E-07 -0.13599999 0.01875 -1.33E-06 -0.105475 0.06304067 -1.03E-06 -0.09845196 0.09540661 -9.6E-07 -0.12617929 0.07468946 -1.23E-06 -0.10110166 0.15311494 -9.9E-07 -0.12615527 0.13448615 -1.23E-06 -0.13599999 0.1705 -1.33E-06 -0.11584171 0.13435169 0.01999887 -0.1360002 0.1705 0.01999867 -0.11611386 0.06898988 0.01999887 -0.12617949 -0.07468946 0.01999877 -0.1360002 -0.1705 0.01999867 -0.1155584 -0.1339723 0.01999887 -0.10573769 -0.06311101 0.01999897 -0.10093457 0.16543438 0.01999901 -0.09852421 0.09502401 0.01999904 -0.10100899 -0.08026015 0.01999901 -0.09600019 -0.1705 0.01999906 -0.12599356 -0.14734982 0.00099877 -0.10405684 -0.16800879 0.00099899 -0.10156564 -0.14077151 0.00099901 -0.1159584 -0.06890023 0.00099887 -0.09920197 -0.09540662 0.00099903 -0.11619689 0.06328559 0.00099887 -0.09924562 0.09513006 0.00099903 -0.11598478 0.13469826 0.00099887 -0.10155685 0.1652879 0.00099901 -0.13500001 -0.1705 0.00099868 -0.13500001 0.1705 0.00099868 -0.10136893 0.06905551 0.01899901 -0.11582089 0.08648236 0.01899887 -0.09928299 0.12538575 0.01899903 -0.12580331 -0.07520975 0.01899877 -0.09700018 -0.1705 0.01899905 -0.10649881 -0.07398753 0.01899896 -0.12804247 -0.14978537 0.01899875 -0.10588652 -0.1345758 0.01899897 -0.13045214 0.16518946 0.01899873 -0.10405701 0.16800879 0.01899898 -0.13076268 0.05690315 0.01899872 -0.13600013 -0.07771344 0.01246211 -0.1360002 0.09249999 0.01999867 -0.13600004 -0.05766747 0.00512367 -0.13599999 -0.1705 -1.33E-06 -0.13600005 0.06999999 0.00589371 -0.1360001 0.1705 0.00999867 -0.13500005 -0.05905278 0.00461868 -0.13500018 -0.0925 0.01899868 -0.13500018 0.1705 0.01899868 -0.13500004 0.08638531 0.00325369 -0.13500004 0.05797997 0.00395742 -0.09600019 0.1705 0.01999906 -0.09600003 0.06831029 0.00312406 -0.096 0.1705 -9.4E-07 -0.096 -0.1705 -9.4E-07 -0.09600003 -0.06837679 0.00329906 -0.09600019 0.03749999 0.01999906 -0.09700018 -0.0925 0.01899905 -0.09700003 -0.05870718 0.00365264 -0.09700001 -0.1705 0.00099905 -0.09700005 0.07010717 0.00439905 -0.09700018 0.1705 0.01899905 0.17838845 0.06002402 0.04000174 0.21359915 0.07290396 0.04000209 0.17625633 0.09107254 0.04000172 0.05888732 0.08560352 0.04000057 0.11699522 0.06921466 0.04000114 0.1263746 0.095 0.04000123 -0.08700039 0.086 0.03999915 -0.02822404 0.0856174 0.03999972 -0.21600039 0.095 0.03999789 -0.18067232 0.06548983 0.03999824 -0.02771874 0.0596705 0.03999973 -0.08771756 0.06328284 0.03999915 0.05918907 0.05945196 0.04000058 -0.21033126 0.05741679 0.03999795 0.03462461 0.055 0.04000034 -0.19953427 0.055 0.02989805 0.18064553 0.055 0.02244931 0.16806048 0.055 0.02940164 0.21599972 0.055 0.03000211 0.18708432 0.0776183 0.02000182 0.21055722 0.05618437 0.02000205 0.1171539 0.07488194 0.02000114 0.05926926 0.06411553 0.02000058 0.05891036 0.0855751 0.02000058 0.15791945 0.0926232 0.02000154 -0.18105151 0.06535536 0.01999823 -0.08866185 0.08593909 0.01999914 -0.02848956 0.08616964 0.01999972 -0.02237519 0.055 0.01999978 -0.21036153 0.05733829 0.01999795 -0.2160002 0.095 0.01999789 -0.08728027 0.06406563 0.01999915 0.21599981 0.095 0.02000211 -0.21217276 0.095 0.02120708 -0.19953427 0.095 0.03009805 0.17074162 0.095 0.03752487 0.18104394 0.095 0.02663302 0.16298002 0.0901268 0.03900159 0.13101485 0.07502638 0.03900128 0.08842638 0.08491104 0.03900086 -0.08729333 0.06398242 0.03899915 -0.02880586 0.06408729 0.03899972 0.2106795 0.05696719 0.03900205 -0.21600038 0.094 0.03899789 -0.08881903 0.08705 0.03899913 -0.19423419 0.06659982 0.0389981 0.08829074 0.06506141 0.03900086 0.04460587 0.06422734 0.03900044 0.04436096 0.08629296 0.03900043 -0.02900038 0.08554534 0.03899972 0.21419483 0.08343948 0.03900209 0.18731982 0.07746993 0.03900183 -0.18080355 0.05954534 0.03899824 -0.08684339 0.08541409 0.03899915 -0.19973423 0.056 0.02495164 -0.21215707 0.056 0.03792293 0.16806051 0.056 0.02520164 0.05826642 0.08622225 0.02100057 0.0813078 0.06264208 0.02100079 0.11720312 0.08523107 0.02100114 0.13117909 0.06319962 0.02100128 0.21072772 0.05701523 0.02100206 0.17332302 0.09017321 0.02100169 -0.2160002 0.094 0.02099789 -0.08781816 0.075341 0.02099914 -0.02875529 0.08619688 0.02099972 -0.18054089 0.060525 0.02099824 -0.02334866 0.05975509 0.02099977 0.04516622 0.07437892 0.02100044 0.21038575 0.08959085 0.02100205 0.21599963 0.094 0.03900211 0.17644064 0.094 0.02206087 0.21599981 0.094 0.02100211 0.16806042 0.094 0.03480164 -0.19973432 0.094 0.03504446 -0.22111097 -0.055 0.05475 -0.20916863 -0.055 0.08190346 -0.20223458 -0.055 0.13098921 -0.20984939 -0.04 0.08181834 -0.22044678 -0.04 0.05506677 -0.20424379 -0.04 0.11869274 -0.22111097 0.04 0.05475 -0.20908944 0.04 0.08204364 -0.20446905 0.04 0.11945162 -0.21051277 0.055 0.08278447 -0.22044678 0.055 0.05506677 -0.20972155 0.055 0.1265642 -0.25108725 0.035 0.0370947 -0.23471755 -0.03825 0.09818967 -0.23429698 0.036625 0.0997593 -0.24869327 0.0615 0.04602954 -0.2509917 0.03956824 0.03745138 -0.2362704 0.0615 0.0923941 -0.23269801 0.04479825 0.10572702 -0.23313174 -0.03683902 0.10410819 -0.22630624 -0.0435 0.12958235 -0.23297058 0.035 0.10470968 -0.25302508 -0.0435 0.02986231 -0.25482693 0.06628662 0.02313748 -0.24869327 -0.0615 0.04602954 -0.2362704 -0.0615 0.0923941 -0.23061542 -0.04555145 0.11349963 -0.25666299 0.05378093 0.01628498 -0.25796467 -0.06507322 0.01142687 -0.23337263 0.0615 0.09161767 -0.22480971 0.0675 0.12357617 -0.22742647 0.04525 0.11380988 -0.22800879 -0.0475 0.11163653 -0.23337263 -0.0615 0.09161767 -0.24657975 -0.06442678 0.04232603 -0.22340845 -0 0.12880591 -0.2272906 -0.04525 0.11431699 -0.25123733 -0.048625 0.02494307 -0.25233835 0.04588786 0.02083393 -0.24579547 0.0615 0.04525311 -0.21214919 0.02986602 0.11093812 -0.21102466 -0.025 0.11513508 -0.21985492 0.0266 0.08217881 -0.21908659 -0.02780188 0.08504641 -0.22961852 -0.02753125 0.04573916 -0.2270385 0.0228 0.05536826 -0.22361898 -0.04204063 0.06813059 -0.22371027 0.04058638 0.06778993 -0.22969709 0.02471868 0.0454459 -0.23258123 0.064725 0.0346817 -0.21404478 0.06163847 0.1038634 -0.21150306 0.03768125 0.11334958 -0.23819967 -0.025 0.0137126 -0.20930785 -0.04833653 0.12154256 -0.21886125 -0.06385355 0.08588734 -0.23385018 -0.06134554 0.02994575 0.19341493 0.08975402 0.04000189 0.16399962 0.0751 0.0400016 0.17234822 0.13412103 0.04000168 0.2159996 0.1371 0.04000211 0.17498834 0.11248326 0.04300171 0.1882008 0.07689878 0.04300183 0.21599957 0.1371 0.04300211 -0.20805584 0.0540125 0.03999797 -0.19094552 0.07266407 0.03999814 -0.20762539 0.0324375 0.03999798 -0.19114603 -0.022375 0.03999814 -0.17250039 0.043875 0.03999832 -0.17488672 -0.06055938 0.0399983 -0.18250039 0.013125 0.03999822 -0.2081091 -0.06839947 0.03999797 -0.21358052 -0.002125 0.03999792 -0.19081172 -0.0193125 0.04399814 -0.21358055 0.0044375 0.04399792 -0.21203138 -0.06554737 0.04399793 -0.20033297 0.027125 0.04399805 -0.21181367 0.07240392 0.04399794 -0.18250042 0.0175 0.04399822 -0.17491958 -0.05811817 0.04399829 -0.17962006 0.05365803 0.04399825 -0.19925043 -0.0019375 0.04399806 0.20645879 -0.08435491 0.04300201 0.17598954 -0.10232231 0.04300172 0.17329188 -0.13410337 0.04300169 0.21599957 -0.1371 0.04300211 0.17066112 -0.08012474 0.04000166 0.20624103 -0.08439878 0.04000201 0.2159996 -0.1371 0.04000211 0.17283209 -0.13203779 0.04000169 0.19549961 -0.095 0.04000191 0.16899781 -0.1332335 0.04000165 0.19549961 -0.14 0.04000191 0.07811831 -0.04416713 0.03700076 0.07228918 -0.02402565 0.0370007 0.04017927 -0.00872579 0.03700039 0.05731912 0.01293105 0.03700056 0.04966558 0.03047409 0.03700048 0.10207633 0.04611934 0.037001 0.13134518 -0.00282194 0.03700128 0.11469579 -0.01329548 0.03700112 0.10948306 0.01912406 0.03700107 -0.05695115 0.04329869 0.05499944 -0.09905241 0.02418126 0.05499903 -0.0994195 0.03618545 0.05499903 -0.10919389 -0.00381351 0.05499893 -0.05327693 0.03894225 0.05899948 -0.10181435 0.01569873 0.05899901 -0.10124961 -0.01843774 0.05899901 0.12530944 -0.02790703 0.04900122 0.09844908 -0.02942219 0.04900096 0.08907611 -0.04702451 0.04900087 0.05007083 0.03267382 0.04900049 0.10395569 0.02260518 0.04900102 0.11978198 0.02898028 0.04900117 0.05143147 0.02713681 0.0470005 0.06076393 -0.01322283 0.04700059 0.0465969 -0.01945363 0.04700045 0.09907627 0.03287783 0.04700097 0.07311447 0.04682333 0.04700071 0.12553522 0.02425055 0.04700122 0.08907613 -0.04702451 0.04700087 0.12108285 0.03800557 0.06000118 0.11030862 -0.03471714 0.06000108 0.13132185 -0.04302575 0.06000128 0.04035454 0.0410515 0.06000039 0.04099941 -0.045 0.0600004 0.05563315 -0.02911537 0.06000054 0.06916831 -0.03609449 0.05700067 0.13099945 -0.045 0.05700128 0.04067701 -0.04302575 0.05700039 0.13164431 0.0410515 0.05700128 0.12071659 -0.0243092 0.05700118 -0.08414051 0.0003196 0.04899918 -0.10280646 -0.0257022 0.048999 -0.04714477 -0.00216384 0.04899954 -0.10646952 0.020696 0.04899896 -0.07957716 0.04512598 0.04899922 -0.04567178 0.04416416 0.04899956 -0.0569829 -0.04612034 0.04899944 -0.0267103 -0.02646491 0.04899974 -0.01773426 0.01115141 0.04899983 -0.06579369 0.00793058 0.04699936 -0.02586309 -0.00933603 0.04699975 -0.03725067 -0.03766269 0.04699964 -0.02653608 0.03015136 0.04699974 -0.10583579 -0.02341335 0.04699897 -0.10764305 0.02074713 0.04699895 -0.07969072 0.04395682 0.04699922 -0.0787414 -0.04559553 0.04699923 0.11302619 0.02363659 0.0470011 0.07263552 0.03507467 0.04700071 0.0519479 0.00986141 0.04700051 0.09884778 -0.07501759 0.06500097 0.14007683 -0.08492447 0.06500137 0.12547091 -0.03583315 0.06500122 0.05508212 0.04168729 0.06500053 0.0319219 0.08772448 0.06500031 0.03099937 -0 0.0650003 0.05299937 0.06313816 0.06500052 0.09315142 0.07004482 0.06500091 0.07097175 0.08985954 0.06500069 0.11667846 0.0423011 0.06500114 0.1371713 0.08769544 0.06500134 0.14099936 -0 0.06500138 0.03146063 -0.07118724 0.06500031 0.05024515 -0.03871638 0.06500049 0.05727754 -0.09026098 0.06500056 0.11789266 0.04204303 0.06000115 0.05941182 0.04342885 0.06000058 0.11693365 0.06442766 0.06000114 0.14007688 0.08492447 0.06000137 0.14099942 0 0.06000138 0.14099942 -0.0822 0.06000138 0.11677242 -0.04215686 0.06000114 0.03099941 0.0645 0.0600003 0.03099941 0 0.0600003 0.07373678 0.06444524 0.06000072 0.09337558 -0.0654242 0.06000091 0.04753208 -0.03656276 0.06000046 0.03192195 -0.08772448 0.06000031 0.11701372 -0.08858899 0.06000114 0.09120734 0.08928469 0.06000089 0.07184618 -0.08831716 0.0600007 0.0539363 0.08946032 0.06000052 -0.01063099 0.07261455 0.0649999 -0.0420017 0.04290744 0.06499959 -0.02084465 -9.945E-05 0.0649998 -0.09745965 -0.08263177 0.06499905 -0.09603083 -0.02998893 0.06499907 -0.10632637 0.01688986 0.06499896 -0.00949007 -0.07809018 0.06499991 -0.04929281 -0.03708936 0.06499952 -0.12194151 0.05825047 0.06499881 -0.10924792 0.09003709 0.06499893 -0.08951379 0.07544935 0.06499913 -0.05207112 0.09267788 0.06499949 -0.12750064 0 0.06499875 -0.15986666 0.06323205 0.06499844 -0.16100064 -0.061 0.06499843 -0.15539387 -0.00083853 0.06499849 -0.05093813 -0.0849509 0.06499951 -0.12423611 -0.06318056 0.06499878 -0.08173482 0.04059123 0.0649992 -0.12750058 0 0.05999876 -0.12256646 0.06092673 0.05999881 -0.10549804 0.01683559 0.05999897 -0.00949002 -0.07809018 0.05999991 -0.02174444 -0.00026549 0.05999979 -0.01020022 0.07948402 0.0599999 -0.04964086 -0.03677588 0.05999951 -0.03396171 0.03028472 0.05999967 -0.03260513 0.08984064 0.05999968 -0.07694283 0.04783039 0.05999925 -0.15516207 -0.05532295 0.05999849 -0.16046469 0.063 0.05999843 -0.15539382 0.00083853 0.05999848 -0.09882926 0.09128042 0.05999904 -0.11884604 -0.08242294 0.05999884 -0.09576071 -0.02986057 0.05999907 -0.08885634 -0.07492451 0.05999913 -0.04930355 -0.08467928 0.05999952 0.10540634 -0.02934992 0.04900103 0.09282292 0.03530454 0.0490009 0.1221685 0.00285091 0.04900119 0.04365239 -0.02151715 0.07100043 0.04571762 0.0207413 0.07100045 0.07725686 0.04590783 0.07100075 -0.08276255 -0.0080008 0.04899919 -0.05840255 0.01523231 0.04899943 -0.05521783 -0.01763803 0.04899946 -0.04482683 -0.04082446 0.10529956 -0.08517522 0.04082446 0.10529917 -0.11120855 -0.00543164 0.10529892 -0.09170316 -0.03594467 0.10529911 -0.0194712 -0.00263562 0.10529981 -0.04790212 0.04122346 0.10529953 -0.05763251 -0.02208679 0.11374944 -0.09899029 0.00357421 0.11374903 -0.06430652 0.02461418 0.11374937 -0.09040608 0.02827397 0.03699912 -0.04686183 0.03214743 0.03699954 -0.06442506 -0.00012966 0.03699937 -0.0442066 -0.03093712 0.03699957 -0.08522657 -0.03213844 0.03699917 -0.0290754 0.00218292 0.03699972 -0.10281864 -0.00070649 0.036999 -0.05841634 -0.03354669 0.04699943 -0.06473728 0.00083971 0.04699937 -0.09964383 -0.01563639 0.04699903 -0.02819366 -0.00670715 0.04699973 -0.04946188 0.03245629 0.04699952 -0.0956609 0.02035146 0.04699907 -0.05217847 0.04615784 0.03699949 -0.0832227 0.04035739 0.03699919 -0.06492582 0.00039096 0.03699937 -0.1064694 0.020696 0.03699896 -0.1014403 -0.02625676 0.03699901 -0.05641799 -0.03859976 0.03699945 -0.02671018 -0.02646491 0.03699974 -0.02653598 0.03015136 0.03699974 -0.06310803 0.00178976 0.03499939 -0.10583567 -0.02341335 0.03499897 -0.10764293 0.02074713 0.03499895 -0.05324211 0.02630621 0.03499948 -0.02653596 0.03015136 0.03499974 -0.02788338 -0.01377615 0.03499973 -0.0797234 0.04377902 0.03499922 -0.06087809 -0.04424953 0.03499941 -0.12575272 3.907E-05 0.18199877 -0.15214272 0.04262907 0.18199852 -0.15214272 -0.04255093 0.18199852 -0.12575158 3.907E-05 0.06499878 -0.15214159 -0.04255093 0.06499851 -0.15214159 0.04262907 0.06499851 -0.12325161 0.04553907 0.0674988 -0.12325267 0.04881075 0.17709272 -0.12325249 0.03603907 0.1579188 -0.12325266 -0.04921093 0.1757488 -0.12325249 -0.03596093 0.1579188 -0.12325181 -0.03626774 0.08793379 -0.12325161 -0.04546093 0.0674988 -0.12325182 0.03603907 0.0890788 -0.15895262 0.05553907 0.17199846 -0.13587554 0.05553907 0.15944344 -0.15895168 0.05553907 0.07499845 -0.14277174 0.05553907 0.08039861 -0.12575167 -0.05546093 0.07499877 -0.14277343 -0.05546093 0.10059711 -0.15895168 -0.05546093 0.07499845 -0.15895262 -0.05546093 0.17199846 -0.1355722 -0.05546093 0.16580406 -0.15894261 0.05442907 0.17102845 -0.15894169 0.05442907 0.07596845 -0.15894264 -0.05397794 0.1729036 -0.15894169 -0.05435093 0.07596845 0.22110955 0.055 0.08975431 0.20916669 0.055 0.11690754 0.20971873 0.055 0.1615683 0.20984745 0.04 0.11682244 0.22044536 0.04 0.09007107 0.20418991 0.04 0.15438022 0.22110955 -0.04 0.08975431 0.20908751 -0.04 0.11704772 0.2018337 -0.04 0.16581006 0.20947495 -0.055 0.11673642 0.22044536 -0.055 0.09007107 0.20971873 -0.055 0.1615683 0.25108621 -0.035 0.0720996 0.2347153 0.03825 0.13319425 0.23429471 -0.036625 0.13476387 0.24869204 -0.0615 0.08103438 0.25099063 -0.03956824 0.07245627 0.23626825 -0.0615 0.1273987 0.23269561 -0.04479825 0.14073156 0.23312938 0.03683902 0.13911274 0.22630337 0.0435 0.16458675 0.2329682 -0.035 0.13971423 0.25302416 0.0435 0.06486725 0.25482613 -0.06628662 0.05814245 0.24869204 0.0615 0.08103438 0.23626825 0.0615 0.1273987 0.23061287 0.04555145 0.14850414 0.25666234 -0.05378093 0.05128999 0.2579641 0.06507322 0.0464319 0.2333705 -0.0615 0.12662221 0.22480695 -0.0675 0.15858056 0.22742391 -0.04525 0.14881431 0.22800627 0.0475 0.14664099 0.2333705 0.0615 0.12662221 0.24657859 0.06442678 0.07733084 0.2234056 0 0.16381027 0.22728802 0.04525 0.14932141 0.2512365 0.048625 0.05994797 0.25233757 -0.04588786 0.05583885 0.24579425 -0.0615 0.0802579 0.23671079 0.03144469 0.05427134 0.23706095 -0.02927624 0.05296459 0.22895429 -0.02559986 0.0832179 0.21570449 -0.0276752 0.13266486 0.21102208 0.025 0.1501392 0.21908459 0.02780188 0.12005068 0.22961727 0.02753125 0.08074364 0.22703709 -0.0228 0.09037269 0.22468175 0.03353125 0.09916259 0.23258021 -0.064725 0.06968623 0.22066829 -0.056725 0.11414044 0.22289328 -0.02921138 0.10583694 0.20930514 -0.04853222 0.15654664 0.22066182 -0.041475 0.11416459 0.23387107 0.0611513 0.06486885 0.22068688 0.0457625 0.11407101 0.22175537 -0.02331875 0.11008357 0.2169753 0.0658598 0.12792231 0.17449956 0.04 0.0460017 0.21399955 0.04 0.04600209 0.17449924 0.04 0.0770017 0.21399924 0.04 0.07700209 0.17449924 0.055 0.0770017 0.21399924 0.055 0.07700209 0.17449956 0.055 0.0460017 0.21399955 0.055 0.04600209 -0.218005 -0.02200561 0.14343581 -0.218005 -0.06009688 0.14433318 -0.218005 0.05175 0.14149831 -0.218005 0.02372177 0.14750502 -0.21607821 -0.06622773 0.15299831 -0.20817085 -0.09814683 0.15299831 -0.21300499 -0.122 0.15299831 -0.143005 -0.119 0.15299831 -0.17258736 -0.11346182 0.15299831 -0.15366125 -0.08310562 0.15299831 -0.213505 0.03961465 0.15299831 -0.1849425 0.07019892 0.15299831 -0.196005 0.02224276 0.15299831 -0.2062742 0.00781075 0.15299831 -0.20300165 -0.01862674 0.15299831 -0.19011438 0.062243 0.15499832 -0.19712999 0.02180975 0.15499832 -0.19766125 -0.02685005 0.15499832 -0.18378624 -0.06372643 0.15499832 -0.21029441 -0.05178489 0.15499832 -0.20670679 -0.01084449 0.15499832 -0.2172242 0.02388786 0.15499832 -0.216005 0.0968742 0.05992019 -0.216005 0.14057934 0.06643236 -0.216005 0.0971313 0.0829905 -0.216005 0.13419448 0.08223269 -0.216005 0.10269281 0.10662331 -0.216005 0.1249148 0.13348491 -0.216005 0.10402632 0.14265233 -0.216005 0.07880611 0.11606505 -0.216005 0.07294175 0.05007867 -0.216005 0.1745 0.14999831 -0.216005 0.15953177 0.12392142 -0.216005 0.17131308 0.06471874 -0.216005 0.07924636 0.14355138 -0.216005 0.142248 0.14565529 -0.216005 0.13539445 0.1159626 -0.216005 0.1543837 0.09727956 -0.216005 0.122 0.01999831 -0.216005 0.07926091 0.02737331 -0.218005 0.13530408 0.09070144 -0.218005 0.15584357 0.07431645 -0.218005 0.1219223 0.06768224 -0.218005 0.122 0.01999831 -0.218005 0.09053288 0.06074373 -0.218005 0.14174244 0.14097363 -0.218005 0.13003427 0.11709524 -0.218005 0.12768084 0.1499202 -0.218005 0.15866613 0.11617906 -0.218005 0.09906632 0.13340457 -0.218005 0.08106385 0.14246941 -0.218005 0.10331526 0.10467019 -0.218005 0.0829678 0.09741751 -0.218005 0.16641748 0.14299831 -0.218005 0.1745 0.06199832 -0.218005 0.08023519 0.02743581 -0.218005 -0.1745 0.14999831 -0.218005 -0.14263822 0.13662332 -0.218005 -0.16103937 0.12237912 -0.218005 -0.13090214 0.14963877 -0.218005 -0.09993235 0.06003738 -0.218005 -0.122 0.01999831 -0.218005 -0.17426226 0.05118605 -0.218005 -0.08434673 0.08956271 -0.218005 -0.07408656 0.07212732 -0.218005 -0.16820365 0.10137956 -0.218005 -0.15897179 0.07074831 -0.218005 -0.07807881 0.02821796 -0.218005 -0.13352416 0.09072633 -0.218005 -0.13305366 0.06780389 -0.218005 -0.11526857 0.12002309 -0.218005 -0.09763197 0.10517019 -0.218005 -0.09565739 0.14366952 -0.218005 -0.07432536 0.13757163 -0.218005 -0.13936357 0.11060768 -0.216005 -0.09506096 0.11196706 -0.216005 -0.09660356 0.08899831 -0.216005 -0.07447807 0.12524921 -0.216005 -0.15363945 0.09000613 -0.216005 -0.16504408 0.05471922 -0.216005 -0.12964159 0.07412934 -0.216005 -0.17186603 0.09129831 -0.216005 -0.10653351 0.05289474 -0.216005 -0.13082084 0.11391307 -0.216005 -0.13060392 0.15024801 -0.216005 -0.16525376 0.1395756 -0.216005 -0.0982003 0.12924832 -0.216005 -0.08113591 0.14630814 -0.216005 -0.0835285 0.06068447 -0.216005 -0.15747836 0.12074687 -0.216005 -0.125 0.02299831 -0.216005 -0.08004574 0.02788894 -0.18368612 0.12549999 0.14499821 -0.21300541 0.12549999 0.14499792 -0.18368612 0.1705 0.14499821 -0.21300541 0.1705 0.14499792 -0.18342926 0.1705 0.15299821 -0.21600549 0.1705 0.1529979 -0.18342926 0.12549999 0.15299821 -0.21600549 0.12549999 0.1529979 -0.18259831 0.12549999 0.15311559 -0.12000567 0.12549999 0.17115903 -0.18259831 0.1705 0.15311559 -0.12000567 0.1705 0.17115903 -0.1658804 0.1705 0.1530696 -0.12248462 0.1705 0.16072187 -0.1658804 0.12549999 0.1530696 -0.12248462 0.12549999 0.16072187 -0.01545404 0.05931948 0.1060669 -0.02269296 0.09937046 0.10606683 -0.05542002 0.0629 0.10606651 -0.0467264 0.11653781 0.10606659 -0.020095 0.06220801 0.10446686 -0.05542 0.0629 0.10446651 -0.03498368 0.11484584 0.10446671 -0.04926076 0.06696604 0.11196657 -0.05504389 0.11898632 0.11196651 -0.02944586 0.09344538 0.11196677 -0.02026074 0.06821831 0.11196686 -0.05522978 0.08928472 0.09846651 -0.00961994 0.06355 0.09846696 -0.00961994 0.11745 0.09846696 0.17449924 -0.04 0.0770017 0.21399924 -0.04 0.07700209 0.17449956 -0.04 0.0460017 0.21399955 -0.04 0.04600209 0.17449956 -0.055 0.0460017 0.21399955 -0.055 0.04600209 0.17449924 -0.055 0.0770017 0.21399924 -0.055 0.07700209 0.2023972 -0.08417378 0.05200198 0.16221248 -0.07665709 0.05200158 0.17470977 -0.1335488 0.0520017 0.2159995 -0.1371 0.05200211 0.17498834 -0.11248326 0.04300171 0.1882008 -0.07689878 0.04300183 -0.11900091 -0.09494096 0.05999884 -0.11900072 -0.09494096 0.03999884 -0.00900091 -0.09494096 0.05999991 -0.00900072 -0.09494096 0.03999991 -0.08602577 -0.07541321 0.03999916 -0.01509402 -0.09050256 0.03999985 -0.11286657 -0.06488851 0.0399989 -0.01196657 -0.06703851 0.03999988 -0.04737572 -0.05494096 0.03999954 -0.11900072 -0.05494096 0.03999884 -0.11900091 -0.05494096 0.05999884 -0.00900072 -0.05494096 0.03999991 -0.00900091 -0.05494096 0.05999991 -0.08602596 -0.07446872 0.05999916 -0.01506921 -0.05913606 0.05999985 -0.02918172 -0.09271596 0.05999972 -0.11900073 -0.05594096 0.04099884 -0.11900073 -0.09394096 0.04099884 -0.08658531 -0.07466323 0.04099916 -0.02524403 -0.06005256 0.04099976 -0.01205653 -0.08246261 0.04099988 -0.04737573 -0.09394096 0.04099954 -0.1190009 -0.05594096 0.05899884 -0.00900073 -0.05594096 0.04099991 -0.1190009 -0.09394096 0.05899884 -0.10294407 -0.05986011 0.05899899 -0.08628374 -0.08665813 0.05899916 -0.02827836 -0.08798181 0.05899972 -0.0090009 -0.05594096 0.05899991 -0.00900073 -0.09394096 0.04099991 0.14099942 -0.055 0.06000137 0.14099962 -0.055 0.04000137 0.03099941 -0.055 0.0600003 0.03099961 -0.055 0.0400003 0.06287461 -0.055 0.04000061 0.09289356 -0.07482511 0.0400009 0.03692461 -0.0905433 0.04000036 0.03405541 -0.06722835 0.04000033 0.1346264 -0.0906 0.04000131 0.14099962 -0.095 0.04000137 0.14099942 -0.095 0.06000137 0.03099961 -0.095 0.0400003 0.03099941 -0.095 0.0600003 0.11917006 -0.08303619 0.06000116 0.07262637 -0.06031054 0.06000071 0.06287441 -0.095 0.06000061 0.03725432 -0.0905183 0.06000036 0.07262656 -0.06081054 0.04100071 0.0355833 -0.07123917 0.04100035 0.07284746 -0.08909982 0.04100071 0.11900949 -0.06777217 0.04100116 0.1409996 -0.094 0.04100138 0.14099942 -0.094 0.05900137 0.0309996 -0.094 0.0410003 0.03099943 -0.094 0.0590003 0.05001773 -0.09202165 0.05900049 0.03099943 -0.056 0.0590003 0.07284728 -0.06090019 0.05900071 0.09280372 -0.07942492 0.05900091 0.14099942 -0.056 0.05900137 0.1409996 -0.056 0.04100138 0.0309996 -0.056 0.0410003 -0.11623102 0.01974845 0.11799887 -0.11420074 -0.02961329 0.11799889 -0.12448486 -0.06294195 0.11799879 -0.12415387 0.06251998 0.11799879 -0.1180148 0.08099112 0.11799885 -0.09923751 0.0563895 0.11799903 -0.10407929 -0.11272443 0.11799898 -0.12711209 -0.1075692 0.11799876 -0.11928537 -0.08019285 0.11799884 -0.09923751 -0.0563895 0.11799903 -0.01952343 -0.0850866 0.11799981 -0.02712791 -0.11908429 0.11799973 -0.04376572 -0.08375835 0.11799958 -0.14763634 -0.08313156 0.11799856 -0.16884664 -0.06775 0.11799835 -0.01870602 0.0856266 0.11799981 -0.02098156 0.05117472 0.11799979 -0.02215942 0.11746585 0.11799978 -0.05971461 0.05234671 0.11799942 -0.05911621 -0.0015 0.11799942 -0.07860614 0.02591615 0.11799923 -0.09556719 0.00087739 0.11799907 -0.14068109 0.07298736 0.12099863 -0.11708637 0.0392318 0.12099886 -0.1192854 0.08019285 0.12099884 -0.09923754 -0.0563895 0.12099903 -0.11476257 -0.01393384 0.12099888 -0.1218787 -0.07118819 0.12099881 -0.07860617 -0.02591615 0.12099923 -0.05994431 -0.05296091 0.12099941 -0.05892034 0.00118902 0.12099943 -0.14048883 0.10828505 0.12099863 -0.16261363 -0.06553582 0.12099841 -0.14673859 -0.08144611 0.12099857 -0.09585216 -0.0015 0.12099907 -0.09950878 0.05790579 0.12099903 -0.01734666 0.0764116 0.12099983 -0.02338048 0.05430783 0.12099977 -0.02045884 0.00449649 0.1209998 -0.02115566 0.11558031 0.12099979 -0.01853751 -0.08299625 0.12099982 -0.02206497 -0.0536296 0.12099978 -0.02400641 -0.11515526 0.12099977 -0.06474692 -0.11882823 0.12099937 -0.10399122 -0.11145155 0.12099899 -0.11988188 -0.1131317 0.12099883 0.14099942 0.095 0.06000137 0.14099962 0.095 0.04000137 0.03099961 0.095 0.0400003 0.03099941 0.095 0.0600003 0.06287461 0.095 0.04000061 0.07262657 0.06031054 0.04000071 0.03692461 0.0594567 0.04000036 0.1031877 0.07543944 0.040001 0.14099962 0.055 0.04000137 0.1346264 0.0906 0.04000131 0.03405541 0.08277165 0.04000033 0.14099942 0.055 0.06000137 0.03099961 0.055 0.0400003 0.03099941 0.055 0.0600003 0.05001771 0.09277165 0.06000049 0.09293057 0.07955499 0.06000091 0.13805522 0.0838529 0.06000134 0.11985522 0.05725 0.06000117 0.03905522 0.0630596 0.06000038 0.0340554 0.06747835 0.04100033 0.0529996 0.056 0.04100052 0.0371112 0.0900433 0.04100036 0.1409996 0.056 0.04100138 0.09289355 0.07482511 0.04100091 0.1409996 0.094 0.04100138 0.14099942 0.056 0.05900137 0.0309996 0.056 0.0410003 0.03099943 0.056 0.0590003 0.05254897 0.05797835 0.05900051 0.03099943 0.094 0.0590003 0.07284728 0.08909981 0.05900071 0.09280372 0.07057508 0.05900091 0.14099942 0.094 0.05900137 0.0309996 0.094 0.0410003 -0.11900063 0.05500823 0.05999884 -0.11900043 0.05500823 0.03999884 -0.00900044 0.05500823 0.03999991 -0.00900063 0.05500823 0.05999991 -0.01196629 0.09019818 0.03999988 -0.08602548 0.07453598 0.03999916 -0.10914464 0.09238993 0.03999894 -0.04737544 0.05500823 0.03999954 -0.01204709 0.06265243 0.03999988 -0.11900043 0.09500823 0.03999884 -0.00900063 0.09500823 0.05999991 -0.00900044 0.09500823 0.03999991 -0.08602568 0.07548048 0.05999916 -0.11900063 0.09500823 0.05999884 -0.03122228 0.09291068 0.05999969 -0.02541044 0.05944483 0.05999975 -0.11900044 0.09400823 0.04099884 -0.11900044 0.05600823 0.04099884 -0.08658503 0.07528596 0.04099916 -0.04737545 0.09400823 0.04099954 -0.01511205 0.05996493 0.04099985 -0.0120471 0.08253903 0.04099988 -0.11900062 0.09400823 0.05899884 -0.00900045 0.09400823 0.04099991 -0.01580062 0.09400823 0.05899984 -0.04150553 0.07498993 0.05899959 -0.08658521 0.0747305 0.05899915 -0.11900062 0.05600823 0.05899884 -0.00900062 0.05600823 0.05899991 -0.00900045 0.05600823 0.04099991 -0.02073727 0.147 0.22354862 -0.01319923 0.147 0.17949477 -0.03142322 0.147 0.19521064 -0.05629797 0.147 0.19237445 -0.04422622 0.147 0.22337815 -0.05566605 0.147 0.14740571 0.04442308 0.147 0.09815668 0.04074646 0.147 0.02890665 0.03263585 0.147 0.06434406 0.01175706 0.147 0.12454699 0.02200803 0.147 0.16312522 0.03268928 0.147 0.13531283 -0.02160888 0.147 0.15286697 -0.01322038 0.147 0.12316394 0.02232006 0.147 0.19678147 0.04408876 0.147 0.18336187 -0.01149951 0.147 0.02641395 0.00384182 0.147 0.05049848 0.02357826 0.147 0.10540648 -0.01086255 0.145 0.17040245 -0.01435628 0.145 0.19474986 -0.03081997 0.145 0.22060014 -0.02215957 0.145 0.19362478 -0.02296171 0.145 0.1185154 -0.04038109 0.145 0.08174961 -0.03610307 0.145 0.04603615 -0.01576244 0.145 0.07407016 -0.00701887 0.145 0.0869218 0.00214485 0.145 0.05491631 0.04008046 0.145 0.08417226 0.02208083 0.145 0.04239363 -0.00873521 0.145 0.02863741 -0.05562039 0.145 0.09076508 -0.03239828 0.145 0.17021844 -0.0483382 0.145 0.13337453 -0.03025554 0.145 0.14684346 -0.01088856 0.145 0.13659364 -0.05104094 0.145 0.19394873 -0.05470868 0.145 0.16381197 0.01284138 0.145 0.11467981 0.0348906 0.145 0.11796909 0.03088038 0.145 0.15262531 0.02232014 0.145 0.18871897 0.02220498 0.145 0.08733615 0.172289 0.13377112 0.04300168 0.19742285 0.08681317 0.04300193 0.16399959 0.0751 0.0430016 0.17279202 0.13211858 0.05200168 0.19736835 0.0868367 0.05200192 0.2159995 0.1371 0.05200211 0.1639995 0.0751 0.0520016 0.10849863 -0.22161043 0.14075321 0.10849836 -0.20966783 0.16790655 0.10849793 -0.21022031 0.21256731 0.09349836 -0.21034858 0.1678213 0.09349862 -0.22094624 0.14106983 0.09349801 -0.20474263 0.20469564 0.01349863 -0.22161043 0.14075229 0.01349836 -0.20958865 0.16804582 0.01349788 -0.2023353 0.21680823 -0.00150164 -0.20997609 0.16773437 -0.00150138 -0.22094624 0.14106891 -0.00150207 -0.21022031 0.21256624 0.0184988 -0.25158688 0.12309733 0.09174821 -0.23521659 0.18419285 0.01687319 -0.23479602 0.18576175 -0.00800129 -0.24919282 0.13203189 0.01393055 -0.25149134 0.12345396 -0.00800174 -0.2367695 0.17839633 0.00869987 -0.23319697 0.19172937 0.09033716 -0.23363073 0.19011135 0.0969979 -0.22680497 0.21558549 0.01849814 -0.23346956 0.19071214 0.09699887 -0.25352481 0.11586572 -0.01278768 -0.25532672 0.10913984 0.11499871 -0.24919282 0.13203308 0.11499826 -0.2367695 0.17839752 0.0990495 -0.23111431 0.19950286 -0.00028193 -0.25716284 0.10228749 0.11857227 -0.25846455 0.09743054 -0.00800173 -0.23387173 0.17761986 -0.01400204 -0.22530849 0.20957823 0.00824805 -0.22792536 0.19981217 0.10099807 -0.2285077 0.19763975 0.11499827 -0.23387173 0.17762107 0.11792552 -0.24707934 0.12832958 0.05349791 -0.22390719 0.21480861 0.09874804 -0.22778948 0.20032015 0.10212392 -0.25173709 0.11094652 0.0076111 -0.25283813 0.10683647 -0.00800128 -0.24629503 0.13125543 0.02689836 -0.22035411 0.16818121 0.02763201 -0.21139413 0.20162037 0.08130021 -0.21958575 0.17104934 0.07849804 -0.21152353 0.2011379 0.08102997 -0.23011807 0.13174219 0.03069862 -0.22753796 0.14137077 0.09553912 -0.22411832 0.15413371 0.02850295 -0.22993179 0.13243686 -0.01122618 -0.23308089 0.12068386 -0.00445161 -0.22116938 0.16513824 -0.00307897 -0.20980266 0.2075595 0.01581681 -0.21200195 0.1993518 0.02589905 -0.23757501 0.10391197 0.08494366 -0.2372113 0.10526986 0.11465017 -0.23437171 0.1158677 0.11517821 -0.21902128 0.17315628 0.10183451 -0.20980665 0.20754559 -0.10034803 0.14049999 0.21443418 -0.1530733 0.14049999 0.21393622 -0.058005 0.14049999 0.19699831 -0.20600499 0.20652592 0.24401841 -0.20600499 0.16900907 0.30939612 -0.20600499 0.11180612 0.25511456 -0.20600499 0.12906773 0.30098918 -0.20600499 0.12773849 0.22444063 -0.20600499 0.15298432 0.21083736 -0.216005 0.102947 0.26343456 -0.216005 0.12085253 0.29968143 -0.216005 0.2147038 0.27542379 -0.216005 0.20962542 0.22926369 -0.216005 0.16609575 0.31673008 -0.216005 0.17840466 0.20357895 -0.216005 0.1505 0.20085935 -0.098005 0.1705 0.20848832 -0.059005 0.1705 0.20848832 -0.059005 0.1705 0.18599832 -0.16981345 0.1705 0.19556625 -0.153005 0.1705 0.21616334 -0.13534528 0.1705 0.18810457 -0.216005 0.1705 0.20085935 -0.216005 0.1705 0.18599832 -0.216005 0.16949999 0.18499832 -0.059005 0.16949999 0.18499832 -0.059005 0.126 0.18499832 -0.158005 0.126 0.18499832 -0.158005 0.1505 0.18499832 -0.216005 0.1505 0.18499832 -0.1142471 0.125 0.18989518 -0.06999809 0.125 0.19380584 -0.158005 0.125 0.19699831 -0.15160847 0.125 0.18770804 -0.059005 0.125 0.18599832 -0.17550905 -0.1261 0.06124201 -0.18139802 -0.1261 0.13447911 -0.13554172 -0.1261 0.14536038 -0.10615578 -0.1261 0.095605 -0.13744886 -0.1261 0.05891142 -0.19680768 -0.1261 0.10170645 -0.1682094 -0.11765 0.11730797 -0.1835697 -0.11765 0.09577457 -0.13984448 -0.11765 0.07266197</float_array>
          <technique_common>
            <accessor source="#pos_0-array" count="7671" stride="3">
              <param name="X" type="float"/>
              <param name="Y" type="float"/>
              <param name="Z" type="float"/>
            </accessor>
          </technique_common>
        </source>
        <source id="norm_0">
          <float_array id="norm_0-array" count="2610">-0.70711 0 0.7071 -0.70711 0 0.7071 0.70711 0 -0.7071 0.70711 0 -0.7071 0.70711 0 -0.7071 -0.70712 0 0.7071 -0.60182 0 0.79863 -0.60182 0 0.79863 -0.60182 0 0.79863 -0.60182 -0 0.79863 0.60182 0 -0.79863 0.60182 -0 -0.79863 0.60182 -0 -0.79863 -1E-05 0 1 -1E-05 0 1 -1E-05 -0 1 -1E-05 -0 1 -1E-05 0 1 -1E-05 -0 1 -1E-05 -0 1 -1E-05 0 1 -1E-05 -0 1 1E-05 0 -1 1E-05 0 -1 1E-05 -0 -1 1E-05 -0 -1 1E-05 0 -1 0 1 -0 0 -1 0 1E-05 0 -1 1E-05 -0 -1 -1E-05 0 1 -1E-05 0 1 -1E-05 -0 1 -1E-05 -0 1 -1E-05 -0 1 1E-05 -0 -1 1E-05 1E-05 -1 1E-05 0 -1 1E-05 0 -1 1E-05 0 -1 1E-05 0 -1 -1E-05 -0 1 -0.98289 0 0.18419 0.98289 0 -0.18419 1E-05 0 -1 1E-05 -0 -1 -1E-05 -0 1 -1E-05 0 1 -1E-05 -0 1 -1E-05 0 1 1E-05 -0 -1 1E-05 -0 -1 -1E-05 0 1 -1E-05 0 1 1 0 1E-05 1 0 1E-05 -1 0 -1E-05 -1 -0 -1E-05 -1 -0 -1E-05 1 -0 1E-05 -1 -0 -1E-05 1 0 1E-05 1 0 1E-05 -1 0 -1E-05 1 0 1E-05 -1 0 -1E-05 1 -0 1E-05 -0 0.96593 0.25882 -0 0.96593 0.25882 -0 0.96593 0.25882 -0 0.96593 0.25882 -0 0.96593 0.25882 -0 0.96593 0.25882 -0 0.96593 0.25882 -0 0.96593 0.25882 -0 0.96593 0.25882 0 -0.96593 -0.25882 0 -0.96593 -0.25882 0 -0.96593 -0.25882 0 -0.96593 -0.25882 0 -0.96593 -0.25882 0 -0.96593 -0.25882 0 -0.96593 -0.25882 0 -0.96593 -0.25882 0 -0.96593 -0.25882 0 -0.96593 -0.25882 0 -0.96593 -0.25882 0 -0.96593 -0.25882 0 -0.96593 -0.25882 0 -0.96593 -0.25882 0 -0.96593 -0.25882 0 -0.96593 -0.25882 0 -0.96593 -0.25882 0 -0.96593 -0.25882 0 -0.96593 -0.25882 0 -0.96593 -0.25882 -1 -0 -1E-05 1 0 1E-05 1 0 1E-05 1 0 1E-05 1 0 1E-05 1 -0 1E-05 1 0 1E-05 -1 0 -1E-05 1E-05 -0 -1 1E-05 0 -1 1E-05 0 -1 1E-05 -0 -1 1E-05 0 -1 1E-05 0 -1 1E-05 0 -1 1E-05 -0 -1 1E-05 -0 -1 1E-05 0 -1 1E-05 0 -1 -1E-05 0 1 -1E-05 0 1 -1E-05 -0 1 -1E-05 -0 1 -1E-05 -0 1 -1E-05 0 1 -1E-05 -0 1 -1E-05 -0 1 -1E-05 -0 1 1E-05 -0 -1 1E-05 0 -1 1E-05 -0 -1 1E-05 0 -1 1E-05 -0 -1 1E-05 -0 -1 1E-05 -0 -1 1E-05 0 -1 1E-05 -0 -1 1E-05 0 -1 1E-05 -0 -1 1E-05 -0 -1 -1E-05 0 1 -1E-05 -0 1 -1E-05 -0 1 -1E-05 0 1 -1E-05 -0 1 -1E-05 0 1 -1E-05 -0 1 -1E-05 0 1 -1E-05 0 1 -1E-05 0 1 -1E-05 0 1 -1E-05 0 1 -1E-05 -0 1 -1E-05 0 1 -1E-05 -0 1 -1E-05 -0 1 1E-05 -0 -1 1E-05 0 -1 1E-05 0 -1 1E-05 0 -1 1E-05 0 -1 1E-05 -0 -1 1E-05 0 -1 1E-05 -0 -1 1E-05 0 -1 1E-05 0 -1 1E-05 -0 -1 -1E-05 0 1 -1E-05 -0 1 -1E-05 -0 1 -1E-05 0 1 -1E-05 0 1 -1E-05 0 1 -1E-05 0 1 -1E-05 0 1 -1E-05 0 1 -1E-05 -0 1 -1E-05 -0 1 1E-05 -0 -1 1E-05 0 -1 1E-05 0 -1 1E-05 -0 -1 1E-05 0 -1 1E-05 -0 -1 1E-05 0 -1 1E-05 0 -1 1E-05 -0 -1 -1E-05 0 1 -1E-05 -0 1 -1E-05 -0 1 -1E-05 0 1 -1E-05 0 1 1E-05 0 -1 1E-05 -0 -1 1E-05 -0 -1 1E-05 -0 -1 1E-05 0 -1 1E-05 0 -1 1E-05 0 -1 1E-05 -0 -1 1E-05 0 -1 1E-05 -0 -1 1E-05 -0 -1 1E-05 0 -1 -1E-05 -0 1 -1E-05 -0 1 -1E-05 0 1 -1E-05 0 1 -1E-05 -0 1 -1E-05 0 1 -1E-05 -0 1 -1E-05 -0 1 -1E-05 -0 1 -1E-05 -0 1 1E-05 -0 -1 1E-05 -0 -1 1E-05 -0 -1 1E-05 0 -1 1E-05 0 -1 1E-05 0 -1 1E-05 0 -1 1E-05 -0 -1 -1E-05 0 1 -1E-05 0 1 -1E-05 -0 1 -1E-05 0 1 -1E-05 -0 1 -1E-05 -0 1 -1E-05 0 1 -1E-05 0 1 -1E-05 0 1 1 0 1E-05 -1E-05 -0 1 -1E-05 0 1 -1E-05 -0 1 -1E-05 0 1 -1 -0 -1E-05 1E-05 -0 -1 1E-05 -0 -1 1E-05 -0 -1 1E-05 0 -1 1E-05 0 -1 1E-05 -0 -1 1 0 1E-05 1 -0 1E-05 -1E-05 0 1 -1E-05 -0 1 -1 -0 -1E-05 -1 -0 -1E-05 1E-05 -0 -1 1E-05 0 -1 1E-05 0 -1 -1 0 -1E-05 -1E-05 -0 1 -1E-05 0 1 -1E-05 -0 1 -1E-05 -0 1 1 -0 1E-05 -1 -0 -1E-05 -1E-05 0 1 -1E-05 -0 1 1 -0 1E-05 1E-05 -0 -1 1E-05 -0 -1 1E-05 0 -1 1E-05 -0 -1 1E-05 -0 -1 1E-05 0 -1 1E-05 -0 -1 1E-05 0 -1 1E-05 0 -1 1E-05 0 -1 1E-05 -0 -1 1E-05 0 -1 1E-05 0 -1 1E-05 0 -1 1E-05 0 -1 1E-05 0 -1 1E-05 0 -1 1E-05 0 -1 1E-05 -0 -1 1E-05 -0 -1 1E-05 -0 -1 1E-05 -0 -1 -1E-05 -0 1 -1E-05 0 1 -1E-05 0 1 -1E-05 0 1 -1E-05 -0 1 -1E-05 0 1 -1E-05 0 1 -1E-05 -0 1 -1E-05 0 1 -1E-05 0 1 -1E-05 -0 1 -1E-05 -0 1 -1E-05 0 1 -1E-05 0 1 -1E-05 0 1 -1E-05 -0 1 -1E-05 0 1 -1E-05 -0 1 -1E-05 0 1 -1E-05 0 1 -1E-05 -0 1 -1E-05 -0 1 -1E-05 -0 1 -1E-05 0 1 -1E-05 0 1 -1E-05 0 1 -1E-05 0 1 -1E-05 0 1 -1E-05 -0 1 -1E-05 -0 1 -1E-05 -0 1 -1E-05 -0 1 -1E-05 -0 1 -1E-05 -0 1 -1E-05 -0 1 -1E-05 0 1 -1E-05 0 1 -1E-05 -0 1 -1E-05 0 1 -1E-05 -0 1 -1E-05 0 1 -1E-05 0 1 -1E-05 0 1 -1E-05 0 1 -1E-05 0 1 -1E-05 -0 1 1E-05 -0 -1 1E-05 -0 -1 1E-05 -0 -1 1E-05 -0 -1 1E-05 -0 -1 1E-05 -0 -1 1E-05 0 -1 1E-05 -0 -1 1E-05 0 -1 1E-05 -0 -1 1E-05 -0 -1 1E-05 0 -1 1E-05 -0 -1 1E-05 0 -1 1E-05 0 -1 1E-05 0 -1 1E-05 0 -1 1E-05 -0 -1 1E-05 0 -1 1E-05 0 -1 1E-05 -0 -1 1E-05 -0 -1 1E-05 -0 -1 1E-05 -0 -1 1E-05 -0 -1 1E-05 0 -1 1E-05 -0 -1 1E-05 -0 -1 1E-05 -0 -1 1E-05 -0 -1 -1E-05 0 1 -1E-05 0 1 -1E-05 -0 1 -1E-05 -0 1 -1E-05 0 1 -1E-05 0 1 -1E-05 0 1 -1E-05 0 1 -1E-05 -0 1 -1E-05 0 1 -1E-05 0 1 -1E-05 -0 1 -1E-05 -0 1 -1E-05 0 1 -1E-05 0 1 -1E-05 0 1 -1E-05 -0 1 -1E-05 -0 1 -1E-05 -0 1 -1E-05 0 1 -1E-05 0 1 -1E-05 0 1 -1E-05 0 1 -1E-05 0 1 -1E-05 0 1 -1E-05 -0 1 1E-05 0 -1 1E-05 -0 -1 1E-05 -0 -1 1E-05 0 -1 1E-05 -0 -1 1E-05 0 -1 1E-05 0 -1 1E-05 -0 -1 1E-05 0 -1 1E-05 0 -1 1E-05 0 -1 1E-05 0 -1 1E-05 0 -1 -1 0 -1E-05 -1 -0 -1E-05 -1 -0 -1E-05 -1 0 -1E-05 1 0 1E-05 1 0 1E-05 1 0 2E-05 1 0 1E-05 1 -0 1E-05 1 0 1E-05 1 -0 1E-05 1 -0 1E-05 1 -0 1E-05 1 0 1E-05 -1 -0 -1E-05 -1 0 -1E-05 -1 0 -1E-05 -1 -0 -1E-05 -1E-05 -0 1 -1E-05 0 1 -1E-05 0 1 -1E-05 0 1 -1E-05 -0 1 -1E-05 -0 1 -1E-05 -0 1 -1E-05 0 1 -1E-05 -0 1 -1E-05 -0 1 -1E-05 0 1 -1E-05 0 1 -1E-05 -0 1 -1E-05 0 1 -1E-05 -0 1 -1E-05 -0 1 -1E-05 0 1 -1E-05 -0 1 1E-05 -0 -1 1E-05 -0 -1 1E-05 -0 -1 1E-05 -0 -1 1E-05 -0 -1 1E-05 -0 -1 1E-05 -0 -1 1E-05 0 -1 1E-05 -0 -1 1E-05 -0 -1 1E-05 0 -1 1E-05 -0 -1 1E-05 -0 -1 1E-05 -0 -1 1E-05 0 -1 1E-05 0 -1 1E-05 0 -1 1E-05 0 -1 1E-05 -0 -1 1E-05 -0 -1 1E-05 0 -1 1E-05 0 -1 1E-05 -0 -1 1E-05 0 -1 1E-05 -0 -1 1E-05 0 -1 1E-05 0 -1 1E-05 -0 -1 1E-05 -0 -1 1E-05 -0 -1 1E-05 0 -1 1E-05 0 -1 1E-05 0 -1 1E-05 -0 -1 1E-05 -0 -1 1E-05 0 -1 1E-05 -0 -1 1E-05 -0 -1 1E-05 -0 -1 1E-05 -0 -1 1E-05 -0 -1 1E-05 -0 -1 1E-05 0 -1 1E-05 0 -1 -1E-05 0 1 -1E-05 -0 1 -1E-05 0 1 -1E-05 -0 1 -1E-05 0 1 -1E-05 0 1 -1E-05 0 1 -1E-05 0 1 -1E-05 0 1 -1E-05 0 1 -1E-05 0 1 -1E-05 0 1 -1E-05 -0 1 -1E-05 0 1 -1E-05 0 1 -1E-05 -0 1 -1E-05 0 1 -0.96593 -0 0.25881 -0.96593 -0 0.25881 -0.96593 0 0.25881 -0.96593 0 0.25881 -0.96593 0 0.25881 -0.96593 -0 0.25881 -0.96593 0 0.25881 -0.96593 -0 0.25881 -0.96593 -0 0.25881 0.96593 0 -0.25881 0.96593 -0 -0.25881 0.96593 0 -0.25881 0.96593 0 -0.25881 0.96593 0 -0.25881 0.96593 0 -0.25881 0.96593 0 -0.25881 0.96593 -0 -0.25881 0.96593 -0 -0.25881 0.96593 -0 -0.25881 0.96593 -0 -0.25881 0.96593 0 -0.25881 0.96593 0 -0.25881 0.96593 0 -0.25881 0.96593 -0 -0.25881 0.96593 0 -0.25881 1E-05 -0 -1 1E-05 0 -1 -1E-05 -0 1 1E-05 -0 -1 1E-05 0 -1 1E-05 -0 -1 1E-05 -0 -1 1E-05 -0 -1 1E-05 -0 -1 -1E-05 0 1 -1E-05 -0 1 -1E-05 -0 1 -1E-05 0 1 -1E-05 -0 1 -1E-05 -0 1 -1E-05 -0 1 -1E-05 0 1 -1E-05 -0 1 1E-05 -0 -1 1E-05 0 -1 -1E-05 0 1 -1E-05 0 1 -1E-05 -0 1 -1E-05 -0 1 -1E-05 -0 1 -1E-05 0 1 -1E-05 -0 1 -1E-05 0 1 1E-05 0 -1 1E-05 0 -1 -1E-05 0 1 -1E-05 0 1 -1E-05 -0 1 1E-05 0 -1 1E-05 -0 -1 1E-05 -0 -1 1E-05 0 -1 1E-05 0 -1 -1E-05 0 1 -1E-05 0 1 -1E-05 0 1 1E-05 0 -1 1E-05 -0 -1 1E-05 -0 -1 -1E-05 -0 1 -1E-05 -0 1 -1E-05 0 1 -1E-05 0 1 -1E-05 0 1 -1E-05 -0 1 -1E-05 -0 1 -1E-05 0 1 -1E-05 -0 1 1E-05 0 -1 1E-05 0 -1 1E-05 -0 -1 1E-05 0 -1 1E-05 0 -1 1E-05 -0 -1 1E-05 -0 -1 -1E-05 -0 1 -1E-05 0 1 -1E-05 -0 1 -1E-05 -0 1 -1E-05 -0 1 -1E-05 0 1 -1E-05 -0 1 -1E-05 -0 1 -1E-05 -0 1 -1E-05 0 1 -1E-05 -0 1 -1E-05 -0 1 -1E-05 0 1 -1E-05 0 1 -1E-05 0 1 -1E-05 0 1 -1E-05 0 1 1E-05 -0 -1 1E-05 -0 -1 1E-05 -0 -1 1E-05 0 -1 1E-05 0 -1 1E-05 -0 -1 1E-05 0 -1 1E-05 0 -1 1E-05 0 -1 1E-05 0 -1 1E-05 0 -1 1E-05 0 -1 1E-05 0 -1 1E-05 0 -1 1E-05 -0 -1 1E-05 0 -1 1E-05 0 -1 1E-05 -0 -1 -1E-05 -0 1 -1E-05 -0 1 -1E-05 0 1 -1E-05 -0 1 -1E-05 -0 1 -1E-05 -0 1 -1E-05 -0 1 -1E-05 -0 1 -1E-05 0 1 -1E-05 -0 1 -1E-05 0 1 -1E-05 0 1 -1E-05 0 1 -1E-05 -0 1 -1E-05 -0 1 -1E-05 -0 1 -1E-05 -0 1 -1E-05 0 1 1E-05 -0 -1 1E-05 0 -1 1E-05 0 -1 1E-05 -0 -1 1E-05 -0 -1 1E-05 0 -1 1E-05 0 -1 1E-05 0 -1 1E-05 0 -1 1E-05 0 -1 1E-05 -0 -1 1E-05 -0 -1 1E-05 0 -1 1E-05 -0 -1 1E-05 -0 -1 1E-05 -0 -1 1E-05 -0 -1 1E-05 0 -1 1E-05 0 -1 1E-05 0 -1 -1E-05 0 1 -1E-05 -0 1 -1E-05 -0 1 -1E-05 -0 1 1E-05 -0 -1 1E-05 0 -1 1E-05 0 -1 1E-05 -0 -1 1E-05 0 -1 1E-05 0 -1 1E-05 0 -1 -1E-05 0 1 -1E-05 -0 1 -1E-05 0 1 -1E-05 -0 1 -1E-05 -0 1 -1E-05 -0 1 -1E-05 0 1 -1E-05 -0 1 -1E-05 -0 1 -1E-05 -0 1 -1E-05 -0 1 -1E-05 -0 1 1E-05 -0 -1 1E-05 -0 -1 1E-05 0 -1 1E-05 -0 -1 1E-05 -0 -1 1E-05 -0 -1 1E-05 0 -1 1E-05 0 -1 -1E-05 0 1 1E-05 0 -1 1 0 1E-05 1 -0 1E-05 1 0 1E-05 1 0 1E-05 1 0 1E-05 1 0 1E-05 1 -0 1E-05 -1 0 -1E-05 -1 0 -1E-05 0.96592 0 0.25883 0.96592 0 0.25883 0.96592 -0 0.25883 0.96592 -0 0.25883 0.96592 0 0.25883 0.96592 0 0.25883 0.96592 -0 0.25883 0.96592 0 0.25883 0.96592 0 0.25883 -0.96592 -0 -0.25883 -0.96592 0 -0.25883 -0.96592 0 -0.25883 -0.96592 -0 -0.25883 -0.96592 -0 -0.25883 -0.96592 0 -0.25883 -0.96592 -0 -0.25883 -0.96592 0 -0.25883 -0.96592 -0 -0.25883 -0.96592 0 -0.25883 -0.96592 0 -0.25883 -0.96592 0 -0.25883 -0.96592 0 -0.25883 -0.96592 -0 -0.25883 -0.96592 -0 -0.25883 -0.96592 -0 -0.25883 -0.96592 -0 -0.25883 -0.96592 -0 -0.25883 -0.96592 -0 -0.25883 1 0 0 0 0 -1 0 0 1 -1 0 -0 1E-05 0 -1 -1E-05 0 1 -0.27699 0 0.96087 0.17366 0 -0.98481 -1E-05 -0 1 -1E-05 0 1 1E-05 -0 -1 1E-05 0 -1 1E-05 0 -1 -1E-05 0 1 -1E-05 -0 1 -1E-05 -0 1 1E-05 -0 -1 1E-05 -0 -1 1E-05 -0 -1 1E-05 0 -1 1E-05 -0 -1 1E-05 0 -1 -1E-05 -0 1 -1E-05 0 1 -1E-05 0 1 -1E-05 -0 1 -1E-05 0 1 -1E-05 0 1 -1E-05 0 1 -1E-05 -0 1 -1E-05 0 1 1E-05 0 -1 1E-05 -0 -1 1E-05 0 -1 1E-05 -0 -1 1E-05 -0 -1 1E-05 -0 -1 1E-05 0 -1 1E-05 -0 -1 1E-05 0 -1 -1E-05 0 1 -1E-05 -0 1 -1E-05 0 1 -1E-05 0 1 -1E-05 0 1 -1E-05 0 1 -1E-05 0 1 1E-05 0 -1 1E-05 0 -1 1E-05 0 -1 1E-05 -0 -1 1E-05 -0 -1 1E-05 -0 -1 1E-05 0 -1 1E-05 0 -1 1E-05 0 -1 1E-05 0 -1 1E-05 -0 -1 1E-05 0 -1 1E-05 -0 -1 1E-05 -0 -1 1E-05 -0 -1 1E-05 0 -1 1E-05 -0 -1 -1E-05 0 1 -1E-05 0 1 -1E-05 0 1 -1E-05 0 1 -1E-05 -0 1 -1E-05 -0 1 -1E-05 0 1 -1E-05 -0 1 -1E-05 -0 1 -1E-05 0 1 -1E-05 0 1 1E-05 0 -1 1E-05 0 -1 1E-05 -0 -1 1E-05 -0 -1 1E-05 -0 -1 1E-05 0 -1 -1E-05 0 1 -1E-05 -0 1 -1E-05 0 1 -1E-05 -0 1 -1E-05 -0 1 -1E-05 -0 1 -1E-05 -0 1 -1E-05 0 1 -1E-05 -0 1 1E-05 0 -1 1E-05 0 -1 1E-05 -0 -1 1E-05 -0 -1 1E-05 0 -1 1E-05 -0 -1 1E-05 -0 -1 1E-05 0 -1 1E-05 -0 -1 -1E-05 -0 1 -1E-05 0 1 -1E-05 0 1 -1E-05 0 1 -1E-05 -0 1 -1E-05 -0 1 -1E-05 0 1 1E-05 0 -1 1E-05 -0 -1 1E-05 0 -1 1E-05 0 -1 1E-05 0 -1 1E-05 0 -1 1E-05 -0 -1 1E-05 -0 -1 -1E-05 0 1 -1E-05 -0 1 1 0 1E-05 -1 0 -1E-05 1 -0 1E-05 -1 0 -1E-05 -0 -0.96593 0.25882 -0 -0.96593 0.25882 -0 -0.96593 0.25882 -0 -0.96593 0.25882 -0 -0.96593 0.25882 -0 -0.96593 0.25882 -0 -0.96593 0.25882 -0 -0.96593 0.25882 -0 -0.96593 0.25882 0 0.96593 -0.25882 0 0.96593 -0.25882 0 0.96593 -0.25882 0 0.96593 -0.25882 0 0.96593 -0.25882 0 0.96593 -0.25882 0 0.96593 -0.25882 0 0.96593 -0.25882 0 0.96593 -0.25882 0 0.96593 -0.25882 0 0.96593 -0.25882 0 0.96593 -0.25882 0 0.96593 -0.25882 0 0.96593 -0.25882 0 0.96593 -0.25882 0 0.96593 -0.25882 0 0.96593 -0.25882 0 0.96593 -0.25882 0 0.96593 -0.25882 0 0.96593 -0.25882</float_array>
          <technique_common>
            <accessor source="#norm_0-array" count="2610" stride="3">
              <param name="X" type="float"/>
              <param name="Y" type="float"/>
              <param name="Z" type="float"/>
            </accessor>
          </technique_common>
        </source>
        <vertices id="vert_0">
          <input semantic="POSITION" source="#pos_0"/>
        </vertices>
        <triangles count="2000" material="mat_0">
          <input semantic="VERTEX" source="#vert_0" offset="0"/>
          <input semantic="NORMAL" source="#norm_0" offset="1"/>
          <p>0 0 1 0 2 0 0 1 3 1 1 1 4 2 5 2 6 2 5 3 7 3 6 3 5 4 8 4 7 4 9 5 10 5 11 5 12 6 13 6 14 6 15 7 16 7 17 7 15 8 18 8 19 8 19 9 18 9 20 9 21 10 22 10 23 10 21 11 24 11 22 11 23 12 22 12 25 12 26 13 27 13 28 13 29 14 26 14 30 14 31 15 28 15 32 15 31 16 32 16 33 16 28 17 31 17 34 17 30 18 26 18 34 18 29 19 33 19 35 19 33 20 32 20 35 20 26 21 28 21 34 21 36 22 37 22 38 22 38 23 37 23 39 23 36 24 38 24 40 24 40 25 41 25 42 25 40 26 42 26 43 26 44 27 45 27 46 27 46 27 45 27 47 27 48 27 49 27 50 27 47 27 45 27 51 27 51 27 45 27 44 27 51 27 44 27 52 27 51 27 52 27 47 27 48 27 47 27 52 27 47 27 48 27 50 27 53 27 52 27 54 27 48 27 52 27 53 27 55 28 56 28 57 28 58 28 59 28 60 28 59 28 58 28 61 28 58 28 60 28 61 28 55 28 62 28 63 28 64 28 55 28 63 28 56 28 55 28 64 28 57 28 56 28 64 28 64 28 63 28 65 28 65 28 63 28 62 28 60 28 65 28 62 28 64 28 65 28 60 28 59 28 64 28 60 28 66 27 67 27 68 27 69 27 66 27 68 27 70 27 67 27 71 27 72 27 73 27 68 27 72 27 68 27 67 27 72 27 67 27 70 27 74 27 69 27 75 27 74 27 66 27 69 27 76 28 77 28 78 28 79 28 80 28 81 28 78 28 82 28 76 28 78 28 83 28 82 28 80 28 84 28 82 28 77 28 84 28 85 28 84 28 80 28 79 28 81 28 85 28 79 28 82 28 84 28 76 28 79 28 85 28 84 28 77 28 76 28 84 28 86 27 87 27 88 27 89 27 90 27 86 27 91 27 92 27 87 27 93 27 94 27 95 27 96 27 97 27 95 27 89 27 96 27 90 27 98 27 94 27 93 27 94 27 98 27 99 27 100 28 101 28 102 28 103 28 104 28 105 28 106 28 107 28 108 28 106 28 102 28 107 28 108 28 109 28 110 28 110 28 109 28 111 28 104 28 112 28 100 28 111 28 103 28 105 28 111 28 113 28 110 28 114 27 115 27 116 27 114 27 117 27 115 27 118 27 119 27 120 27 121 28 122 28 123 28 122 28 124 28 123 28 125 27 126 27 127 27 128 27 129 27 130 27 131 27 127 27 132 27 131 27 133 27 127 27 128 27 133 27 134 27 127 27 135 27 125 27 135 27 127 27 130 27 130 27 129 27 135 27 129 27 136 27 135 27 137 27 128 27 134 27 131 27 134 27 133 27 138 28 139 28 140 28 141 28 142 28 143 28 144 28 145 28 146 28 139 28 141 28 147 28 138 28 140 28 146 28 141 28 143 28 147 28 148 28 144 28 149 28 143 28 149 28 144 28 138 28 146 28 145 28 143 28 142 28 149 28 150 27 151 27 152 27 152 27 153 27 150 27 154 27 155 27 156 27 157 27 151 27 155 27 155 27 151 27 158 27 151 27 150 27 158 27 159 27 160 27 161 27 160 27 162 27 153 27 155 27 154 27 163 27 161 27 154 27 156 27 161 27 156 27 159 27 164 28 165 28 166 28 167 28 168 28 166 28 165 28 169 28 170 28 170 28 169 28 171 28 172 28 173 28 174 28 174 28 173 28 175 28 175 28 168 28 176 28 168 28 167 28 176 28 175 28 173 28 168 28 174 28 171 28 177 28 178 27 179 27 180 27 179 27 178 27 181 27 182 27 179 27 183 27 184 28 185 28 186 28 187 28 186 28 188 28 189 28 190 28 191 28 191 28 192 28 189 28 193 28 194 28 195 28 196 27 197 27 198 27 196 27 198 27 199 27 200 27 201 27 202 27 203 27 204 27 205 27 200 27 202 27 206 27 207 27 206 27 208 27 209 27 210 27 211 27 210 27 212 27 201 27 207 27 205 27 204 27 213 27 208 27 206 27 209 27 203 27 205 27 203 27 209 27 211 27 207 27 208 27 205 27 214 28 215 28 216 28 216 28 215 28 217 28 218 28 219 28 214 28 216 28 217 28 220 28 220 28 217 28 221 28 222 28 223 28 224 28 224 28 223 28 225 28 225 28 219 28 226 28 219 28 218 28 226 28 225 28 223 28 219 28 224 28 221 28 227 28 228 27 229 27 230 27 231 27 232 27 233 27 229 27 232 27 234 27 233 27 235 27 231 27 231 27 235 27 236 27 237 27 235 27 233 27 232 27 229 27 228 27 238 27 232 27 228 27 232 27 238 27 233 27 230 27 229 27 234 27 238 27 237 27 233 27 239 28 240 28 241 28 242 28 243 28 244 28 240 28 245 28 241 28 242 28 245 28 243 28 246 28 240 28 239 28 242 28 247 28 241 28 241 28 247 28 239 28 247 28 242 28 248 28 249 28 246 28 239 28 250 27 251 27 252 27 251 27 250 27 253 27 254 28 255 28 256 28 256 28 257 28 258 28 259 28 257 28 256 28 260 27 261 27 262 27 263 27 264 27 265 27 263 27 261 27 264 27 263 27 266 27 261 27 267 27 260 27 268 27 267 27 264 27 260 27 262 27 261 27 266 27 269 27 262 27 266 27 270 28 271 28 272 28 273 28 274 28 275 28 276 28 277 28 278 28 279 28 280 28 281 28 272 28 281 28 280 28 280 28 275 28 274 28 270 28 272 28 276 28 270 28 276 28 278 28 280 28 282 28 275 28 279 28 282 28 280 28 283 27 284 27 285 27 286 27 287 27 283 27 288 27 289 27 284 27 290 27 291 27 292 27 293 27 294 27 292 27 286 27 293 27 287 27 295 27 291 27 290 27 291 27 295 27 296 27 297 28 298 28 299 28 300 28 301 28 302 28 303 28 300 28 304 28 303 28 304 28 305 28 301 28 306 28 307 28 306 28 308 28 309 28 307 28 306 28 309 28 298 28 305 28 299 28 310 28 311 28 312 28 310 28 312 28 313 28 310 28 314 28 311 28 314 28 310 28 313 28 315 27 316 27 317 27 318 28 319 28 320 28 318 28 321 28 319 28 322 27 323 27 324 27 323 27 325 27 324 27 326 27 327 27 328 27 329 27 327 27 326 27 327 27 329 27 328 27 330 28 331 28 332 28 333 27 334 27 335 27 336 27 337 27 338 27 339 27 335 27 334 27 340 27 339 27 334 27 341 27 339 27 340 27 341 27 342 27 335 27 341 27 335 27 339 27 335 27 342 27 333 27 333 27 336 27 338 27 333 27 342 27 343 27 342 27 341 27 343 27 333 27 344 27 336 27 344 27 333 27 343 27 345 28 346 28 347 28 346 28 345 28 348 28 345 28 347 28 348 28 349 28 350 28 351 28 352 28 353 28 351 28 353 28 352 28 354 28 351 28 350 28 352 28 352 28 350 28 355 28 347 28 355 28 350 28 352 28 355 28 347 28 347 28 346 28 352 28 356 27 357 27 358 27 358 27 357 27 359 27 357 27 356 27 359 27 360 28 361 28 362 28 363 27 364 27 365 27 366 27 367 27 368 27 369 28 370 28 371 28 372 28 373 28 374 28 375 29 376 29 377 29 378 30 375 30 377 30 379 27 380 27 381 27 382 28 383 28 384 28 383 28 382 28 385 28 384 28 383 28 386 28 387 27 388 27 389 27 390 31 391 31 392 31 393 32 394 32 392 32 390 33 394 33 391 33 395 28 396 28 397 28 398 28 397 28 396 28 394 28 396 28 395 28 399 34 380 34 400 34 400 35 380 35 401 35 402 36 403 36 404 36 403 37 405 37 404 37 405 38 403 38 406 38 403 39 402 39 406 39 407 28 408 28 385 28 385 28 408 28 409 28 410 40 411 40 412 40 412 41 411 41 413 41 380 27 414 27 415 27 379 27 414 27 380 27 414 27 379 27 416 27 417 42 418 42 419 42 420 28 421 28 422 28 423 28 420 28 422 28 424 27 425 27 426 27 425 27 427 27 426 27 428 28 429 28 430 28 431 27 432 27 433 27 434 27 435 27 436 27 437 27 438 27 439 27 439 27 438 27 435 27 438 27 437 27 434 27 440 27 434 27 436 27 434 27 440 27 438 27 438 27 440 27 435 27 435 27 440 27 436 27 441 43 434 43 442 43 442 43 434 43 437 43 443 44 444 44 445 44 445 44 444 44 446 44 447 28 448 28 449 28 450 28 442 28 449 28 442 28 448 28 441 28 447 28 441 28 448 28 442 28 451 28 448 28 451 28 450 28 449 28 451 28 449 28 448 28 442 28 450 28 451 28 452 27 453 27 454 27 454 27 453 27 455 27 453 27 452 27 455 27 456 28 457 28 458 28 459 28 460 28 461 28 459 28 462 28 460 28 463 27 464 27 465 27 466 27 467 27 468 27 467 27 469 27 470 27 467 27 470 27 468 27 467 27 466 27 469 27 471 45 472 45 473 45 473 46 474 46 471 46 475 27 476 27 477 27 478 27 476 27 475 27 479 28 480 28 481 28 479 28 482 28 480 28 482 28 479 28 483 28 484 27 485 27 486 27 485 27 484 27 487 27 488 47 489 47 490 47 488 48 490 48 491 48 492 28 493 28 494 28 495 28 494 28 493 28 496 28 494 28 495 28 497 49 498 49 499 49 499 50 500 50 497 50 501 51 502 51 503 51 504 27 505 27 506 27 507 27 505 27 504 27 505 27 507 27 506 27 508 28 509 28 510 28 511 27 512 27 513 27 514 27 515 27 516 27 517 28 518 28 519 28 520 27 521 27 522 27 523 27 524 27 525 27 525 27 524 27 521 27 524 27 523 27 520 27 526 27 520 27 522 27 520 27 526 27 524 27 524 27 526 27 521 27 521 27 526 27 522 27 527 43 520 43 528 43 528 43 520 43 523 43 529 44 530 44 531 44 531 44 530 44 532 44 533 28 534 28 535 28 536 28 528 28 535 28 528 28 534 28 527 28 533 28 527 28 534 28 528 28 537 28 534 28 537 28 536 28 535 28 537 28 535 28 534 28 528 28 536 28 537 28 538 28 539 28 540 28 541 27 542 27 543 27 544 27 545 27 546 27 546 27 545 27 478 27 547 52 548 52 549 52 550 28 551 28 552 28 481 28 551 28 550 28 553 53 554 53 555 53 556 54 554 54 553 54 557 27 558 27 559 27 560 27 557 27 559 27 561 28 562 28 563 28 562 28 564 28 563 28 565 27 566 27 567 27 568 27 567 27 566 27 568 27 566 27 565 27 569 28 570 28 571 28 572 28 571 28 570 28 572 28 570 28 569 28 573 55 574 55 575 55 575 55 574 55 569 55 576 27 577 27 578 27 579 27 578 27 577 27 580 28 581 28 582 28 581 28 583 28 582 28 584 56 585 56 574 56 586 28 587 28 588 28 587 28 589 28 588 28 588 28 589 28 586 28 590 57 591 57 592 57 591 58 590 58 593 58 594 27 595 27 592 27 596 27 597 27 598 27 599 27 600 27 596 27 599 27 596 27 598 27 597 27 596 27 600 27 601 28 602 28 603 28 604 28 603 28 602 28 605 28 606 28 607 28 606 28 608 28 607 28 608 28 606 28 605 28 609 59 610 59 593 59 593 59 610 59 611 59 593 27 612 27 609 27 609 27 612 27 613 27 614 27 615 27 616 27 615 27 614 27 617 27 615 27 617 27 616 27 618 60 619 60 620 60 620 60 619 60 621 60 622 61 617 61 623 61 623 61 617 61 624 61 625 28 626 28 627 28 628 28 626 28 625 28 627 28 626 28 628 28 629 27 630 27 631 27 631 27 630 27 632 27 629 27 632 27 630 27 633 27 634 27 629 27 629 27 634 27 632 27 635 62 636 62 637 62 636 63 634 63 637 63 638 28 639 28 640 28 638 28 640 28 641 28 641 28 640 28 639 28 642 27 643 27 644 27 645 27 646 27 643 27 643 27 646 27 644 27 647 64 648 64 649 64 650 65 651 65 652 65 653 66 654 66 655 66 656 67 657 67 658 67 659 68 660 68 661 68 662 69 663 69 664 69 664 70 663 70 665 70 666 71 667 71 668 71 667 72 666 72 669 72 669 73 663 73 670 73 669 74 671 74 672 74 672 75 673 75 669 75 669 76 674 76 675 76 676 77 677 77 678 77 679 78 680 78 681 78 682 79 683 79 678 79 678 80 684 80 685 80 678 81 686 81 676 81 683 82 684 82 678 82 687 83 688 83 689 83 689 84 688 84 690 84 691 85 692 85 693 85 694 86 695 86 696 86 696 87 697 87 694 87 698 88 696 88 695 88 699 89 700 89 697 89 701 90 698 90 695 90 701 91 695 91 691 91 702 92 701 92 691 92 702 93 691 93 703 93 703 94 691 94 693 94 703 95 693 95 704 95 702 96 703 96 705 96 706 27 415 27 707 27 706 27 708 27 709 27 709 27 708 27 707 27 706 27 707 27 708 27 710 97 711 97 712 97 713 28 714 28 715 28 716 28 713 28 715 28 717 28 407 28 713 28 713 28 407 28 714 28 718 98 719 98 720 98 719 99 407 99 720 99 721 100 722 100 723 100 724 27 725 27 726 27 727 28 728 28 729 28 730 28 731 28 727 28 730 28 727 28 729 28 732 101 733 101 734 101 735 102 732 102 734 102 732 103 735 103 733 103 734 27 736 27 737 27 736 27 738 27 737 27 739 104 740 104 741 104 742 28 743 28 744 28 743 28 742 28 745 28 745 28 744 28 743 28 746 28 747 28 748 28 748 28 747 28 749 28 746 28 748 28 749 28 749 28 747 28 750 28 751 27 752 27 753 27 752 27 754 27 755 27 751 27 754 27 752 27 755 27 754 27 751 27 756 27 757 27 758 27 759 27 757 27 756 27 760 28 761 28 762 28 762 28 763 28 760 28 764 27 765 27 766 27 767 27 766 27 765 27 767 27 765 27 764 27 768 28 769 28 770 28 771 28 770 28 769 28 771 28 769 28 768 28 772 55 773 55 734 55 772 55 734 55 774 55 775 27 776 27 777 27 777 27 778 27 775 27 779 59 764 59 780 59 780 59 764 59 781 59 780 28 782 28 779 28 779 28 782 28 783 28 784 28 785 28 786 28 785 28 784 28 787 28 785 28 787 28 786 28 788 60 789 60 790 60 790 60 789 60 791 60 792 61 787 61 793 61 793 61 787 61 794 61 795 28 796 28 797 28 798 28 797 28 796 28 799 28 800 28 796 28 796 28 800 28 798 28 801 28 799 28 802 28 800 28 799 28 801 28 803 105 804 105 801 105 805 106 803 106 801 106 806 107 804 107 803 107 806 108 805 108 807 108 807 109 808 109 806 109 804 110 806 110 808 110 808 111 809 111 810 111 804 112 808 112 810 112 807 113 809 113 808 113 805 114 806 114 803 114 809 115 807 115 810 115 811 27 812 27 805 27 813 27 814 27 812 27 813 27 812 27 811 27 812 27 814 27 815 27 814 27 813 27 815 27 816 27 817 27 815 27 811 116 818 116 819 116 818 117 811 117 802 117 802 118 820 118 819 118 821 119 820 119 822 119 819 120 820 120 821 120 819 121 821 121 823 121 823 122 821 122 822 122 802 123 819 123 818 123 824 124 823 124 822 124 825 125 826 125 827 125 828 126 827 126 826 126 827 127 828 127 825 127 828 128 826 128 829 128 829 129 830 129 831 129 825 130 828 130 832 130 825 131 832 131 831 131 831 132 830 132 833 132 830 133 829 133 834 133 833 134 830 134 834 134 828 135 829 135 832 135 832 136 829 136 831 136 835 27 836 27 837 27 838 27 839 27 840 27 839 27 838 27 841 27 841 27 842 27 839 27 842 27 841 27 835 27 838 27 835 27 841 27 838 27 836 27 835 27 842 27 835 27 837 27 837 27 836 27 843 27 842 27 837 27 843 27 834 27 843 27 844 27 843 27 836 27 844 27 845 137 846 137 847 137 845 138 847 138 848 138 849 139 846 139 850 139 848 140 849 140 850 140 848 141 850 141 844 141 844 142 850 142 851 142 850 143 852 143 851 143 851 144 852 144 844 144 847 145 846 145 848 145 848 146 846 146 849 146 853 28 854 28 855 28 856 28 854 28 853 28 853 28 857 28 856 28 853 28 858 28 857 28 856 28 857 28 858 28 859 28 856 28 858 28 833 28 859 28 858 28 852 28 856 28 859 28 852 28 859 28 833 28 858 28 853 28 833 28 801 27 860 27 861 27 862 27 861 27 860 27 863 27 860 27 801 27 860 27 863 27 862 27 864 28 865 28 866 28 867 28 868 28 864 28 865 28 868 28 867 28 864 28 866 28 867 28 865 28 867 28 866 28 869 28 870 28 871 28 872 28 871 28 873 28 872 28 869 28 871 28 873 28 870 28 869 28 873 28 869 28 872 28 802 147 874 147 875 147 875 148 874 148 873 148 802 149 876 149 862 149 862 150 876 150 873 150 875 151 876 151 802 151 873 152 876 152 875 152 877 27 878 27 879 27 878 27 880 27 879 27 864 27 878 27 877 27 880 27 878 27 864 27 881 153 801 153 882 153 801 154 881 154 883 154 883 155 881 155 871 155 871 156 884 156 882 156 884 157 881 157 882 157 881 158 884 158 871 158 885 27 886 27 887 27 886 27 885 27 888 27 889 27 885 27 887 27 889 27 887 27 888 27 885 27 889 27 888 27 890 159 891 159 888 159 892 160 891 160 893 160 892 161 893 161 888 161 893 162 891 162 890 162 888 163 893 163 890 163 894 28 895 28 896 28 896 28 895 28 897 28 894 28 898 28 897 28 898 28 896 28 897 28 896 28 898 28 894 28 897 164 899 164 900 164 900 165 899 165 901 165 897 166 902 166 901 166 900 167 902 167 897 167 901 168 902 168 900 168 903 28 904 28 905 28 906 28 907 28 908 28 907 28 909 28 908 28 909 28 910 28 911 28 903 28 912 28 913 28 906 28 905 28 904 28 906 28 904 28 907 28 909 28 907 28 910 28 904 28 910 28 907 28 913 28 914 28 903 28 910 28 914 28 911 28 913 28 915 28 914 28 909 28 911 28 908 28 911 28 914 28 915 28 916 27 917 27 918 27 919 27 916 27 920 27 921 27 917 27 922 27 917 27 921 27 918 27 923 27 921 27 922 27 922 27 917 27 924 27 916 27 924 27 917 27 916 27 919 27 924 27 925 27 926 27 923 27 921 27 923 27 926 27 927 27 926 27 925 27 921 27 926 27 918 27 928 27 927 27 925 27 920 27 928 27 929 27 928 27 920 27 927 27 930 27 931 27 932 27 933 27 930 27 932 27 934 28 935 28 936 28 936 28 937 28 934 28 938 28 939 28 940 28 941 27 942 27 943 27 944 28 945 28 946 28 947 28 948 28 949 28 944 28 948 28 947 28 950 28 949 28 948 28 951 27 952 27 953 27 953 27 954 27 951 27 954 27 953 27 955 27 955 27 956 27 957 27 952 27 955 27 953 27 958 28 959 28 960 28 960 28 961 28 958 28 962 27 963 27 964 27 965 27 962 27 964 27 966 28 967 28 968 28 966 28 968 28 969 28 970 27 971 27 972 27 973 28 974 28 975 28 975 28 976 28 973 28 977 27 978 27 979 27 977 27 980 27 978 27 981 27 982 27 983 27 983 27 982 27 984 27 985 27 982 27 986 27 987 27 988 27 986 27 977 27 979 27 987 27 989 27 990 27 991 27 981 27 990 27 989 27 985 27 986 27 988 27 984 27 982 27 992 27 987 27 986 27 982 27 980 27 987 27 982 27 989 27 982 27 981 27 993 28 994 28 995 28 996 28 997 28 998 28 998 28 999 28 996 28 996 28 999 28 1000 28 1001 28 1002 28 1003 28 999 28 1004 28 1000 28 1005 28 993 28 1001 28 1006 27 1007 27 1008 27 1009 28 1010 28 1011 28 1011 28 1012 28 1009 28 1013 28 1014 28 1015 28 1016 27 1017 27 1018 27 1019 28 1020 28 1021 28 1022 28 1021 28 1020 28 1023 27 1024 27 1025 27 1026 27 1023 27 1025 27 1027 28 1028 28 1029 28 1030 28 1031 28 1032 28 1031 28 1030 28 1033 28 1034 27 1035 27 1036 27 1037 28 1038 28 1039 28 1040 27 1041 27 1042 27 1043 28 1044 28 1045 28 1046 27 1047 27 1048 27 1049 27 1050 27 1051 27 1046 27 1051 27 1047 27 1052 27 1053 27 1054 27 1054 27 1055 27 1052 27 1047 27 1055 27 1048 27 1048 27 1055 27 1056 27 1046 27 1049 27 1051 27 1054 27 1053 27 1051 27 1054 27 1056 27 1055 27 1057 28 1058 28 1059 28 1060 28 1061 28 1062 28 1063 28 1064 28 1060 28 1063 28 1057 28 1064 28 1060 28 1062 28 1065 28 1062 28 1061 28 1066 28 1063 28 1058 28 1057 28 1067 28 1068 28 1060 28 1068 28 1063 28 1060 28 1060 28 1065 28 1067 28 1061 28 1057 28 1059 28 1061 28 1059 28 1066 28 1069 28 1070 28 1071 28 1072 27 1073 27 1074 27 1075 28 1076 28 1077 28 1078 28 1075 28 1077 28 1079 27 1080 27 1081 27 1081 27 1082 27 1079 27 1083 28 1084 28 1085 28 1083 28 1085 28 1086 28 1087 27 1088 27 1089 27 1090 28 1091 28 1092 28 1093 27 1094 27 1095 27 1096 27 1093 27 1095 27 1097 28 1098 28 1099 28 1097 28 1100 28 1098 28 1101 27 1102 27 1103 27 1104 27 1105 27 1106 27 1106 27 1107 27 1108 27 1108 27 1109 27 1110 27 1111 27 1103 27 1110 27 1110 27 1103 27 1112 27 1113 27 1114 27 1115 27 1105 27 1114 27 1113 27 1108 27 1110 27 1112 27 1108 27 1112 27 1102 27 1105 27 1107 27 1106 27 1113 27 1109 27 1105 27 1109 27 1107 27 1105 27 1116 28 1117 28 1118 28 1119 28 1117 28 1120 28 1121 28 1122 28 1123 28 1123 28 1116 28 1121 28 1124 28 1125 28 1120 28 1120 28 1117 28 1124 28 1118 28 1117 28 1126 28 1123 28 1127 28 1117 28 1117 28 1127 28 1128 28 1123 28 1117 28 1116 28 1126 28 1117 28 1119 28 1129 28 1130 28 1131 28 1132 28 1129 28 1131 28 1133 27 1134 27 1135 27 1135 27 1136 27 1133 27 1137 27 1138 27 1139 27 1140 28 1141 28 1142 28 1143 28 1144 28 1145 28 1146 28 1147 28 1148 28 1146 28 1143 28 1145 28 1144 28 1149 28 1145 28 1150 28 1147 28 1149 28 1151 28 1147 28 1152 28 1143 28 1146 28 1148 28 1147 28 1151 28 1148 28 1150 28 1152 28 1147 28 1144 28 1150 28 1149 28 1153 27 1154 27 1155 27 1153 27 1156 27 1154 27 1155 27 1157 27 1158 27 1159 27 1158 27 1157 27 1160 27 1161 27 1156 27 1162 27 1160 27 1156 27 1153 27 1162 27 1156 27 1163 27 1164 27 1155 27 1164 27 1153 27 1155 27 1155 27 1158 27 1163 27 1159 27 1157 27 1161 27 1157 27 1156 27 1161 27 1165 27 1166 27 1167 27 1168 27 1165 27 1167 27 1169 28 1170 28 1171 28 1169 28 1172 28 1173 28 1174 28 1175 28 1176 28 1177 28 1178 28 1179 28 1179 28 1178 28 1180 28 1181 28 1180 28 1178 28 1180 28 1182 28 1179 28 1177 28 1179 28 1182 28 1183 28 1181 28 1184 28 1185 27 1186 27 1187 27 1187 27 1186 27 1188 27 1189 27 1186 27 1185 27 1190 27 1188 27 1186 27 1190 27 1186 27 1189 27 1188 27 1190 27 1187 27 1191 27 1185 27 1192 27 1193 27 1194 27 1195 27 1195 27 1196 27 1193 27 1197 28 1198 28 1199 28 1199 28 1198 28 1200 28 1201 28 1202 28 1203 28 1203 28 1202 28 1204 28 1205 27 1206 27 1207 27 1208 27 1207 27 1206 27 1209 27 1210 27 1211 27 1212 28 1213 28 1214 28 1215 27 1216 27 1217 27 1218 27 1216 27 1215 27 1219 28 1220 28 1221 28 1222 27 1223 27 1224 27 1225 27 1226 27 1227 27 1228 27 1225 27 1227 27 1227 27 1226 27 1229 27 1227 27 1229 27 1228 27 1228 27 1229 27 1230 27 1231 28 1232 28 1233 28 1232 28 1234 28 1235 28 1236 28 1232 28 1231 28 1232 28 1236 28 1234 28 1233 28 1232 28 1235 28 1237 27 1238 27 1239 27 1240 27 1241 27 1242 27 1243 27 1244 27 1242 27 1240 27 1239 27 1243 27 1240 27 1243 27 1242 27 1245 28 1246 28 1247 28 1248 28 1249 28 1250 28 1245 28 1248 28 1251 28 1250 28 1251 28 1248 28 1252 28 1246 28 1245 28 1252 28 1245 28 1251 28 1252 28 1251 28 1250 28 1253 27 1254 27 1255 27 1256 28 1257 28 1258 28 1259 28 1260 28 1261 28 1262 28 1257 28 1263 28 1264 28 1260 28 1265 28 1266 28 1263 28 1264 28 1261 28 1263 28 1257 28 1262 28 1267 28 1257 28 1264 28 1263 28 1261 28 1264 28 1261 28 1260 28 1259 28 1261 28 1268 28 1267 28 1258 28 1257 28 1265 28 1260 28 1259 28 1268 28 1269 28 1270 28 1269 28 1258 28 1270 28 1256 28 1258 28 1268 28 1268 28 1258 28 1269 28 1268 28 1271 28 1259 28 1267 28 1270 28 1258 28 1259 28 1271 28 1265 28 1272 28 1270 28 1271 28 1268 28 1272 28 1271 28 1270 28 1272 28 1268 28 1273 27 1274 27 1275 27 1276 27 1277 27 1278 27 1275 27 1274 27 1279 27 1274 27 1273 27 1277 27 1279 27 1274 27 1280 27 1281 27 1275 27 1279 27 1273 27 1281 27 1282 27 1275 27 1281 27 1273 27 1283 27 1273 27 1282 27 1282 27 1284 27 1285 27 1282 27 1285 27 1278 27 1274 27 1277 27 1280 27 1278 27 1283 27 1282 27 1285 27 1286 27 1278 27 1277 27 1276 27 1280 27 1287 27 1288 27 1289 27 1290 27 1287 27 1289 27 1291 27 1290 27 1292 27 1287 27 1293 27 1288 27 1293 27 1294 27 1295 27 1294 27 1296 27 1297 27 1294 27 1297 27 1295 27 1294 27 1293 27 1298 27 1293 27 1287 27 1298 27 1299 27 1296 27 1298 27 1297 27 1296 27 1299 27 1291 27 1299 27 1290 27 1300 27 1299 27 1291 27 1299 27 1300 27 1297 27 1290 27 1289 27 1292 27 1301 28 1302 28 1303 28 1304 28 1305 28 1306 28 1307 28 1302 28 1301 28 1301 28 1303 28 1308 28 1309 28 1306 28 1310 28 1311 28 1312 28 1313 28 1311 28 1308 28 1303 28 1311 28 1314 28 1312 28 1314 28 1311 28 1303 28 1304 28 1312 28 1314 28 1310 28 1302 28 1307 28 1304 28 1306 28 1312 28 1309 28 1312 28 1306 28 1310 28 1305 28 1302 28 1305 28 1310 28 1306 28 1315 27 1316 27 1317 27 1318 27 1316 27 1315 27 1319 27 1320 27 1321 27 1320 27 1319 27 1317 27 1320 27 1322 27 1321 27 1323 27 1322 27 1320 27 1324 27 1325 27 1326 27 1327 27 1326 27 1325 27 1328 27 1315 27 1319 27 1315 27 1328 27 1318 27 1316 27 1318 27 1324 27 1320 27 1317 27 1329 27 1326 27 1327 27 1329 27 1323 27 1320 27 1329 27 1323 27 1329 27 1327 27 1330 28 1331 28 1332 28 1333 28 1334 28 1335 28 1330 28 1336 28 1337 28 1335 28 1338 28 1339 28 1340 28 1341 28 1331 28 1341 28 1340 28 1338 28 1341 28 1338 28 1335 28 1331 28 1341 28 1332 28 1333 28 1335 28 1339 28 1337 28 1334 28 1333 28 1334 28 1337 28 1336 28 1342 28 1343 28 1344 28 1342 28 1345 28 1343 28 1346 28 1345 28 1342 28 1342 28 1347 28 1346 28 1348 27 1349 27 1350 27 1351 28 1352 28 1353 28 1354 28 1353 28 1352 28 1355 28 1352 28 1351 28 1352 28 1355 28 1354 28 1356 27 1357 27 1358 27 1359 27 1356 27 1360 27 1358 27 1357 27 1359 27 1356 27 1358 27 1360 27 1359 27 1360 27 1358 27 1361 27 1362 27 1363 27 1364 27 1363 27 1365 27 1364 27 1361 27 1363 27 1365 27 1362 27 1361 27 1365 27 1361 27 1364 27 1366 169 1367 169 1368 169 1368 170 1367 170 1365 170 1366 171 1369 171 1354 171 1354 172 1369 172 1365 172 1368 173 1369 173 1366 173 1365 174 1369 174 1368 174 1370 28 1371 28 1359 28 1371 28 1372 28 1359 28 1373 28 1371 28 1370 28 1372 28 1371 28 1373 28 1374 175 1375 175 1376 175 1363 176 1377 176 1376 176 1377 177 1374 177 1376 177 1374 178 1377 178 1363 178 1378 28 1379 28 1380 28 1381 28 1378 28 1380 28 1381 28 1382 28 1379 28 1378 28 1381 28 1379 28 1382 28 1381 28 1380 28 1383 179 1384 179 1385 179 1386 180 1384 180 1387 180 1386 181 1387 181 1385 181 1387 182 1384 182 1383 182 1385 183 1387 183 1383 183 1388 27 1389 27 1390 27 1390 27 1389 27 1391 27 1388 27 1392 27 1391 27 1392 27 1390 27 1391 27 1390 27 1392 27 1388 27 1391 184 1380 184 1393 184 1393 185 1380 185 1394 185 1391 186 1395 186 1394 186 1393 187 1395 187 1391 187 1394 188 1395 188 1393 188 1396 28 1397 28 1398 28 1396 28 1398 28 1399 28 1400 28 1401 28 1398 28 1398 28 1401 28 1399 28 1397 28 1402 28 1398 28 1397 28 1396 28 1399 28 1400 28 1399 28 1401 28 1397 28 1399 28 1400 28 1376 189 1403 189 1404 189 1405 190 1406 190 1407 190 1406 191 1405 191 1408 191 1408 192 1405 192 1407 192 1406 193 1404 193 1403 193 1406 194 1403 194 1407 194 1406 195 1408 195 1409 195 1409 196 1408 196 1410 196 1409 197 1410 197 1406 197 1376 198 1410 198 1408 198 1376 199 1408 199 1407 199 1376 200 1407 200 1403 200 1376 27 1411 27 1412 27 1354 27 1411 27 1376 27 1413 27 1412 27 1411 27 1413 27 1414 27 1412 27 1415 27 1412 27 1414 27 1415 27 1414 27 1413 27 1354 27 1413 27 1411 27 1412 27 1415 27 1416 27 1417 117 1354 117 1418 117 1419 201 1417 201 1418 201 1419 202 1420 202 1417 202 1354 203 1417 203 1421 203 1421 204 1417 204 1420 204 1420 205 1422 205 1421 205 1420 206 1419 206 1422 206 1422 207 1419 207 1423 207 1421 208 1422 208 1423 208 1421 209 1423 209 1419 209 1424 210 1421 210 1419 210 1425 211 1426 211 1427 211 1428 212 1427 212 1426 212 1428 213 1426 213 1429 213 1430 214 1429 214 1431 214 1427 215 1428 215 1429 215 1427 216 1429 216 1430 216 1430 217 1431 217 1432 217 1429 218 1426 218 1431 218 1433 27 1434 27 1435 27 1433 27 1436 27 1434 27 1433 27 1435 27 1436 27 1436 27 1437 27 1434 27 1434 27 1437 27 1438 27 1432 27 1438 27 1439 27 1438 27 1437 27 1439 27 1439 27 1437 27 1436 27 1440 219 1441 219 1442 219 1442 220 1441 220 1443 220 1444 221 1443 221 1445 221 1442 222 1443 222 1444 222 1444 223 1445 223 1439 223 1445 224 1446 224 1447 224 1447 225 1446 225 1439 225 1445 226 1447 226 1439 226 1443 227 1441 227 1445 227 1448 28 1449 28 1450 28 1451 28 1449 28 1448 28 1452 28 1448 28 1453 28 1452 28 1451 28 1448 28 1448 28 1450 28 1453 28 1454 28 1451 28 1452 28 1446 28 1454 28 1455 28 1446 28 1455 28 1430 28 1452 28 1453 28 1454 28 1454 28 1453 28 1455 28 1455 28 1453 28 1430 28 1456 228 1457 228 1458 228 1459 229 1460 229 1461 229 1460 230 1462 230 1461 230 1460 231 1459 231 1463 231 1462 232 1460 232 1463 232 1464 233 1465 233 1466 233 1467 234 1468 234 1469 234 1470 235 1471 235 1467 235 1467 236 1471 236 1468 236 1470 237 1468 237 1471 237 1472 238 1473 238 1474 238 1474 239 1475 239 1472 239 1476 240 1477 240 1478 240 1479 241 1477 241 1476 241 1480 242 1481 242 1482 242 1480 243 1483 243 1481 243 1484 244 1485 244 1486 244 1485 245 1484 245 1487 245 1488 246 1489 246 1490 246 1488 247 1490 247 1491 247 1488 248 1492 248 1489 248 1493 249 1494 249 1495 249 1496 250 1497 250 1498 250 1496 251 1498 251 1499 251 1498 252 1497 252 1500 252 1498 253 1500 253 1499 253 1501 254 1502 254 1503 254 1504 255 1505 255 1506 255 1507 256 1508 256 1509 256 1507 257 1509 257 1510 257 1511 258 1512 258 1513 258 1513 259 1514 259 1515 259 1514 260 1516 260 1515 260 1517 261 1516 261 1514 261 1513 262 1515 262 1516 262 1518 263 1519 263 1520 263 1521 264 1519 264 1518 264 1522 265 1523 265 1524 265 1525 266 1526 266 1527 266 1527 267 1528 267 1520 267 1526 268 1525 268 1529 268 1529 269 1523 269 1522 269 1523 270 1529 270 1525 270 1524 271 1530 271 1522 271 1522 272 1530 272 1529 272 1525 273 1524 273 1523 273 1521 274 1524 274 1525 274 1527 275 1521 275 1525 275 1528 276 1527 276 1526 276 1519 277 1521 277 1527 277 1520 278 1528 278 1526 278 1520 279 1519 279 1527 279 1531 280 1518 280 1520 280 1532 27 1533 27 1534 27 1532 27 1535 27 1533 27 1536 281 1537 281 1538 281 1537 282 1536 282 1539 282 1540 283 1541 283 1542 283 1543 284 1544 284 1545 284 1541 285 1540 285 1543 285 1543 286 1540 286 1542 286 1538 287 1546 287 1547 287 1542 288 1548 288 1543 288 1548 289 1549 289 1543 289 1543 290 1549 290 1544 290 1545 291 1544 291 1549 291 1536 292 1550 292 1542 292 1536 293 1542 293 1539 293 1539 294 1542 294 1541 294 1539 295 1541 295 1543 295 1545 296 1539 296 1543 296 1536 297 1547 297 1550 297 1551 298 1546 298 1538 298 1538 299 1547 299 1536 299 1549 300 1537 300 1545 300 1545 301 1537 301 1539 301 1538 302 1537 302 1552 302 1551 303 1538 303 1552 303 1553 28 1554 28 1555 28 1554 28 1553 28 1556 28 1557 304 1558 304 1559 304 1560 305 1561 305 1562 305 1563 306 1564 306 1559 306 1565 307 1566 307 1567 307 1568 308 1566 308 1565 308 1564 309 1563 309 1565 309 1563 310 1569 310 1565 310 1569 311 1563 311 1559 311 1561 312 1570 312 1562 312 1562 313 1570 313 1564 313 1564 314 1570 314 1559 314 1571 315 1559 315 1558 315 1567 316 1560 316 1562 316 1561 317 1560 317 1557 317 1570 318 1561 318 1557 318 1557 319 1559 319 1570 319 1565 320 1569 320 1568 320 1557 321 1560 321 1558 321 1567 322 1558 322 1560 322 1567 323 1566 323 1568 323 1567 324 1562 324 1564 324 1567 325 1564 325 1565 325 1572 326 1568 326 1569 326 1573 28 1574 28 1575 28 1576 28 1575 28 1574 28 1576 28 1574 28 1573 28 1577 327 1578 327 1579 327 1580 328 1581 328 1582 328 1582 329 1581 329 1577 329 1583 330 1584 330 1577 330 1577 331 1581 331 1585 331 1577 332 1584 332 1578 332 1586 333 1587 333 1585 333 1585 334 1587 334 1577 334 1582 335 1577 335 1580 335 1580 336 1588 336 1581 336 1577 337 1588 337 1580 337 1588 338 1577 338 1579 338 1587 339 1583 339 1577 339 1584 340 1583 340 1578 340 1578 341 1583 341 1579 341 1589 27 1590 27 1591 27 1591 27 1590 27 1592 27 1593 342 1594 342 1595 342 1595 343 1594 343 1596 343 1597 344 1598 344 1594 344 1594 345 1598 345 1596 345 1594 346 1593 346 1597 346 1597 347 1593 347 1599 347 1597 348 1599 348 1598 348 1598 349 1599 349 1600 349 1600 350 1601 350 1598 350 1601 351 1600 351 1599 351 1599 352 1602 352 1601 352 1601 353 1602 353 1603 353 1603 354 1602 354 1604 354 1605 355 1603 355 1604 355 1602 356 1599 356 1604 356 1606 357 1607 357 1608 357 1608 358 1607 358 1609 358 1610 359 1611 359 1609 359 1608 360 1609 360 1612 360 1607 361 1610 361 1609 361 1613 362 1607 362 1606 362 1613 363 1606 363 1614 363 1608 364 1614 364 1606 364 1614 365 1608 365 1612 365 1612 366 1609 366 1615 366 1615 367 1611 367 1616 367 1611 368 1615 368 1609 368 1611 369 1610 369 1616 369 1617 370 1618 370 1619 370 1620 371 1621 371 1622 371 1623 372 1622 372 1621 372 1622 373 1623 373 1624 373 1625 374 1624 374 1623 374 1618 375 1617 375 1626 375 1617 376 1619 376 1620 376 1621 377 1620 377 1619 377 1625 378 1627 378 1624 378 1626 379 1617 379 1627 379 1627 380 1617 380 1620 380 1627 381 1620 381 1622 381 1627 382 1622 382 1624 382 1628 383 1629 383 1630 383 1629 384 1628 384 1631 384 1632 385 1633 385 1628 385 1628 386 1633 386 1631 386 1634 387 1635 387 1632 387 1632 388 1635 388 1633 388 1630 389 1636 389 1637 389 1638 390 1629 390 1631 390 1634 391 1633 391 1635 391 1633 392 1634 392 1631 392 1636 393 1630 393 1638 393 1638 394 1630 394 1629 394 1638 395 1631 395 1634 395 1639 396 1640 396 1641 396 1610 397 1639 397 1642 397 1643 398 1641 398 1640 398 1643 399 1640 399 1644 399 1645 400 1646 400 1626 400 1647 401 1646 401 1648 401 1648 402 1649 402 1645 402 1646 403 1645 403 1649 403 1649 404 1648 404 1646 404 1650 405 1651 405 1652 405 1653 406 1654 406 1616 406 1616 407 1654 407 1655 407 1655 408 1651 408 1650 408 1654 409 1651 409 1655 409 1656 410 1657 410 1658 410 1658 411 1632 411 1656 411 1659 412 1656 412 1660 412 1656 413 1659 413 1657 413 1661 414 1662 414 1663 414 1664 415 1665 415 1666 415 1663 416 1666 416 1665 416 1667 417 1668 417 1669 417 1670 418 1667 418 1669 418 1668 419 1667 419 1670 419 1671 420 1672 420 1670 420 1664 421 1666 421 1668 421 1665 422 1664 422 1668 422 1661 423 1665 423 1673 423 1670 424 1669 424 1674 424 1674 425 1671 425 1670 425 1668 426 1666 426 1669 426 1665 427 1668 427 1670 427 1673 428 1665 428 1671 428 1671 429 1665 429 1672 429 1672 430 1665 430 1670 430 1661 431 1663 431 1665 431 1675 28 1676 28 1677 28 1677 28 1678 28 1675 28 1677 28 1679 28 1678 28 1680 432 1681 432 1682 432 1682 433 1683 433 1684 433 1682 434 1684 434 1685 434 1686 435 1687 435 1688 435 1683 436 1689 436 1684 436 1683 437 1681 437 1689 437 1685 438 1688 438 1687 438 1688 439 1685 439 1684 439 1688 440 1684 440 1689 440 1690 441 1691 441 1686 441 1690 442 1686 442 1689 442 1692 443 1689 443 1686 443 1686 444 1691 444 1687 444 1688 445 1689 445 1692 445 1688 446 1692 446 1686 446 1682 447 1681 447 1683 447 1691 448 1685 448 1687 448 1680 449 1682 449 1685 449 1693 450 1680 450 1685 450 1681 451 1680 451 1693 451 1694 27 1695 27 1696 27 1697 27 1694 27 1696 27 1697 27 1696 27 1693 27 1698 452 1699 452 1700 452 1701 453 1702 453 1703 453 1704 454 1705 454 1706 454 1700 455 1707 455 1708 455 1707 456 1703 456 1708 456 1709 457 1708 457 1710 457 1709 458 1700 458 1708 458 1702 459 1708 459 1703 459 1711 460 1703 460 1712 460 1699 461 1698 461 1712 461 1703 462 1699 462 1712 462 1707 463 1700 463 1699 463 1698 464 1700 464 1709 464 1699 465 1703 465 1707 465 1713 466 1706 466 1701 466 1702 467 1701 467 1706 467 1702 468 1706 468 1708 468 1703 469 1713 469 1701 469 1698 470 1709 470 1710 470 1698 471 1710 471 1704 471 1710 472 1714 472 1704 472 1705 473 1714 473 1706 473 1710 474 1708 474 1714 474 1714 475 1708 475 1706 475 1715 27 1716 27 1717 27 1718 476 1719 476 1720 476 1721 477 1719 477 1722 477 1718 478 1720 478 1723 478 1724 479 1725 479 1726 479 1725 480 1727 480 1728 480 1719 481 1729 481 1728 481 1718 482 1729 482 1719 482 1721 483 1723 483 1719 483 1729 484 1726 484 1728 484 1729 485 1718 485 1726 485 1730 486 1723 486 1722 486 1722 487 1723 487 1721 487 1719 488 1723 488 1720 488 1728 489 1726 489 1725 489 1727 490 1725 490 1724 490 1723 491 1724 491 1718 491 1718 492 1724 492 1726 492 1731 28 1732 28 1733 28 1734 28 1732 28 1731 28 1732 28 1734 28 1735 28 1731 28 1735 28 1734 28 1736 28 1737 28 1738 28 1739 27 1740 27 1741 27 1742 28 1743 28 1744 28 1745 27 1746 27 1747 27 1748 493 1749 493 1750 493 1751 494 1752 494 1753 494 1753 495 1752 495 1754 495 1755 496 1756 496 1757 496 1756 497 1755 497 1758 497 1758 498 1752 498 1759 498 1758 499 1760 499 1761 499 1761 500 1762 500 1758 500 1758 501 1763 501 1764 501 1765 502 1766 502 1767 502 1768 503 1769 503 1770 503 1771 504 1772 504 1767 504 1767 505 1773 505 1774 505 1767 506 1775 506 1765 506 1772 507 1773 507 1767 507 1776 508 1777 508 1778 508 1778 509 1777 509 1779 509 1780 510 1781 510 1782 510 1783 511 1784 511 1785 511 1785 512 1786 512 1783 512 1787 513 1778 513 1786 513 1788 514 1784 514 1780 514 1789 515 1790 515 1782 515 1791 516 1780 516 1782 516 1791 517 1782 517 1790 517 1792 518 1793 518 1794 518 1792 519 1794 519 1795 519 1796 520 1797 520 1798 520 1799 521 1800 521 1801 521 1802 522 1803 522 1804 522 1805 523 1803 523 1802 523 1802 524 1806 524 1807 524 1806 525 1802 525 1804 525 1800 526 1803 526 1801 526 1808 527 1809 527 1810 527 1811 528 1812 528 1809 528 1813 529 1814 529 1815 529 1814 530 1813 530 1808 530 1809 531 1808 531 1816 531 1810 532 1814 532 1808 532 1815 533 1812 533 1811 533 1817 534 1818 534 1819 534 1817 535 1819 535 1820 535 1821 536 1822 536 1823 536 1824 537 1821 537 1823 537 1825 538 1826 538 1827 538 1552 539 1826 539 1825 539 1828 540 1829 540 1830 540 1830 541 1831 541 1832 541 1832 542 1831 542 1833 542 1828 543 1834 543 1835 543 1828 544 1835 544 1829 544 1836 545 1834 545 1833 545 1837 546 1838 546 1839 546 1839 547 1838 547 1840 547 1841 548 1842 548 1843 548 1844 549 1845 549 1846 549 1847 550 1848 550 1849 550 1850 551 1851 551 1852 551 1853 552 1854 552 1855 552 1852 553 1851 553 1856 553 1851 554 1850 554 1854 554 1854 555 1853 555 1851 555 1857 556 1858 556 1859 556 1860 557 1861 557 1862 557 1861 558 1859 558 1862 558 1863 559 1864 559 1865 559 1866 560 1864 560 1867 560 1863 561 1867 561 1864 561 1868 562 1869 562 1870 562 1871 563 1870 563 1872 563 1871 564 1869 564 1868 564 1870 565 1871 565 1868 565 1872 566 1870 566 1873 566 1874 567 1870 567 1869 567 1874 568 1875 568 1870 568 1873 569 1870 569 1876 569 1870 570 1875 570 1876 570 1877 571 1878 571 1879 571 1880 572 1878 572 1877 572 1877 573 1881 573 1882 573 1882 574 1883 574 1877 574 1877 575 1883 575 1880 575 1884 576 1877 576 1879 576 1877 577 1884 577 1881 577 1885 578 1886 578 1887 578 1888 579 1889 579 1890 579 1891 580 1892 580 1893 580 1891 581 1894 581 1892 581 1894 582 1891 582 1895 582 1894 583 1896 583 1892 583 1897 584 1898 584 1895 584 1897 585 1899 585 1898 585 1899 586 1890 586 1889 586 1900 587 1901 587 1893 587 1902 588 1889 588 1888 588 1891 589 1897 589 1895 589 1896 590 1895 590 1898 590 1896 591 1894 591 1895 591 1901 592 1888 592 1890 592 1902 593 1901 593 1900 593 1888 594 1901 594 1902 594 1903 595 1904 595 1905 595 1903 596 1906 596 1907 596 1903 597 1905 597 1906 597 1908 598 1909 598 1907 598 1910 599 1904 599 1911 599 1905 600 1904 600 1912 600 1909 601 1913 601 1914 601 1911 602 1914 602 1915 602 1904 603 1910 603 1912 603 1908 604 1916 604 1909 604 1906 605 1905 605 1917 605 1917 606 1905 606 1912 606 1913 607 1916 607 1918 607 1917 608 1912 608 1919 608 1914 609 1918 609 1915 609 1918 610 1914 610 1913 610 1916 611 1913 611 1909 611 1912 612 1910 612 1919 612 1920 613 1921 613 1922 613 1923 614 1924 614 1925 614 1926 615 1922 615 1927 615 1928 616 1925 616 1929 616 1930 617 1931 617 1929 617 1931 618 1921 618 1920 618 1925 619 1932 619 1923 619 1925 620 1928 620 1932 620 1933 621 1934 621 1935 621 1923 622 1927 622 1924 622 1936 623 1927 623 1923 623 1927 624 1936 624 1926 624 1932 625 1937 625 1923 625 1920 626 1922 626 1926 626 1930 627 1929 627 1925 627 1930 628 1925 628 1938 628 1938 629 1921 629 1930 629 1930 630 1921 630 1931 630 1939 631 1940 631 1941 631 1942 632 1943 632 1944 632 1942 633 1945 633 1943 633 1943 634 1946 634 1944 634 1947 635 1944 635 1948 635 1949 636 1950 636 1951 636 1952 637 1948 637 1941 637 1940 638 1952 638 1941 638 1948 639 1952 639 1947 639 1948 640 1944 640 1946 640 1939 641 1941 641 1953 641 1953 642 1954 642 1945 642 1953 643 1945 643 1955 643 1945 644 1942 644 1956 644 1953 645 1941 645 1954 645 1955 646 1956 646 1953 646 1955 647 1945 647 1956 647 1957 648 1958 648 1959 648 1960 649 1961 649 1962 649 1963 650 1964 650 1965 650 1966 651 1967 651 1968 651 1968 652 1969 652 1966 652 1967 653 1966 653 1970 653 1967 654 1970 654 1971 654 1972 655 1973 655 1974 655 1975 656 1976 656 1977 656 1978 657 1979 657 1977 657 1977 658 1980 658 1978 658 1977 659 1979 659 1981 659 1975 660 1977 660 1981 660 1977 661 1976 661 1980 661 1982 662 1983 662 1984 662 1983 663 1985 663 1986 663 1983 664 1982 664 1985 664 1987 665 1983 665 1986 665 1984 666 1983 666 1987 666 1988 667 1989 667 1990 667 1989 668 1991 668 1990 668 1991 669 1992 669 1993 669 1991 670 1993 670 1990 670 1990 671 1993 671 1994 671 1988 672 1994 672 1995 672 1990 673 1994 673 1988 673 1996 674 1997 674 1998 674 1996 675 1998 675 1999 675 2000 676 2001 676 1999 676 2000 677 1999 677 2002 677 1998 678 2002 678 1999 678 1999 679 2001 679 1996 679 1996 680 2003 680 1997 680 1996 681 2001 681 2003 681 2004 682 2005 682 2006 682 2007 683 2008 683 2009 683 2010 684 2011 684 2012 684 2011 685 2013 685 2014 685 2012 686 2011 686 2014 686 2015 687 2016 687 2010 687 2015 688 2010 688 2017 688 2015 689 2017 689 2014 689 2014 690 2017 690 2012 690 2018 27 2019 27 2020 27 2020 27 2019 27 2021 27 2022 28 2023 28 2024 28 2024 28 2023 28 2025 28 2025 28 2023 28 2026 28 2026 28 2023 28 2022 28 2027 691 2028 691 2029 691 2030 692 2029 692 2028 692 2031 27 2032 27 2033 27 2034 28 2035 28 2036 28 2037 27 2038 27 2039 27 2040 28 2041 28 2042 28 2043 693 2044 693 2045 693 2046 694 2047 694 2048 694 2048 695 2047 695 2049 695 2050 696 2051 696 2052 696 2051 697 2050 697 2053 697 2053 698 2047 698 2054 698 2053 699 2055 699 2056 699 2056 700 2057 700 2053 700 2053 701 2058 701 2059 701 2060 702 2061 702 2062 702 2063 703 2064 703 2065 703 2066 704 2067 704 2062 704 2062 705 2068 705 2069 705 2062 706 2070 706 2060 706 2067 707 2068 707 2062 707 2071 708 2072 708 2073 708 2074 709 2075 709 2076 709 2077 710 2078 710 2079 710 2080 711 2081 711 2082 711 2081 712 2083 712 2084 712 2072 713 2080 713 2073 713 2073 714 2080 714 2082 714 2071 715 2073 715 2077 715 2085 716 2071 716 2077 716 2077 717 2079 717 2086 717 2086 718 2079 718 2087 718 2085 719 2077 719 2086 719 2085 720 2086 720 2088 720 2089 28 2090 28 2091 28 2091 28 2090 28 2092 28 2093 27 2094 27 2095 27 2095 27 2094 27 2096 27 2097 721 2098 721 2099 721 2100 721 2097 721 2099 721 2101 722 2102 722 2103 722 2104 722 2105 722 2106 722 2103 722 2102 722 2105 722 2107 722 2108 722 2109 722 2107 722 2110 722 2101 722 2101 722 2110 722 2111 722 2108 722 2111 722 2109 722 2112 723 2113 723 2114 723 2112 723 2114 723 2115 723 2116 723 2117 723 2118 723 2119 721 2120 721 2121 721 2122 721 2121 721 2120 721 2123 721 2124 721 2125 721 2126 721 2127 721 2121 721 2128 721 2129 721 2130 721 2126 721 2123 721 2125 721 2125 721 2131 721 2126 721 2124 721 2132 721 2125 721 2133 721 2134 721 2129 721 2122 721 2134 721 2133 721 2122 721 2133 721 2123 721 2122 721 2123 721 2121 721 2122 721 2120 721 2134 721 2121 721 2123 721 2126 721 2135 721 2119 721 2136 721 2130 721 2120 721 2119 721 2119 721 2135 721 2130 721 2121 721 2127 721 2119 721 2129 721 2134 721 2130 721 2133 721 2124 721 2123 721 2124 721 2133 721 2132 721 2132 721 2133 721 2129 721 2137 724 2138 724 2139 724 2139 724 2140 724 2141 724 2142 724 2143 724 2144 724 2143 724 2145 724 2137 724 2144 724 2146 724 2147 724 2146 724 2148 724 2149 724 2143 724 2137 724 2139 724 2138 724 2137 724 2145 724 2145 724 2150 724 2151 724 2139 724 2148 724 2143 724 2139 724 2149 724 2148 724 2144 724 2143 724 2146 724 2148 724 2146 724 2143 724 2149 724 2147 724 2146 724 2138 724 2145 724 2151 724 2149 724 2141 724 2152 724 2140 724 2139 724 2138 724 2140 724 2138 724 2151 724 2141 724 2140 724 2152 724 2153 724 2154 724 2155 724 2156 724 2154 724 2153 724 2157 724 2158 724 2159 724 2160 724 2161 724 2157 724 2162 724 2163 724 2159 724 2164 724 2157 724 2161 724 2165 724 2157 724 2166 724 2167 724 2168 724 2165 724 2153 724 2155 724 2162 724 2168 724 2169 724 2170 724 2167 724 2169 724 2168 724 2154 724 2171 724 2155 724 2157 724 2165 724 2168 724 2166 724 2163 724 2165 724 2165 724 2163 724 2162 724 2167 724 2165 724 2171 724 2158 724 2157 724 2164 724 2166 724 2157 724 2163 724 2163 724 2157 724 2159 724 2160 724 2170 724 2161 724 2155 724 2171 724 2162 724 2160 724 2168 724 2170 724 2167 724 2171 724 2154 724 2169 724 2167 724 2156 724 2167 724 2154 724 2156 724 2172 721 2173 721 2174 721 2175 721 2176 721 2177 721 2175 721 2178 721 2176 721 2177 721 2179 721 2173 721 2180 721 2173 721 2172 721 2180 721 2181 721 2182 721 2180 721 2172 721 2183 721 2181 721 2183 721 2184 721 2180 721 2175 721 2177 721 2180 721 2177 721 2173 721 2173 721 2179 721 2185 721 2178 721 2186 721 2182 721 2183 721 2181 721 2180 721 2174 721 2183 721 2172 721 2184 721 2183 721 2174 721 2182 721 2186 721 2180 721 2186 721 2178 721 2175 721 2174 721 2173 721 2185 721 2176 721 2179 721 2177 721 2179 721 2187 721 2185 721 2185 721 2187 721 2188 721 2189 725 2190 725 2191 725 2191 725 2190 725 2192 725 2193 726 2194 726 2195 726 2195 726 2194 726 2196 726 2197 727 2198 727 2199 727 2199 727 2198 727 2200 727 2201 728 2202 728 2203 728 2203 728 2202 728 2204 728 2205 729 2206 729 2207 729 2207 730 2206 730 2208 730 2209 731 2210 731 2211 731 2212 732 2213 732 2214 732 2214 733 2215 733 2212 733 2216 734 2217 734 2218 734 2219 27 2220 27 2221 27 2221 27 2220 27 2222 27 2223 28 2224 28 2225 28 2225 28 2224 28 2226 28 2227 735 2228 735 2229 735 2230 736 2227 736 2229 736 2231 737 2232 737 1820 737 2233 28 2234 28 2235 28 2235 28 2234 28 2236 28 2237 738 2238 738 2234 738 2234 739 2239 739 2237 739 2240 740 2238 740 2237 740 2240 741 2237 741 2241 741 2237 742 2239 742 2241 742 2242 27 2243 27 2244 27 2245 27 2244 27 2243 27 2243 743 2246 743 2247 743 2243 744 2233 744 2246 744 2248 745 2246 745 2233 745 2247 746 2246 746 2248 746 2249 747 2250 747 2251 747 2249 748 2251 748 2252 748 2252 749 2251 749 2253 749 2254 750 2251 750 2250 750 2254 751 2253 751 2251 751 2255 28 2249 28 2256 28 2257 752 2258 752 2259 752 2260 753 2259 753 2258 753 2257 754 2259 754 2260 754 2258 755 2261 755 2260 755 2250 27 2257 27 2262 27 2263 27 2264 27 2265 27 2265 27 2264 27 2266 27 2267 756 2264 756 2268 756 2268 757 2269 757 2270 757 2268 758 2270 758 2267 758 2271 759 2268 759 2264 759 2271 760 2269 760 2268 760 2272 28 2273 28 2274 28 2274 28 2273 28 2275 28 2276 761 2263 761 2277 761 2277 762 2278 762 2276 762 2278 763 2277 763 2279 763 2279 764 2277 764 2265 764 2280 765 2281 765 2282 765 2280 766 2282 766 2283 766 2284 767 2283 767 2282 767 2285 27 2286 27 2287 27 2288 768 2289 768 2290 768 2288 769 2291 769 2285 769 2285 770 2291 770 2292 770 2291 771 2288 771 2290 771 2290 772 2292 772 2291 772 2293 28 2289 28 2294 28 2295 773 2296 773 2297 773 2298 774 2299 774 2295 774 2295 775 2299 775 2300 775 2301 776 2302 776 2303 776 2296 777 2304 777 2303 777 2296 778 2303 778 2297 778 2305 779 2306 779 2307 779 2297 780 2308 780 2309 780 2302 781 2297 781 2303 781 2310 782 2311 782 2312 782 2313 783 2314 783 2315 783 2295 784 2316 784 2296 784 2317 785 2318 785 2319 785 2320 786 2321 786 2322 786 2323 787 2324 787 2325 787 2319 788 2326 788 2317 788 2322 789 2327 789 2328 789 2329 790 2318 790 2321 790 2330 791 2319 791 2318 791 2331 792 2332 792 2333 792 2331 793 2334 793 2332 793 2335 794 2336 794 2337 794 2338 795 2339 795 2340 795 2341 27 2342 27 2343 27 2341 27 2343 27 2344 27 2345 796 2346 796 2347 796 2346 797 2348 797 2349 797 2346 798 2345 798 2348 798 2345 799 2350 799 2348 799 2347 800 2351 800 2345 800 2349 801 2348 801 2350 801 2349 28 2352 28 2353 28 2353 28 2352 28 2354 28 2355 802 2356 802 2357 802 2358 803 2356 803 2359 803 2358 804 2357 804 2356 804 2359 805 2356 805 2355 805 2360 806 2361 806 2362 806 2361 807 2363 807 2364 807 2362 808 2361 808 2364 808 2364 809 2363 809 2365 809 2364 810 2365 810 2362 810 2366 27 2363 27 2367 27 2366 27 2367 27 2368 27 2369 811 2370 811 2371 811 2369 812 2372 812 2366 812 2366 770 2372 770 2373 770 2372 813 2369 813 2371 813 2371 814 2373 814 2372 814 2365 28 2373 28 2370 28 2365 28 2370 28 2374 28 2375 28 2376 28 2377 28 2375 28 2377 28 2378 28 2379 815 2380 815 2381 815 2380 816 2382 816 2376 816 2380 817 2376 817 2381 817 2380 818 2383 818 2382 818 2380 819 2379 819 2383 819 2384 27 2385 27 2386 27 2387 744 2388 744 2375 744 2388 820 2387 820 2389 820 2390 821 2387 821 2375 821 2389 822 2387 822 2390 822 2391 747 2392 747 2393 747 2391 823 2393 823 2394 823 2394 824 2393 824 2395 824 2395 825 2393 825 2392 825 2396 826 2394 826 2395 826 2397 28 2391 28 2398 28 2399 827 2400 827 2401 827 2399 828 2401 828 2397 828 2402 829 2401 829 2403 829 2403 830 2401 830 2400 830 2401 831 2402 831 2397 831 2400 832 2399 832 2403 832 2392 27 2402 27 2404 27 2403 27 2404 27 2402 27 2405 27 2406 27 2407 27 2408 27 2409 27 2410 27 2410 27 2409 27 2407 27 2411 27 2412 27 2413 27 2414 27 2415 27 2416 27 2417 27 2406 27 2418 27 2417 27 2407 27 2406 27 2414 27 2419 27 2415 27 2416 27 2420 27 2411 27 2412 27 2421 27 2422 27 2411 27 2413 27 2423 27 2424 28 2425 28 2426 28 2424 28 2426 28 2427 28 2428 28 2429 28 2430 28 2428 28 2430 28 2431 28 2428 28 2431 28 2432 28 2431 28 2430 28 2433 28 2434 28 2435 28 717 28 2436 28 717 28 2435 28 1351 28 2430 28 2437 28 2437 28 2430 28 2429 28 2438 28 2439 28 2440 28 2440 28 2424 28 2438 28 2424 28 2440 28 2428 28 2424 28 2428 28 2441 28 2440 28 2439 28 2428 28 2438 28 2442 28 2439 28 2439 28 2442 28 2443 28 2427 28 2426 28 2438 28 2438 28 2426 28 2442 28 2444 28 2445 28 2446 28 2439 28 2443 28 2437 28 2437 28 2428 28 2439 28 2445 28 2434 28 716 28 2445 28 716 28 2446 28 2447 28 2446 28 716 28 2446 28 2447 28 2444 28 2441 28 2428 28 2444 28 2434 28 2445 28 2448 28 2445 28 2444 28 2448 28 2433 28 2436 28 2435 28 2430 28 1351 28 2436 28 2449 833 2450 833 2451 833 2450 834 2449 834 1798 834 2452 835 2453 835 2454 835 2455 836 2453 836 2452 836 2456 837 2457 837 2458 837 2459 838 2460 838 2461 838 2462 839 2463 839 2464 839 2465 840 2466 840 2467 840 2468 841 2469 841 2470 841 2471 842 2472 842 2473 842 2473 843 2472 843 2474 843 2475 844 2476 844 2477 844 2476 845 2475 845 2478 845 2478 846 2472 846 2479 846 2478 847 2480 847 2481 847 2481 848 2482 848 2478 848 2478 849 2483 849 2484 849 2485 850 2486 850 2487 850 2488 851 2489 851 2490 851 2491 852 2492 852 2487 852 2487 853 2493 853 2494 853 2487 854 2495 854 2485 854 2492 855 2493 855 2487 855 2496 856 2497 856 2498 856 2498 857 2497 857 2499 857 2500 858 2501 858 2502 858 2496 859 2503 859 2504 859 2504 860 2505 860 2496 860 2505 861 2506 861 2507 861 2508 862 2504 862 2503 862 2507 863 2496 863 2505 863 2509 864 2508 864 2503 864 2509 865 2503 865 2500 865 2510 866 2509 866 2500 866 2500 867 2502 867 2510 867 2510 868 2502 868 2511 868 2512 869 2511 869 2502 869 2513 28 2514 28 2515 28 2516 721 2517 721 2518 721 2518 721 2517 721 2519 721 2516 721 2518 721 2520 721 2516 721 2520 721 2521 721 2522 724 2523 724 2524 724 2522 724 2524 724 2525 724 2523 724 2526 724 2524 724 2525 724 2527 724 2522 724 2522 724 2527 724 2528 724 2529 27 2530 27 2531 27 2532 27 2533 27 2534 27 2533 27 2529 27 2534 27 2535 27 2532 27 2536 27 2536 27 2532 27 2534 27 2529 27 2531 27 2534 27 2537 722 2538 722 2539 722 2539 722 2540 722 2541 722 2539 722 2541 722 2537 722 2537 722 2541 722 2542 722 2543 28 2544 28 2545 28 2543 28 2546 28 2547 28 2544 28 2543 28 2547 28 2546 28 2543 28 2545 28 2548 27 2549 27 2550 27 2548 27 2550 27 2551 27 2551 27 2552 27 2548 27 2548 27 2553 27 2549 27 2554 28 2555 28 2556 28</p>
        </triangles>
      </mesh>
    </geometry>
  </library_geometries>
  <library_visual_scenes>
    <visual_scene id="DefaultScene">
      <node id="node_5fe9e4dd_3843_4cbc_b7db_8a5063981aac" type="NODE">
        <matrix>1 0 0 0 0 1 0 0 0 0 1 0 0 0 0 1</matrix>
        <node id="node_22302cc2_7653_4ca3_bb30_3c95e84a1349" type="NODE">
          <matrix>1 0 0 0 0 1 0 0 0 0 1 0 0 0 0 1</matrix>
          <node id="node_22302cc2_7653_4ca3_bb30_3c95e84a1349_mesh0" type="NODE">
            <matrix>1 0 0 0 0 1 0 0 0 0 1 0 0 0 0 1</matrix>
            <instance_geometry url="#geometry_e729ebde_6e7f_4f13_9cda_c56992e0cb7a">
              <bind_material>
                <technique_common>
                  <instance_material symbol="mat_0" target="#mat_0"/>
                </technique_common>
              </bind_material>
            </instance_geometry>
          </node>
        </node>
      </node>
    </visual_scene>
  </library_visual_scenes>
  <scene>
    <instance_visual_scene url="#DefaultScene"/>
  </scene>
</COLLADA>
