<?xml version="1.0" encoding="UTF-8"?>
<COLLADA xmlns="http://www.collada.org/2005/11/COLLADASchema" version="1.4.1">
<!--
# File generated by ImageToStl.com - Free Image and 3D model conversion tools
-->
  <asset>
    <contributor>
      <author>ImageToStl.com</author>
      <authoring_tool>ImageToStl.com</authoring_tool>
    </contributor>
    <created>2026-04-04T07:43:04</created>
    <modified>2026-04-04T07:43:04</modified>
    <up_axis>Z_UP</up_axis>
  </asset>
  <library_effects>
    <effect id="effect_0">
        <profile_COMMON>
          <technique sid="common">
            <phong>
              <diffuse>
                <color>0.85 0.85 0.85 1</color>
              </diffuse>
              <specular>
                <color>0.05 0.05 0.05 1</color>
              </specular>
              <shininess>
                <float>64</float>
              </shininess>
            </phong>
          </technique>
        </profile_COMMON>
    </effect>
  </library_effects>
  <library_materials>
    <material id="mat_0">
      <instance_effect url="#effect_0"/>
    </material>
  </library_materials>
  <library_geometries>
    <geometry id="geometry_c0e2c9e7_e3cf_45fd_b7eb_a23bd2e63d2f">
      <mesh>
        <source id="pos_0">
          <float_array id="pos_0-array" count="5709">-0 -0.0285 -0.0175 -0 -0.0285 -0.051 0.00469095 -0.0281113 -0.051 0.00469095 -0.0281113 -0.0175 0.00925393 -0.02695579 -0.051 0.00925393 -0.02695579 -0.0175 0.0135645 -0.025065 -0.051 0.0135645 -0.025065 -0.0175 0.01750506 -0.02249051 -0.051 0.01750506 -0.02249051 -0.0175 0.02096813 -0.01930252 -0.051 0.02096813 -0.01930252 -0.0175 0.02385924 -0.01558802 -0.051 0.02385924 -0.01558802 -0.0175 0.02609954 -0.01144832 -0.051 0.02609954 -0.01144832 -0.0175 0.02762791 -0.00699634 -0.051 0.02762791 -0.00699634 -0.0175 0.02840266 -0.00235351 -0.051 0.02840266 -0.00235351 -0.0175 0.02840266 0.00235351 -0.051 0.02840266 0.00235351 -0.0175 0.02762791 0.00699634 -0.051 0.02762791 0.00699634 -0.0175 0.02609954 0.01144832 -0.051 0.02609954 0.01144832 -0.0175 0.02385924 0.01558802 -0.051 0.02385924 0.01558802 -0.0175 0.02096813 0.01930252 -0.051 0.02096813 0.01930252 -0.0175 0.01750506 0.02249051 -0.051 0.01750506 0.02249051 -0.0175 0.0135645 0.025065 -0.051 0.0135645 0.025065 -0.0175 0.00925393 0.02695579 -0.051 0.00925393 0.02695579 -0.0175 0.00469095 0.0281113 -0.051 0.00469095 0.0281113 -0.0175 0 0.0285 -0.051 0 0.0285 -0.0175 0.01695611 0.01445801 -0.0191 0.01438202 0.01742422 -0.0191 -0.00780353 0.0238029 -0.0191 0.02482051 -0.00429242 -0.0191 -0.01734059 0.0143535 -0.0191 -0.01733992 -0.01436982 -0.0191 -0.01433729 0.01742343 -0.0191 0.02195936 -0.01202902 -0.0191 0.01620613 -0.01495262 -0.0191 0.02758647 -8.1E-06 -0.0191 0.02504543 0.00421329 -0.0191 0.0144876 -0.01697632 -0.0191 -0.01433718 -0.01744024 -0.0191 -0.01984986 0.01437126 -0.0191 0.00994636 0.02286251 -0.0191 -0.02154148 0.01274458 -0.0191 0.01421003 -0.01999306 -0.0191 -0.01386945 -0.02049348 -0.0191 -0.00778353 -0.0238221 -0.0191 0.00784847 -0.0238191 -0.0191 0.0272838 -0.00389464 -0.0175 0.02840266 0 -0.0175 0.0192366 -0.02089651 -0.0175 0.02008324 -0.01419185 -0.0175 0.01140922 0.0260104 -0.0175 0.00782847 0.0238059 -0.0175 0.01420445 0.02006079 -0.0175 0.0192366 0.02089651 -0.0175 0.02728294 0.00387909 -0.0175 0.02081118 0.01378574 -0.0175 0.02348565 0.00841195 -0.0175 0.02504588 -0.00422936 -0.0175 0.01415195 -0.01888657 -0.0175 0.01140922 -0.0260104 -0.0175 -0.01140922 0.0260104 -0.0175 -0.0192366 0.02089651 -0.0175 -0.01410702 0.01887036 -0.0175 -0.0192366 -0.02089651 -0.0175 -0.01415952 -0.020077 -0.0175 -0.01838027 -0.01443092 -0.0175 -0.02497939 -0.01351817 -0.0175 0.00234547 0.02830565 -0.0175 -0.00780353 0.0238029 -0.0175 -0.01140922 -0.0260104 -0.0175 -0.00117274 -0.02820847 -0.0175 -0.00778353 -0.0238221 -0.0175 0.00784847 -0.0238191 -0.0175 -0.02763319 0.00578792 -0.0175 -0.02154148 0.01274458 -0.0175 -0.02154153 -0.0127651 -0.0175 -0.02801528 -0.00467492 -0.0175 -0.00469095 0.0281113 -0.051 -0.00469095 0.0281113 -0.0175 -0.00925393 0.02695579 -0.051 -0.00925393 0.02695579 -0.0175 -0.0135645 0.025065 -0.051 -0.0135645 0.025065 -0.0175 -0.01750506 0.02249051 -0.051 -0.01750506 0.02249051 -0.0175 -0.02096813 0.01930252 -0.051 -0.02096813 0.01930252 -0.0175 -0.02385924 0.01558802 -0.051 -0.02385924 0.01558802 -0.0175 -0.02609954 0.01144832 -0.051 -0.02609954 0.01144832 -0.0175 -0.02762791 0.00699634 -0.051 -0.02762791 0.00699634 -0.0175 -0.02840266 0.00235351 -0.051 -0.02840266 0.00235351 -0.0175 -0.02840266 -0.00235351 -0.051 -0.02840266 -0.00235351 -0.0175 -0.02762791 -0.00699634 -0.051 -0.02762791 -0.00699634 -0.0175 -0.02609954 -0.01144832 -0.051 -0.02609954 -0.01144832 -0.0175 -0.02385924 -0.01558802 -0.051 -0.02385924 -0.01558802 -0.0175 -0.02096813 -0.01930252 -0.051 -0.02096813 -0.01930252 -0.0175 -0.01750506 -0.02249051 -0.051 -0.01750506 -0.02249051 -0.0175 -0.0135645 -0.025065 -0.051 -0.0135645 -0.025065 -0.0175 -0.00925393 -0.02695579 -0.051 -0.00925393 -0.02695579 -0.0175 -0.00469095 -0.0281113 -0.051 -0.00469095 -0.0281113 -0.0175 0.00635551 -0.02095131 -0.05 0.0051212 -0.02396065 -0.05 -0.00214599 -0.02178864 -0.05 -0.01368948 -0.02266107 -0.05 -0.01293857 -0.01743259 -0.05 -0.00507096 0.02377314 -0.05 -0.00214599 0.02178864 -0.05 -0.00781976 0.02433565 -0.05 -0.01032079 0.01930884 -0.05 -0.00538906 0.02632303 -0.05 0.00468264 0.02709839 -0.05 0.01347973 -0.02247132 -0.05 0.00801187 -0.02563273 -0.05 -0.00234132 -0.0272992 -0.05 0.01388945 -0.01692434 -0.05 0.01309076 0.02295535 -0.05 -0.02580922 -0.00949391 -0.05 -0.0263268 0.0002866 -0.05 -0.02247114 -0.01567724 -0.05 0.00635551 0.02095131 -0.05 0.01457344 0.01609089 -0.05 -0.02178864 -0.00214599 -0.05 0.02247114 -0.01567724 -0.05 0.02580922 -0.00949391 -0.05 0.0263268 -0.0002866 -0.05 -0.02247114 0.01567724 -0.05 -0.01347973 0.02247132 -0.05 -0.02580922 0.00949391 -0.05 0.02580922 0.00949391 -0.05 0.02247114 0.01567724 -0.05 -0.01692434 0.01388945 -0.05 -0.02095131 0.00635551 -0.05 0.02147566 -0.00317776 -0.05 0.02095131 0.00635551 -0.05 -0.022 0 -0.055 -0.02178864 0.00214599 -0.05 -0.02157728 0.00429199 -0.055 -0.02032535 0.00841904 -0.055 0 0.022 -0.055 0.00429199 0.02157728 -0.05 0.00429199 0.02157728 -0.055 0.00841904 0.02032535 -0.05 0.00841904 0.02032535 -0.055 0.01222255 0.01829233 -0.05 0.01222255 0.01829233 -0.055 0.01555635 0.01555635 -0.05 0.01555635 0.01555635 -0.055 0.01829233 0.01222255 -0.05 0.01829233 0.01222255 -0.055 0.02032535 0.00841904 -0.05 0.02032535 0.00841904 -0.055 0.02157728 0.00429199 -0.05 0.02157728 0.00429199 -0.055 0.022 -0 -0.055 0.022 -0 -0.05 0.02157728 -0.00429199 -0.055 0.01829233 -0.01222255 -0.055 0.01555635 -0.01555635 -0.05 0.01555635 -0.01555635 -0.055 0.01222255 -0.01829233 -0.055 0.01222255 -0.01829233 -0.05 0.00841904 -0.02032535 -0.055 0.02095131 -0.00635551 -0.05 0.02032535 -0.00841904 -0.055 0.00429199 -0.02157728 -0.055 0.00214599 -0.02178864 -0.05 -0 -0.022 -0.055 -0.00429199 -0.02157728 -0.055 -0.00429199 -0.02157728 -0.05 -0.00841904 -0.02032535 -0.05 -0.00841904 -0.02032535 -0.055 -0.01222255 -0.01829233 -0.05 -0.01222255 -0.01829233 -0.055 -0.01555635 -0.01555635 -0.05 -0.01555635 -0.01555635 -0.055 -0.01829233 -0.01222255 -0.05 -0.01829233 -0.01222255 -0.055 -0.02032535 -0.00841904 -0.05 -0.02032535 -0.00841904 -0.055 -0.02157728 -0.00429199 -0.05 -0.02157728 -0.00429199 -0.055 -0.01555635 0.01555635 -0.055 -0.01222255 0.01829233 -0.05 -0.01222255 0.01829233 -0.055 -0.00841904 0.02032535 -0.055 -0.00429199 0.02157728 -0.05 -0.00429199 0.02157728 -0.055 -0.01631948 0.00627261 -0.0555 -0.02014183 0.00610996 -0.0555 -0.01627045 0.01335281 -0.0555 -0.01181201 0.01311856 -0.0555 -0.00992203 0.01856282 -0.0555 -0.005455 0.01678878 -0.0555 -0.00206308 0.0209468 -0.0555 0.00184522 0.01755606 -0.0555 0.00610996 0.02014183 -0.0555 0.00882638 0.01528774 -0.0555 0.01335281 0.01627045 -0.0555 0.01428139 0.01037603 -0.0555 0.01856282 0.00992203 -0.0555 0.01726701 0.00367022 -0.0555 0.0209468 0.00206308 -0.0555 0.01631948 -0.00627261 -0.0555 0.02014183 -0.00610996 -0.0555 0.01627045 -0.01335281 -0.0555 0.01181201 -0.01311856 -0.0555 0.00992203 -0.01856282 -0.0555 0.005455 -0.01678878 -0.0555 0.00206308 -0.0209468 -0.0555 -0.00184522 -0.01755606 -0.0555 -0.00610996 -0.02014183 -0.0555 -0.00882638 -0.01528774 -0.0555 -0.01335281 -0.01627045 -0.0555 -0.01428139 -0.01037603 -0.0555 -0.01856282 -0.00992203 -0.0555 -0.01726701 -0.00367022 -0.0555 -0.0209468 -0.00206308 -0.0555 0.00312034 0.01584731 -0.051 -0.00368687 0.00966802 -0.051 -0.003408 0.01614421 -0.051 0.00429943 0.01081614 -0.051 0 0.0065 -0.051 -0.003408 0.01614421 -0.057 0 0.0165 -0.051 0 0.0165 -0.057 0.003408 0.01614421 -0.051 0.003408 0.01614421 -0.057 -0.00821611 -0.00966637 -0.051 -0.01572252 -0.00465494 -0.051 -0.01172089 -0.00172822 -0.051 -0.00561999 -0.00430088 -0.051 -0.0122773 -0.01102352 -0.051 -0.0122773 -0.01102352 -0.057 -0.01428942 -0.00825 -0.051 -0.01428942 -0.00825 -0.057 -0.0156853 -0.00512069 -0.051 -0.0156853 -0.00512069 -0.057 0.00757761 -0.00951453 -0.051 0.01558133 -0.00375738 -0.051 0.01328336 -0.00963676 -0.051 0.00653467 -0.00271662 -0.051 0.0156853 -0.00512069 -0.051 0.0156853 -0.00512069 -0.057 0.01428942 -0.00825 -0.051 0.01428942 -0.00825 -0.057 0.01289991 -0.01028797 -0.057 0.0122773 -0.01102352 -0.051 -0.00456921 -0.00090887 -0.0535 -0.00387359 0.00258825 -0.0535 0.00456921 -0.00090887 -0.0535 -0.00090887 0.00456921 -0.0535 0.00045444 -0.00447882 -0.0535 -0.00268909 -0.01702616 -0.057 -0.00161603 -0.01258301 -0.057 0.00118301 -0.01265 -0.057 0.00537817 -0.01655231 -0.057 0.00653654 -0.01289211 -0.057 0.01028624 -0.0141578 -0.057 -0.01740413 0.00182925 -0.057 -0.01300503 0.01170979 -0.057 -0.01207125 0.00625801 -0.057 -0.00407676 -0.00364788 -0.057 -0.01364067 0.00070057 -0.057 -0.01444375 -0.00222472 -0.057 -0.01589947 -0.0070789 -0.057 0.00167829 0.00540995 -0.057 0.01087642 0.00415886 -0.057 0.00393192 -0.00363611 -0.057 0.01145297 -0.00031365 -0.057 -0.00649813 -0.00890658 -0.057 -0.01164564 -0.01293379 -0.057 -0.00697422 -0.01300301 -0.057 -0.00537817 0.01655231 -0.057 -0.00244604 0.00532911 -0.057 0.00565492 0.01193438 -0.057 0.000852 0.01691105 -0.057 0.01377255 0.01000634 -0.057 0.01108022 0.00722452 -0.057 0.01740413 -0.00182925 -0.057 -0.00683349 0.01173021 -0.057 -0.0094642 0.00592548 -0.057 0.01430441 -0.00205224 -0.057 0.00800085 -0.010063 -0.057 0.02668689 -0.0041 -0.01265 0.02668689 -0.0041 -0.0175 0.02579958 -0.00796125 -0.0175 0.02668689 0.0041 -0.01265 0.02585509 0.00777909 -0.012 0.02668689 0.0041 -0.0175 0.0224652 -0.01497714 -0.0175 0.02246483 -0.01497769 -0.012 0.02434483 -0.011676 -0.0175 0.02434483 -0.011676 -0.012 0.02579958 -0.00796125 -0.012 0.02246478 0.01497777 -0.012 0.02246478 0.01497777 -0.0175 0.02442658 0.01150401 -0.012 0.02442658 0.01150401 -0.0175 0.02585509 0.00777909 -0.0175 0.02415993 0.01137843 -0.012 0.02685948 0.00189456 -0.012 0.01820112 0.01491101 -0.012 0.02624533 -0.00601697 -0.012 0.01798044 -0.01474439 -0.012 0.00459619 -0.00141421 -0.012 0.00459619 0.00141421 -0.012 0.01125426 0.02454265 -0.012 0.01125426 0.02454265 -0.0175 0.01497811 0.02246455 -0.012 0.01497712 0.02246521 -0.0175 0.0082 0.0257247 -0.0175 0.0082 0.0257247 -0.0135 0.02160476 0.01845221 -0.0175 0.01829372 0.01992021 -0.0175 0.0114244 0.02578283 -0.0175 0.01502602 0.01184404 -0.0139 0.01775976 0.01457777 -0.01345 0.00459619 0.00141421 -0.01245 -0.02246478 0.01497777 -0.0175 -0.02246478 0.01497777 -0.012 -0.02465308 0.01101026 -0.0175 -0.02465308 0.01101026 -0.012 -0.0261471 0.00673268 -0.0175 -0.0261471 0.00673268 -0.012 -0.02690479 0.00226549 -0.0175 -0.02690479 0.00226549 -0.012 -0.02690479 -0.00226549 -0.0175 -0.02690479 -0.00226549 -0.012 -0.0261471 -0.00673268 -0.0175 -0.0261471 -0.00673268 -0.012 -0.02465308 -0.01101026 -0.0175 -0.02465308 -0.01101026 -0.012 -0.02246478 -0.01497777 -0.0175 -0.02246478 -0.01497777 -0.012 -0.01281003 0.01406003 -0.015 -0.0071565 0.01019706 -0.015 -0.01524277 0.01130484 -0.015 -0.01477928 0.01778721 -0.015 -0.0085 -0.0099 -0.0155 -0.0164 -0.0099 -0.0155 -0.0164 0.0099 -0.0155 -0.0066 0.008 -0.0155 -0.0165 0.0099 -0.0154 -0.0165 -0.0099 -0.0154 -0.0165 0 -0.012 -0.0165 -0.01 -0.012 -0.02690479 0 -0.012 -0.0165 0.01 -0.012 -0.01798044 0.01474439 -0.012 -0.01798044 -0.01474439 -0.012 -0.02210459 -0.01530472 -0.012 -0.0082 0.0257247 -0.0135 -0.01125427 0.02454265 -0.012 -0.0082 0.0257247 -0.0175 -0.01497714 0.0224652 -0.012 -0.01497813 0.02246454 -0.0175 -0.01125427 0.02454265 -0.0175 -0.01125426 -0.02454265 -0.012 -0.01125426 -0.02454265 -0.0175 -0.01497811 -0.02246455 -0.012 -0.01497712 -0.02246521 -0.0175 -0.0082 -0.0257247 -0.0175 -0.0082 -0.0257247 -0.0135 -0.01491101 -0.01820112 -0.012 0.00141421 -0.00459619 -0.012 -0.0072 -0.02674723 -0.012 0.01474439 -0.01798044 -0.012 0.0072 -0.0260223 -0.012 0.00183654 -0.02828074 -0.012 -0.00880698 0.02710511 -0.0111 -0.00880698 0.02710511 -0.0175 -0.01293873 0.02539369 -0.0175 -0.01293873 0.02539369 -0.0111 -0.01675188 0.02305698 -0.0175 -0.01675188 0.02305698 -0.0111 -0.02015254 0.02015254 -0.0175 -0.02015254 0.02015254 -0.0111 -0.02305698 0.01675188 -0.0175 -0.02305698 0.01675188 -0.0111 -0.02539369 0.01293873 -0.0175 -0.02539369 0.01293873 -0.0111 -0.02710511 0.00880698 -0.0175 -0.02710511 0.00880698 -0.0111 -0.02814912 0.00445838 -0.0175 -0.02814912 0.00445838 -0.0111 -0.0285 0 -0.0175 -0.0285 0 -0.0111 -0.02814912 -0.00445838 -0.0175 -0.02814912 -0.00445838 -0.0111 -0.02710511 -0.00880698 -0.0175 -0.02710511 -0.00880698 -0.0111 -0.02539369 -0.01293873 -0.0175 -0.02539369 -0.01293873 -0.0111 -0.02305698 -0.01675188 -0.0175 -0.02305698 -0.01675188 -0.0111 -0.02015254 -0.02015254 -0.0175 -0.02015254 -0.02015254 -0.0111 -0.01675188 -0.02305698 -0.0175 -0.01675188 -0.02305698 -0.0111 -0.01293873 -0.02539369 -0.0175 -0.01293873 -0.02539369 -0.0111 -0.00880698 -0.02710511 -0.0175 -0.00880698 -0.02710511 -0.0111 -0.02203477 -0.01671499 -0.0175 -0.01829372 -0.01992021 -0.0175 -0.0148453 -0.02422534 -0.0175 -0.00800349 -0.02734032 -0.0175 -0.0077 0.02665011 -0.0175 -0.01638377 0.02010993 -0.0175 -0.01733874 0.01498802 -0.0175 -0.02334506 0.01491154 -0.0175 -0.02762711 0.00663268 -0.0175 -0.02832456 -0.00222919 -0.0175 -0.00708579 0.01026777 -0.0139 -0.01457777 0.01775976 -0.0149 -0.01457777 0.01775976 -0.012 -0.00141421 0.00459619 -0.01245 -0.00708579 -0.01026777 -0.015 -0.01226876 -0.01312253 -0.015 -0.01509139 -0.01288914 -0.015 -0.00141421 -0.00459619 -0.0125 -0.01457777 -0.01775976 -0.012 -0.01457777 -0.01775976 -0.015 0.01184404 -0.01502602 -0.01395 0.01457777 -0.01775976 -0.01345 0.00141421 -0.00459619 -0.0125 0.01502602 -0.01184404 -0.0139 0.00459619 -0.00141421 -0.01245 0.01775976 -0.01457777 -0.01345 0.0082 -0.0257247 -0.0135 0.01125427 -0.02454265 -0.012 0.0082 -0.0257247 -0.0175 0.01497714 -0.0224652 -0.012 0.01497813 -0.02246454 -0.0175 0.01125427 -0.02454265 -0.0175 0.02422534 -0.0148453 -0.0175 0.02009487 -0.01882313 -0.0175 0.02704155 -0.00552966 -0.0175 0.0148453 -0.02422534 -0.0175 0.01638377 -0.02010993 -0.0175 0.0077 -0.02665011 -0.0175 0.00880698 0.02710511 -0.0175 0.00880698 0.02710511 -0.0111 0.01293873 0.02539369 -0.0111 0.01293873 0.02539369 -0.0175 0.01675188 0.02305698 -0.0111 0.01675188 0.02305698 -0.0175 0.02015254 0.02015254 -0.0111 0.02015254 0.02015254 -0.0175 0.02305698 0.01675188 -0.0111 0.02305698 0.01675188 -0.0175 0.02539369 0.01293873 -0.0111 0.02539369 0.01293873 -0.0175 0.02710511 0.00880698 -0.0111 0.02710511 0.00880698 -0.0175 0.02814912 0.00445838 -0.0111 0.02814912 0.00445838 -0.0175 0.02814912 -0.00445838 -0.0175 0.02814912 -0.00445838 -0.0111 0.02710511 -0.00880698 -0.0111 0.02710511 -0.00880698 -0.0175 0.02539369 -0.01293873 -0.0111 0.02539369 -0.01293873 -0.0175 0.02305698 -0.01675188 -0.0111 0.02305698 -0.01675188 -0.0175 0.02015254 -0.02015254 -0.0111 0.02015254 -0.02015254 -0.0175 0.01675188 -0.02305698 -0.0111 0.01675188 -0.02305698 -0.0175 0.01293873 -0.02539369 -0.0111 0.01293873 -0.02539369 -0.0175 0.00880698 -0.02710511 -0.0111 0.00880698 -0.02710511 -0.0175 0.0072 0.02747217 -0.012 0.01457777 0.01775976 -0.012 -0.01491101 0.01820112 -0.012 0.00141421 0.00459619 -0.012 -0.00141421 0.00459619 -0.012 -0.0072 0.02674723 -0.012 0.01302272 -0.01148695 -0.013 0.01133437 -0.01322912 -0.013 0.00035355 -0.00419093 -0.013 -0.0065 0.00885355 -0.013 0.00020091 0.0040303 -0.013 -0.0065 -0.00885355 -0.013 0.0040303 -0.00020091 -0.013 0.01149482 0.01300473 -0.013 0.01361181 0.01125825 -0.013 0.01184404 0.01502602 -0.0139 0.00141421 0.00459619 -0.01245 0.01457777 0.01775976 -0.01345 0.01437374 0.0244227 -0.011 -0.00446576 0.024949 -0.011 0.01599973 0.01488869 -0.011 0.02530459 0.01289333 -0.011 0.01994444 0.01816861 -0.011 0.02336812 0.0006505 -0.011 0.01649331 0.01956914 -0.011 0.01759884 -0.01562337 -0.011 0.02008183 -0.02008183 -0.011 0.0231268 -0.00241706 -0.011 0.01625539 -0.01980706 -0.011 0.00408835 -0.02249881 -0.011 0.01148878 -0.02575142 -0.011 0.00496603 -0.02796245 -0.011 0.00208142 -0.02432122 -0.011 -0.00444274 -0.02805035 -0.011 -0.02306644 -0.00427847 -0.011 -0.02682302 -0.00884135 -0.011 -0.02269723 -0.00851108 -0.011 -0.02495798 -0.00139061 -0.011 -0.02762539 0.00454537 -0.011 -0.02434191 0.00154408 -0.011 -0.01767186 0.00107143 -0.011 -0.02339968 0.00680483 -0.011 -0.0261573 0.01083471 -0.011 0.02777676 -0.00250165 -0.011 -0.0172111 -0.00296231 -0.011 -0.02119098 -0.01176664 -0.011 -0.02171657 -0.01703716 -0.011 -0.02157228 0.00982584 -0.011 -0.02114701 0.0189569 -0.011 0.01257473 0.01332805 -0.011 -0.01297399 0.01297399 -0.011 -0.01501583 0.01577281 -0.011 -0.01714331 0.02021914 -0.011 -0.00646953 0.02755091 -0.011 0.00222137 0.02822517 -0.011 -0.01280525 -0.01326628 -0.011 -0.01617597 -0.02254295 -0.011 -0.01593039 -0.01746831 -0.011 0.01249035 -0.01335065 -0.011 -0.00342756 0.0182419 -0.01225 0.00697244 0.0177919 -0.01225 0.00697244 0.0265919 -0.01225 -0.00642756 0.0186919 -0.01225 -0.00692756 0.0234919 -0.01225 -0.00692756 0.0265919 -0.01225 -0.00692756 0.0240169 -0.01475 -0.00692756 0.0250419 -0.01225 -0.00692756 0.0265919 -0.01745 -0.00642756 0.0229919 -0.01225 -0.00642756 0.0229919 -0.01745 -0.00642756 0.0186919 -0.01745 0.00697244 0.0177919 -0.01745 0.00697244 0.0229919 -0.01485 0.00697244 0.0265919 -0.01745 0.02311259 0.00299182 -0.0131 0.02311259 -0.00300818 -0.0131 0.02716259 -8.18E-06 -0.0131 0.00347244 -0.01825811 -0.01225 -0.00692756 -0.01780811 -0.01225 -0.00692756 -0.02660811 -0.01225 0.00647244 -0.01870811 -0.01225 0.00697244 -0.02350811 -0.01225 0.00697244 -0.02660811 -0.01225 0.00572244 -0.02060811 -0.017 0.00572244 -0.02390811 -0.017 0.00572244 -0.02060811 -0.0127 0.00572244 -0.02390811 -0.0127 0.00613494 -0.02523311 -0.017 0.00452244 -0.02060811 -0.017 0.00332244 -0.02640811 -0.017 0.00332244 -0.02640811 -0.0127 0.00332244 -0.02060811 -0.0127 0.00332244 -0.02060811 -0.017 -0.00617756 -0.02630811 -0.0168 -0.00617756 -0.02060808 -0.0168 -0.00617756 -0.02630811 -0.0129 -0.00617756 -0.02060808 -0.0129 -0.00207756 -0.02630811 -0.0168 -0.00207756 -0.02060808 -0.0168 0.00182244 -0.02630811 -0.0168 0.00182244 -0.02060808 -0.0168 -0.00127756 -0.02630811 -0.0168 -0.00127756 -0.02060808 -0.0168 -0.00147756 -0.02060808 -0.01645 0.00232244 -0.02060808 -0.013875 -0.00565038 -0.02060808 -0.01352625 0.00182244 -0.02630811 -0.0129 0.00182244 -0.02060808 -0.0129 0.00697244 -0.02403311 -0.01475 0.00697244 -0.02505811 -0.01225 0.00697244 -0.02660811 -0.01745 0.00647244 -0.02300811 -0.01745 0.00647244 -0.01870811 -0.01745 0.00647244 -0.02300811 -0.01225 -0.00692756 -0.01780811 -0.01745 -0.00692756 -0.02300811 -0.01485 -0.00692756 -0.02660811 -0.01745 -0.00692756 -0.02382194 -0.01745 0.00697244 -0.02381927 -0.01745 -0.02154153 0.01249282 -0.01825001 -0.02154153 -0.0127651 -0.01905002 -0.02154153 -0.0127651 -0.01745 -0.01886503 0.01131252 -0.01905002 -0.02154153 0.01274723 -0.01905002 -0.01602638 0.01383701 -0.01905002 -0.01463072 -0.01283804 -0.01905002 -0.012444 -0.01446899 -0.01905002 -0.01353983 -0.02103059 -0.01905002 -0.00778353 -0.0238221 -0.01905002 -0.00460124 -0.01543976 -0.01905002 -0.00381707 -0.02382134 -0.01905002 0.00065684 -0.01574016 -0.01905002 0.00083962 -0.02382045 -0.01905002 0.00459747 -0.01734971 -0.01905002 0.00784847 -0.0238191 -0.01905002 0.01274497 -0.01323177 -0.01905002 0.013016 -0.02129713 -0.01905002 0.01513009 -0.01496504 -0.01905002 0.02667771 -0.00262648 -0.01905002 0.02083213 -0.0137883 -0.01905002 0.02188405 0.00829339 -0.01905002 0.02649912 0.0032634 -0.01905002 -0.00741795 0.02279916 -0.01905002 -0.0126885 0.01403559 -0.01905002 -0.00070129 0.02240568 -0.01905002 -0.00286008 0.01623316 -0.01905002 0.00555354 0.02266617 -0.01905002 0.00389876 0.01525426 -0.01905002 0.01391142 0.01368168 -0.01905002 0.02054462 0.01388249 -0.01905002 0.01062497 0.0224899 -0.01905002 0.01371058 0.0139352 -0.01745 0.00740045 0.02380581 -0.01745 0.00575924 0.01647869 -0.01745 0.02658793 0.00175407 -0.01745 0.02178581 0.00860693 -0.01745 0.02041221 0.01418421 -0.01745 0.02331259 -0.00034568 -0.01745 0.0204598 -0.01416949 -0.01745 0.02557438 -0.00351066 -0.01745 0.01360254 -0.01489926 -0.01745 0.00463406 -0.01700688 -0.01745 0.0132204 -0.02131462 -0.01745 0.00716045 -0.02341361 -0.01745 0.00060677 -0.01489469 -0.01745 -0.01367039 -0.01323471 -0.01745 -0.0140103 -0.01605325 -0.01745 -0.01364033 -0.0209683 -0.01745 -0.02153667 -0.0127822 -0.01745 -0.02154153 0.00565828 -0.01745 -0.01857765 0.01185603 -0.01745 -0.02134804 0.01307992 -0.01745 -0.01387153 0.01435498 -0.01745 -0.00415165 0.01791025 -0.01745 -0.01364034 0.02095205 -0.01745 0.01366659 -0.01170536 -0.01745 -0.00066198 0.01525219 -0.01745 -0.00487481 -0.01496592 -0.01745 0.00697244 0.02380573 -0.01745 -0.00692756 0.02380306 -0.01745 -0.00567756 0.02059191 -0.017 -0.00567756 0.0238919 -0.017 -0.00567756 0.02059191 -0.0127 -0.00567756 0.0238919 -0.0127 -0.00609006 0.0252169 -0.017 -0.00447756 0.02059191 -0.017 -0.00327756 0.0263919 -0.017 -0.00327756 0.0263919 -0.0127 -0.00327756 0.02059191 -0.0127 -0.00327756 0.02059191 -0.017 -0.00177756 0.0262919 -0.0168 -0.00177756 0.02059188 -0.0168 0.00132244 0.0262919 -0.0168 0.00132244 0.02059188 -0.0168 0.00212244 0.0262919 -0.0168 0.00212244 0.02059188 -0.0168 0.00622244 0.0262919 -0.0168 0.00622244 0.02059188 -0.0168 0.00622244 0.0262919 -0.0129 0.00622244 0.02059188 -0.0129 -0.00177756 0.0262919 -0.0129 -0.00177756 0.02059188 -0.0129 0.00515898 0.02059188 -0.01330734 0.00143652 0.02059188 -0.01525318 -0.01675188 -0.02305698 -0.0559 -0.01675188 -0.02305698 -0.051 -0.02015254 -0.02015254 -0.051 -0.02015254 -0.02015254 -0.0559 -0.02305698 -0.01675188 -0.051 -0.02305698 -0.01675188 -0.0559 -0.02539369 -0.01293873 -0.051 -0.02539369 -0.01293873 -0.0559 -0.02710511 -0.00880698 -0.051 -0.02710511 -0.00880698 -0.0559 -0.02814912 -0.00445838 -0.051 -0.02814912 -0.00445838 -0.0559 0.01223893 -0.02573827 -0.0544 0.00880698 -0.02710511 -0.051 0.00880698 -0.02710511 -0.0559 0.00445838 -0.02814912 -0.051 0.00445838 -0.02814912 -0.0559 -0 -0.0285 -0.051 -0 -0.0285 -0.0559 -0.00445838 -0.02814912 -0.051 -0.00445838 -0.02814912 -0.0559 -0.00880698 -0.02710511 -0.051 -0.00880698 -0.02710511 -0.0559 -0.01223893 -0.02573827 -0.0544 0.02814912 -0.00445838 -0.0559 0.02814912 -0.00445838 -0.051 0.02710511 -0.00880698 -0.051 0.02710511 -0.00880698 -0.0559 0.02539369 -0.01293873 -0.051 0.02539369 -0.01293873 -0.0559 0.02305698 -0.01675188 -0.051 0.02305698 -0.01675188 -0.0559 0.02015254 -0.02015254 -0.051 0.02015254 -0.02015254 -0.0559 0.01675188 -0.02305698 -0.051 0.01675188 -0.02305698 -0.0559 0.01675188 0.02305698 -0.0559 0.01675188 0.02305698 -0.051 0.02015254 0.02015254 -0.051 0.02015254 0.02015254 -0.0559 0.02305698 0.01675188 -0.051 0.02305698 0.01675188 -0.0559 0.02539369 0.01293873 -0.051 0.02539369 0.01293873 -0.0559 0.02710511 0.00880698 -0.051 0.02710511 0.00880698 -0.0559 0.02814912 0.00445838 -0.051 0.02814912 0.00445838 -0.0559 -0.01223893 0.02573827 -0.0544 -0.00880698 0.02710511 -0.051 -0.00880698 0.02710511 -0.0559 -0.00445838 0.02814912 -0.051 -0.00445838 0.02814912 -0.0559 0 0.0285 -0.051 0 0.0285 -0.0559 0.00445838 0.02814912 -0.051 0.00445838 0.02814912 -0.0559 0.00880698 0.02710511 -0.051 0.00880698 0.02710511 -0.0559 0.01223893 0.02573827 -0.0544 -0.02814912 0.00445838 -0.0559 -0.02814912 0.00445838 -0.051 -0.02710511 0.00880698 -0.051 -0.02710511 0.00880698 -0.0559 -0.02539369 0.01293873 -0.051 -0.02539369 0.01293873 -0.0559 -0.02305698 0.01675188 -0.051 -0.02305698 0.01675188 -0.0559 -0.02015254 0.02015254 -0.051 -0.02015254 0.02015254 -0.0559 -0.01675188 0.02305698 -0.051 -0.01675188 0.02305698 -0.0559 0.02407508 0.01262434 -0.05 0.01303315 0.02277322 -0.05 0.02619828 6.97E-06 -0.05 -0.02622327 7.843E-05 -0.05 -0.0256432 -0.00965331 -0.05 -0.02128147 -0.0172586 -0.05 0.00108941 0.02713845 -0.05 -0.00302398 0.02163104 -0.05 0.00794938 0.02051973 -0.05 0.01543959 0.0154488 -0.05 0.02116567 0.00602215 -0.05 0.02163284 -0.00301108 -0.05 0.01756095 -0.01326141 -0.05 0.01395 -0.02217025 -0.05 0.02189496 -0.01611179 -0.05 -0.00985082 0.01978311 -0.05 -0.01287573 0.02213015 -0.04999994 -0.01331823 0.01763618 -0.05 0.02667771 -0.00589557 -0.05 -0.02189382 0.01611349 -0.05 -0.0266768 0.00589986 -0.05 -0.01324381 -0.02282719 -0.05 -0.012225 0.02316618 -0.05 -0.02191185 0.00203043 -0.05 -0.02116567 -0.00602215 -0.05 -0.01756095 -0.01326141 -0.05 -0.02633574 0.0010728 -0.05 -0.01409159 0.0222666 -0.04999989 -0.02008675 0.01863551 -0.05 -0.01969872 0.0098088 -0.05 0.00881624 -0.019983 -0.05 0.012225 -0.02316618 -0.05 -0.01223876 -0.0233436 -0.04999999 -0.006481 -0.0265326 -0.05 0.00435764 -0.02705126 -0.05 -0.01158452 -0.01870964 -0.05 -0.00404354 -0.02163104 -0.05 -0.022 0 -0.0501 -0.022 0 -0.055 -0.02162541 0.00404249 -0.0501 -0.02162541 0.00404249 -0.055 -0.02051439 0.00794732 -0.0501 -0.02051439 0.00794732 -0.055 -0.01870478 0.01158151 -0.0501 -0.01870478 0.01158151 -0.055 -0.0162582 0.0148213 -0.0501 -0.0162582 0.0148213 -0.055 -0.01325796 0.01755638 -0.0501 -0.01325796 0.01755638 -0.055 -0.00980624 0.01969359 -0.0501 -0.00980624 0.01969359 -0.055 -0.00602059 0.02116016 -0.0501 -0.00602059 0.02116016 -0.055 -0.0020299 0.02190615 -0.0501 -0.0020299 0.02190615 -0.055 0.0020299 0.02190615 -0.0501 0.0020299 0.02190615 -0.055 0.00602059 0.02116016 -0.0501 0.00602059 0.02116016 -0.055 0.00980624 0.01969359 -0.0501 0.00980624 0.01969359 -0.055 0.01325796 0.01755638 -0.0501 0.01325796 0.01755638 -0.055 0.0162582 0.0148213 -0.0501 0.0162582 0.0148213 -0.055 0.01870478 0.01158151 -0.0501 0.01870478 0.01158151 -0.055 0.02051439 0.00794732 -0.0501 0.02051439 0.00794732 -0.055 0.02162541 0.00404249 -0.0501 0.02162541 0.00404249 -0.055 0.022 -0 -0.0501 0.022 -0 -0.055 0.02162541 -0.00404249 -0.0501 0.02162541 -0.00404249 -0.055 0.02051439 -0.00794732 -0.0501 0.02051439 -0.00794732 -0.055 0.01870478 -0.01158151 -0.0501 0.01870478 -0.01158151 -0.055 0.0162582 -0.0148213 -0.0501 0.0162582 -0.0148213 -0.055 0.01325796 -0.01755638 -0.0501 0.01325796 -0.01755638 -0.055 0.00980624 -0.01969359 -0.0501 0.00980624 -0.01969359 -0.055 0.00602059 -0.02116016 -0.0501 0.00602059 -0.02116016 -0.055 0.0020299 -0.02190615 -0.0501 0.0020299 -0.02190615 -0.055 -0.0020299 -0.02190615 -0.0501 -0.0020299 -0.02190615 -0.055 -0.00602059 -0.02116016 -0.0501 -0.00602059 -0.02116016 -0.055 -0.00980624 -0.01969359 -0.0501 -0.00980624 -0.01969359 -0.055 -0.01325796 -0.01755638 -0.0501 -0.01325796 -0.01755638 -0.055 -0.0162582 -0.0148213 -0.0501 -0.0162582 -0.0148213 -0.055 -0.01870478 -0.01158151 -0.0501 -0.01870478 -0.01158151 -0.055 -0.02051439 -0.00794732 -0.0501 -0.02051439 -0.00794732 -0.055 -0.02162541 -0.00404249 -0.0501 -0.02162541 -0.00404249 -0.055 -0.0017363 0.01762899 -0.0555 -0.00386972 0.0207012 -0.0555 -0.00835046 0.01562261 -0.0555 -0.01108654 0.01790538 -0.0555 -0.01369333 0.01123783 -0.0555 -0.01680607 0.01269135 -0.0555 -0.01695152 0.00514219 -0.0555 -0.02025583 0.00576328 -0.0555 -0.01762899 -0.0017363 -0.0555 -0.02096994 -0.00194315 -0.0555 -0.01562261 -0.00835046 -0.0555 -0.01885194 -0.00938715 -0.0555 -0.01123783 -0.01369333 -0.0555 -0.01418788 -0.01556336 -0.0555 -0.00514219 -0.01695152 -0.0555 -0.00664855 -0.01981695 -0.0555 0.0017363 -0.01762899 -0.0555 0.00386972 -0.0207012 -0.0555 0.00835046 -0.01562261 -0.0555 0.01108654 -0.01790538 -0.0555 0.01369333 -0.01123783 -0.0555 0.01680607 -0.01269135 -0.0555 0.01695152 -0.00514219 -0.0555 0.02025583 -0.00576328 -0.0555 0.01762899 0.0017363 -0.0555 0.02096994 0.00194315 -0.0555 0.01562261 0.00835046 -0.0555 0.01885194 0.00938715 -0.0555 0.01123783 0.01369333 -0.0555 0.01418788 0.01556336 -0.0555 0.00514219 0.01695152 -0.0555 0.00664855 0.01981695 -0.0555 -0.00637048 0.02486776 -0.056 -0.00028004 0.0243283 -0.056 -0.00674368 0.02292853 -0.056 -0.00685003 0.01653744 -0.056 -0.0136375 0.02127719 -0.056 -0.01141567 0.02264118 -0.056 -0.02008183 0.02008183 -0.056 -0.00549873 0.02761759 -0.056 -0.02549192 0.00154221 -0.056 -0.0225592 0.01199607 -0.056 -0.02102396 0.01135179 -0.056 -0.01571037 0.00839737 -0.056 -0.02531567 -0.00143433 -0.056 -0.02414033 0.01479322 -0.056 -0.02753018 0.00660941 -0.056 -0.02180807 -0.01127189 -0.056 -0.02033896 -0.01227578 -0.056 -0.02644981 -0.00947877 -0.056 -0.02008183 -0.02008183 -0.056 -0.02167835 -0.01334216 -0.056 0.00654368 -0.02312853 -0.056 9.505E-05 -0.02503108 -0.056 -0.01169926 -0.02213996 -0.056 -0.00111068 -0.02813776 -0.056 0.00829648 -0.02585228 -0.056 0.01134905 -0.0228218 -0.056 0.01487581 -0.02177363 -0.056 0.02158606 -0.01298076 -0.056 0.02461716 -0.01366076 -0.056 0.02008183 -0.02008183 -0.056 0.02165064 -0.01135179 -0.056 0.01571037 0.00839737 -0.056 0.02818006 -0.00335234 -0.056 0.02537212 -0.00139017 -0.056 0.0254735 0.00160068 -0.056 0.02150416 0.01127184 -0.056 0.0211822 0.01364613 -0.056 0.02651832 0.00954509 -0.056 0.02152896 0.01838747 -0.056 0.00174606 0.01772803 -0.056 0.01194664 0.02162677 -0.056 0.01487581 0.02177363 -0.056 0.01222873 0.02554273 -0.056 -0.01130096 0.01377026 -0.056 0.00994471 0.01488331 -0.056 0.01515385 -0.0090755 -0.056 0.00174606 -0.01772803 -0.056 0.00839737 -0.01571037 -0.056 -0.01457951 -0.02144596 -0.056 -0.01653744 -0.00685003 -0.056 -0.01130096 -0.01377026 -0.056 -0.00517107 -0.01704675 -0.056 0.0781 -0.0045 -0.0593225 0.025 -0.0045 -0.0593225 0.0781 -0.0045 -0.06259625 0.025 -0.0045 -0.06259625 0.03625388 -0.00097652 -0.059 0.025 -0.0041775 -0.059 0.0781 -0.0041775 -0.059 0.03396486 0.00103514 -0.059 0.025 0.0041775 -0.059 0.03380473 -0.00119527 -0.059 0.07600583 0.00010938 -0.059 0.0781 0.0041775 -0.059 0.07342584 0.00021875 -0.059 0.05374611 0.00097652 -0.059 0.05657416 0.00021875 -0.059 0.03651555 0.000875 -0.059 0.05467973 -0.00119527 -0.059 0.0781 0.0045 -0.06259625 0.025 0.0045 -0.06259625 0.0781 0.0045 -0.0593225 0.025 0.0045 -0.0593225 0.0781 0.0041775 -0.0655 0.03614805 0.00277164 -0.0655 0.025 0.0041775 -0.0655 0.03279684 0.00179726 -0.0655 0.05788582 -0.00057403 -0.0655 0.07249643 0.00134767 -0.0655 0.07255352 -0.00163469 -0.0655 0.05385195 -0.00277164 -0.0655 0.05744648 0.00163469 -0.0655 0.03273975 -0.00151025 -0.0655 0.025 -0.0041775 -0.0655 0.03788582 0.00057403 -0.0655 0.05614805 0.00277164 -0.0655 0.03614805 -0.00277164 -0.0655 0.0781 -0.0041775 -0.0655 0.05249643 0.00134767 -0.0655 0.05255352 -0.00163469 -0.0655 0.025 0.0039729 -0.06441018 0.025 -0.00385985 -0.06452624 0.0781 0.00426055 -0.06114781 0.0781 -0.00408977 -0.06117355 0.0781 0 -0.0655 -0.03220859 0.00503652 -0.02197248 -0.03220859 0.00503652 -0.051 -0.0326 0 -0.051 -0.0326 0 -0.02215371 -0.03220859 -0.00503652 -0.051 -0.03220859 -0.00503652 -0.02197248 -0 -0.0326 -0.021 -0 -0.0286 -0.021 -0.013324 -0.02962525 -0.021 -0.01341703 -0.02510149 -0.021 -0.02239666 -0.02352815 -0.021 -0.0301083 -0.01454919 -0.021 -0.02832523 -0.00278979 -0.021 -0.0301083 0.01454919 -0.021 -0.02723671 0.00826216 -0.021 0 0.0286 -0.021 0 0.0326 -0.021 -0.00826216 0.02723671 -0.021 -0.013324 0.02962525 -0.021 -0.01805628 0.02200164 -0.021 -0.02022325 -0.02022325 -0.021 -0.02510149 -0.01341703 -0.021 -0.02239666 0.02352815 -0.021 -0.02378003 0.01588931 -0.021 -0.0949 0.0075 -0.056 -0.0949 -0.0075 -0.056 -0.0949 0.0075 -0.051 -0.0949 -0.0075 -0.051 -0.0899 -0.0125 -0.056 -0.03617333 -0.0125 -0.056 -0.0899 -0.0125 -0.04868489 -0.03617333 -0.0125 -0.02380824 -0.0899 0.0125 -0.04868489 -0.03617333 0.0125 -0.02380824 -0.0899 0.0125 -0.056 -0.03617333 0.0125 -0.056 -0.0939 -0.0085 -0.051 -0.03517257 -0.0085 -0.02334487 -0.03517257 -0.0085 -0.051 -0.0939 0.0085 -0.05053698 -0.03517257 0.0085 -0.051 -0.03517257 0.0085 -0.02334487 -0.02768194 0.01721831 -0.056 -0.02768194 0.01721831 -0.021 -0.02439023 0.02163046 -0.021 -0.02439023 0.02163046 -0.056 -0.02040309 0.02542586 -0.021 -0.02040309 0.02542586 -0.056 -0.01583419 0.02849629 -0.021 -0.01583419 0.02849629 -0.056 -0.01081381 0.03075421 -0.021 -0.01081381 0.03075421 -0.056 -0.0054851 0.03213524 -0.021 -0.0054851 0.03213524 -0.056 0 0.0326 -0.056 -0.03284601 -0.00707819 -0.051 -0.03387303 -0.00112697 -0.051 -0.05618224 0.00092072 -0.051 -0.05351579 0.00020625 -0.051 -0.07387303 -0.00112697 -0.051 -0.0939 0.0085 -0.051 -0.07612697 0.00112697 -0.051 -0.07357106 0.000825 -0.051 -0.05530197 -0.00112697 -0.051 -0.03653947 -0.0004125 -0.051 -0.03479375 0.00148421 -0.051 -0.07638849 -0.00056349 -0.051 -0.03228641 0.00631857 -0.051 -0 -0.0326 -0.056 -0 -0.0326 -0.021 -0.0054851 -0.03213524 -0.021 -0.0054851 -0.03213524 -0.056 -0.01081381 -0.03075421 -0.021 -0.01081381 -0.03075421 -0.056 -0.01583419 -0.02849629 -0.021 -0.01583419 -0.02849629 -0.056 -0.02040309 -0.02542586 -0.021 -0.02040309 -0.02542586 -0.056 -0.02439023 -0.02163046 -0.021 -0.02439023 -0.02163046 -0.056 -0.02768194 -0.01721831 -0.021 -0.02768194 -0.01721831 -0.056 0 0.0286 -0.056 -0.00557958 0.02805046 -0.056 -0.00557958 0.02805046 -0.021 -0.01094475 0.02642296 -0.056 -0.01094475 0.02642296 -0.021 -0.01588931 0.02378003 -0.056 -0.01588931 0.02378003 -0.021 -0.02022325 0.02022325 -0.056 -0.02022325 0.02022325 -0.021 -0.02378003 0.01588931 -0.056 -0.02642296 0.01094475 -0.056 -0.02642296 0.01094475 -0.021 -0.02805046 0.00557958 -0.056 -0.02805046 0.00557958 -0.021 -0.0286 0 -0.056 -0.0286 0 -0.021 -0.02805046 -0.00557958 -0.056 -0.02805046 -0.00557958 -0.021 -0.02642296 -0.01094475 -0.056 -0.02642296 -0.01094475 -0.021 -0.02378003 -0.01588931 -0.056 -0.02378003 -0.01588931 -0.021 -0.02022325 -0.02022325 -0.056 -0.01588931 -0.02378003 -0.056 -0.01588931 -0.02378003 -0.021 -0.01094475 -0.02642296 -0.056 -0.01094475 -0.02642296 -0.021 -0.00557958 -0.02805046 -0.056 -0.00557958 -0.02805046 -0.021 -0 -0.0286 -0.056 -0 -0.0326 -0.056 -0 -0.0286 -0.021 -0.07597598 -0.00097599 -0.056 -0.07374227 0.00028174 -0.056 -0.07592072 0.00118224 -0.056 -0.02239666 -0.02352815 -0.056 -0.02991472 -0.01470066 -0.056 -0.03464276 -0.00133322 -0.056 -0.05351579 -0.00020625 -0.056 -0.034175 0.00142894 -0.056 -0.055825 -0.00142894 -0.056 -0.03648421 0.00020625 -0.056 -0.02200164 0.01805628 -0.056 -0.02723671 0.00826216 -0.056 -0.05653947 -0.0004125 -0.056 -0.00814946 -0.03144472 -0.056 -0.01341703 -0.02510149 -0.056 -0.02200164 -0.01805628 -0.056 -0.05515099 0.00127796 -0.056 -0.02715247 0.01816556 -0.056 -0.01341703 0.02510149 -0.056 -0.013324 0.02962525 -0.056 -0.03284601 0.00707819 -0.02226762 -0.03284601 -0.00707819 -0.02226762 -0.0939 -0.0085 -0.05053698 -0.03449079 0.01264256 -0.02302919 -0.03285621 0.01306619 -0.056 -0.03285621 0.01306619 -0.02227234 -0.02991472 0.01470066 -0.056 -0.02991472 0.01470066 -0.021 -0.03449079 -0.01264256 -0.02302919 -0.03285621 -0.01306619 -0.056 -0.02991472 -0.01470066 -0.021 -0.03285621 -0.01306619 -0.02227234 -0.0899 0.0125 -0.07 -0.0944 -0.008 -0.05076849 -0.0949 -0.0075 -0.07 0.076 -0.0046 -0.061 0.0269 -0.0046 -0.061 0.076 -0.0046 -0.059 0.0269 -0.0046 -0.059 0.076 0.0046 -0.059 0.0269 0.0046 -0.059 0.076 0.0046 -0.061 0.0269 0.0046 -0.061 0.03618224 0.00092072 -0.059 0.0249 0.0046 -0.059 0.07784151 0.00494151 -0.059 0.078 -0.0046 -0.059 0.07561875 5.526E-05 -0.059 0.07351579 -0.00020625 -0.059 0.03361151 0.00056349 -0.059 0.0249 -0.0046 -0.059 0.055825 0.00142894 -0.059 0.05648421 -0.00020625 -0.059 0.054175 -0.00142894 -0.059 0.035825 -0.00142894 -0.059 0.05351579 0.00020625 -0.059 -0.076 -0.0046 -0.059 -0.0269 -0.0046 -0.059 -0.076 -0.0046 -0.061 -0.0269 -0.0046 -0.061 -0.076 0.0046 -0.061 -0.0269 0.0046 -0.061 -0.076 0.0046 -0.059 -0.0269 0.0046 -0.059 -0.03642894 0.000825 -0.059 -0.05618224 -0.00092072 -0.059 -0.05351579 -0.00020625 -0.059 -0.07351579 0.00020625 -0.059 -0.05530197 0.00112697 -0.059 -0.07597598 -0.00015099 -0.059 -0.0249 0.0046 -0.059 -0.0249 -0.0046 -0.059 -0.03387303 -0.00112697 -0.059 -0.03402402 0.00097599 -0.059 -0.078 -0.0046 -0.059 -0.03618224 -0.00092072 -0.059 -0.078 0.0046 -0.059 0.0199 -0.008 -0.061 0.02618349 -0.004975 -0.061 0.02945105 -0.01434507 -0.061 0.0349 -0.0125 -0.061 0.02259899 -0.01203964 -0.061 0.00807122 -0.01584066 -0.061 0.02026215 -0.01306349 -0.061 0.07657488 -0.0051718 -0.061 0.078 -0.0125 -0.061 -0.01900032 -0.0261 -0.061 -0.01456231 -0.01058013 -0.061 -0.01058013 -0.01456231 -0.061 0.0256612 -0.01867316 -0.061 -0.00556231 -0.01711902 -0.061 -0 -0.018 -0.061 0.0249 -0.0261 -0.061 0.01584066 -0.00807122 -0.061 0.018 -0 -0.061 0.0199 0.008 -0.061 0.01584066 0.00807122 -0.061 0.00807122 0.01584066 -0.061 0.02026215 0.01306349 -0.061 0.0349 0.0125 -0.061 0.02945105 0.01434507 -0.061 -0.01900032 0.0261 -0.061 0.02221412 0.01388849 -0.061 0.078 0.0125 -0.061 0.0225235 0.01155165 -0.061 0 0.018 -0.061 -0.00556231 0.01711902 -0.061 0.0256612 0.01867316 -0.061 0.0249 0.0261 -0.061 -0.01058013 0.01456231 -0.061 -0.01456231 0.01058013 -0.061 -0.01711902 0.00556231 -0.061 -0.0249 0.0261 -0.061 -0.02674507 0.01705105 -0.061 -0.02123814 0.01403947 -0.061 -0.02213863 0.01201201 -0.061 -0.0349 0.0125 -0.061 -0.0199 0.008 -0.061 -0.0199 -0.008 -0.061 -0.02683301 0.00485 -0.061 -0.07660826 0.00500401 -0.061 -0.078 0.0125 -0.061 -0.02945105 -0.01434507 -0.061 -0.02319011 -0.0120875 -0.061 -0.0256612 -0.01867316 -0.061 -0.0349 -0.0125 -0.061 -0.078 -0.0125 -0.061 -0.02072991 -0.01368224 -0.061 -0.0249 -0.0261 -0.061 -0.00278115 -0.01755951 -0.056 -0.01058013 -0.01456231 -0.056 -0.01245476 -0.028418 -0.056 -0.01755951 -0.00278115 -0.056 -0.01675774 -0.026843 -0.056 -0.01456231 0.01058013 -0.056 -0.00807122 0.01584066 -0.056 -0.01832508 0.00861875 -0.056 0.01584066 -0.00807122 -0.056 0.00807122 -0.01584066 -0.056 0.02067465 -0.01347599 -0.056 0.01058013 0.01456231 -0.056 0.01755951 0.00278115 -0.056 0.02126577 0.0137301 -0.056 0.0349 -0.0125 -0.056 0.0899 -0.0125 -0.056 0.0949 -0.0075 -0.056 0.0949 0 -0.056 0.0212934 -0.01116678 -0.056 0.02298386 -0.01285724 -0.056 0.02945105 -0.01434507 -0.056 0.0252806 -0.02058658 -0.056 0.0229 -0.0345 -0.056 0.0249 -0.0325 -0.056 -0.0249 -0.0225 -0.056 -0.02674507 -0.01705105 -0.056 -0.02126577 -0.0137301 -0.056 -0.02298386 -0.01214276 -0.056 -0.0349 -0.0125 -0.056 -0.02108715 -0.01111151 -0.056 -0.05556349 -0.00138849 -0.056 -0.05597598 0.00097599 -0.056 -0.045 0.0125 -0.056 -0.03298658 0.0128806 -0.056 -0.0212934 0.01116678 -0.056 -0.02298386 0.01285724 -0.056 -0.02782893 0.01542893 -0.056 -0.0252806 0.02058658 -0.056 -0.0249 0.0325 -0.056 -0.01675774 0.026843 -0.056 -0.02067465 0.01347599 -0.056 -0.0229 0.0345 -0.056 0.02424151 0.0333415 -0.056 0.0252806 0.02058658 -0.056 0.02108715 0.01111151 -0.056 0.02782893 0.01542893 -0.056 0.02298386 0.01214276 -0.056 0.03298658 0.0128806 -0.056 0.045 0.00625 -0.056 0.0949 0.0075 -0.056 0.0899 0.0125 -0.056 -0.01607575 0.03175074 -0.056 -0.01234926 0.03017575 -0.056 -0.01 0.0345 -0.056 -0.01284851 0.02694851 -0.056 -0.01 -0.0345 -0.056 -0.015682 -0.03164524 -0.056 -0.0229 -0.0345 -0.056 0.07638849 -0.00056349 -0.056 0.07612697 0.00112697 -0.056 0.07402401 -0.00097599 -0.056 0.05387303 -0.00112697 -0.056 0.07387303 0.00112697 -0.056 0.05402401 0.00097599 -0.056 0.05642894 0 -0.056 0.03402402 0.00097599 -0.056 0.03387303 -0.00112697 -0.056 0.03627796 0.00015099 -0.056 0.01284851 -0.03125149 -0.056 0.01 -0.0345 -0.056 0.01607575 -0.03175074 -0.056 0.01234926 -0.02802426 -0.056 0.01686325 -0.02723676 -0.056 0.00556231 0.01711902 -0.056 0.01686325 0.02723676 -0.056 0.01274301 0.02734226 -0.056 0.01 0.0345 -0.056 0.01284851 0.03125149 -0.056 0.01607575 0.03175074 -0.056 0.00392425 -0.03175074 -0.056 0.00234926 -0.02802426 -0.056 -0 -0.0345 -0.056 0.00686324 -0.02723676 -0.056 0.00715149 -0.03125149 -0.056 0.00284851 0.03125149 -0.056 0 0.0345 -0.056 0.00313675 0.02723676 -0.056 0 0.018 -0.056 0.00715149 0.03125149 -0.056 0.00725699 0.02734226 -0.056 -0.00715149 -0.03125149 -0.056 -0.00392425 -0.03175074 -0.056 -0.00765075 -0.02802426 -0.056 -0.00313675 -0.02723676 -0.056 -0.00686324 0.02723676 -0.056 -0.00715149 0.03125149 -0.056 -0.00234926 0.02802426 -0.056 -0.00284851 0.03125149 -0.056 -0.035 -0.00112697 -0.056 -0.03642894 0.000825 -0.056 -0.03402402 0.00097599 -0.056 -0.05361152 0.00056349 -0.056 -0.07361151 0.00056349 -0.056 -0.07592072 -0.00118224 -0.056 -0.07597598 0.00097599 -0.056 0.0249 -0.0225 -0.061 0.0249 -0.0225 -0.056 0.0249 -0.0261 -0.071 0.0249 -0.0325 -0.071 0.0229 -0.0345 -0.071 -0.0229 -0.0345 -0.071 -0.0249 -0.0261 -0.071 -0.0249 -0.0325 -0.071 -0.0249 -0.0325 -0.056 -0.0249 -0.0225 -0.061 -0.0899 -0.0125 -0.07 -0.078 -0.0125 -0.07 -0.0949 0.0075 -0.07 -0.078 0.0125 -0.07 -0.0349 0.0125 -0.056 -0.0249 0.0225 -0.061 -0.0249 0.0225 -0.056 -0.0249 0.0261 -0.071 -0.0249 0.0325 -0.071 -0.0229 0.0345 -0.071 0.0229 0.0345 -0.056 0.0229 0.0345 -0.071 0.0249 0.0261 -0.071 0.0249 0.0325 -0.071 0.0249 0.0325 -0.056 0.0249 0.0225 -0.061 0.0249 0.0225 -0.056 0.0899 0.0125 -0.07 0.078 0.0125 -0.07 0.0349 0.0125 -0.056 0.0949 -0.0075 -0.07 0.0949 0.0075 -0.07 0.078 -0.0125 -0.07 0.0899 -0.0125 -0.07 -0 -0.018 -0.061 -0 -0.018 -0.056 0.00556231 -0.01711902 -0.061 0.00556231 -0.01711902 -0.056 0.01058013 -0.01456231 -0.061 0.01058013 -0.01456231 -0.056 0.01456231 -0.01058013 -0.061 0.01456231 -0.01058013 -0.056 0.01711902 -0.00556231 -0.061 0.01711902 -0.00556231 -0.056 0.018 -0 -0.056 0.01711902 0.00556231 -0.061 0.01711902 0.00556231 -0.056 0.01456231 0.01058013 -0.061 0.01456231 0.01058013 -0.056 0.01058013 0.01456231 -0.061 0.00556231 0.01711902 -0.061 0 0.018 -0.056 -0.00556231 0.01711902 -0.056 -0.01058013 0.01456231 -0.056 -0.01711902 0.00556231 -0.056 -0.018 0 -0.061 -0.018 0 -0.056 -0.01711902 -0.00556231 -0.061 -0.01711902 -0.00556231 -0.056 -0.01456231 -0.01058013 -0.056 -0.00556231 -0.01711902 -0.056 0.0249 0.0046 -0.06 0.0249 -0.0046 -0.06 0.0249 0.008 -0.063 0.0249 -0.008 -0.063 -0.0249 -0.0046 -0.06 -0.0249 0.0046 -0.06 -0.0249 -0.008 -0.063 -0.0249 0.008 -0.063 -0.0199 -0.008 -0.062 -0.0199 0.008 -0.063 -0.0199 -0.008 -0.063 0.0199 0.008 -0.063 0.0199 -0.008 -0.062 0.0199 -0.008 -0.063 -0.0201 -0.0261 -0.065 -0.0201 -0.0261 -0.071 0.0201 -0.0261 -0.071 0.0201 -0.0261 -0.065 -0.0201 -0.0321 -0.071 0.02458301 -0.03318301 -0.071 0.0201 -0.0321 -0.071 -0.02458301 -0.03318301 -0.071 -0.0201 0.0261 -0.071 -0.0201 0.0261 -0.065 0.0201 0.0261 -0.071 0.0201 0.0261 -0.065 0.0201 0.0321 -0.071 -0.02458301 0.03318301 -0.071 -0.0201 0.0321 -0.071 0.02458301 0.03318301 -0.071 -0.0201 0.0301 -0.065 -0.0201 0.0301 -0.071 0.0201 0.0301 -0.071 0.0201 0.0301 -0.065 0.0201 0.0321 -0.065 -0.0201 0.0321 -0.065 -0.01381776 0.03002072 -0.065 -0.01648421 0.02930625 -0.065 0.01618224 0.02960822 -0.065 -0.004175 0.03052894 -0.065 -0.00633322 0.02874276 -0.065 0.01405165 0.02843339 -0.065 0.00633322 0.02945724 -0.065 -0.01449178 0.02791777 -0.065 0.00402401 0.03007599 -0.065 -0.00351579 0.02889375 -0.065 0.00387303 0.02797303 -0.065 -0.0201 -0.0301 -0.071 -0.0201 -0.0301 -0.065 -0.0201 -0.0321 -0.065 0.0201 -0.0321 -0.065 0.0201 -0.0301 -0.065 0.0201 -0.0301 -0.071 0.01381776 -0.03002072 -0.065 0.01633322 -0.02874276 -0.065 -0.01546036 -0.02815165 -0.065 0.00633322 -0.02874276 -0.065 -0.01351579 -0.02930625 -0.065 -0.00357106 -0.0291 -0.065 0.00402401 -0.02812402 -0.065 0.004175 -0.03052894 -0.065 -0.00630559 -0.02914786 -0.065 -0.078 0.0046 -0.061 -0.078 -0.0046 -0.061 0.078 -0.0046 -0.061 0.078 0.0046 -0.061 0.0256612 -0.01867316 -0.056 0.02782893 -0.01542893 -0.056 0.02782893 -0.01542893 -0.061 0.03107317 -0.0132612 -0.056 0.03107317 -0.0132612 -0.061 0.03107317 0.0132612 -0.056 0.03107317 0.0132612 -0.061 0.02782893 0.01542893 -0.061 0.0256612 0.01867316 -0.056 -0.0256612 0.01867316 -0.056 -0.0256612 0.01867316 -0.061 -0.02782893 0.01542893 -0.061 -0.03107317 0.0132612 -0.056 -0.03107317 0.0132612 -0.061 -0.03107317 -0.0132612 -0.056 -0.03107317 -0.0132612 -0.061 -0.02782893 -0.01542893 -0.056 -0.02782893 -0.01542893 -0.061 -0.0256612 -0.01867316 -0.056 0.0899 0.0125 -0.04868489 0.0949 -0.0075 -0.051 0.03220859 -0.00503652 -0.02197248 0.03220859 -0.00503652 -0.051 0.0326 -0 -0.051 0.0326 -0 -0.02215371 0.03220859 0.00503652 -0.051 0.03220859 0.00503652 -0.02197248 0 0.0326 -0.021 0 0.0286 -0.021 0.013324 0.02962525 -0.021 0.01341703 0.02510149 -0.021 0.02239666 0.02352815 -0.021 0.0301083 0.01454919 -0.021 0.02832523 0.00278979 -0.021 0.0301083 -0.01454919 -0.021 0.02723671 -0.00826216 -0.021 -0 -0.0286 -0.021 -0 -0.0326 -0.021 0.00826216 -0.02723671 -0.021 0.013324 -0.02962525 -0.021 0.01805628 -0.02200164 -0.021 0.02022325 0.02022325 -0.021 0.02510149 0.01341703 -0.021 0.02239666 -0.02352815 -0.021 0.02378003 -0.01588931 -0.021 0.0949 0.0075 -0.051 0.03617333 0.0125 -0.056 0.03617333 0.0125 -0.02380824 0.0899 -0.0125 -0.04868489 0.03617333 -0.0125 -0.02380824 0.03617333 -0.0125 -0.056 0.0939 0.0085 -0.051 0.03517257 0.0085 -0.02334487 0.03517257 0.0085 -0.051 0.0939 -0.0085 -0.05053698 0.03517257 -0.0085 -0.051 0.03517257 -0.0085 -0.02334487 0.02768194 -0.01721831 -0.056 0.02768194 -0.01721831 -0.021 0.02439023 -0.02163046 -0.021 0.02439023 -0.02163046 -0.056 0.02040309 -0.02542586 -0.021 0.02040309 -0.02542586 -0.056 0.01583419 -0.02849629 -0.021 0.01583419 -0.02849629 -0.056 0.01081381 -0.03075421 -0.021 0.01081381 -0.03075421 -0.056 0.0054851 -0.03213524 -0.021 0.0054851 -0.03213524 -0.056 -0 -0.0326 -0.056 0.03284601 0.00707819 -0.051 0.03387303 0.00112697 -0.051 0.05618224 -0.00092072 -0.051 0.05351579 -0.00020625 -0.051 0.07387303 0.00112697 -0.051 0.0939 -0.0085 -0.051 0.07612697 -0.00112697 -0.051 0.07357106 -0.000825 -0.051 0.05530197 0.00112697 -0.051 0.03653947 0.0004125 -0.051 0.03479375 -0.00148421 -0.051 0.07638849 0.00056349 -0.051 0.03228641 -0.00631857 -0.051 0 0.0326 -0.056 0.0054851 0.03213524 -0.021 0.0054851 0.03213524 -0.056 0.01081381 0.03075421 -0.021 0.01081381 0.03075421 -0.056 0.01583419 0.02849629 -0.021 0.01583419 0.02849629 -0.056 0.02040309 0.02542586 -0.021 0.02040309 0.02542586 -0.056 0.02439023 0.02163046 -0.021 0.02439023 0.02163046 -0.056 0.02768194 0.01721831 -0.021 0.02768194 0.01721831 -0.056 -0 -0.0286 -0.056 0.00557958 -0.02805046 -0.056 0.00557958 -0.02805046 -0.021 0.01094475 -0.02642296 -0.056 0.01094475 -0.02642296 -0.021 0.01588931 -0.02378003 -0.056 0.01588931 -0.02378003 -0.021 0.02022325 -0.02022325 -0.056 0.02022325 -0.02022325 -0.021 0.02378003 -0.01588931 -0.056 0.02642296 -0.01094475 -0.056 0.02642296 -0.01094475 -0.021 0.02805046 -0.00557958 -0.056 0.02805046 -0.00557958 -0.021 0.0286 -0 -0.056 0.0286 -0 -0.021 0.02805046 0.00557958 -0.056 0.02805046 0.00557958 -0.021 0.02642296 0.01094475 -0.056 0.02642296 0.01094475 -0.021 0.02378003 0.01588931 -0.056 0.02378003 0.01588931 -0.021 0.02022325 0.02022325 -0.056 0.01588931 0.02378003 -0.056 0.01588931 0.02378003 -0.021 0.01094475 0.02642296 -0.056 0.01094475 0.02642296 -0.021 0.00557958 0.02805046 -0.056 0.00557958 0.02805046 -0.021 0 0.0286 -0.056 0 0.0326 -0.056 0.07597598 0.00097599 -0.056 0.07374227 -0.00028174 -0.056 0.07592072 -0.00118224 -0.056 0.02239666 0.02352815 -0.056 0.02991472 0.01470066 -0.056 0.03464276 0.00133322 -0.056 0.05351579 0.00020625 -0.056 0.034175 -0.00142894 -0.056 0.055825 0.00142894 -0.056 0.03648421 -0.00020625 -0.056 0.02200164 -0.01805628 -0.056 0.02723671 -0.00826216 -0.056 0.05653947 0.0004125 -0.056 0.00814946 0.03144472 -0.056 0.01341703 0.02510149 -0.056 0.02200164 0.01805628 -0.056 0.05515099 -0.00127796 -0.056 0.02715247 -0.01816556 -0.056 0.01341703 -0.02510149 -0.056 0.013324 -0.02962525 -0.056 0.03284601 -0.00707819 -0.02226762 0.03284601 0.00707819 -0.02226762 0.0939 0.0085 -0.05053698 0.03449079 -0.01264256 -0.02302919 0.03285621 -0.01306619 -0.056 0.03285621 -0.01306619 -0.02227234 0.02991472 -0.01470066 -0.056 0.02991472 -0.01470066 -0.021 0.03449079 0.01264256 -0.02302919 0.03285621 0.01306619 -0.056 0.02991472 0.01470066 -0.021 0.03285621 0.01306619 -0.02227234 0.0944 0.008 -0.05076849 -0.0781 0.0045 -0.0593225 -0.025 0.0045 -0.0593225 -0.0781 0.0045 -0.06259625 -0.025 0.0045 -0.06259625 -0.03625388 0.00097652 -0.059 -0.025 0.0041775 -0.059 -0.0781 0.0041775 -0.059 -0.03396486 -0.00103514 -0.059 -0.025 -0.0041775 -0.059 -0.03380473 0.00119527 -0.059 -0.07600583 -0.00010938 -0.059 -0.0781 -0.0041775 -0.059 -0.07342584 -0.00021875 -0.059 -0.05374611 -0.00097652 -0.059 -0.05657416 -0.00021875 -0.059 -0.03651555 -0.000875 -0.059 -0.05467973 0.00119527 -0.059 -0.0781 -0.0045 -0.06259625 -0.025 -0.0045 -0.06259625 -0.0781 -0.0045 -0.0593225 -0.025 -0.0045 -0.0593225 -0.0781 -0.0041775 -0.0655 -0.03614805 -0.00277164 -0.0655 -0.025 -0.0041775 -0.0655 -0.03279684 -0.00179726 -0.0655 -0.05788582 0.00057403 -0.0655 -0.07249643 -0.00134767 -0.0655 -0.07255352 0.00163469 -0.0655 -0.05385195 0.00277164 -0.0655 -0.05744648 -0.00163469 -0.0655 -0.03273975 0.00151025 -0.0655 -0.025 0.0041775 -0.0655 -0.03788582 -0.00057403 -0.0655 -0.05614805 -0.00277164 -0.0655 -0.03614805 0.00277164 -0.0655 -0.0781 0.0041775 -0.0655 -0.05249643 -0.00134767 -0.0655 -0.05255352 0.00163469 -0.0655 -0.025 -0.0039729 -0.06441018 -0.025 0.00385985 -0.06452624 -0.0781 -0.00426055 -0.06114781 -0.0781 0.00408977 -0.06117355 -0.0781 0 -0.0655 -0.00530384 0.02749308 -0.008 -0.00530384 0.02749308 -0.003 -0.00218678 0.02791448 -0.003 0.02749308 0.00530384 -0.008 0.02749308 0.00530384 -0.003 0.02797989 0.00106101 -0.003 -0.02780378 -0.00330901 -0.011 -0.02780378 -0.00330901 -0.003 -0.02797454 0.00119388 -0.003 -0.02797454 0.00119388 -0.011 -0.02742076 0.00566585 -0.003 -0.02742076 0.00566585 -0.011 -0.0261568 0.00999108 -0.003 -0.0261568 0.00999108 -0.011 -0.0242154 0.01405754 -0.003 -0.0242154 0.01405754 -0.011 -0.02248593 0.01668481 -0.003 -0.02248593 0.01668481 -0.008 0.00442587 -0.027648 -0.011 0.00442587 -0.027648 -0.003 -6.649E-05 -0.02799992 -0.003 -6.649E-05 -0.02799992 -0.011 -0.00455713 -0.02762666 -0.003 -0.00455713 -0.02762666 -0.011 -0.00892975 -0.02653789 -0.003 -0.00892975 -0.02653789 -0.011 -0.01307109 -0.0247618 -0.003 -0.01307109 -0.0247618 -0.011 -0.01668481 -0.02248593 -0.003 -0.01668481 -0.02248593 -0.008 0.02797989 0.00106101 -0.011 0.02778775 -0.00344102 -0.003 0.02778775 -0.00344102 -0.011 0.02687593 -0.00785393 -0.003 0.02687593 -0.00785393 -0.011 0.02526804 -0.01206343 -0.003 0.02526804 -0.01206343 -0.011 0.02300571 -0.01596049 -0.003 0.02300571 -0.01596049 -0.011 -0.00218678 0.02791448 -0.011 0.00231933 0.02790377 -0.003 0.00231933 0.02790377 -0.011 0.00676538 0.02717038 -0.003 0.00676538 0.02717038 -0.011 0.0110362 0.02573329 -0.003 0.0110362 0.02573329 -0.011 0.0150212 0.02362972 -0.003 0.0150212 0.02362972 -0.011 -0.00426201 0.02209265 -0.003 -0.00426201 0.02209265 -0.008 -0.00055762 0.02249309 -0.003 -0.00055762 0.02249309 -0.008 0.00316206 0.0222767 -0.003 0.00316206 0.0222767 -0.008 0.00679503 0.02144942 -0.003 0.00679503 0.02144942 -0.008 0.01024166 0.02003393 -0.003 0.01024166 0.02003393 -0.008 0.01340744 0.01806905 -0.003 0.01340744 0.01806905 -0.008 -0.02209265 -0.00426201 -0.003 -0.02209265 -0.00426201 -0.008 -0.02249309 -0.00055762 -0.003 -0.02249309 -0.00055762 -0.008 -0.0222767 0.00316206 -0.003 -0.0222767 0.00316206 -0.008 -0.02144942 0.00679503 -0.003 -0.02144942 0.00679503 -0.008 -0.02003393 0.01024166 -0.003 -0.02003393 0.01024166 -0.008 -0.01806905 0.01340744 -0.003 -0.01806905 0.01340744 -0.008 0.02209265 0.00426201 -0.003 0.02209265 0.00426201 -0.008 0.02249309 0.00055762 -0.003 0.02249309 0.00055762 -0.008 0.0222767 -0.00316206 -0.003 0.0222767 -0.00316206 -0.008 0.02144942 -0.00679503 -0.003 0.02144942 -0.00679503 -0.008 0.02003393 -0.01024166 -0.003 0.02003393 -0.01024166 -0.008 0.01806905 -0.01340744 -0.003 0.01806905 -0.01340744 -0.008 0.00426201 -0.02209265 -0.003 0.00426201 -0.02209265 -0.008 0.00055762 -0.02249309 -0.003 0.00055762 -0.02249309 -0.008 -0.00316206 -0.0222767 -0.003 -0.00316206 -0.0222767 -0.008 -0.00679503 -0.02144942 -0.003 -0.00679503 -0.02144942 -0.008 -0.01024166 -0.02003393 -0.003 -0.01024166 -0.02003393 -0.008 -0.01340744 -0.01806905 -0.003 -0.01340744 -0.01806905 -0.008 -0.00181109 0.02225636 -0.008 -0.00751306 0.02512283 -0.008 -0.00966766 0.01724694 -0.008 -0.02225636 -0.00181109 -0.008 -0.02398097 -0.00741034 -0.008 -0.0172621 -0.00926795 -0.008 0.01771232 -0.00697294 -0.008 0.02074167 -0.00851835 -0.008 0.01898509 -0.00138362 -0.008 0.02250417 0.00615565 -0.008 0.02620735 0.00714126 -0.008 0.02428189 0.01394238 -0.008 0.01385169 0.01151096 -0.008 0.01557003 0.01780176 -0.008 0.00697294 0.01771232 -0.008 0.0173877 0.00981952 -0.008 0.01581602 0.00738473 -0.008 0.003237 0.01943562 -0.008 -0.00184913 0.01873928 -0.008 0.00285141 0.01585539 -0.008 -0.0091952 0.01322771 -0.008 -0.01943562 0.003237 -0.008 -0.01792932 0.01526387 -0.008 -0.01761461 0.00718797 -0.008 -0.01873928 -0.00184913 -0.008 -0.01585539 0.00285141 -0.008 -0.01322771 -0.0091952 -0.008 0.00615565 -0.02250417 -0.008 -0.00138362 -0.01898509 -0.008 -0.00851835 -0.02074167 -0.008 -0.00718797 -0.01761461 -0.008 0.00981952 -0.0173877 -0.008 0.01486046 -0.02362394 -0.008 0.01156246 -0.016228 -0.008 0.00995603 -0.01386648 -0.008 0.01762009 -0.01529255 -0.008 0.02079399 -0.01758002 -0.008 0.00684336 -0.02635556 -0.008 -0.01526387 -0.01792932 -0.008 -0.01637985 -0.01142171 -0.008 -0.02308125 -0.01585105 -0.008 -0.01771716 -0.01996212 -0.008 -0.01250028 0.01450087 -0.008 -0.01996212 0.01771716 -0.008 -0.0149088 0.02370079 -0.008 0.01754641 0.02050934 -0.008 0.00228395 -0.01892387 -0.011 0.00217969 -0.02782396 -0.011 -0.00674344 -0.02708228 -0.011 0.00738473 -0.01581602 -0.011 0.00491501 -0.02453938 -0.011 0.01103185 -0.0159479 -0.011 -0.00407232 -0.01939045 -0.011 -0.00357309 -0.01569105 -0.011 -0.01498841 -0.01969749 -0.011 -0.0124469 -0.01377915 -0.011 -0.01581602 -0.00738473 -0.011 -0.02446643 -0.00477683 -0.011 -0.01892387 -0.00228395 -0.011 -0.0159479 -0.01103185 -0.011 -0.02733897 0.00338545 -0.011 -0.01939045 0.00407232 -0.011 -0.01569105 0.00357309 -0.011 -0.01377915 0.0124469 -0.011 -0.00499387 0.02455733 -0.011 -0.00738473 0.01581602 -0.011 -0.01103185 0.0159479 -0.011 -0.00228395 0.01892387 -0.011 0.00357309 0.01569105 -0.011 0.0124469 0.01377915 -0.011 0.00510547 0.0194064 -0.011 0.0245155 0.00499228 -0.011 0.01581602 0.00738473 -0.011 0.0159479 0.01103185 -0.011 0.01892387 0.00228395 -0.011 0.02629994 -0.00885545 -0.011 0.01939045 -0.00407232 -0.011 0.01569105 -0.00357309 -0.011 0.01393107 -0.0242622 -0.011 0.01377915 -0.0124469 -0.011 0.01845757 -0.02093423 -0.011 0.02055064 -0.01495606 -0.011 0.02771363 0.00329828 -0.011 0.02300641 0.01579965 -0.011 0.01467455 0.01972748 -0.011 0.00117779 0.02772578 -0.011 0.01582293 0.02279783 -0.011 -0.00877506 0.02649381 -0.011 -0.01918002 0.02005574 -0.011 -0.0200679 0.01444804 -0.011 -0.02691293 -0.0077262 -0.011 -0.01497249 -0.0235531 -0.011 -0.02222141 -0.01662272 -0.011 0.0173905 0.02100901 -0.003 0.01378774 0.02017828 -0.003 0.01557003 0.01780176 -0.003 -0.00710605 0.02558929 -0.003 -0.0055868 0.02216298 -0.003 -0.00353839 0.0265397 -0.003 0.00778928 0.02663518 -0.003 0.02156328 -0.00491029 -0.003 0.01822964 -0.01599425 -0.003 0.02066437 -0.01327927 -0.003 0.02191222 -0.01696814 -0.003 0.02692987 -0.00669985 -0.003 0.02537562 0.00333148 -0.003 0.02216298 0.0055868 -0.003 0.02558929 0.00710605 -0.003 0.02773649 0.00318242 -0.003 -0.02646732 -0.00657943 -0.003 -0.02537562 -0.00333148 -0.003 -0.02678878 0.00782846 -0.003 -0.02278807 -0.00632711 -0.003 -0.01755884 0.01463205 -0.003 0.00304645 -0.02500114 -0.003 0.00239918 -0.02778523 -0.003 0.00710605 -0.02558929 -0.003 -0.00674344 -0.02708228 -0.003 0.0055868 -0.02216298 -0.003 -0.01463205 -0.01755884 -0.003 -0.01487795 -0.02362387 -0.003</float_array>
          <technique_common>
            <accessor source="#pos_0-array" count="5709" stride="3">
              <param name="X" type="float"/>
              <param name="Y" type="float"/>
              <param name="Z" type="float"/>
            </accessor>
          </technique_common>
        </source>
        <source id="norm_0">
          <float_array id="norm_0-array" count="1242">0.08258 -0.99658 0 0.24549 -0.9694 0 0.4017 -0.91577 0 0.54695 -0.83717 0 0.67728 -0.73572 0 0.78914 -0.61421 0 0.87947 -0.47595 0 0.94582 -0.3247 0 0.98636 -0.16459 0 1 0 0 0.98636 0.16459 0 0.94582 0.3247 0 0.87947 0.47595 0 0.78914 0.61421 0 0.67728 0.73572 0 0.54695 0.83717 0 0.4017 0.91577 0 0.24549 0.9694 0 0.08258 0.99658 0 0 0 1 -0.08258 0.99658 0 -0.24549 0.9694 0 -0.4017 0.91577 0 -0.54695 0.83717 0 -0.67728 0.73572 0 -0.78914 0.61421 0 -0.87947 0.47595 0 -0.94582 0.3247 0 -0.98636 0.16459 0 -1 0 -0 -0.98636 -0.16459 -0 -0.94582 -0.3247 -0 -0.87947 -0.47595 -0 -0.78914 -0.61421 -0 -0.67728 -0.73572 -0 -0.54695 -0.83717 -0 -0.4017 -0.91577 -0 -0.24549 -0.9694 -0 -0.08258 -0.99658 -0 0 0 -1 -0.99518 0.09802 0 -0.95694 0.29028 0 0.09802 0.99518 0 0.29028 0.95694 -0 0.4714 0.88192 -0 0.63439 0.77301 -0 0.77301 0.63439 -0 0.88192 0.4714 -0 0.95694 0.29028 -0 0.99518 -0.09802 0 0.77301 -0.63439 0 0.63439 -0.77301 0 0.4714 -0.88192 0 0.95694 -0.29028 0 0.09802 -0.99518 0 -0.29028 -0.95694 0 -0.4714 -0.88192 0 -0.63439 -0.77301 0 -0.77301 -0.63439 0 -0.88192 -0.4714 0 -0.95694 -0.29028 0 -0.63439 0.77301 0 -0.4714 0.88192 0 -0.29028 0.95694 0 -0.09802 0.99518 0 0.10383 -0.99459 0 0.10383 -0.99459 0 -0.10383 -0.99459 -0 -0.10383 -0.99459 -0 0.80943 0.58722 0 0.91326 0.40737 0 -0.91326 0.40737 0 -0.80937 0.58718 -0.012 -0.9746 0.22396 0 -0.97538 -0.22052 -0 -0.86901 0.4948 -1E-05 -0.869 0.49481 0 -0.93114 0.36465 0 -0.87074 -0.49175 -0 -0.93369 -0.35807 -0 -0.48731 -0.87323 -0 -0.48729 -0.87324 -2E-05 -0.36093 -0.93259 0 0.70711 -0.70711 -0 0.87564 -0.48296 0 0.94407 -0.32974 0 0.98592 -0.16722 0 0.98592 0.16722 -0 0.94407 0.32974 -0 0.87564 0.48296 -0 0.36093 -0.93259 0 0.48729 -0.87324 2E-05 0.48731 -0.87323 0 0.48731 0.87323 0 0.48729 0.87324 -2E-05 0.36093 0.93259 -0 -0.38268 0.92388 0 -0.5225 0.85264 0 -0.64945 0.76041 0 -0.76041 0.64945 0 -0.85264 0.5225 0 -0.92388 0.38268 0 -0.97237 0.23344 0 -0.99692 0.07846 0 -0.99692 0.07846 -0 -0.99692 -0.07846 0 -0.99692 -0.07846 0 -0.97237 -0.23344 -0 -0.92388 -0.38268 -0 -0.85264 -0.5225 -0 -0.76041 -0.64945 -0 -0.64945 -0.76041 -0 -0.5225 -0.85264 -0 -0.38268 -0.92388 -0 0.70711 0.70711 0 0.70711 0.70711 -0 0.70711 -0.70711 -0 0.70711 -0.70711 0 -0.70711 -0.70711 -0 0.70711 0.70711 -0 -0.36093 0.93259 0 -0.48729 0.87324 2E-05 -0.48731 0.87323 0 0.38268 0.92388 -0 0.5225 0.85264 -0 0.64945 0.76041 -0 0.76041 0.64945 -0 0.85264 0.5225 -0 0.92388 0.38268 -0 0.97237 0.23344 -0 0.97237 -0.23344 0 0.92388 -0.38268 0 0.85264 -0.5225 0 0.76041 -0.64945 0 0.64945 -0.76041 0 0.5225 -0.85264 0 0.38268 -0.92388 0 -0.70711 0.70711 -0 1 0 -0 1 0 0 1 0 0 0 -1 0 -1 -0 -0 -1 -0 0 -1 -0 -0 0 0 1 0 -0 1 1 0 -0 -1 -0 -0 0 1 0 0.37 -0.92903 0 0.23344 -0.97237 0 0.07846 -0.99692 0 -0.07846 -0.99692 0 -0.23344 -0.97237 0 -0.37 -0.92903 0 -0.37 0.92903 0 -0.23344 0.97237 0 -0.07846 0.99692 0 -0.07846 0.99692 -0 0.07846 0.99692 0 0.07846 0.99692 0 0.23344 0.97237 -0 0.37 0.92903 -0 0 -0 1 -0 0 1 1E-05 -1E-05 1 -2E-05 1E-05 1 -0 0 1 -0 -0 1 -0 -0 1 0 -0 1 0.99573 -0.09227 0 0.96183 -0.27366 0 0.89516 -0.44574 0 0.79802 -0.60263 0 0.6737 -0.73901 0 0.52643 -0.85022 0 0.36124 -0.93247 0 0.18375 -0.98297 0 -0.18375 -0.98297 -0 -0.36124 -0.93247 -0 -0.52643 -0.85022 -0 -0.6737 -0.73901 -0 -0.79802 -0.60263 -0 -0.89516 -0.44574 -0 -0.96183 -0.27366 -0 -0.99573 -0.09227 -0 -0.99573 -0.09227 -0 -0.99573 0.09227 0 -0.99573 0.09227 0 -0.96183 0.27366 0 -0.89516 0.44574 0 -0.79802 0.60263 0 -0.6737 0.73901 0 -0.52643 0.85022 0 -0.36124 0.93247 0 -0.18375 0.98297 0 0.18375 0.98297 0 0.36124 0.93247 0 0.52643 0.85022 0 0.6737 0.73901 0 0.79802 0.60263 0 0.89516 0.44574 0 0.96183 0.27366 0 0.99573 0.09227 0 -0.99699 0.07748 0 -0.99699 0.07748 -0 -0.99699 -0.07748 0 -0.99699 -0.07748 0 -0.80151 0.59797 0 -0.68948 0.72431 0 -0.55778 0.82999 0 -0.41018 0.91201 0 -0.25088 0.96802 0 -0.08443 0.99643 0 -0.08443 -0.99643 0 -0.25088 -0.96802 0 -0.41018 -0.91201 0 -0.55778 -0.82999 0 -0.68948 -0.72431 0 -0.80151 -0.59797 0 0.09802 -0.99518 0 0.09802 -0.99518 0 0.29028 -0.95694 0 0.4714 -0.88192 0 0.63439 -0.77301 0 0.77301 -0.63439 0 0.88192 -0.4714 0 0.95694 -0.29028 0 0.99518 -0.09802 0 0.99518 0.09802 -0 0.95694 0.29028 -0 0.88192 0.4714 -0 0.77301 0.63439 -0 0.63439 0.77301 -0 0.4714 0.88192 -0 0.29028 0.95694 -0 0.09802 0.99518 -0 1 -0 0 1 -0 -0 1 -0 0 1 -0 0 -0.42017 0 0.90745 -0.42017 0 0.90745 -0.42017 -0 0.90745 -0.42017 -0 0.90745 -0.42017 -0 0.90745 -0.42017 0 0.90745 -0.42017 0 0.90745 -0.42017 0 0.90745 -0.42017 0 0.90745 -0.08443 0.99643 0 -0.16825 0.98573 0.00432 -0.25088 0.96802 0 -0.47493 0.88002 0 -0.48571 0.87412 0.0011 -0.74817 0.66351 0 -0.74817 -0.66351 0 -0.08443 -0.99643 -0 -0.16825 -0.98573 0.00432 -0.48571 -0.87412 0.0011 -0.47493 -0.88002 0 -0.25088 -0.96802 0 -0.70711 0.70711 0 -0.70711 -0.70711 -0 -0.15643 0.98769 0 -0.15643 0.98769 0 -0.45399 0.89101 0 -0.70711 0.70711 0 -0.89101 0.45399 0 -0.98769 0.15643 0 -0.98769 0.15643 -0 -0.98769 -0.15643 0 -0.98769 -0.15643 0 -0.89101 -0.45399 0 -0.70711 -0.70711 0 -0.45399 -0.89101 0 -0.15643 -0.98769 0 0.15643 -0.98769 0 0.45399 -0.89101 0 0.70711 -0.70711 0 0.89101 -0.45399 0 0.98769 -0.15643 0 0.98769 -0.15643 0 0.98769 0.15643 -0 0.98769 0.15643 -0 0.89101 0.45399 -0 0.70711 0.70711 -0 0.45399 0.89101 -0 0.15643 0.98769 -0 0.15643 0.98769 -0 0.98079 -0.19509 0 0.83147 -0.55557 0 0.55557 -0.83147 0 0.19509 -0.98079 0 0.19509 0.98079 0 0.55557 0.83147 0 0.83147 0.55557 0 0.98079 0.19509 0 -0.98079 0.19509 0 -0.83147 0.55557 0 -0.55557 0.83147 0 -0.19509 0.98079 0 -0.19509 -0.98079 -0 -0.55557 -0.83147 -0 -0.83147 -0.55557 -0 -0.98079 -0.19509 -0 0.70711 0.70711 0 0.70711 -0.70711 0 -0.70711 -0.70711 -0 0.99699 -0.07748 0 0.99699 -0.07748 -0 0.99699 0.07748 0 0.99699 0.07748 0 0.80151 -0.59797 0 0.68948 -0.72431 0 0.55778 -0.82999 0 0.41018 -0.91201 0 0.25088 -0.96802 0 0.08443 -0.99643 0 0.08443 -0.99643 0 0.08443 0.99643 0 0.08443 0.99643 0 0.25088 0.96802 -0 0.41018 0.91201 -0 0.55778 0.82999 -0 0.68948 0.72431 -0 0.80151 0.59797 -0 -0.09802 0.99518 -0 -0.09802 0.99518 0 -0.29028 0.95694 0 -0.4714 0.88192 0 -0.63439 0.77301 0 -0.77301 0.63439 0 -0.88192 0.4714 0 -0.95694 0.29028 0 -0.99518 0.09802 0 -0.99518 0.09802 0 -0.99518 -0.09802 -0 -0.99518 -0.09802 0 -0.95694 -0.29028 0 -0.88192 -0.4714 0 -0.77301 -0.63439 0 -0.63439 -0.77301 0 -0.4714 -0.88192 0 -0.29028 -0.95694 0 -0.09802 -0.99518 0 -0.09802 -0.99518 -0 -1 0 -0 -1 0 -0 -1 0 -0 0.42017 -0 0.90745 0.42017 0 0.90745 0.42017 0 0.90745 0.42017 0 0.90745 0.42017 0 0.90745 0.42017 -0 0.90745 0.42017 -0 0.90745 0.42017 -0 0.90745 0.42017 -0 0.90745 0.08443 -0.99643 0 0.16825 -0.98573 0.00432 0.25088 -0.96802 0 0.47493 -0.88002 0 0.48571 -0.87412 0.0011 0.74817 -0.66351 0 0.74817 0.66351 0 0.08443 0.99643 0 0.16825 0.98573 0.00432 0.48571 0.87412 0.0011 0.47493 0.88002 -0 0.25088 0.96802 -0 0.70711 0.70711 -0 -0.13397 0.99099 0 0.99348 0.11399 -0 -0.99928 -0.03789 0 -0.99242 0.12289 0 -0.95985 0.2805 0 -0.90243 0.43084 0 -0.83527 0.54984 0 0.0781 -0.99695 0 -0.08283 -0.99656 0 -0.24162 -0.97037 0 -0.39415 -0.91905 0 -0.53291 -0.84617 0 0.99909 -0.04264 0 0.97931 -0.20235 0 0.93417 -0.35682 0 0.86484 -0.50205 0 0.00237 1 -0 0.16275 0.98667 -0 0.31892 0.94778 -0 0.46682 0.88435 -0 0.10747 -0.99421 0 -0.05808 -0.99831 -0 -0.22203 -0.97504 -0 -0.3799 -0.92503 -0 -0.52735 -0.84965 -0 0.99421 0.10747 0 0.99831 -0.05808 0 0.97504 -0.22203 0 0.92503 -0.3799 0 0.84965 -0.52735 0 -0.99421 -0.10747 -0 -0.99831 0.05808 0 -0.97504 0.22203 0 -0.92503 0.3799 0 -0.84965 0.52735 0 -0.10747 0.99421 0 0.05808 0.99831 0 0.22203 0.97504 0 0.3799 0.92503 0 0.52735 0.84965 0</float_array>
          <technique_common>
            <accessor source="#norm_0-array" count="1242" stride="3">
              <param name="X" type="float"/>
              <param name="Y" type="float"/>
              <param name="Z" type="float"/>
            </accessor>
          </technique_common>
        </source>
        <vertices id="vert_0">
          <input semantic="POSITION" source="#pos_0"/>
        </vertices>
        <triangles count="2000" material="mat_0">
          <input semantic="VERTEX" source="#vert_0" offset="0"/>
          <input semantic="NORMAL" source="#norm_0" offset="1"/>
          <p>0 0 1 0 2 0 0 0 2 0 3 0 3 1 2 1 4 1 3 1 4 1 5 1 5 2 4 2 6 2 5 2 6 2 7 2 7 3 6 3 8 3 7 3 8 3 9 3 9 4 8 4 10 4 9 4 10 4 11 4 11 5 10 5 12 5 11 5 12 5 13 5 13 6 12 6 14 6 13 6 14 6 15 6 15 7 14 7 16 7 15 7 16 7 17 7 17 8 16 8 18 8 17 8 18 8 19 8 19 9 18 9 20 9 19 9 20 9 21 9 21 10 20 10 22 10 21 10 22 10 23 10 23 11 22 11 24 11 23 11 24 11 25 11 25 12 24 12 26 12 25 12 26 12 27 12 27 13 26 13 28 13 27 13 28 13 29 13 29 14 28 14 30 14 29 14 30 14 31 14 31 15 30 15 32 15 31 15 32 15 33 15 33 16 32 16 34 16 33 16 34 16 35 16 35 17 34 17 36 17 35 17 36 17 37 17 37 18 36 18 38 18 37 18 38 18 39 18 40 19 41 19 42 19 42 19 43 19 40 19 44 19 45 19 46 19 47 19 43 19 48 19 48 19 43 19 42 19 43 19 49 19 50 19 50 19 40 19 43 19 42 19 46 19 48 19 48 19 46 19 51 19 51 19 46 19 45 19 51 19 45 19 52 19 44 19 53 19 45 19 54 19 42 19 41 19 55 19 45 19 53 19 56 19 51 19 57 19 52 19 57 19 51 19 58 19 59 19 57 19 57 19 59 19 56 19 60 19 15 19 61 19 62 19 15 19 63 19 64 19 65 19 66 19 64 19 66 19 67 19 25 19 68 19 61 19 61 19 68 19 60 19 67 19 66 19 69 19 67 19 69 19 25 19 25 19 69 19 70 19 15 19 60 19 71 19 63 19 15 19 71 19 62 19 72 19 73 19 74 19 75 19 76 19 62 19 63 19 72 19 77 19 78 19 79 19 77 19 79 19 80 19 65 19 64 19 81 19 65 19 81 19 82 19 74 19 76 19 82 19 74 19 82 19 81 19 70 19 68 19 25 19 83 19 84 19 85 19 85 19 84 19 86 19 83 19 85 19 78 19 83 19 78 19 77 19 87 19 88 19 75 19 73 19 72 19 86 19 73 19 86 19 84 19 79 19 89 19 80 19 75 19 88 19 76 19 87 19 90 19 89 19 88 19 87 19 89 19 80 19 89 19 90 19 39 20 38 20 91 20 39 20 91 20 92 20 92 21 91 21 93 21 92 21 93 21 94 21 94 22 93 22 95 22 94 22 95 22 96 22 96 23 95 23 97 23 96 23 97 23 98 23 98 24 97 24 99 24 98 24 99 24 100 24 100 25 99 25 101 25 100 25 101 25 102 25 102 26 101 26 103 26 102 26 103 26 104 26 104 27 103 27 105 27 104 27 105 27 106 27 106 28 105 28 107 28 106 28 107 28 108 28 108 29 107 29 109 29 108 29 109 29 110 29 110 30 109 30 111 30 110 30 111 30 112 30 112 31 111 31 113 31 112 31 113 31 114 31 114 32 113 32 115 32 114 32 115 32 116 32 116 33 115 33 117 33 116 33 117 33 118 33 118 34 117 34 119 34 118 34 119 34 120 34 120 35 119 35 121 35 120 35 121 35 122 35 122 36 121 36 123 36 122 36 123 36 124 36 124 37 123 37 125 37 124 37 125 37 126 37 126 38 125 38 1 38 126 38 1 38 0 38 127 39 128 39 129 39 130 39 131 39 129 39 132 39 133 39 134 39 134 39 133 39 135 39 136 39 137 39 132 39 127 39 138 39 139 39 129 39 128 39 140 39 140 39 128 39 139 39 140 39 130 39 129 39 141 39 138 39 127 39 132 39 137 39 142 39 143 39 144 39 130 39 143 39 130 39 145 39 146 39 142 39 147 39 132 39 142 39 133 39 133 39 142 39 146 39 130 39 148 39 131 39 149 39 138 39 150 39 150 39 138 39 151 39 152 39 153 39 154 39 154 39 153 39 144 39 134 39 153 39 136 39 155 39 151 39 142 39 155 39 142 39 156 39 135 39 157 39 134 39 134 39 157 39 153 39 147 39 142 39 151 39 148 39 130 39 144 39 148 39 144 39 158 39 158 39 144 39 157 39 157 39 144 39 153 39 138 39 141 39 151 39 151 39 141 39 159 39 151 39 159 39 160 39 151 39 160 39 147 39 161 40 162 40 163 40 163 41 158 41 164 41 165 42 166 42 167 42 167 43 166 43 168 43 167 43 168 43 169 43 169 44 168 44 170 44 169 44 170 44 171 44 171 45 170 45 172 45 171 45 172 45 173 45 173 46 172 46 174 46 173 46 174 46 175 46 175 47 174 47 176 47 175 47 176 47 177 47 177 48 176 48 178 48 177 48 178 48 179 48 180 49 181 49 182 49 183 50 184 50 185 50 185 51 184 51 186 51 186 52 187 52 188 52 182 53 189 53 190 53 191 54 192 54 193 54 194 55 195 55 196 55 194 55 196 55 197 55 197 56 196 56 198 56 197 56 198 56 199 56 199 57 198 57 200 57 199 57 200 57 201 57 201 58 200 58 202 58 201 58 202 58 203 58 203 59 202 59 204 59 203 59 204 59 205 59 205 60 204 60 206 60 205 60 206 60 207 60 208 61 209 61 210 61 210 62 209 62 211 62 211 63 212 63 213 63 213 64 212 64 165 64 214 39 215 39 216 39 214 39 216 39 217 39 217 39 216 39 218 39 217 39 218 39 219 39 219 39 218 39 220 39 219 39 220 39 221 39 221 39 220 39 222 39 221 39 222 39 223 39 223 39 222 39 224 39 223 39 224 39 225 39 225 39 224 39 226 39 225 39 226 39 227 39 227 39 226 39 228 39 227 39 228 39 229 39 229 39 228 39 230 39 229 39 230 39 231 39 229 39 231 39 232 39 232 39 231 39 233 39 232 39 233 39 234 39 234 39 233 39 235 39 234 39 235 39 236 39 236 39 235 39 237 39 236 39 237 39 238 39 238 39 237 39 239 39 238 39 239 39 240 39 240 39 239 39 241 39 240 39 241 39 242 39 242 39 241 39 243 39 242 39 243 39 214 39 214 39 243 39 215 39 244 39 245 39 246 39 245 39 244 39 247 39 248 39 245 39 247 39 246 65 249 65 250 65 250 66 249 66 251 66 250 67 251 67 252 67 252 68 251 68 253 68 254 39 255 39 256 39 257 39 254 39 256 39 258 69 259 69 260 69 260 69 259 69 261 69 260 70 261 70 262 70 262 70 261 70 263 70 264 39 265 39 266 39 267 39 265 39 264 39 268 71 269 71 270 71 270 71 269 71 271 71 272 72 273 72 270 72 274 39 275 39 276 39 276 39 275 39 277 39 276 39 278 39 274 39 279 39 280 39 281 39 279 39 281 39 282 39 282 39 283 39 284 39 285 39 286 39 287 39 288 39 289 39 287 39 287 39 289 39 285 39 285 39 289 39 290 39 285 39 290 39 291 39 292 39 293 39 294 39 281 39 288 39 294 39 293 39 295 39 294 39 288 39 281 39 296 39 297 39 298 39 279 39 299 39 300 39 288 39 301 39 302 39 303 39 301 39 303 39 304 39 305 39 304 39 303 39 304 39 293 39 301 39 301 39 293 39 292 39 305 39 293 39 304 39 306 39 307 39 286 39 286 39 307 39 287 39 308 39 293 39 305 39 309 39 283 39 281 39 281 39 283 39 282 39 284 39 283 39 309 39 279 39 298 39 296 39 298 39 297 39 296 39 307 39 288 39 287 39 288 39 290 39 289 39 288 39 307 39 306 39 288 39 306 39 299 39 299 39 306 39 286 39 279 39 296 39 280 39 280 39 296 39 281 39 294 39 309 39 281 39 310 73 311 73 312 73 313 74 314 74 315 74 316 75 317 75 318 75 318 76 317 76 319 76 318 77 319 77 312 77 312 77 319 77 320 77 312 73 320 73 310 73 321 78 322 78 323 78 323 78 322 78 324 78 323 79 324 79 314 79 314 79 324 79 325 79 314 74 325 74 315 74 326 39 327 39 328 39 327 39 329 39 330 39 327 39 330 39 328 39 328 39 330 39 331 39 328 39 331 39 332 39 333 80 334 80 335 80 335 81 334 81 336 81 337 82 334 82 338 82 338 82 334 82 333 82 339 39 340 39 341 39 342 83 343 83 344 83 345 84 346 84 347 84 347 84 346 84 348 84 347 85 348 85 349 85 349 85 348 85 350 85 349 86 350 86 351 86 351 86 350 86 352 86 351 9 352 9 353 9 353 9 352 9 354 9 353 87 354 87 355 87 355 87 354 87 356 87 355 88 356 88 357 88 357 88 356 88 358 88 357 89 358 89 359 89 359 89 358 89 360 89 361 39 362 39 363 39 362 39 361 39 364 39 363 39 364 39 361 39 365 39 366 39 367 39 368 39 365 39 367 39 369 29 370 29 371 29 372 39 356 39 373 39 372 39 373 39 374 39 373 39 350 39 374 39 374 39 350 39 375 39 356 39 376 39 377 39 372 39 376 39 356 39 378 90 379 90 380 90 381 91 382 91 379 91 379 92 382 92 383 92 379 90 383 90 380 90 384 93 385 93 386 93 386 94 385 94 387 94 388 95 385 95 389 95 389 95 385 95 384 95 390 39 391 39 392 39 392 39 391 39 393 39 393 39 394 39 392 39 392 39 394 39 395 39 396 96 397 96 398 96 396 96 398 96 399 96 399 97 398 97 400 97 399 97 400 97 401 97 401 98 400 98 402 98 401 98 402 98 403 98 403 99 402 99 404 99 403 99 404 99 405 99 405 100 404 100 406 100 405 100 406 100 407 100 407 101 406 101 408 101 407 101 408 101 409 101 409 102 408 102 410 102 409 102 410 102 411 102 411 103 410 103 412 103 411 104 412 104 413 104 413 105 412 105 414 105 413 106 414 106 415 106 415 107 414 107 416 107 415 107 416 107 417 107 417 108 416 108 418 108 417 108 418 108 419 108 419 109 418 109 420 109 419 109 420 109 421 109 421 110 420 110 422 110 421 110 422 110 423 110 423 111 422 111 424 111 423 111 424 111 425 111 425 112 424 112 426 112 425 112 426 112 427 112 427 113 426 113 428 113 427 113 428 113 429 113 430 39 431 39 432 39 431 39 433 39 432 39 402 39 434 39 435 39 402 39 436 39 437 39 438 39 437 39 439 39 440 114 441 114 442 114 440 115 442 115 443 115 444 39 445 39 446 39 444 116 447 116 448 116 444 117 448 117 449 117 450 118 451 118 452 118 453 119 454 119 455 119 456 120 457 120 458 120 459 121 460 121 457 121 457 122 460 122 461 122 457 120 461 120 458 120 462 39 463 39 464 39 463 39 465 39 466 39 465 39 467 39 466 39 468 123 469 123 470 123 468 123 470 123 471 123 471 124 470 124 472 124 471 124 472 124 473 124 473 125 472 125 474 125 473 125 474 125 475 125 475 126 474 126 476 126 475 126 476 126 477 126 477 127 476 127 478 127 477 127 478 127 479 127 479 128 478 128 480 128 479 128 480 128 481 128 481 129 480 129 482 129 481 129 482 129 483 129 484 130 485 130 486 130 484 130 486 130 487 130 487 131 486 131 488 131 487 131 488 131 489 131 489 132 488 132 490 132 489 132 490 132 491 132 491 133 490 133 492 133 491 133 492 133 493 133 493 134 492 134 494 134 493 134 494 134 495 134 495 135 494 135 496 135 495 135 496 135 497 135 497 136 496 136 498 136 497 136 498 136 499 136 500 39 501 39 502 39 502 39 501 39 503 39 502 39 503 39 504 39 335 39 501 39 500 39 502 39 505 39 500 39 506 39 507 39 508 39 509 39 510 39 508 39 509 39 508 39 511 39 512 39 508 39 510 39 510 39 513 39 512 39 512 39 513 39 514 39 512 39 506 39 508 39 515 137 516 137 517 137 518 19 519 19 520 19 521 19 522 19 523 19 518 19 524 19 522 19 525 19 526 19 527 19 528 19 529 19 526 19 526 19 529 19 530 19 529 19 528 19 525 19 531 19 532 19 533 19 534 19 535 19 536 19 537 19 535 19 534 19 535 19 537 19 538 19 539 19 540 19 538 19 540 19 541 19 538 19 538 19 541 19 542 19 527 19 543 19 523 19 540 19 534 19 544 19 535 19 545 19 536 19 535 19 546 19 545 19 537 19 539 19 538 19 547 19 548 19 542 19 547 19 540 19 548 19 519 19 549 19 520 19 540 19 550 19 551 19 551 19 550 19 519 19 519 19 550 19 544 19 548 19 552 19 519 19 519 19 552 19 551 19 548 19 519 19 553 19 553 19 519 19 554 19 532 19 531 19 530 19 544 19 555 19 533 19 556 19 533 19 557 19 557 19 533 19 555 19 557 19 555 19 544 19 527 19 558 19 525 19 525 19 558 19 529 19 536 19 544 19 534 19 545 19 546 19 544 19 546 19 557 19 544 19 543 19 527 19 526 19 537 19 534 19 539 19 536 19 545 19 544 19 534 19 540 19 539 19 541 19 540 19 547 19 540 19 544 19 550 19 544 19 527 19 519 19 519 19 523 19 549 19 549 19 523 19 520 19 523 19 543 19 521 19 541 19 547 19 542 19 548 19 540 19 551 19 527 19 523 19 519 19 520 19 523 19 522 19 518 19 520 19 524 19 532 19 529 19 558 19 532 19 558 19 544 19 554 19 519 19 518 19 544 19 558 19 527 19 533 19 532 19 544 19 559 19 560 19 561 19 562 19 559 19 563 19 563 19 559 19 561 19 563 19 561 19 564 19 565 29 566 29 567 29 562 29 568 29 569 29 562 29 569 29 570 29 560 9 571 9 572 9 572 138 571 138 573 138 572 139 573 139 561 139 572 140 561 140 560 140 574 19 575 19 576 19 577 19 578 19 579 19 580 19 577 19 581 19 581 19 577 19 579 19 581 19 579 19 582 19 583 29 584 29 585 29 585 29 584 29 586 29 587 19 588 19 589 19 590 9 589 9 591 9 591 9 589 9 592 9 593 9 594 9 595 9 595 9 594 9 596 9 597 19 598 19 593 19 593 19 598 19 594 19 599 19 600 19 601 19 601 19 600 19 602 19 603 141 604 141 605 141 595 39 596 39 606 39 606 39 596 39 607 39 608 9 609 9 610 9 611 9 612 9 580 9 611 9 580 9 613 9 578 142 614 142 615 142 615 143 614 143 616 143 615 29 616 29 579 29 615 144 579 144 578 144 616 39 617 39 610 39 610 39 617 39 618 39 619 29 620 29 621 29 622 39 623 39 624 39 623 39 622 39 620 39 624 39 625 39 620 39 625 39 626 39 627 39 627 39 626 39 628 39 628 39 629 39 630 39 630 39 631 39 632 39 632 39 633 39 634 39 631 39 633 39 632 39 634 39 633 39 635 39 634 39 635 39 636 39 637 39 636 39 635 39 638 39 639 39 640 39 640 39 641 39 638 39 628 39 626 39 629 39 642 39 643 39 624 39 642 39 644 39 645 39 644 39 646 39 647 39 642 39 645 39 643 39 647 39 645 39 644 39 645 39 647 39 648 39 640 39 648 39 649 39 639 39 648 39 640 39 620 39 622 39 624 39 624 39 629 39 625 39 648 39 647 39 646 39 648 39 646 39 650 39 635 39 645 39 639 39 639 39 645 39 648 39 629 39 626 39 625 39 639 39 637 39 635 39 629 39 643 39 645 39 630 39 645 39 631 39 624 39 643 39 629 39 629 39 645 39 630 39 635 39 633 39 631 39 635 39 631 39 645 39 651 145 652 145 653 145 654 19 655 19 651 19 656 19 655 19 654 19 654 19 657 19 658 19 654 19 658 19 659 19 660 19 661 19 662 19 662 19 661 19 663 19 661 19 664 19 614 19 665 19 666 19 667 19 668 19 665 19 669 19 669 19 670 19 671 19 671 19 670 19 672 19 672 19 673 19 569 19 672 19 569 19 674 19 651 19 653 19 675 19 660 19 658 19 675 19 676 19 673 19 675 19 673 19 676 19 653 19 653 19 676 19 675 19 614 19 664 19 677 19 614 19 677 19 667 19 667 19 677 19 665 19 664 19 665 19 677 19 672 19 670 19 669 19 657 19 654 19 651 19 617 146 614 146 667 146 651 19 658 19 657 19 658 19 651 19 675 19 669 19 665 19 672 19 664 19 675 19 672 19 664 19 661 19 660 19 664 19 660 19 675 19 665 19 664 19 672 19 651 19 655 19 656 19 672 19 675 19 673 19 573 39 678 39 567 39 567 39 678 39 679 39 680 147 681 147 682 147 682 147 681 147 683 147 684 19 685 19 686 19 687 148 686 148 688 148 688 148 686 148 689 148 690 19 691 19 692 19 692 19 691 19 693 19 694 19 695 19 696 19 696 19 695 19 697 19 696 29 697 29 698 29 698 29 697 29 699 29 698 39 699 39 700 39 700 39 699 39 701 39 702 149 703 149 701 149 704 111 705 111 706 111 704 111 706 111 707 111 707 110 706 110 708 110 707 110 708 110 709 110 709 109 708 109 710 109 709 109 710 109 711 109 711 108 710 108 712 108 711 108 712 108 713 108 713 107 712 107 714 107 713 107 714 107 715 107 716 150 717 150 718 150 718 151 717 151 719 151 718 151 719 151 720 151 720 152 719 152 721 152 720 152 721 152 722 152 722 153 721 153 723 153 722 153 723 153 724 153 724 154 723 154 725 154 724 154 725 154 726 154 726 155 725 155 727 155 728 130 729 130 730 130 728 130 730 130 731 130 731 131 730 131 732 131 731 131 732 131 733 131 733 132 732 132 734 132 733 132 734 132 735 132 735 133 734 133 736 133 735 133 736 133 737 133 737 134 736 134 738 134 737 134 738 134 739 134 740 125 741 125 742 125 740 125 742 125 743 125 743 126 742 126 744 126 743 126 744 126 745 126 745 127 744 127 746 127 745 127 746 127 747 127 747 128 746 128 748 128 747 128 748 128 749 128 749 129 748 129 750 129 749 129 750 129 751 129 752 156 753 156 754 156 754 157 753 157 755 157 754 157 755 157 756 157 756 158 755 158 757 158 756 159 757 159 758 159 758 160 757 160 759 160 758 161 759 161 760 161 760 162 759 162 761 162 760 162 761 162 762 162 762 163 761 163 763 163 764 102 765 102 766 102 764 102 766 102 767 102 767 101 766 101 768 101 767 101 768 101 769 101 769 100 768 100 770 100 769 100 770 100 771 100 771 99 770 99 772 99 771 99 772 99 773 99 773 98 772 98 774 98 773 98 774 98 775 98 776 19 777 19 778 19 779 19 780 19 781 19 777 19 782 19 783 19 777 19 783 19 784 19 777 19 784 19 785 19 777 19 785 19 778 19 778 19 785 19 786 19 778 19 786 19 787 19 778 19 787 19 788 19 789 164 790 164 778 164 789 165 778 165 788 165 791 166 792 166 793 166 790 19 794 19 778 19 795 19 796 19 779 19 797 19 779 19 781 19 798 19 783 19 782 19 799 19 779 19 800 19 800 19 779 19 801 19 802 167 803 167 804 167 805 19 779 19 799 19 789 168 788 168 806 168 789 169 806 169 807 169 808 170 809 170 810 170 801 19 779 19 797 19 801 19 797 19 811 19 811 19 797 19 812 19 808 171 810 171 807 171 797 19 807 19 812 19 812 19 807 19 806 19 813 172 814 172 815 172 815 172 814 172 816 172 815 173 816 173 817 173 817 173 816 173 818 173 817 174 818 174 819 174 819 174 818 174 820 174 819 175 820 175 821 175 821 175 820 175 822 175 821 176 822 176 823 176 823 176 822 176 824 176 823 177 824 177 825 177 825 177 824 177 826 177 825 178 826 178 827 178 827 178 826 178 828 178 827 179 828 179 829 179 829 179 828 179 830 179 829 141 830 141 831 141 831 141 830 141 832 141 831 180 832 180 833 180 833 180 832 180 834 180 833 181 834 181 835 181 835 181 834 181 836 181 835 182 836 182 837 182 837 182 836 182 838 182 837 183 838 183 839 183 839 183 838 183 840 183 839 184 840 184 841 184 841 184 840 184 842 184 841 185 842 185 843 185 843 185 842 185 844 185 843 186 844 186 845 186 845 186 844 186 846 186 845 187 846 187 847 187 847 188 846 188 848 188 847 189 848 189 849 189 849 190 848 190 850 190 849 191 850 191 851 191 851 191 850 191 852 191 851 192 852 192 853 192 853 192 852 192 854 192 853 193 854 193 855 193 855 193 854 193 856 193 855 194 856 194 857 194 857 194 856 194 858 194 857 195 858 195 859 195 859 195 858 195 860 195 859 196 860 196 861 196 861 196 860 196 862 196 861 197 862 197 863 197 863 197 862 197 864 197 863 149 864 149 865 149 865 149 864 149 866 149 865 198 866 198 867 198 867 198 866 198 868 198 867 199 868 199 869 199 869 199 868 199 870 199 869 200 870 200 871 200 871 200 870 200 872 200 871 201 872 201 873 201 873 201 872 201 874 201 873 202 874 202 875 202 875 202 874 202 876 202 875 203 876 203 877 203 877 203 876 203 878 203 877 204 878 204 879 204 879 204 878 204 880 204 879 205 880 205 813 205 813 205 880 205 814 205 881 19 882 19 883 19 883 19 882 19 884 19 883 19 884 19 885 19 885 19 884 19 886 19 885 19 886 19 887 19 887 19 886 19 888 19 887 19 888 19 889 19 889 19 888 19 890 19 889 19 890 19 891 19 891 19 890 19 892 19 891 19 892 19 893 19 893 19 892 19 894 19 893 19 894 19 895 19 895 19 894 19 896 19 895 19 896 19 897 19 897 19 896 19 898 19 897 19 898 19 899 19 899 19 898 19 900 19 899 19 900 19 901 19 901 19 900 19 902 19 901 19 902 19 903 19 903 19 902 19 904 19 903 19 904 19 905 19 905 19 904 19 906 19 905 19 906 19 907 19 907 19 906 19 908 19 907 19 908 19 909 19 909 19 908 19 910 19 909 19 910 19 911 19 911 19 910 19 912 19 911 19 912 19 881 19 881 19 912 19 882 19 913 39 914 39 915 39 915 39 914 39 916 39 917 39 918 39 915 39 915 39 918 39 913 39 917 39 915 39 916 39 917 39 916 39 919 39 918 39 920 39 913 39 921 39 922 39 923 39 924 39 925 39 921 39 921 39 923 39 924 39 923 39 926 39 919 39 926 39 922 39 927 39 927 39 922 39 921 39 928 39 925 39 929 39 925 39 928 39 930 39 929 39 925 39 924 39 929 39 924 39 931 39 929 39 931 39 932 39 930 39 928 39 932 39 933 39 934 39 935 39 936 39 934 39 933 39 935 39 934 39 936 39 937 39 933 39 938 39 936 39 933 39 937 39 939 39 938 39 933 39 940 39 941 39 942 39 941 39 940 39 943 39 943 39 940 39 944 39 944 39 940 39 942 39 945 39 941 39 946 39 946 39 941 39 943 39 946 39 943 39 944 39 946 39 944 39 947 39 944 39 948 39 947 39 944 39 949 39 948 39 950 39 948 39 951 39 947 39 948 39 950 39 952 39 953 39 954 39 952 39 954 39 951 39 952 39 955 39 953 39 951 39 948 39 949 39 920 39 955 39 914 39 920 39 914 39 913 39 914 39 952 39 916 39 952 39 914 39 955 39 919 39 956 39 924 39 919 39 924 39 923 39 919 39 916 39 956 39 951 39 949 39 944 39 951 39 944 39 957 39 951 39 957 39 952 39 942 39 958 39 944 39 933 39 959 39 960 39 939 39 933 39 942 39 942 39 933 39 960 39 942 39 960 39 958 39 930 39 932 39 931 39 931 39 933 39 961 39 961 39 933 39 935 39 931 39 962 39 963 39 931 39 963 39 964 39 931 39 964 39 933 39 933 39 964 39 959 39 924 39 962 39 931 39 965 141 966 141 967 141 967 141 966 141 968 141 969 19 970 19 971 19 972 19 973 19 974 19 974 19 973 19 970 19 974 19 970 19 969 19 975 19 976 19 977 19 977 19 976 19 973 19 977 19 973 19 978 19 977 19 978 19 979 19 980 19 981 19 978 19 980 19 978 19 972 19 972 19 978 19 973 19 976 19 975 19 971 19 971 19 975 19 977 19 971 19 977 19 981 19 981 19 977 19 979 19 980 19 969 19 981 19 981 19 969 19 971 19 982 149 983 149 984 149 984 149 983 149 985 149 986 39 987 39 988 39 988 39 987 39 989 39 990 39 991 39 992 39 990 39 992 39 993 39 994 39 986 39 991 39 994 39 991 39 990 39 988 39 989 39 995 39 988 39 995 39 996 39 997 39 987 39 998 39 998 39 987 39 986 39 998 39 986 39 994 39 996 39 995 39 999 39 996 39 999 39 1000 39 997 39 998 39 1001 39 997 39 1001 39 1002 39 997 39 1002 39 999 39 1002 39 993 39 999 39 999 39 993 39 1000 39 1000 39 993 39 992 39 973 29 1003 29 970 29 1004 29 970 29 1003 29 1005 9 1006 9 1007 9 1008 206 1009 206 1010 206 1008 207 1010 207 1011 207 1011 208 1010 208 1012 208 1011 209 1012 209 1013 209 1014 19 1015 19 1016 19 1016 19 1015 19 1017 19 1016 19 1017 19 1018 19 1019 19 1020 19 1021 19 1021 19 1020 19 1022 19 1023 19 1024 19 1025 19 1025 19 1024 19 1026 19 1025 19 1026 19 1027 19 1018 19 1017 19 1028 19 1018 19 1028 19 1029 19 1018 19 1029 19 1019 19 1019 19 1029 19 1020 19 1027 19 1026 19 1030 19 1027 19 1030 19 1031 19 1031 19 1030 19 1021 19 1031 19 1021 19 1022 19 1032 29 1033 29 1034 29 1034 29 1033 29 1035 29 1036 141 1037 141 1038 141 1038 141 1037 141 1039 141 1040 149 1041 149 1042 149 1042 149 1041 149 1043 149 1044 149 1045 149 1046 149 1047 141 1048 141 1049 141 1050 210 1051 210 1052 210 1050 210 1052 210 1053 210 1053 211 1052 211 1054 211 1053 211 1054 211 1055 211 1055 212 1054 212 1056 212 1055 212 1056 212 1057 212 1057 213 1056 213 1058 213 1057 213 1058 213 1059 213 1059 214 1058 214 1060 214 1059 214 1060 214 1061 214 1061 215 1060 215 1024 215 1061 215 1024 215 1062 215 1046 19 1063 19 1064 19 1064 19 1065 19 1066 19 1067 19 1044 19 1046 19 1068 19 1069 19 1065 19 1065 19 1069 19 1070 19 1065 19 1070 19 1071 19 1064 19 1072 19 1065 19 1068 19 1072 19 1048 19 1048 19 1072 19 1073 19 1067 19 1074 19 1044 19 1044 19 1074 19 1035 19 1035 19 1074 19 1034 19 1034 19 1074 19 1069 19 1034 19 1069 19 1068 19 1065 19 1072 19 1068 19 1075 19 1073 19 1064 19 1075 19 1064 19 1063 19 1048 19 1073 19 1075 19 1064 19 1066 19 1046 19 1046 19 1066 19 1071 19 1071 19 1070 19 1067 19 1071 19 1067 19 1046 19 1076 216 1077 216 1078 216 1076 216 1078 216 1079 216 1079 217 1078 217 1080 217 1079 217 1080 217 1081 217 1081 218 1080 218 1082 218 1081 218 1082 218 1083 218 1083 219 1082 219 1084 219 1083 219 1084 219 1085 219 1085 220 1084 220 1086 220 1085 220 1086 220 1087 220 1087 221 1086 221 1088 221 1087 221 1088 221 1089 221 1090 222 1023 222 1091 222 1091 223 1023 223 1092 223 1091 224 1092 224 1093 224 1093 224 1092 224 1094 224 1093 225 1094 225 1095 225 1095 225 1094 225 1096 225 1095 226 1096 226 1097 226 1097 226 1096 226 1098 226 1097 227 1098 227 1099 227 1099 227 1098 227 1031 227 1099 228 1031 228 1100 228 1100 228 1031 228 1101 228 1100 229 1101 229 1102 229 1102 229 1101 229 1103 229 1102 230 1103 230 1104 230 1104 230 1103 230 1105 230 1104 231 1105 231 1106 231 1106 231 1105 231 1107 231 1106 232 1107 232 1108 232 1108 232 1107 232 1109 232 1108 233 1109 233 1110 233 1110 233 1109 233 1111 233 1110 234 1111 234 1112 234 1112 234 1111 234 1028 234 1112 235 1028 235 1113 235 1113 235 1028 235 1114 235 1113 236 1114 236 1115 236 1115 236 1114 236 1116 236 1115 237 1116 237 1117 237 1117 237 1116 237 1118 237 1117 238 1118 238 1119 238 1119 238 1118 238 1015 238 1120 239 1119 239 1014 239 1014 240 1119 240 1121 240 1090 241 1062 241 1023 241 1023 242 1062 242 1024 242 1033 39 1122 39 1036 39 1043 39 1123 39 1042 39 1123 39 1124 39 1042 39 1042 39 1124 39 1032 39 1032 39 1124 39 1033 39 1033 39 1124 39 1122 39 1125 39 1126 39 1127 39 1128 39 1129 39 1130 39 1130 39 1129 39 1131 39 1037 39 1127 39 1126 39 1129 39 1132 39 1133 39 1129 39 1133 39 1106 39 1129 39 1106 39 1127 39 1036 39 1134 39 1130 39 1119 39 1076 39 1135 39 1119 39 1135 39 1136 39 1136 39 1135 39 1083 39 1136 39 1083 39 1137 39 1137 39 1083 39 1125 39 1137 39 1125 39 1106 39 1043 39 1138 39 1123 39 1123 39 1138 39 1134 39 1123 39 1134 39 1036 39 1123 39 1036 39 1122 39 1127 39 1106 39 1125 39 1138 39 1043 39 1128 39 1128 39 1043 39 1139 39 1129 39 1128 39 1132 39 1132 39 1128 39 1139 39 1132 39 1139 39 1140 39 1036 39 1130 39 1131 39 1036 39 1131 39 1037 39 1037 39 1131 39 1127 39 1062 39 1090 39 1141 39 1141 39 1090 39 1140 39 1141 39 1140 39 1055 39 1055 39 1140 39 1139 39 1142 243 1021 243 1049 243 1143 244 1019 244 1021 244 1040 245 1047 245 1041 245 1041 246 1047 246 1049 246 1041 247 1049 247 1021 247 1142 244 1143 244 1021 244 1045 248 1144 248 1038 248 1019 249 1143 249 1039 249 1039 250 1143 250 1045 250 1039 251 1045 251 1038 251 1041 252 1145 252 1043 252 1043 253 1145 253 1146 253 1145 254 1147 254 1146 254 1146 255 1147 255 1021 255 1146 256 1021 256 1148 256 1148 257 1149 257 1050 257 1050 257 1149 257 1051 257 1126 258 1089 258 1088 258 1039 259 1037 259 1150 259 1150 260 1037 260 1151 260 1088 258 1152 258 1126 258 1126 261 1019 261 1151 261 1151 262 1019 262 1153 262 1151 263 1153 263 1150 263 1034 264 1040 264 1154 264 1155 265 1156 265 1038 265 1157 149 1158 149 1159 149 1159 149 1158 149 1160 149 1161 141 1162 141 1163 141 1163 141 1162 141 1164 141 1165 39 1166 39 1167 39 1168 39 1169 39 1167 39 1170 39 1167 39 1169 39 1171 39 1172 39 1166 39 1171 39 1166 39 1165 39 1173 39 1165 39 1167 39 1170 39 1174 39 1167 39 1167 39 1174 39 1173 39 1170 39 1175 39 1174 39 1172 39 1171 39 1176 39 1172 39 1176 39 1168 39 1173 39 1177 39 1165 39 1165 39 1177 39 1176 39 1176 39 1177 39 1175 39 1176 39 1175 39 1168 39 1175 39 1170 39 1168 39 1168 39 1170 39 1169 39 1178 149 1179 149 1180 149 1180 149 1179 149 1181 149 1182 141 1183 141 1184 141 1184 141 1183 141 1185 141 1186 39 1187 39 1188 39 1189 39 1190 39 1191 39 1192 39 1193 39 1194 39 1192 39 1194 39 1195 39 1196 39 1197 39 1193 39 1193 39 1197 39 1194 39 1192 39 1195 39 1190 39 1190 39 1195 39 1186 39 1190 39 1186 39 1188 39 1190 39 1189 39 1192 39 1192 39 1189 39 1198 39 1198 39 1189 39 1191 39 1198 39 1191 39 1196 39 1190 39 1187 39 1191 39 1191 39 1187 39 1196 39 1186 39 1197 39 1187 39 1187 39 1197 39 1196 39 1199 39 1200 39 1201 39 1201 39 1200 39 1202 39 1199 39 1203 39 1204 39 1204 39 1203 39 1205 39 1200 39 1206 39 1202 39 1202 39 1206 39 1207 39 1208 39 1209 39 1210 39 1211 39 1205 39 1201 39 1201 39 1205 39 1203 39 1201 39 1203 39 1199 39 1210 39 1212 39 1208 39 1208 39 1212 39 1213 39 1208 39 1213 39 1204 39 1205 39 1211 39 1214 39 1205 39 1214 39 1208 39 1205 39 1208 39 1204 39 1204 39 1215 39 1199 39 1199 39 1215 39 1216 39 1199 39 1216 39 1217 39 1217 39 1216 39 1218 39 1219 39 1220 39 1217 39 1219 39 1217 39 1218 39 1163 39 1164 39 1221 39 1221 39 1164 39 1222 39 1222 39 1164 39 1217 39 1220 39 1223 39 1224 39 1225 39 1163 39 1221 39 1220 39 1226 39 1217 39 1220 39 1219 39 1223 39 1223 39 1219 39 1227 39 1223 39 1227 39 1228 39 1217 39 1226 39 1222 39 1222 39 1226 39 1224 39 1222 39 1224 39 1229 39 1229 39 1224 39 1230 39 1230 39 1224 39 1223 39 1228 39 1231 39 1223 39 1223 39 1231 39 1232 39 1223 39 1232 39 1233 39 1234 39 1223 39 1235 39 1223 39 1236 39 1235 39 1235 39 1236 39 1237 39 1235 39 1237 39 1238 39 1237 39 1236 39 1239 39 1239 39 1236 39 1223 39 1239 39 1223 39 1240 39 1240 39 1223 39 1233 39 1241 39 1242 39 1239 39 1238 39 1237 39 1239 39 1238 39 1239 39 1242 39 1238 39 1242 39 1243 39 1244 39 1245 39 1246 39 1180 39 1247 39 1248 39 1245 39 1240 39 1249 39 1247 39 1180 39 1181 39 1208 39 1250 39 1246 39 1233 39 1209 39 1240 39 1240 39 1209 39 1208 39 1240 39 1208 39 1249 39 1245 39 1244 39 1247 39 1245 39 1247 39 1240 39 1240 39 1247 39 1181 39 1246 39 1245 39 1249 39 1246 39 1249 39 1208 39 1251 19 1252 19 1253 19 1252 19 1254 19 1255 19 1256 19 1257 19 1258 19 1259 19 1260 19 1261 19 1262 19 1263 19 1264 19 1265 19 1266 19 1267 19 1265 19 1267 19 1268 19 1259 19 1261 19 1263 19 1263 19 1261 19 1269 19 1263 19 1269 19 1265 19 1265 19 1269 19 1270 19 1265 19 1270 19 1271 19 1271 19 1270 19 1272 19 1272 19 1270 19 1261 19 1273 19 1274 19 1261 19 1261 19 1274 19 1272 19 1275 19 1255 19 1276 19 1276 19 1255 19 1277 19 1276 19 1277 19 1278 19 1276 19 1278 19 1279 19 1258 19 1278 19 1280 19 1281 19 1033 19 1036 19 1282 19 1042 19 1032 19 1042 19 1282 19 1283 19 1284 19 1283 19 1285 19 1285 19 1286 19 1284 19 1284 19 1286 19 1287 19 1287 19 1286 19 1288 19 1289 19 1288 19 1290 19 1291 19 1285 19 1258 19 1288 19 1286 19 1291 19 1288 19 1291 19 1290 19 1292 19 1289 19 1290 19 1293 19 1264 19 1294 19 1264 19 1263 19 1295 19 1294 19 1264 19 1296 19 1296 19 1264 19 1297 19 1296 19 1297 19 1298 19 1263 19 1297 19 1295 19 1299 19 1268 19 1300 19 1300 19 1301 19 1299 19 1299 19 1301 19 1297 19 1297 19 1301 19 1298 19 1292 19 1290 19 1302 19 1303 19 1304 19 1302 19 1302 19 1304 19 1292 19 1304 19 1303 19 1257 19 1303 19 1305 19 1257 19 1257 19 1305 19 1258 19 1258 19 1305 19 1290 19 1252 19 1255 19 1253 19 1306 19 1253 19 1307 19 1306 19 1307 19 1308 19 1308 19 1307 19 1255 19 1275 19 1308 19 1255 19 1309 19 1268 19 1310 19 1268 19 1309 19 1311 19 1268 19 1311 19 1265 19 1265 19 1311 19 1312 19 1299 19 1313 19 1310 19 1299 19 1310 19 1268 19 1312 19 1314 19 1299 19 1299 19 1314 19 1313 19 1314 19 1315 19 1313 19 1313 19 1315 19 1311 19 1311 19 1315 19 1312 19 1316 19 1297 19 1317 19 1297 19 1316 19 1299 19 1299 19 1316 19 1318 19 1299 19 1318 19 1265 19 1299 19 1265 19 1312 19 1265 19 1318 19 1317 19 1265 19 1317 19 1297 19 1265 19 1297 19 1263 19 1319 19 1320 19 1321 19 1321 19 1320 19 1273 19 1320 19 1319 19 1322 19 1320 19 1322 19 1260 19 1260 19 1322 19 1261 19 1261 19 1322 19 1323 19 1261 19 1323 19 1273 19 1273 19 1323 19 1321 19 1262 19 1264 19 1324 19 1324 19 1264 19 1325 19 1324 19 1325 19 1326 19 1324 19 1326 19 1327 19 1327 19 1326 19 1328 19 1327 19 1328 19 1329 19 1327 19 1329 19 1293 19 1293 19 1329 19 1325 19 1293 19 1325 19 1264 19 1330 19 1331 19 1332 19 1332 19 1331 19 1251 19 1260 19 1333 19 1320 19 1320 19 1333 19 1334 19 1251 19 1331 19 1260 19 1260 19 1331 19 1333 19 1320 19 1334 19 1330 19 1320 19 1330 19 1332 19 1335 19 1336 19 1337 19 1337 19 1336 19 1338 19 1336 19 1335 19 1327 19 1327 19 1335 19 1339 19 1340 19 1324 19 1327 19 1340 19 1327 19 1339 19 1324 19 1340 19 1337 19 1324 19 1337 19 1338 19 1341 19 1306 19 1342 19 1342 19 1306 19 1332 19 1341 19 1343 19 1306 19 1306 19 1343 19 1253 19 1253 19 1343 19 1251 19 1251 19 1343 19 1344 19 1251 19 1344 19 1332 19 1332 19 1344 19 1342 19 1257 19 1345 19 1304 19 1304 19 1345 19 1346 19 1257 19 1338 19 1347 19 1257 19 1347 19 1345 19 1304 19 1346 19 1348 19 1304 19 1348 19 1336 19 1336 19 1348 19 1347 19 1336 19 1347 19 1338 19 1255 19 1258 19 1277 19 1277 19 1258 19 1280 19 1254 19 1256 19 1258 19 1258 19 1290 19 1291 19 1279 19 1349 19 1283 19 1283 19 1349 19 1350 19 1351 19 1349 19 1278 19 1278 19 1349 19 1279 19 1283 19 1350 19 1285 19 1285 19 1350 19 1351 19 1285 19 1351 19 1278 19 1285 19 1278 19 1258 19 1258 19 1255 19 1254 19 1352 19 1281 19 1279 19 1279 19 1281 19 1036 19 1352 19 1283 19 1282 19 1283 19 1352 19 1279 19 1281 19 1353 19 1354 19 1281 19 1354 19 1033 19 1353 19 1281 19 1282 19 1033 19 1354 19 1032 19 1032 19 1354 19 1355 19 1032 19 1355 19 1282 19 1282 19 1355 19 1353 19 1356 9 1357 9 1214 9 1214 9 1357 9 1274 9 1214 9 1274 9 1358 9 1358 9 1274 9 1359 9 1273 141 1308 141 1360 141 1360 141 1308 141 1361 141 1362 29 1363 29 1250 29 1250 29 1363 29 1364 29 1250 29 1364 29 1365 29 1365 29 1364 29 1275 29 1366 141 1367 141 1036 141 1036 141 1367 141 1248 141 1247 141 1279 141 1248 141 1248 141 1279 141 1036 141 1032 29 1368 29 1156 29 1032 29 1156 29 1033 29 1243 149 1369 149 1154 149 1154 149 1042 149 1243 149 1243 149 1042 149 1370 149 1243 149 1370 149 1238 149 1371 29 1372 29 1234 29 1234 29 1372 29 1289 29 1234 29 1289 29 1373 29 1373 29 1289 29 1374 29 1375 149 1292 149 1376 149 1375 149 1376 149 1377 149 1378 9 1379 9 1230 9 1230 9 1379 9 1380 9 1230 9 1380 9 1381 9 1381 9 1380 9 1382 9 1383 149 1384 149 1301 149 1301 149 1384 149 1225 149 1301 149 1225 149 1221 149 1301 149 1221 149 1385 149 1267 9 1386 9 1387 9 1267 9 1387 9 1300 9 1388 141 1389 141 1207 141 1207 141 1389 141 1266 141 1207 141 1266 141 1202 141 1202 141 1266 141 1265 141 1390 266 1391 266 1392 266 1392 267 1391 267 1393 267 1392 268 1393 268 1394 268 1394 268 1393 268 1395 268 1394 269 1395 269 1396 269 1396 269 1395 269 1397 269 1396 270 1397 270 1398 270 1398 270 1397 270 1399 270 1398 271 1399 271 1216 271 1216 272 1399 272 1400 272 1216 273 1400 273 1401 273 1401 274 1400 274 1402 274 1401 275 1402 275 1403 275 1403 275 1402 275 1404 275 1403 276 1404 276 1405 276 1405 276 1404 276 1262 276 1405 277 1262 277 1406 277 1406 277 1262 277 1324 277 1406 278 1324 278 1227 278 1227 278 1324 278 1407 278 1227 279 1407 279 1228 279 1228 279 1407 279 1408 279 1228 280 1408 280 1231 280 1231 280 1408 280 1409 280 1231 281 1409 281 1232 281 1232 281 1409 281 1256 281 1232 282 1256 282 1233 282 1233 282 1256 282 1410 282 1233 283 1410 283 1411 283 1411 284 1410 284 1412 284 1411 285 1412 285 1413 285 1413 286 1412 286 1414 286 1413 287 1414 287 1209 287 1209 287 1414 287 1415 287 1209 288 1415 288 1210 288 1210 288 1415 288 1252 288 1210 289 1252 289 1212 289 1212 289 1252 289 1416 289 1212 290 1416 290 1390 290 1390 291 1416 291 1391 291 1417 9 1418 9 1419 9 1419 9 1418 9 1420 9 1421 29 1422 29 1423 29 1423 29 1422 29 1424 29 1239 9 1425 9 1426 9 1426 39 1427 39 1424 39 1424 39 1427 39 1423 39 1217 29 1428 29 1429 29 1430 39 1428 39 1420 39 1420 39 1428 39 1419 39 1431 149 1432 149 1362 149 1358 149 1433 149 1214 149 1214 149 1433 149 1434 149 1214 149 1434 149 1431 149 1214 149 1431 149 1250 149 1250 149 1431 149 1362 149 1362 39 1432 39 1435 39 1436 39 1437 39 1358 39 1362 39 1435 39 1438 39 1438 39 1435 39 1361 39 1361 39 1435 39 1360 39 1435 39 1437 39 1360 39 1360 39 1437 39 1436 39 1373 141 1439 141 1234 141 1234 141 1439 141 1440 141 1441 141 1378 141 1442 141 1442 141 1378 141 1230 141 1442 141 1230 141 1440 141 1440 141 1230 141 1234 141 1378 39 1441 39 1443 39 1444 39 1445 39 1373 39 1378 39 1443 39 1446 39 1446 39 1443 39 1377 39 1377 39 1443 39 1375 39 1443 39 1445 39 1375 39 1375 39 1445 39 1444 39 1447 9 1440 9 1448 9 1448 9 1440 9 1439 9 1449 29 1441 29 1450 29 1450 29 1441 29 1442 29 1451 141 1452 141 1443 141 1443 141 1452 141 1445 141 1453 39 1454 39 1452 39 1452 39 1454 39 1440 39 1442 39 1455 39 1451 39 1453 39 1456 39 1457 39 1458 39 1459 39 1455 39 1455 39 1459 39 1451 39 1440 39 1454 39 1460 39 1456 39 1461 39 1462 39 1462 39 1461 39 1463 39 1461 39 1456 39 1452 39 1461 39 1452 39 1451 39 1461 39 1451 39 1459 39 1456 39 1453 39 1452 39 1457 39 1460 39 1453 39 1460 39 1457 39 1440 39 1463 39 1440 39 1457 39 1463 39 1457 39 1462 39 1459 39 1458 39 1463 39 1463 39 1458 39 1440 39 1440 39 1458 39 1442 39 1442 39 1458 39 1455 39 1464 9 1432 9 1465 9 1465 9 1432 9 1431 9 1466 149 1467 149 1435 149 1435 149 1467 149 1437 149 1468 29 1434 29 1469 29 1469 29 1434 29 1433 29 1467 39 1470 39 1471 39 1467 39 1471 39 1434 39 1431 39 1472 39 1466 39 1434 39 1471 39 1470 39 1470 39 1473 39 1434 39 1472 39 1474 39 1466 39 1475 39 1476 39 1477 39 1475 39 1478 39 1476 39 1476 39 1478 39 1431 39 1476 39 1431 39 1434 39 1476 39 1434 39 1473 39 1474 39 1478 39 1466 39 1474 39 1472 39 1478 39 1478 39 1472 39 1431 39 1477 39 1466 39 1478 39 1477 39 1478 39 1475 39 1470 39 1467 39 1466 39 1470 39 1466 39 1477 39 1470 39 1477 39 1473 39 1369 9 1243 9 1367 9 1367 9 1243 9 1479 9 1248 9 1367 9 1480 9 1480 9 1367 9 1479 9 1369 39 1367 39 1366 39 1366 39 1156 39 1369 39 1369 39 1156 39 1368 39 1369 39 1368 39 1154 39 1388 29 1207 29 1384 29 1384 29 1207 29 1481 29 1225 29 1384 29 1482 29 1482 29 1384 29 1481 29 1389 39 1388 39 1386 39 1386 39 1388 39 1384 39 1386 39 1384 39 1387 39 1387 39 1384 39 1383 39 1357 292 1356 292 1483 292 1483 292 1356 292 1211 292 1483 293 1211 293 1484 293 1484 293 1211 293 1485 293 1484 294 1485 294 1486 294 1486 294 1485 294 1487 294 1486 295 1487 295 1265 295 1265 295 1487 295 1202 295 1385 296 1221 296 1488 296 1488 296 1221 296 1489 296 1488 297 1489 297 1296 297 1296 297 1489 297 1490 297 1296 298 1490 298 1491 298 1491 298 1490 298 1229 298 1491 299 1229 299 1382 299 1382 299 1229 299 1381 299 1372 300 1371 300 1492 300 1492 300 1371 300 1493 300 1492 301 1493 301 1287 301 1287 301 1493 301 1494 301 1287 302 1494 302 1495 302 1495 302 1494 302 1496 302 1495 303 1496 303 1370 303 1370 303 1496 303 1238 303 1279 304 1247 304 1497 304 1497 304 1247 304 1498 304 1497 305 1498 305 1499 305 1499 305 1498 305 1500 305 1499 306 1500 306 1501 306 1501 306 1500 306 1246 306 1501 307 1246 307 1275 307 1275 307 1246 307 1365 307 1502 308 1387 308 1383 308 1503 309 1389 309 1386 309 1034 264 1154 264 1368 264 1038 310 1156 310 1366 310 1504 311 1505 311 1506 311 1504 312 1506 312 1507 312 1507 313 1506 313 1508 313 1507 314 1508 314 1509 314 1510 19 1511 19 1512 19 1512 19 1511 19 1513 19 1512 19 1513 19 1514 19 1515 19 1516 19 1517 19 1517 19 1516 19 1518 19 1519 19 1520 19 1521 19 1521 19 1520 19 1522 19 1521 19 1522 19 1523 19 1514 19 1513 19 1524 19 1514 19 1524 19 1525 19 1514 19 1525 19 1515 19 1515 19 1525 19 1516 19 1523 19 1522 19 1526 19 1523 19 1526 19 1527 19 1527 19 1526 19 1517 19 1527 19 1517 19 1518 19 1267 9 1300 9 1503 9 1503 9 1300 9 1528 9 1301 149 1529 149 1502 149 1502 149 1529 149 1530 149 1531 141 1532 141 1266 141 1266 141 1532 141 1533 141 1534 141 1535 141 1536 141 1537 149 1538 149 1539 149 1540 315 1541 315 1542 315 1540 315 1542 315 1543 315 1543 316 1542 316 1544 316 1543 316 1544 316 1545 316 1545 317 1544 317 1546 317 1545 317 1546 317 1547 317 1547 318 1546 318 1548 318 1547 318 1548 318 1549 318 1549 319 1548 319 1550 319 1549 319 1550 319 1551 319 1551 320 1550 320 1520 320 1551 321 1520 321 1552 321 1536 19 1553 19 1554 19 1554 19 1555 19 1556 19 1557 19 1534 19 1536 19 1558 19 1559 19 1555 19 1555 19 1559 19 1560 19 1555 19 1560 19 1561 19 1554 19 1562 19 1555 19 1558 19 1562 19 1538 19 1538 19 1562 19 1563 19 1557 19 1564 19 1534 19 1534 19 1564 19 1528 19 1528 19 1564 19 1503 19 1503 19 1564 19 1559 19 1503 19 1559 19 1558 19 1555 19 1562 19 1558 19 1565 19 1563 19 1554 19 1565 19 1554 19 1553 19 1538 19 1563 19 1565 19 1554 19 1556 19 1536 19 1536 19 1556 19 1561 19 1561 19 1560 19 1557 19 1561 19 1557 19 1536 19 1566 322 1510 322 1567 322 1566 323 1567 323 1568 323 1568 324 1567 324 1569 324 1568 324 1569 324 1570 324 1570 325 1569 325 1571 325 1570 325 1571 325 1572 325 1572 326 1571 326 1573 326 1572 326 1573 326 1574 326 1574 327 1573 327 1575 327 1574 327 1575 327 1576 327 1576 328 1575 328 1577 328 1576 328 1577 328 1578 328 1579 329 1519 329 1580 329 1580 330 1519 330 1581 330 1580 331 1581 331 1582 331 1582 331 1581 331 1583 331 1582 332 1583 332 1584 332 1584 332 1583 332 1585 332 1584 333 1585 333 1586 333 1586 333 1585 333 1587 333 1586 334 1587 334 1588 334 1588 334 1587 334 1527 334 1588 335 1527 335 1589 335 1589 335 1527 335 1590 335 1589 336 1590 336 1591 336 1591 336 1590 336 1592 336 1591 337 1592 337 1593 337 1593 338 1592 338 1594 338 1593 339 1594 339 1595 339 1595 340 1594 340 1596 340 1595 341 1596 341 1597 341 1597 341 1596 341 1598 341 1597 342 1598 342 1599 342 1599 342 1598 342 1600 342 1599 343 1600 343 1601 343 1601 343 1600 343 1524 343 1601 344 1524 344 1602 344 1602 344 1524 344 1603 344 1602 345 1603 345 1604 345 1604 345 1603 345 1605 345 1604 346 1605 346 1606 346 1606 346 1605 346 1607 346 1606 347 1607 347 1608 347 1608 348 1607 348 1511 348 1609 349 1608 349 1510 349 1510 350 1608 350 1511 350 1579 351 1552 351 1519 351 1519 351 1552 351 1520 351 1300 39 1610 39 1301 39 1533 39 1611 39 1266 39 1611 39 1612 39 1266 39 1266 39 1612 39 1267 39 1267 39 1612 39 1300 39 1300 39 1612 39 1610 39 1613 39 1614 39 1615 39 1616 39 1617 39 1618 39 1618 39 1617 39 1619 39 1529 39 1615 39 1614 39 1617 39 1620 39 1621 39 1617 39 1621 39 1595 39 1617 39 1595 39 1615 39 1301 39 1622 39 1618 39 1608 39 1566 39 1623 39 1608 39 1623 39 1624 39 1624 39 1623 39 1572 39 1624 39 1572 39 1625 39 1625 39 1572 39 1613 39 1625 39 1613 39 1595 39 1533 39 1626 39 1611 39 1611 39 1626 39 1622 39 1611 39 1622 39 1301 39 1611 39 1301 39 1610 39 1615 39 1595 39 1613 39 1626 39 1533 39 1616 39 1616 39 1533 39 1627 39 1617 39 1616 39 1620 39 1620 39 1616 39 1627 39 1620 39 1627 39 1628 39 1301 39 1618 39 1619 39 1301 39 1619 39 1529 39 1529 39 1619 39 1615 39 1552 39 1579 39 1629 39 1629 39 1579 39 1628 39 1629 39 1628 39 1545 39 1545 39 1628 39 1627 39 1630 352 1517 352 1539 352 1631 353 1515 353 1517 353 1531 354 1537 354 1532 354 1532 355 1537 355 1539 355 1532 356 1539 356 1517 356 1630 353 1631 353 1517 353 1535 357 1632 357 1502 357 1515 358 1631 358 1530 358 1530 359 1631 359 1535 359 1530 360 1535 360 1502 360 1532 361 1633 361 1533 361 1533 362 1633 362 1634 362 1633 363 1635 363 1634 363 1634 364 1635 364 1517 364 1634 365 1517 365 1636 365 1636 366 1637 366 1540 366 1540 366 1637 366 1541 366 1614 367 1578 367 1577 367 1530 368 1529 368 1638 368 1638 369 1529 369 1639 369 1577 367 1640 367 1614 367 1614 370 1515 370 1639 370 1639 371 1515 371 1641 371 1639 372 1641 372 1638 372 1503 309 1531 309 1389 309 1642 373 1387 373 1502 373 1643 149 1644 149 1645 149 1645 149 1644 149 1646 149 1647 19 1648 19 1649 19 1650 19 1651 19 1652 19 1652 19 1651 19 1648 19 1652 19 1648 19 1647 19 1653 19 1654 19 1655 19 1655 19 1654 19 1651 19 1655 19 1651 19 1656 19 1655 19 1656 19 1657 19 1658 19 1659 19 1656 19 1658 19 1656 19 1650 19 1650 19 1656 19 1651 19 1654 19 1653 19 1649 19 1649 19 1653 19 1655 19 1649 19 1655 19 1659 19 1659 19 1655 19 1657 19 1658 19 1647 19 1659 19 1659 19 1647 19 1649 19 1660 141 1661 141 1662 141 1662 141 1661 141 1663 141 1664 39 1665 39 1666 39 1666 39 1665 39 1667 39 1668 39 1669 39 1670 39 1668 39 1670 39 1671 39 1672 39 1664 39 1669 39 1672 39 1669 39 1668 39 1666 39 1667 39 1673 39 1666 39 1673 39 1674 39 1675 39 1665 39 1676 39 1676 39 1665 39 1664 39 1676 39 1664 39 1672 39 1674 39 1673 39 1677 39 1674 39 1677 39 1678 39 1675 39 1676 39 1679 39 1675 39 1679 39 1680 39 1675 39 1680 39 1677 39 1680 39 1671 39 1677 39 1677 39 1671 39 1678 39 1678 39 1671 39 1670 39 1651 9 1681 9 1648 9 1682 9 1648 9 1681 9 1683 29 1684 29 1685 29 1686 374 1687 374 1688 374 1689 375 1690 375 1691 375 1692 376 1693 376 1694 376 1692 376 1694 376 1695 376 1695 377 1694 377 1696 377 1695 377 1696 377 1697 377 1697 378 1696 378 1698 378 1697 378 1698 378 1699 378 1699 379 1698 379 1700 379 1699 379 1700 379 1701 379 1701 380 1700 380 1702 380 1701 380 1702 380 1703 380 1704 381 1705 381 1706 381 1704 381 1706 381 1707 381 1707 382 1706 382 1708 382 1707 382 1708 382 1709 382 1709 383 1708 383 1710 383 1709 383 1710 383 1711 383 1711 384 1710 384 1712 384 1711 384 1712 384 1713 384 1713 385 1712 385 1714 385 1713 385 1714 385 1715 385 1689 375 1691 375 1716 375 1716 386 1691 386 1717 386 1716 386 1717 386 1718 386 1718 387 1717 387 1719 387 1718 387 1719 387 1720 387 1720 388 1719 388 1721 388 1720 388 1721 388 1722 388 1722 389 1721 389 1723 389 1722 389 1723 389 1724 389 1686 374 1688 374 1725 374 1725 390 1688 390 1726 390 1725 390 1726 390 1727 390 1727 391 1726 391 1728 391 1727 391 1728 391 1729 391 1729 392 1728 392 1730 392 1729 392 1730 392 1731 392 1731 393 1730 393 1732 393 1731 393 1732 393 1733 393 1734 394 1735 394 1736 394 1736 394 1735 394 1737 394 1736 395 1737 395 1738 395 1738 395 1737 395 1739 395 1738 396 1739 396 1740 396 1740 396 1739 396 1741 396 1740 397 1741 397 1742 397 1742 397 1741 397 1743 397 1742 398 1743 398 1744 398 1744 398 1743 398 1745 398 1746 399 1747 399 1748 399 1748 399 1747 399 1749 399 1748 400 1749 400 1750 400 1750 400 1749 400 1751 400 1750 401 1751 401 1752 401 1752 401 1751 401 1753 401 1752 402 1753 402 1754 402 1754 402 1753 402 1755 402 1754 403 1755 403 1756 403 1756 403 1755 403 1757 403 1758 404 1759 404 1760 404 1760 404 1759 404 1761 404 1760 405 1761 405 1762 405 1762 405 1761 405 1763 405 1762 406 1763 406 1764 406 1764 406 1763 406 1765 406 1764 407 1765 407 1766 407 1766 407 1765 407 1767 407 1766 408 1767 408 1768 408 1768 408 1767 408 1769 408 1770 409 1771 409 1772 409 1772 409 1771 409 1773 409 1772 410 1773 410 1774 410 1774 410 1773 410 1775 410 1774 411 1775 411 1776 411 1776 411 1775 411 1777 411 1776 412 1777 412 1778 412 1778 412 1777 412 1779 412 1778 413 1779 413 1780 413 1780 413 1779 413 1781 413 1782 19 1783 19 1784 19 1785 19 1786 19 1787 19 1788 19 1789 19 1790 19 1790 19 1789 19 1791 19 1791 19 1792 19 1793 19 1794 19 1795 19 1796 19 1797 19 1793 19 1794 19 1798 19 1790 19 1797 19 1797 19 1790 19 1791 19 1797 19 1791 19 1793 19 1782 19 1799 19 1795 19 1799 19 1796 19 1795 19 1800 19 1801 19 1799 19 1800 19 1784 19 1802 19 1785 19 1803 19 1804 19 1803 19 1805 19 1804 19 1806 19 1807 19 1803 19 1806 19 1787 19 1808 19 1809 19 1810 19 1811 19 1812 19 1811 19 1810 19 1809 19 1813 19 1810 19 1813 19 1814 19 1815 19 1813 19 1816 19 1810 19 1815 19 1817 19 1788 19 1815 19 1788 19 1816 19 1814 19 1818 19 1817 19 1814 19 1817 19 1815 19 1789 19 1788 19 1817 19 1814 19 1813 19 1809 19 1814 19 1809 19 1819 19 1811 19 1812 19 1820 19 1812 19 1808 19 1821 19 1812 19 1821 19 1820 19 1787 19 1822 19 1821 19 1820 19 1821 19 1822 19 1820 19 1822 19 1823 19 1787 19 1786 19 1822 19 1806 19 1803 19 1785 19 1806 19 1785 19 1787 19 1805 19 1824 19 1804 19 1825 19 1804 19 1826 19 1826 19 1804 19 1824 19 1826 19 1824 19 1784 19 1784 19 1783 19 1826 19 1800 19 1799 19 1782 19 1800 19 1782 19 1784 19 1795 19 1794 19 1793 19 1795 19 1793 19 1827 19 1828 39 1829 39 1830 39 1828 39 1831 39 1832 39 1832 39 1831 39 1833 39 1830 39 1834 39 1828 39 1828 39 1834 39 1835 39 1836 39 1837 39 1834 39 1834 39 1837 39 1835 39 1838 39 1839 39 1840 39 1838 39 1841 39 1839 39 1839 39 1841 39 1836 39 1836 39 1841 39 1837 39 1837 39 1841 39 1838 39 1842 39 1843 39 1840 39 1844 39 1840 39 1843 39 1844 39 1843 39 1845 39 1845 39 1843 39 1842 39 1846 39 1847 39 1848 39 1848 39 1847 39 1845 39 1849 39 1847 39 1846 39 1849 39 1846 39 1850 39 1851 39 1850 39 1852 39 1853 39 1854 39 1855 39 1855 39 1854 39 1851 39 1856 39 1854 39 1853 39 1857 39 1858 39 1856 39 1856 39 1858 39 1859 39 1860 39 1833 39 1861 39 1860 39 1861 39 1858 39 1858 39 1861 39 1859 39 1861 39 1833 39 1831 39 1833 39 1860 39 1832 39 1862 39 1863 39 1857 39 1863 39 1860 39 1858 39 1860 39 1863 39 1862 39 1853 39 1864 39 1856 39 1864 39 1853 39 1865 39 1853 39 1855 39 1866 39 1853 39 1866 39 1865 39 1867 39 1866 39 1851 39 1851 39 1866 39 1855 39 1865 39 1866 39 1868 39 1867 39 1868 39 1866 39 1867 39 1846 39 1869 39 1869 39 1846 39 1848 39 1848 39 1870 39 1869 39 1842 39 1871 39 1848 39 1842 39 1848 39 1845 39 1870 39 1871 39 1842 39 1848 39 1871 39 1870 39 1836 39 1872 39 1839 39 1842 39 1839 39 1872 39 1842 39 1840 39 1839 39 1873 39 1874 39 1836 39 1836 39 1874 39 1872 39 1834 39 1873 39 1836 39 1828 39 1832 39 1829 39 1829 39 1832 39 1860 39 1873 39 1834 39 1830 39 1867 39 1852 39 1850 39 1867 39 1850 39 1846 39 1863 39 1858 39 1857 39 1864 39 1857 39 1856 39 1852 39 1867 39 1851 39 1875 19 1876 19 1877 19 1878 19 1879 19 1880 19 1881 19 1880 19 1876 19 1876 19 1875 19 1881 19 1877 19 1876 19 1879 19 1879 19 1876 19 1880 19 1882 19 1883 19 1884 19 1884 19 1885 19 1886 19 1883 19 1885 19 1884 19 1882 19 1884 19 1887 19 1882 19 1887 19 1888 19 1889 19 1888 19 1890 19 1884 19 1886 19 1887 19 1887 19 1886 19 1890 19 1891 19 1892 19 1893 19 1892 19 1700 19 1893 19 1891 19 1894 19 1892 19 1895 19 1700 19 1894 19 1894 19 1700 19 1892 19 1896 19 1897 19 1898 19 1897 19 1896 19 1899 19 1896 19 1898 19 1900 19 1901 19 1902 19 1900 19 1896 19 1900 19 1902 19 1896 19 1902 19 1899 19</p>
        </triangles>
      </mesh>
    </geometry>
  </library_geometries>
  <library_visual_scenes>
    <visual_scene id="DefaultScene">
      <node id="node_4b698528_3374_4d30_a29f_18856dac31e7" type="NODE">
        <matrix>1 0 0 0 0 1 0 0 0 0 1 0 0 0 0 1</matrix>
        <node id="node_05e4c971_7b9f_4d6b_8632_e25ffa0ad7df" type="NODE">
          <matrix>1 0 0 0 0 1 0 0 0 0 1 0 0 0 0 1</matrix>
          <node id="node_05e4c971_7b9f_4d6b_8632_e25ffa0ad7df_mesh0" type="NODE">
            <matrix>1 0 0 0 0 1 0 0 0 0 1 0 0 0 0 1</matrix>
            <instance_geometry url="#geometry_c0e2c9e7_e3cf_45fd_b7eb_a23bd2e63d2f">
              <bind_material>
                <technique_common>
                  <instance_material symbol="mat_0" target="#mat_0"/>
                </technique_common>
              </bind_material>
            </instance_geometry>
          </node>
        </node>
      </node>
    </visual_scene>
  </library_visual_scenes>
  <scene>
    <instance_visual_scene url="#DefaultScene"/>
  </scene>
</COLLADA>
