<?xml version="1.0" encoding="UTF-8"?>
<COLLADA xmlns="http://www.collada.org/2005/11/COLLADASchema" version="1.4.1">
<!--
# File generated by ImageToStl.com - Free Image and 3D model conversion tools
-->
  <asset>
    <contributor>
      <author>ImageToStl.com</author>
      <authoring_tool>ImageToStl.com</authoring_tool>
    </contributor>
    <created>2026-04-04T07:43:03</created>
    <modified>2026-04-04T07:43:03</modified>
    <up_axis>Z_UP</up_axis>
  </asset>
  <library_effects>
    <effect id="effect_0">
        <profile_COMMON>
          <technique sid="common">
            <phong>
              <diffuse>
                <color>0.85 0.85 0.85 1</color>
              </diffuse>
              <specular>
                <color>0.05 0.05 0.05 1</color>
              </specular>
              <shininess>
                <float>64</float>
              </shininess>
            </phong>
          </technique>
        </profile_COMMON>
    </effect>
  </library_effects>
  <library_materials>
    <material id="mat_0">
      <instance_effect url="#effect_0"/>
    </material>
  </library_materials>
  <library_geometries>
    <geometry id="geometry_bb155b63_6dd0_4380_a71e_93f8d3567b84">
      <mesh>
        <source id="pos_0">
          <float_array id="pos_0-array" count="6033">-0.01 -0.005 -0.03415 0.01 -0.005 -0.03415 -0.01 -0.005 -0.0285 0.01 -0.005 -0.0285 0.01298152 -0.005 -0.02537107 -0.0141315 -0.005 -0.02487303 -0.01876977 -0.005 -0.02534191 -0.01299131 -0.005 -0.01230603 -0.01633636 -0.005 -0.007558 0.0261 -0.005 -0.02350718 0.01624059 -0.005 -0.0075137 0.01158464 -0.005 -0.0136385 -0.02145 -0.005 0.0207 -0.01533302 -0.005 0.00922557 -0.01004215 -0.005 0.01481107 0.01792086 -0.005 -0.00048654 0.00478728 -0.005 -0.01724223 -0.01757917 -0.005 0.00386947 0.00666249 -0.005 0.01672158 0.02511529 -0.005 0.01583449 -0.00289501 -0.005 0.01765875 0.01158464 -0.005 0.0136385 0.01542343 -0.005 0.00927997 0.02867757 -0.005 -0.02592736 0.02735705 -0.005 -0.01970131 0.02517122 -0.005 -0.02803482 -0.00566318 -0.005 -0.01678098 0.02159945 -0.005 -0.00272981 0.02199567 -0.005 0.00543071 -0.02714832 -0.005 -0.02832938 -0.0261 -0.005 -0.02350718 -0.02958056 -0.005 -0.02503822 -0.02375359 -0.005 -0.01198305 -0.02375359 -0.005 0.01198305 -0.02635095 -0.005 0.02713789 -0.02615359 -0.005 0.02370718 -0.02958056 -0.005 0.02503822 0.01 -0.005 0.0285 0.01 -0.005 0.03415 -0.01 -0.005 0.03415 -0.01 -0.005 0.0285 -0.01490784 -0.005 0.0244449 0.01298152 -0.005 0.02537107 0.02540718 -0.005 0.02390718 0.02319413 -0.005 0.02774026 0.02714832 -0.005 0.02832938 0.02974263 -0.005 0.02538897 0.01808438 -0.002 -0.01145103 0.02560718 -0.002 -0.02385359 0.01026182 -0.002 -0.01921589 0.02905158 -0.002 -0.02489774 0.02317595 -0.002 -0.0107464 0.01374921 -0.002 -0.02492462 0.01 -0.002 -0.0285 0.02059633 -0.002 -0.02637001 0.02714832 -0.002 -0.02832938 -0.01026182 -0.002 0.01921589 -0.01374921 -0.002 0.02492462 -0.01 -0.002 0.0285 -0.02560718 -0.002 0.02385359 -0.02059633 -0.002 0.02637001 -0.02714832 -0.002 0.02832938 -0.01808438 -0.002 0.01145103 -0.02905158 -0.002 0.02489774 -0.02317595 -0.002 0.0107464 -0.01062027 -0.002 -0.01885075 -0.01 -0.002 -0.0285 -0.01414327 -0.002 -0.02454807 -0.01562328 -0.002 -0.0146316 -0.0257 -0.002 -0.02361436 -0.02958056 -0.002 -0.02503822 -0.02194704 -0.002 -0.00525319 -0.02517122 -0.002 -0.02803482 0.01414327 -0.002 0.02454807 0.02517122 -0.002 0.02803482 0.0257 -0.002 0.02361436 0.01062027 -0.002 0.01885075 0.01 -0.002 0.0285 0.01562328 -0.002 0.0146316 0.02958056 -0.002 0.02503822 0.02194704 -0.002 0.00525319 -0.01 0.005 0.03415 -0.01 -0.002 0.0202052 -0.01 0.005 0.0202052 0.01 -0.002 0.0202052 0.01 0.005 0.0202052 0.01 0.005 0.03415 0.01097872 0.005 0.01848561 0.01097872 -0.002 0.01848561 0.01424268 -0.002 0.01610577 0.01424268 0.005 0.01610577 0.01700389 -0.002 0.01315742 0.01700389 0.005 0.01315742 0.01916487 -0.002 0.00974463 0.01916487 0.005 0.00974463 0.02064935 -0.002 0.00598786 0.02064935 0.005 0.00598786 0.02140492 -0.002 0.00201972 0.02140492 0.005 0.00201972 0.0215 -0.002 0 0.02140492 0.005 -0.00201972 0.02140492 -0.002 -0.00201972 0.02064935 -0.002 -0.00598786 0.02064935 0.005 -0.00598786 0.01916487 -0.002 -0.00974463 0.01916487 0.005 -0.00974463 0.01700389 -0.002 -0.01315742 0.01700389 0.005 -0.01315742 0.01424268 -0.002 -0.01610577 0.01424268 0.005 -0.01610577 0.01097872 -0.002 -0.01848561 0.01097872 0.005 -0.01848561 -0.01097872 0.005 -0.01848561 -0.01097872 -0.002 -0.01848561 -0.01424268 -0.002 -0.01610577 -0.01424268 0.005 -0.01610577 -0.01700389 -0.002 -0.01315742 -0.01700389 0.005 -0.01315742 -0.01916487 -0.002 -0.00974463 -0.01916487 0.005 -0.00974463 -0.02064935 -0.002 -0.00598786 -0.02064935 0.005 -0.00598786 -0.02140492 -0.002 -0.00201972 -0.02140492 0.005 -0.00201972 -0.0215 -0.002 0 -0.02140492 0.005 0.00201972 -0.02140492 -0.002 0.00201972 -0.02064935 -0.002 0.00598786 -0.02064935 0.005 0.00598786 -0.01916487 -0.002 0.00974463 -0.01916487 0.005 0.00974463 -0.01700389 -0.002 0.01315742 -0.01700389 0.005 0.01315742 -0.01424268 -0.002 0.01610577 -0.01424268 0.005 0.01610577 -0.01097872 -0.002 0.01848561 -0.01097872 0.005 0.01848561 -0.018 0.005 0 -0.018 -0.005 0 -0.01757917 0.005 -0.00386947 -0.01757917 -0.005 -0.00386947 -0.01633636 0.005 -0.007558 -0.01432968 0.005 -0.01089314 -0.01432968 -0.005 -0.01089314 -0.01165295 0.005 -0.01371892 -0.01165295 -0.005 -0.01371892 -0.00843135 0.005 -0.01590322 -0.00843135 -0.005 -0.01590322 -0.00481551 0.005 -0.0173439 -0.00481551 -0.005 -0.0173439 -0.0009745 0.005 -0.0179736 -0.0009745 -0.005 -0.0179736 0.00291208 0.005 -0.01776288 0.00291208 -0.005 -0.01776288 0.00666249 0.005 -0.01672158 0.00666249 -0.005 -0.01672158 0.01010137 0.005 -0.0148984 0.01010137 -0.005 -0.0148984 0.01306792 0.005 -0.01237859 0.01306792 -0.005 -0.01237859 0.01542343 0.005 -0.00927997 0.01542343 -0.005 -0.00927997 0.01705776 0.005 -0.00574743 0.01705776 -0.005 -0.00574743 0.01789448 0.005 -0.00194614 0.01789448 -0.005 -0.00194614 0.01789448 0.005 0.00194614 0.01789448 -0.005 0.00194614 0.01705776 0.005 0.00574743 0.01705776 -0.005 0.00574743 0.01542343 0.005 0.00927997 0.01306792 0.005 0.01237859 0.01306792 -0.005 0.01237859 0.01010137 0.005 0.0148984 0.01010137 -0.005 0.0148984 0.00666249 0.005 0.01672158 0.00291208 0.005 0.01776288 0.00291208 -0.005 0.01776288 -0.0009745 0.005 0.0179736 -0.0009745 -0.005 0.0179736 -0.00481551 0.005 0.0173439 -0.00481551 -0.005 0.0173439 -0.00843135 0.005 0.01590322 -0.00843135 -0.005 0.01590322 -0.01165295 0.005 0.01371892 -0.01165295 -0.005 0.01371892 -0.01432968 0.005 0.01089314 -0.01432968 -0.005 0.01089314 -0.01633636 0.005 0.007558 -0.01633636 -0.005 0.007558 -0.01757917 0.005 0.00386947 -0.01071133 0.005 -0.01410462 0.00478728 0.005 -0.01724223 0.01013091 0.005 -0.01971054 0.01158464 0.005 -0.0136385 0.01808438 0.005 -0.01145103 -0.01013091 0.005 0.01971054 0.01424567 0.005 0.01082928 0.00744432 0.005 0.01607032 0.02102714 0.005 -0.00400379 0.02102714 0.005 0.00400379 -0.00566318 0.005 0.01678098 0.01747612 0.005 0.00384679 0.01808438 0.005 0.01145103 0.01 0.005 -0.03415 -0.01 0.005 -0.03415 -0.01013091 0.005 -0.01971054 -0.01695776 0.005 -0.00571374 -0.020096 0.005 -0.00687421 -0.01706297 0.005 0.00474637 -0.02102714 0.005 0.00400379 -0.01808438 0.005 0.01145103 -0.01299131 0.005 0.01230603 0.00696094 0.0002811 0.03415 -0.00689328 -0.00010672 0.03415 0.00045466 -0.00169683 0.03415 -0.00188899 0.0002625 0.03415 -0.0066875 0.00116627 0.03415 -0.01 -0.002 -0.0202052 -0.01 0.005 -0.0202052 0.01 -0.002 -0.0202052 0.01 0.005 -0.0202052 -0.00733063 -0.00020297 -0.03415 0.00771845 7.813E-05 -0.03415 0.0014695 0.00077808 -0.03415 -0.00097966 0.0013125 -0.03415 -0.00143433 -0.00143433 -0.03415 0.00604718 -0.00021344 -0.03415 0.0277641 -0.005 0.02075459 0.02627057 -0.002 0.01830778 0.02927465 -0.002 0.02286662 0.00150874 -0.00164385 0.04015 0.00109839 -0.00783493 0.04015 -0.0008726 -0.00674385 0.04015 0.00056319 -0.01286286 0.04015 0.00437335 -0.01129644 0.04015 0.00847281 -0.00883352 0.04015 0.00100716 0.00603208 0.04015 -0.00108585 0.00713898 0.04015 -0.00535366 0.01163308 0.04015 0.00023659 0.01303132 0.04015 0.00500023 0.01178931 0.04015 0.00843656 0.00899541 0.04015 -0.00269969 -4.074E-05 0.04015 0.01035809 0.00599668 0.04015 0.01156967 -0.00186052 0.04015 0.01341553 0.00294181 0.04015 -0.00444447 -0.0115409 0.04015 -0.008491 -0.00985333 0.04015 -0.01004005 -0.00665701 0.04015 0.00047738 0.00260474 0.04015 -0.01086304 0.00559819 0.04015 -0.00756835 0.0087481 0.04015 0.01152393 -0.0060805 0.04015 -0.01224492 -0.00146797 0.04015 -0.01237412 0.00138888 0.04015 0.00098859 0.00798729 0.04815 0.01014902 0.01136419 0.04815 0.00102897 0.0152016 0.04815 0.00148716 -0.01516363 0.04815 0.01048727 -0.0110528 0.04815 -0.00020339 -0.00833961 0.04815 0.00146849 -0.00681281 0.04815 -0.00139729 0.00786231 0.04815 -0.00852501 0.01262821 0.04815 -0.00814012 -0.01287967 0.04815 -0.00094013 -0.00462085 0.04815 -0.01433455 -0.0051641 0.04815 0.01498903 0.00273428 0.04815 -0.00269969 -4.074E-05 0.04815 0.00032578 0.00411656 0.04815 -0.01369466 0.00714618 0.04815 -0.01527301 0.00231233 0.04815 0.00258915 0.00055575 0.04815 0.01468411 -0.00479465 0.04815 0.00598963 -0.01257093 0.04715 0.00821391 -0.00898721 0.04715 0.01194202 -0.00775754 0.04715 -0.00982163 -0.0109976 0.04715 -0.00416449 -0.01186937 0.04715 -0.00099578 -0.01471122 0.04715 0.00982163 0.0109976 0.04715 0.0044543 0.01275339 0.04715 -0.00145909 0.01487739 0.04715 -0.01014897 0.01069626 0.04715 -0.01141232 0.00641081 0.04715 -0.01457875 0.00220722 0.04715 0.01362259 0.00381451 0.04715 0.01126377 0.00749956 0.04715 -0.00489084 0.01160783 0.04715 -0.01256964 -0.00278824 0.04715 -0.0128219 -0.00602781 0.04715 -0.00642213 -0.0095 0.00843732 0.0019729 -0.0095 0.01041824 0.00906239 -0.0095 0.00550501 0.00642213 -0.0095 -0.00843732 -0.0019729 -0.0095 -0.01041824 -0.00906239 -0.0095 -0.00550501 0.0043252 -0.0096 0.00789257 0.0043252 -0.052 0.00789257 0.00246049 -0.0096 0.00865713 0.00246049 -0.052 0.00865713 0.00047241 -0.0096 0.00898759 0.00047241 -0.052 0.00898759 -0.00153936 -0.0096 0.00886738 -0.00153936 -0.052 0.00886738 -0.00347394 -0.0096 0.00830251 -0.00347394 -0.052 0.00830251 -0.00523433 -0.0096 0.00732133 -0.00523433 -0.052 0.00732133 -0.00673224 -0.0096 0.00597302 -0.00673224 -0.052 0.00597302 -0.00789257 -0.0096 0.0043252 -0.00789257 -0.052 0.0043252 -0.00865713 -0.0096 0.00246049 -0.00865713 -0.052 0.00246049 -0.00898759 -0.0096 0.00047241 -0.00898759 -0.052 0.00047241 -0.00886738 -0.0096 -0.00153936 -0.00886738 -0.052 -0.00153936 -0.00830251 -0.0096 -0.00347394 -0.00830251 -0.052 -0.00347394 -0.00732133 -0.0096 -0.00523433 -0.00732133 -0.052 -0.00523433 -0.00597302 -0.0096 -0.00673224 -0.00597302 -0.052 -0.00673224 -0.0043252 -0.0096 -0.00789257 -0.0043252 -0.052 -0.00789257 0.01149903 -0.0125 -0.00183282 0.00964276 -0.0125 0.00629848 0.00236476 -0.0125 0.01127216 0.00480578 -0.0125 0.00876952 0.00480578 -0.052 0.00876952 0.00663669 -0.052 0.00748027 0.00663669 -0.0125 0.00748027 0.00813481 -0.052 0.00581592 0.00813481 -0.0125 0.00581592 0.00922501 -0.052 0.00385994 0.00922501 -0.0125 0.00385994 0.00985264 -0.052 0.0017104 0.00985264 -0.0125 0.0017104 0.00998621 -0.052 -0.0005249 0.00998621 -0.0125 -0.0005249 0.00961904 -0.052 -0.00273388 0.00961904 -0.0125 -0.00273388 0.00876952 -0.052 -0.00480578 0.00876952 -0.0125 -0.00480578 0.00748027 -0.052 -0.00663669 0.00748027 -0.0125 -0.00663669 0.00581592 -0.052 -0.00813481 0.00581592 -0.0125 -0.00813481 0.00385994 -0.052 -0.00922501 0.00385994 -0.0125 -0.00922501 0.0017104 -0.052 -0.00985264 0.0017104 -0.0125 -0.00985264 -0.0005249 -0.052 -0.00998621 -0.0005249 -0.0125 -0.00998621 -0.00273388 -0.052 -0.00961904 -0.00273388 -0.0125 -0.00961904 -0.00480578 -0.052 -0.00876952 -0.00480578 -0.0125 -0.00876952 -0.00246049 -0.0096 -0.00865713 -0.00246049 -0.052 -0.00865713 -0.00047241 -0.0096 -0.00898759 -0.00047241 -0.052 -0.00898759 0.00153936 -0.0096 -0.00886738 0.00153936 -0.052 -0.00886738 0.00347394 -0.0096 -0.00830251 0.00347394 -0.052 -0.00830251 0.00523433 -0.0096 -0.00732133 0.00523433 -0.052 -0.00732133 0.00673224 -0.0096 -0.00597302 0.00673224 -0.052 -0.00597302 0.00789257 -0.0096 -0.0043252 0.00789257 -0.052 -0.0043252 0.00865713 -0.0096 -0.00246049 0.00865713 -0.052 -0.00246049 0.00898759 -0.0096 -0.00047241 0.00898759 -0.052 -0.00047241 0.00886738 -0.0096 0.00153936 0.00886738 -0.052 0.00153936 0.00830251 -0.0096 0.00347394 0.00830251 -0.052 0.00347394 0.00732133 -0.0096 0.00523433 0.00732133 -0.052 0.00523433 0.00597302 -0.0096 0.00673224 0.00597302 -0.052 0.00673224 -0.00663669 -0.052 -0.00748027 -0.00663669 -0.0125 -0.00748027 -0.00813481 -0.052 -0.00581592 -0.00813481 -0.0125 -0.00581592 -0.00922501 -0.052 -0.00385994 -0.00922501 -0.0125 -0.00385994 -0.00985264 -0.052 -0.0017104 -0.00985264 -0.0125 -0.0017104 -0.00998621 -0.052 0.0005249 -0.00998621 -0.0125 0.0005249 -0.00961904 -0.052 0.00273388 -0.00961904 -0.0125 0.00273388 -0.00876952 -0.052 0.00480578 -0.00876952 -0.0125 0.00480578 -0.00748027 -0.052 0.00663669 -0.00748027 -0.0125 0.00663669 -0.00581592 -0.052 0.00813481 -0.00581592 -0.0125 0.00813481 -0.00385994 -0.052 0.00922501 -0.00385994 -0.0125 0.00922501 -0.0017104 -0.052 0.00985264 -0.0017104 -0.0125 0.00985264 0.0005249 -0.052 0.00998621 0.0005249 -0.0125 0.00998621 0.00273388 -0.052 0.00961904 0.00273388 -0.0125 0.00961904 -0.02555 -0.0484 0.01405 -0.02955 -0.0484 0.01405 -0.02555 -0.0484 0.00705 -0.02955 -0.0484 0.00705 -0.02555 -0.0441 0.01405 -0.02955 -0.0441 0.01405 -0.02555 -0.0441 0.00705 -0.02955 -0.0441 0.00705 0.00475 -0.0433 0.00822724 0.00475 -0.0507 0.00822724 0.00197516 -0.0433 0.0092924 0.00197516 -0.0507 0.0092924 -0.00099302 -0.0433 0.00944796 -0.00099302 -0.0507 0.00944796 -0.003864 -0.0433 0.00867868 -0.003864 -0.0507 0.00867868 -0.00635674 -0.0433 0.00705988 -0.00635674 -0.0507 0.00705988 -0.00822724 -0.0433 0.00475 -0.00822724 -0.0507 0.00475 -0.0092924 -0.0433 0.00197516 -0.0092924 -0.0507 0.00197516 -0.00944796 -0.0433 -0.00099302 -0.00944796 -0.0507 -0.00099302 -0.00906332 -0.0507 -0.00242851 -0.00867868 -0.0433 -0.003864 -0.00867868 -0.0507 -0.003864 -0.00705988 -0.0433 -0.00635674 -0.00705988 -0.0507 -0.00635674 -0.00475 -0.0433 -0.00822724 -0.00475 -0.0507 -0.00822724 -0.00597854 -0.0418 -0.00738289 -0.00597854 -0.01667 -0.00738289 -0.00796737 -0.0418 -0.00517407 -0.00796737 -0.01667 -0.00517407 -0.0091763 -0.0418 -0.00245878 -0.0091763 -0.01667 -0.00245878 -0.00948698 -0.0418 0.00049719 -0.00948698 -0.01667 0.00049719 -0.00886901 -0.0418 0.0034045 -0.00886901 -0.01667 0.0034045 -0.00738289 -0.0418 0.00597854 -0.00738289 -0.01667 0.00597854 -0.00517407 -0.0418 0.00796737 -0.00517407 -0.01667 0.00796737 -0.00245878 -0.0418 0.0091763 -0.00245878 -0.01667 0.0091763 0.00049719 -0.0418 0.00948698 0.00049719 -0.01667 0.00948698 0.0034045 -0.0418 0.00886901 0.0034045 -0.01667 0.00886901 0.02533657 -0.0418 -0.01170149 0.02533657 -0.01667 -0.01170149 0.02703522 -0.01667 -0.00692558 0.02280208 -0.01667 -0.01609137 0.01951534 -0.0418 -0.0199504 0.01951534 -0.01667 -0.0199504 0.0155848 -0.0418 -0.02315126 0.0155848 -0.01667 -0.02315126 0.01114012 -0.0418 -0.02558837 0.01114012 -0.01667 -0.02558837 0.00632792 -0.0418 -0.02718132 0.00632792 -0.01667 -0.02718132 0.00130697 -0.0418 -0.02787757 0.00130697 -0.01667 -0.02787757 -0.00375709 -0.0418 -0.02765413 -0.00375709 -0.01667 -0.02765413 -0.00869722 -0.0418 -0.0265184 -0.00869722 -0.01667 -0.0265184 -0.01335042 -0.0418 -0.02450782 -0.01335042 -0.01667 -0.02450782 0.0241692 -0.01667 -0.01395409 0.0241692 -0.0418 -0.01395409 0.02280208 -0.0418 -0.01609137 0.02784198 -0.01667 -0.0019212 0.02740711 -0.0418 -0.00526471 0.02703522 -0.0418 -0.00692558 0.01454919 -0.01667 0.02381571 0.01454919 -0.0418 0.02381571 0.018617 -0.0418 0.02079121 0.018617 -0.01667 0.02079121 0.02207064 -0.0418 0.01708081 0.02207064 -0.01667 0.01708081 0.02479617 -0.0418 0.01280691 0.02479617 -0.01667 0.01280691 0.02670368 -0.0418 0.00811052 0.02670368 -0.01667 0.00811052 0.02773024 -0.0418 0.00314656 0.02773024 -0.01667 0.00314656 0.02784198 -0.0418 -0.0019212 0.0275549 -0.0418 -0.00442658 0.03015471 -0.052 -0.01424487 0.0320809 -0.0409 -0.00911255 0.0320809 -0.052 -0.00911255 0.0331403 -0.0409 -0.00373402 0.0331403 -0.052 -0.00373402 0.0333043 -0.0409 0.0017454 0.0333043 -0.052 0.0017454 0.03256845 -0.0409 0.00717766 0.03256845 -0.052 0.00717766 0.03095263 -0.0409 0.01241599 0.03095263 -0.052 0.01241599 0.02850052 -0.0409 0.01731886 0.02850052 -0.052 0.01731886 0.02527836 -0.0409 0.02175379 0.02527836 -0.052 0.02175379 0.0213732 -0.0409 0.02560095 0.0213732 -0.052 0.02560095 0.01689057 -0.0409 0.02875641 0.01689057 -0.052 0.02875641 -0.0164585 -0.052 -0.02900587 -0.0164585 -0.0409 -0.02900587 -0.01148447 -0.0409 -0.03131021 -0.01148447 -0.052 -0.03131021 -0.00620015 -0.0409 -0.03276859 -0.00620015 -0.052 -0.03276859 -0.00074831 -0.0409 -0.03334161 -0.00074831 -0.052 -0.03334161 0.00472375 -0.0409 -0.03301376 0.00472375 -0.052 -0.03301376 0.01006818 -0.0409 -0.03179393 0.01006818 -0.052 -0.03179393 0.01514058 -0.0409 -0.02971507 0.01514058 -0.052 -0.02971507 0.0198039 -0.0409 -0.02683334 0.0198039 -0.052 -0.02683334 0.02393214 -0.0409 -0.0232266 0.02393214 -0.052 -0.0232266 0.02741377 -0.0409 -0.01899231 0.02741377 -0.052 -0.01899231 0.02888195 -0.0409 -0.016675 0.03015471 -0.0409 -0.01424487 0.02090622 -0.0527 -0.00165622 0.01985622 -0.0527 0.00226244 0.01698756 -0.0527 -0.00060622 -0.02855 -0.0515 -0.01471405 -0.02855 -0.0471 -0.01335351 -0.02855 -0.0484 -0.006 -0.02855 -0.0515 0.01471405 -0.02855 -0.0484 0.006 -0.02855 -0.0484 0.01415 -0.009975 -0.0527 -0.01536477 -0.01040622 -0.0527 -0.01828032 -0.00736256 -0.0527 -0.01606477 -0.00801567 -0.0527 0.01745221 -0.01093122 -0.0527 0.01702099 -0.01023122 -0.0527 0.01440855 -0.02741377 -0.0409 0.01899231 -0.02702886 -0.0468 0.0195362 -0.02393214 -0.0409 0.0232266 -0.02956193 -0.04313079 0.01543745 -0.0276992 -0.04683091 0.01857354 -0.02850052 -0.052 -0.01731886 -0.02850052 -0.0409 -0.01731886 -0.02527836 -0.0409 -0.02175379 -0.02527836 -0.052 -0.02175379 -0.0213732 -0.0409 -0.02560095 -0.0213732 -0.052 -0.02560095 -0.01689057 -0.0409 -0.02875641 -0.01689057 -0.052 -0.02875641 0.0164585 -0.052 0.02900587 0.0164585 -0.0409 0.02900587 0.01148447 -0.0409 0.03131021 0.01148447 -0.052 0.03131021 0.00620015 -0.0409 0.03276859 0.00620015 -0.052 0.03276859 0.00074831 -0.0409 0.03334161 0.00074831 -0.052 0.03334161 -0.00472375 -0.0409 0.03301376 -0.00472375 -0.052 0.03301376 -0.01006818 -0.0409 0.03179393 -0.01006818 -0.052 0.03179393 -0.01514058 -0.0409 0.02971507 -0.01514058 -0.052 0.02971507 -0.0198039 -0.0409 0.02683334 -0.0198039 -0.052 0.02683334 -0.02393214 -0.052 0.0232266 -0.0267379 -0.04720886 0.01993256 -0.02467433 -0.0507 -0.0187664 -0.02684679 -0.0507 0.0155 -0.02490433 -0.0507 0.01865897 -0.02684679 -0.0507 -0.0155 -0.00103497 -0.053 -0.01083873 -0.011075 -0.053 -0.01415951 -0.00754713 -0.053 -0.01828923 -0.01134037 -0.053 -0.01838636 0.00976629 -0.053 -0.03084059 0.00814833 -0.053 -0.01931333 0.01088067 -0.053 -0.01280437 0.01725 -0.053 -0.0034641 0.01069117 -0.053 -0.00024259 0.00638063 -0.053 -0.00896034 -0.01170287 -0.053 0.01505275 -0.03018473 -0.053 0.01132852 -0.00720925 -0.053 0.00756084 -0.00790963 -0.053 0.01495562 -0.008175 -0.053 0.01918246 0.00857718 -0.053 0.0310787 0.00072587 -0.053 0.03234186 -0.00673054 -0.053 -0.00855857 0.00103497 -0.053 0.01083873 -0.01080122 -0.053 -0.00208176 0.02190248 -0.053 0.00285869 0.02883523 -0.053 0.01442163 0.01954892 -0.053 0.00398882 0.02262636 -0.053 0.0229674 0.01617455 -0.053 0.02801514 0.028475 -0.053 0.00195933 0.03155296 -0.053 -0.00154853 0.03194878 -0.053 0.00432776 0.01694834 -0.053 -0.0274264 0.02707684 -0.053 -0.01714711 -0.00601424 -0.053 -0.03178602 -0.01600466 -0.053 -0.02394291 -0.01299534 -0.053 -0.02628656 -0.02452038 -0.053 -0.0211015 -0.01617455 -0.053 -0.02801514 -0.0308082 -0.053 -0.00950307 -0.01222644 -0.053 0.02983233 -0.02490315 -0.053 0.02047649 -0.01577733 -0.053 0.02426632 -0.01306567 -0.053 0.02654906 -0.03222613 -0.053 0.00096449 0.02981099 -0.0418 -0.00807154 0.02750322 -0.0418 -0.00135059 0.03078273 -0.0418 0.00250376 0.02811476 -0.0418 0.01278301 0.02574992 -0.0418 0.01045872 0.02212254 -0.0418 0.02155083 0.01714681 -0.0418 0.02154889 0.01155019 -0.0418 0.02838879 0.00622716 -0.0418 0.02708627 -0.00298696 -0.0418 0.0307396 -0.00381745 -0.0418 0.02752945 -0.01322304 -0.0418 0.0279105 -0.01336246 -0.0418 0.02436982 -0.02189565 -0.0418 0.02178131 -0.02115871 -0.0418 0.01802088 -0.02924471 -0.0418 0.00928318 -0.02703522 -0.0418 0.00692558 -0.03078273 -0.0418 -0.00250376 -0.02778611 -0.0418 -0.00061268 -0.02811476 -0.0418 -0.01278301 -0.02574992 -0.0418 -0.01045872 -0.02212254 -0.0418 -0.02155083 -0.01714681 -0.0418 -0.02154889 -0.01155019 -0.0418 -0.02838879 -0.00622716 -0.0418 -0.02708627 0.00298696 -0.0418 -0.0307396 0.00381745 -0.0418 -0.02752945 0.01322304 -0.0418 -0.0279105 0.01336246 -0.0418 -0.02436982 0.02437122 -0.0418 -0.01864065 0.02179233 -0.0418 -0.01692341 0.01335042 -0.0418 0.02450782 0.01335042 -0.01667 0.02450782 0.00869722 -0.01667 0.0265184 0.00869722 -0.0418 0.0265184 0.00375709 -0.01667 0.02765413 0.00375709 -0.0418 0.02765413 -0.00130697 -0.01667 0.02787757 -0.00130697 -0.0418 0.02787757 -0.00632792 -0.01667 0.02718132 -0.00632792 -0.0418 0.02718132 -0.01114012 -0.01667 0.02558837 -0.01114012 -0.0418 0.02558837 -0.0155848 -0.01667 0.02315126 -0.0155848 -0.0418 0.02315126 -0.01951534 -0.01667 0.0199504 -0.01951534 -0.0418 0.0199504 -0.02280208 -0.01667 0.01609137 -0.02280208 -0.0418 0.01609137 -0.0241692 -0.0418 0.01395409 -0.0241692 -0.01667 0.01395409 -0.02533657 -0.0418 0.01170149 -0.02533657 -0.01667 0.01170149 -0.02703522 -0.01667 0.00692558 -0.02784198 -0.01667 0.0019212 -0.02784198 -0.0418 0.0019212 -0.02773024 -0.01667 -0.00314656 -0.02773024 -0.0418 -0.00314656 -0.02670368 -0.01667 -0.00811052 -0.02670368 -0.0418 -0.00811052 -0.02479617 -0.01667 -0.01280691 -0.02479617 -0.0418 -0.01280691 -0.02207064 -0.01667 -0.01708081 -0.02207064 -0.0418 -0.01708081 -0.018617 -0.01667 -0.02079121 -0.018617 -0.0418 -0.02079121 -0.01454919 -0.01667 -0.02381571 -0.01454919 -0.0418 -0.02381571 0.00738289 -0.01667 -0.00597854 0.00948698 -0.01667 -0.00049719 0.00857183 -0.01667 0.00381643 0.02778611 -0.01667 0.00061268 0.02574992 -0.01667 0.01045872 -0.00857183 -0.01667 -0.00381643 -0.02778611 -0.01667 -0.00061268 -0.00381643 -0.01667 0.00857183 -0.00381745 -0.01667 0.02752945 0.00622716 -0.01667 0.02708627 -0.02574992 -0.01667 -0.01045872 0.01755007 -0.01667 -0.02155083 0.00381643 -0.01667 -0.00857183 0.00381745 -0.01667 -0.02752945 -0.00049719 -0.01667 -0.00948698 -0.00622716 -0.01667 -0.02708627 0.0139498 -0.01667 0.02416177 0.00597854 -0.01667 0.00738289 -0.01755007 -0.01667 0.02155083 0.02034382 -0.01667 0.01893601 -0.0139498 -0.01667 -0.02416177 -0.02034382 -0.01667 -0.01893601 0.00597854 -0.0418 0.00738289 0.00796737 -0.0418 0.00517407 0.00796737 -0.01667 0.00517407 0.0091763 -0.0418 0.00245878 0.0091763 -0.01667 0.00245878 0.00948698 -0.0418 -0.00049719 0.00886901 -0.0418 -0.0034045 0.00886901 -0.01667 -0.0034045 0.00738289 -0.0418 -0.00597854 0.00517407 -0.0418 -0.00796737 0.00517407 -0.01667 -0.00796737 0.00245878 -0.0418 -0.0091763 0.00245878 -0.01667 -0.0091763 -0.00049719 -0.0418 -0.00948698 -0.0034045 -0.0418 -0.00886901 -0.0034045 -0.01667 -0.00886901 0.01660616 -0.0418 -0.00104477 0.00727519 -0.0418 0.00559966 0.01533888 -0.0418 0.00644787 -0.01660616 -0.0418 0.00104477 -0.00727519 -0.0418 -0.00559966 -0.01533888 -0.0418 -0.00644787 -0.00559966 -0.0418 0.00727519 -0.01081142 -0.0418 0.01279358 -0.01537239 -0.0418 0.00665223 0.00173925 -0.0418 0.01654784 -0.00579989 -0.0418 0.01559543 0.00559966 -0.0418 -0.00727519 0.01081142 -0.0418 -0.01279358 0.01537239 -0.0418 -0.00665223 0.01034107 -0.0418 0.01290232 -0.00173925 -0.0418 -0.01654784 0.00579989 -0.0418 -0.01559543 -0.01034107 -0.0418 -0.01290232 -0.02885 -0.0433 -0.00415 -0.02467433 -0.0433 -0.0187664 -0.02490311 -0.0433 0.01846172 -0.02885 -0.0433 0.00415 0.01648528 -0.0433 -0.00296617 0.00729199 -0.0433 -0.00590494 0.00917786 -0.0433 0.00022667 -0.00394005 -0.0433 -0.0082922 -0.0060032 -0.0433 -0.01540679 -0.01346123 -0.0433 -0.00978016 -0.00917786 -0.0433 -0.00022667 0.00242851 -0.0433 -0.00906332 0.00208542 -0.0433 -0.01650779 0.01344719 -0.0433 -0.00998677 0.00920788 -0.0433 -0.01385897 0.01640598 -0.0433 0.00277486 0.00394005 -0.0433 0.0082922 0.0060032 -0.0433 0.01540679 0.01346123 -0.0433 0.00978016 -0.00242851 -0.0433 0.00906332 -0.00208542 -0.0433 0.01650779 -0.00729199 -0.0433 0.00590494 -0.01344719 -0.0433 0.00998677 -0.00920788 -0.0433 0.01385897 -0.01648528 -0.0433 0.00296617 -0.01640598 -0.0433 -0.00277486 -0.00197516 -0.0433 -0.0092924 -0.00197516 -0.0507 -0.0092924 0.00099302 -0.0433 -0.00944796 0.00099302 -0.0507 -0.00944796 0.003864 -0.0433 -0.00867868 0.003864 -0.0507 -0.00867868 0.00635674 -0.0433 -0.00705988 0.00635674 -0.0507 -0.00705988 0.00822724 -0.0433 -0.00475 0.00822724 -0.0507 -0.00475 0.0092924 -0.0433 -0.00197516 0.0092924 -0.0507 -0.00197516 0.00944796 -0.0433 0.00099302 0.00944796 -0.0507 0.00099302 0.00867868 -0.0433 0.003864 0.00867868 -0.0507 0.003864 0.00705988 -0.0433 0.00635674 0.00705988 -0.0507 0.00635674 -0.00872973 -0.0404 0.00349485 -0.00655575 -0.0404 0.00687547 -0.02574342 -0.0404 0.02120139 -0.00680549 -0.0404 -0.00648902 -0.02506356 -0.0404 -0.02182787 -0.01661805 -0.0404 -0.0287833 -0.00221691 -0.0404 -0.00913824 -0.00307552 -0.0404 0.00888613 -0.00992147 -0.0404 0.03172069 -0.01968358 -0.0404 0.02678048 0.00221691 -0.0404 0.00913824 -0.00183718 -0.0404 0.03329936 0.00637171 -0.0404 0.03261961 0.00680549 -0.0404 0.00648902 0.02506356 -0.0404 0.02182787 0.01661805 -0.0404 0.0287833 -0.00923337 -0.0404 -0.00177959 -0.02975668 -0.0404 -0.01505864 -0.0300573 -0.0404 0.01418438 -0.03303437 -0.0404 0.00365624 0.00923337 -0.0404 0.00177959 0.02975668 -0.0404 0.01505864 -0.03243166 -0.0404 -0.00726811 0.03243166 -0.0404 0.00726811 0.00872973 -0.0404 -0.00349485 0.0300573 -0.0404 -0.01418438 0.03303437 -0.0404 -0.00365624 0.00307552 -0.0404 -0.00888613 0.00992147 -0.0404 -0.03172069 0.01968358 -0.0404 -0.02678048 0.00655575 -0.0404 -0.00687547 0.00183718 -0.0404 -0.03329936 -0.00637171 -0.0404 -0.03261961 0.02574342 -0.0404 -0.02120139 0.02888195 -0.0404 -0.016675 0.02888195 -0.0169 -0.016675 0.03123265 -0.0169 -0.01169376 0.03123265 -0.0404 -0.01169376 0.03273141 -0.0169 -0.00639355 0.03273141 -0.0404 -0.00639355 0.03333734 -0.0169 -0.00091894 0.03333734 -0.0404 -0.00091894 0.03303391 -0.0169 0.00458074 0.03303391 -0.0404 0.00458074 0.03182941 -0.0169 0.00995547 0.03182941 -0.0404 0.00995547 0.02975668 -0.0169 0.01505864 0.02687227 -0.0169 0.01975105 0.02687227 -0.0404 0.01975105 0.02325485 -0.0169 0.0239047 0.02325485 -0.0404 0.0239047 0.0190031 -0.0169 0.02740629 0.0190031 -0.0404 0.02740629 0.01423299 -0.0169 0.03016031 0.01423299 -0.0404 0.03016031 0.00907465 -0.0169 0.03209164 0.00907465 -0.0404 0.03209164 0.00366877 -0.0169 0.03314759 0.00366877 -0.0404 0.03314759 -0.00183718 -0.0169 0.03329936 -0.00729301 -0.0169 0.03254281 -0.00729301 -0.0404 0.03254281 -0.01254992 -0.0169 0.03089858 -0.01254992 -0.0404 0.03089858 -0.01746449 -0.0169 0.02841151 -0.01746449 -0.0404 0.02841151 -0.02190268 -0.0169 0.02514946 -0.02190268 -0.0404 0.02514946 -0.02574342 -0.0169 0.02120139 -0.02888195 -0.0169 0.016675 -0.02888195 -0.0404 0.016675 -0.00822724 -0.0169 0.00475 -0.00822724 -0.0404 0.00475 -0.00923221 -0.0169 0.00223971 -0.00923221 -0.0404 0.00223971 -0.00948924 -0.0169 -0.00045203 -0.00948924 -0.0404 -0.00045203 -0.00897751 -0.0169 -0.00310715 -0.00897751 -0.0404 -0.00310715 -0.00773847 -0.0169 -0.00551054 -0.00773847 -0.0404 -0.00551054 -0.00587251 -0.0169 -0.0074675 -0.00587251 -0.0404 -0.0074675 -0.00353079 -0.0169 -0.0088195 -0.00353079 -0.0404 -0.0088195 -0.00090303 -0.0169 -0.00945698 -0.00090303 -0.0404 -0.00945698 0.00179789 -0.0169 -0.00932832 0.00179789 -0.0404 -0.00932832 0.00435315 -0.0169 -0.00844394 0.00435315 -0.0404 -0.00844394 0.00655575 -0.0169 -0.00687547 0.00822724 -0.0169 -0.00475 0.00822724 -0.0404 -0.00475 -0.00221691 -0.0169 -0.00913824 -0.00637171 -0.0169 -0.03261961 -0.01661805 -0.0169 -0.0287833 -0.00680549 -0.0169 -0.00648902 0.0073915 -0.0169 -0.00581274 0.02574342 -0.0169 -0.02120139 0.01968358 -0.0169 -0.02678048 0.00307552 -0.0169 -0.00888613 0.00923221 -0.0169 -0.00223971 0.0300573 -0.0169 -0.01418438 -0.0073915 -0.0169 0.00581274 -0.01968358 -0.0169 0.02678048 -0.00307552 -0.0169 0.00888613 0.00183718 -0.0169 -0.03329936 0.00992147 -0.0169 -0.03172069 0.00923337 -0.0169 0.00177959 0.03243166 -0.0169 0.00726811 0.03303437 -0.0169 -0.00365624 0.00680549 -0.0169 0.00648902 0.00221691 -0.0169 0.00913824 0.00637171 -0.0169 0.03261961 0.01661805 -0.0169 0.0287833 -0.0300573 -0.0169 0.01418438 -0.02975668 -0.0169 -0.01505864 -0.00923337 -0.0169 -0.00177959 -0.02506356 -0.0169 -0.02182787 0.02506356 -0.0169 0.02182787 -0.03243166 -0.0169 -0.00726811 -0.03303437 -0.0169 0.00365624 -0.00992147 -0.0169 0.03172069 -0.03123265 -0.0169 0.01169376 -0.03123265 -0.0404 0.01169376 -0.03273141 -0.0169 0.00639355 -0.03273141 -0.0404 0.00639355 -0.03333734 -0.0169 0.00091894 -0.03333734 -0.0404 0.00091894 -0.03303391 -0.0169 -0.00458074 -0.03303391 -0.0404 -0.00458074 -0.03182941 -0.0169 -0.00995547 -0.03182941 -0.0404 -0.00995547 -0.02687227 -0.0169 -0.01975105 -0.02687227 -0.0404 -0.01975105 -0.02325485 -0.0169 -0.0239047 -0.02325485 -0.0404 -0.0239047 -0.0190031 -0.0169 -0.02740629 -0.0190031 -0.0404 -0.02740629 -0.01423299 -0.0169 -0.03016031 -0.01423299 -0.0404 -0.03016031 -0.00907465 -0.0169 -0.03209164 -0.00907465 -0.0404 -0.03209164 -0.00366877 -0.0169 -0.03314759 -0.00366877 -0.0404 -0.03314759 0.00729301 -0.0169 -0.03254281 0.00729301 -0.0404 -0.03254281 0.01254992 -0.0169 -0.03089858 0.01254992 -0.0404 -0.03089858 0.01746449 -0.0169 -0.02841151 0.01746449 -0.0404 -0.02841151 0.02190268 -0.0169 -0.02514946 0.02190268 -0.0404 -0.02514946 0.00923221 -0.0404 -0.00223971 0.00948924 -0.0169 0.00045203 0.00948924 -0.0404 0.00045203 0.00897751 -0.0169 0.00310715 0.00897751 -0.0404 0.00310715 0.00773847 -0.0169 0.00551054 0.00773847 -0.0404 0.00551054 0.00587251 -0.0169 0.0074675 0.00587251 -0.0404 0.0074675 0.00353079 -0.0169 0.0088195 0.00353079 -0.0404 0.0088195 0.00090303 -0.0169 0.00945698 0.00090303 -0.0404 0.00945698 -0.00179789 -0.0169 0.00932832 -0.00179789 -0.0404 0.00932832 -0.00435315 -0.0169 0.00844394 -0.00435315 -0.0404 0.00844394 -0.00655575 -0.0169 0.00687547 -0.0294 -0.0442 0.0045 -0.02255 -0.0442 0.0045 -0.0294 -0.0476 0.0045 -0.02255 -0.0476 0.0045 -0.0294 -0.0479 0.0042 -0.02255 -0.0479 0.0042 -0.0294 -0.0479 -0.00335147 -0.02255 -0.0479 -0.00335147 -0.0294 -0.0439 -0.00335 -0.02255 -0.0439 -0.00335 -0.0294 -0.0439 0.0042 -0.02255 -0.0439 0.0042 -0.02955 -0.0443 0.00495 -0.028525 -0.0484 0.00495 -0.0255 -0.0484 0.00495 -0.02055 -0.046425 0.00495 -0.02055 -0.04782194 -0.00377599 -0.02055 -0.04632451 0.00145223 -0.02055 -0.04854999 0.00495 -0.02055 -0.04422437 0.00357173 -0.028525 -0.0484 -0.00495 -0.02955 -0.0443 -0.00495 -0.0255 -0.0484 -0.00495 -0.02055 -0.046425 -0.00495 -0.02955 -0.0484 -0 -0.02405 -0.0484 -0.004 -0.02524688 -0.0484 0.00425754 0.00942741 -0.0127 -0.00333527 0.00885679 -0.0219 -0.00464298 0.00980611 -0.0219 -0.00195966 0.00998518 -0.0127 -0.00054416 0.00996099 -0.0219 0.00088242 0.00973402 -0.0127 0.00229103 0.0093089 -0.0219 0.00365301 0.00695015 -0.0127 0.00718995 0.00790265 -0.0219 0.00612766 0.00585618 -0.0219 0.00810587 0.00464298 -0.0127 0.00885679 0.00333527 -0.0219 0.00942741 0.00195966 -0.0127 0.00980611 0.00054416 -0.0219 0.00998518 -0.00088242 -0.0127 0.00996099 -0.00229103 -0.0219 0.00973402 -0.00365301 -0.0127 0.0093089 -0.00494062 -0.0219 0.00869427 -0.00612766 -0.0127 0.00790265 -0.00718995 -0.0219 0.00695015 -0.00810587 -0.0127 0.00585618 -0.00885679 -0.0219 0.00464298 -0.02865172 -0.0219 0.01502005 -0.02865172 -0.0169 0.01502005 -0.03073316 -0.0169 0.01009928 -0.03073316 -0.0219 0.01009928 -0.03197629 -0.0169 0.00490302 -0.03197629 -0.0219 0.00490302 -0.03234718 -0.0169 -0.00042697 -0.03234718 -0.0219 -0.00042697 -0.03183573 -0.0169 -0.00574532 -0.03183573 -0.0219 -0.00574532 -0.03045589 -0.0169 -0.01090695 -0.03045589 -0.0219 -0.01090695 -0.02824528 -0.0169 -0.01577107 -0.02824528 -0.0219 -0.01577107 -0.02526422 -0.0169 -0.02020499 -0.02526422 -0.0219 -0.02020499 -0.02159402 -0.0169 -0.02408778 -0.02159402 -0.0219 -0.02408778 -0.01733478 -0.0169 -0.02731351 -0.01733478 -0.0219 -0.02731351 -0.0126027 -0.0169 -0.0297942 -0.0126027 -0.0219 -0.0297942 -0.00752686 -0.0169 -0.03146218 -0.00752686 -0.0219 -0.03146218 -0.00224569 -0.0169 -0.03227196 -0.00224569 -0.0219 -0.03227196 0.00309672 -0.0169 -0.03220144 0.00309672 -0.0219 -0.03220144 0.00835467 -0.0169 -0.03125255 0.00835467 -0.0219 -0.03125255 0.01338473 -0.0169 -0.02945117 0.01338473 -0.0219 -0.02945117 0.01804968 -0.0169 -0.02684644 0.01804968 -0.0219 -0.02684644 0.02222228 -0.0169 -0.02350941 0.02222228 -0.0219 -0.02350941 0.02578872 -0.0169 -0.01953111 0.02578872 -0.0219 -0.01953111 0.02865172 -0.0169 -0.01502005 0.02865172 -0.0219 -0.01502005 0.02953739 -0.0161 -0.01548434 0.02675145 -0.0161 -0.01991437 0.02700623 -0.01115 -0.01415743 0.02445902 -0.01115 -0.01820784 0.0233068 -0.0161 -0.02385404 0.01928826 -0.0161 -0.02720635 0.01763538 -0.01115 -0.02487493 0.02094604 -0.01115 -0.02215925 0.02130956 -0.01115 -0.0218099 0.02430766 -0.01115 -0.01840942 0.01479478 -0.0161 -0.02988874 0.00993701 -0.0161 -0.03183518 0.00908547 -0.01115 -0.0291071 0.01261603 -0.01115 -0.02775977 0.01352696 -0.01115 -0.02732746 0.01701307 -0.01115 -0.02530463 0.00483455 -0.0161 -0.03299772 -0.00038696 -0.0161 -0.03334776 -0.0003538 -0.01115 -0.03049006 0.00442026 -0.01115 -0.03017003 -0.01067304 -0.0161 -0.03159602 -0.00975843 -0.01115 -0.02888845 -0.00559893 -0.0161 -0.03287666 -0.00511914 -0.01115 -0.03005933 -0.01415743 -0.01115 -0.02700623 -0.01548434 -0.0161 -0.02953739 -0.01633924 -0.01115 -0.02574487 -0.01991437 -0.0161 -0.02675145 -0.02035386 -0.01115 -0.0227044 -0.02385404 -0.0161 -0.0233068 -0.02381328 -0.01115 -0.01904461 -0.02720635 -0.0161 -0.01928826 -0.02662313 -0.01115 -0.01486532 -0.02988874 -0.0161 -0.01479478 -0.02732746 -0.01115 -0.01352696 -0.02870678 -0.01115 -0.01028056 -0.03183518 -0.0161 -0.00993701 -0.0291071 -0.01115 -0.00908547 -0.03000738 -0.01115 -0.00541536 -0.03299772 -0.0161 -0.00483455 -0.03017003 -0.01115 -0.00442026 -0.03048946 -0.01115 -0.00040245 -0.03334776 -0.0161 0.00038696 -0.03049006 -0.01115 0.0003538 -0.03013987 -0.01115 0.00462144 -0.03287666 -0.0161 0.00559893 -0.03005933 -0.01115 0.00511914 -0.02896813 -0.01115 0.00951927 -0.03159602 -0.0161 0.01067304 -0.02888845 -0.01115 0.00975843 -0.02953739 -0.0161 0.01548434 -0.02700623 -0.01115 0.01415743 0.02209854 -0.011 0.0205077 0.01971684 -0.011 0.00228948 0.01182017 -0.011 0.00204918 0.02543833 -0.011 -0.01614469 0.01976605 -0.011 -0.00070755 0.02135549 -0.011 0.00052976 0.02742924 -0.011 0.01246581 0.02999069 -0.011 0.00288412 0.02930218 -0.011 -0.00701011 0.01126116 -0.011 -0.00413545 0.00647194 -0.011 -0.0102237 0.02076757 -0.011 -0.02197044 0.01468833 -0.011 -0.02630614 0.00535088 -0.011 -0.02965009 -0.00456641 -0.011 -0.02978099 -0.02988306 -0.011 0.00458206 -0.0278622 -0.011 0.01151191 -0.00969722 -0.011 -0.01639602 -0.00741499 -0.011 -0.00920072 -0.00830283 -0.011 -0.01854707 -0.02742924 -0.011 -0.01246581 -0.0218954 -0.011 -0.02069664 -0.01065034 -0.011 -0.01833317 -0.01398886 -0.011 -0.02668466 -0.00107993 -0.011 -0.01194778 -0.02999069 -0.011 -0.00288412 -0.01208995 -0.011 -0.00049302 0.00616786 -0.011 0.01007933 -0.00914222 -0.011 0.01648754 0.00719764 -0.011 0.01842482 0.00907418 -0.011 0.0155443 -0.01163284 -0.011 0.01588373 -0.0088975 -0.011 0.00820027 -0.00204918 -0.011 0.01182017 -0.01015815 -0.011 0.02836498 -0.02410055 -0.011 0.01825257 -0.01128146 -0.011 0.01822511 -0.01881784 -0.011 0.02352973 0.011356 -0.011 0.01811245 0.01398886 -0.011 0.02668466 0.0093656 -0.011 0.02005205 0.00456641 -0.011 0.02978099 -0.00289401 -0.011 0.03009347 -0.02675145 -0.0161 0.01991437 -0.02445902 -0.01115 0.01820784 -0.0233068 -0.0161 0.02385404 -0.01928826 -0.0161 0.02720635 -0.01763538 -0.01115 0.02487493 -0.02094604 -0.01115 0.02215925 -0.02130956 -0.01115 0.0218099 -0.02430766 -0.01115 0.01840942 -0.01479478 -0.0161 0.02988874 -0.00993701 -0.0161 0.03183518 -0.00908547 -0.01115 0.0291071 -0.01261603 -0.01115 0.02775977 -0.01352696 -0.01115 0.02732746 -0.01701307 -0.01115 0.02530463 -0.00483455 -0.0161 0.03299772 0.00038696 -0.0161 0.03334776 0.0003538 -0.01115 0.03049006 -0.00442026 -0.01115 0.03017003 0.01067304 -0.0161 0.03159602 0.00975843 -0.01115 0.02888845 0.00559893 -0.0161 0.03287666 0.00511914 -0.01115 0.03005933 0.01415743 -0.01115 0.02700623 0.01548434 -0.0161 0.02953739 0.01633924 -0.01115 0.02574487 0.01991437 -0.0161 0.02675145 0.02035386 -0.01115 0.0227044 0.02385404 -0.0161 0.0233068 0.02381328 -0.01115 0.01904461 0.02720635 -0.0161 0.01928826 0.02662313 -0.01115 0.01486532 0.02988874 -0.0161 0.01479478 0.02732746 -0.01115 0.01352696 0.02870678 -0.01115 0.01028056 0.03183518 -0.0161 0.00993701 0.0291071 -0.01115 0.00908547 0.03000738 -0.01115 0.00541536 0.03299772 -0.0161 0.00483455 0.03017003 -0.01115 0.00442026 0.03048946 -0.01115 0.00040245 0.03334776 -0.0161 -0.00038696 0.03049006 -0.01115 -0.0003538 0.03013987 -0.01115 -0.00462144 0.03287666 -0.0161 -0.00559893 0.03005933 -0.01115 -0.00511914 0.02896813 -0.01115 -0.00951927 0.03159602 -0.0161 -0.01067304 0.02888845 -0.01115 -0.00975843 0.03073316 -0.0169 -0.01009928 0.03073316 -0.0219 -0.01009928 0.03197629 -0.0169 -0.00490302 0.03197629 -0.0219 -0.00490302 0.03234718 -0.0169 0.00042697 0.03234718 -0.0219 0.00042697 0.03183573 -0.0169 0.00574532 0.03183573 -0.0219 0.00574532 0.03045589 -0.0169 0.01090695 0.03045589 -0.0219 0.01090695 0.02824528 -0.0169 0.01577107 0.02824528 -0.0219 0.01577107 0.02526422 -0.0169 0.02020499 0.02526422 -0.0219 0.02020499 0.02159402 -0.0169 0.02408778 0.02159402 -0.0219 0.02408778 0.02092813 -0.0219 0.02466852 0.01733478 -0.0169 0.02731351 0.01733478 -0.0219 0.02731351 0.0126027 -0.0169 0.0297942 0.0126027 -0.0219 0.0297942 0.00752686 -0.0169 0.03146218 0.00752686 -0.0219 0.03146218 0.00224569 -0.0169 0.03227196 0.00224569 -0.0219 0.03227196 -0.00309672 -0.0169 0.03220144 -0.00309672 -0.0219 0.03220144 -0.00835467 -0.0169 0.03125255 -0.00835467 -0.0219 0.03125255 -0.01338473 -0.0169 0.02945117 -0.01338473 -0.0219 0.02945117 -0.01804968 -0.0169 0.02684644 -0.01804968 -0.0219 0.02684644 -0.02222228 -0.0169 0.02350941 -0.02222228 -0.0219 0.02350941 -0.02578872 -0.0169 0.01953111 -0.02578872 -0.0219 0.01953111 -0.02837389 -0.0219 0.0155385 -0.00998518 -0.0127 0.00054416 -0.00980611 -0.0219 0.00195966 -0.00996099 -0.0219 -0.00088242 -0.00973402 -0.0127 -0.00229103 -0.0093089 -0.0219 -0.00365301 -0.00869427 -0.0127 -0.00494062 -0.00790265 -0.0219 -0.00612766 -0.00695015 -0.0127 -0.00718995 -0.00585618 -0.0219 -0.00810587 -0.00464298 -0.0127 -0.00885679 -0.00333527 -0.0219 -0.00942741 -0.00195966 -0.0127 -0.00980611 -0.00054416 -0.0219 -0.00998518 0.00088242 -0.0127 -0.00996099 0.00229103 -0.0219 -0.00973402 0.00365301 -0.0127 -0.0093089 0.00494062 -0.0219 -0.00869427 0.00612766 -0.0127 -0.00790265 0.00718995 -0.0219 -0.00695015 0.00810587 -0.0127 -0.00585618 -0.02969244 -0.0219 0.01255966 -0.0107915 -0.0219 0.01685712 -0.0240055 -0.0219 0.02152026 0.00958345 -0.0219 0.00238939 0.00904609 -0.0219 0.01761183 0.00687941 -0.0219 0.00711676 0.00488628 -0.0219 0.03186707 -0.0108697 -0.0219 0.03035186 -0.00606528 -0.0219 0.00782221 0.00123092 -0.0219 0.0096435 0.02326264 -0.0219 0.02229157 0.01496874 -0.0219 0.02855385 -0.00975091 -0.0219 -0.01759322 -0.03209146 -0.0219 -0.00308615 -0.00723097 -0.0219 -0.0064981 -0.00193972 -0.0219 -0.00970629 -0.02935058 -0.0219 -0.01333901 -0.02342912 -0.0219 -0.02214639 -0.01496874 -0.0219 -0.02855385 -0.00488628 -0.0219 -0.03186707 0.02722022 -0.0219 -0.01727558 0.02013598 -0.0219 -0.02517793 0.0108697 -0.0219 -0.03035186 0.01996404 -0.0219 0.00091591 0.02935058 -0.0219 0.01333901 0.03135473 -0.0219 -0.00750115 0.03209146 -0.0219 0.00308615 0.00933145 -0.0219 -0.00330132 0.01616634 -0.016 0.00383906 0.02695344 -0.016 0.01384549 0.02497106 -0.016 0.00417169 0.0104431 -0.016 0.00957908 0.01454799 -0.016 0.02128987 0.02081623 -0.016 0.02236039 0.02875479 -0.0136 0.0097065 0.0253069 -0.0136 0.01695118 0.02497106 -0.0136 0.00417169 0.01616634 -0.0136 0.00383906 0.0136089 -0.0136 0.00492568 0.01017627 -0.0136 0.01216441 0.01454799 -0.0136 0.02128987 0.01551359 -0.016 -0.01889791 0.01175261 -0.016 -0.01295671 0.0252976 -0.016 -0.01677479 0.01344646 -0.016 -0.00458684 0.02085448 -0.016 -0.00215206 0.02932892 -0.016 -0.00699008 0.02946275 -0.0136 -0.00744011 0.02436734 -0.0136 -0.00200881 0.0252976 -0.0136 -0.01677479 0.01642525 -0.0136 -0.00250999 0.01128541 -0.0136 -0.00878816 0.01142265 -0.0136 -0.0121536 0.01396478 -0.0136 -0.00380124 0.01901005 -0.0136 -0.02092537 -0.00888131 -0.0136 -0.02378287 -0.00084369 -0.0136 -0.03053835 -0.00475845 -0.0136 -0.01591999 0.00603891 -0.0136 -0.01547968 -0.00253869 -0.0136 -0.01424849 0.01044399 -0.0136 -0.02210714 0.00743641 -0.0136 -0.0296311 0.00743641 -0.016 -0.0296311 0.00124187 -0.016 -0.0304533 0.01044399 -0.016 -0.02210714 -0.00860928 -0.016 -0.02288412 -0.00475845 -0.016 -0.01591999 0.00369042 -0.016 -0.01399447 0.00603891 -0.016 -0.01547968 -0.00124022 -0.0136 0.03041288 -0.01116357 -0.0136 0.02324386 -0.0058007 -0.0136 0.01505358 -0.00384978 -0.0136 0.01385703 0.00923391 -0.0136 0.02407566 -0.00964751 -0.016 0.02883445 -0.00124022 -0.016 0.03041288 -0.01142754 -0.016 0.02388635 0.00455572 -0.016 0.01547591 0.00270872 -0.016 0.01412448 0.00654863 -0.016 0.02983987 0.00923391 -0.016 0.02407566 -0.01402972 -0.016 0.00372571 -0.02705749 -0.016 0.01418431 -0.0108778 -0.016 0.00940806 -0.01112467 -0.016 0.01168333 -0.01623318 -0.016 0.02003463 -0.02571156 -0.016 0.00195399 -0.02977278 -0.016 0.00684719 -0.01194923 -0.0136 0.00724302 -0.02705749 -0.0136 0.01418431 -0.01669159 -0.0136 0.00232182 -0.02571156 -0.0136 0.00195399 -0.01623318 -0.0136 0.02003463 -0.02256777 -0.0136 0.02059122 -0.01038634 -0.0136 -0.01296968 -0.01312598 -0.0136 -0.00534094 -0.0257524 -0.0136 -0.01630214 -0.01392335 -0.0136 -0.02009833 -0.02412287 -0.0136 -0.00398621 -0.02859999 -0.0136 -0.0107398 -0.02412287 -0.016 -0.00398621 -0.01568039 -0.016 -0.00379258 -0.02463597 -0.016 -0.01806576 -0.01038634 -0.016 -0.01296968 -0.01450777 -0.016 -0.02083332 -0.01358652 -0.016 -0.00471642 -0.02859999 -0.016 -0.0107398 -0.0255 -0.04405 -0.00755 -0.0255 -0.04405 -0.0123 -0.02955 -0.04405 -0.009925 0.00616967 -0.0169 -0.00709629 0.02255083 -0.0169 -0.02441511 0.01340139 -0.0169 -0.03041448 0.00269162 -0.0169 -0.00911072 0.0090268 -0.0169 -0.00263421 0.03145318 -0.0169 -0.01073944 0.0279498 -0.0169 -0.01819426 -0.00616967 -0.0169 0.00709629 -0.02255083 -0.0169 0.02441511 -0.01340139 -0.0169 0.03041448 -0.00269162 -0.0169 0.00911072 -0.0090268 -0.0169 0.00263421 -0.0279498 -0.0169 0.01819426 0.00901799 -0.0169 0.00266422 0.03141728 -0.0169 0.01084401 0.03323605 -0.0169 5.528E-05 0.00132275 -0.0169 0.0093098 0.00543451 -0.0169 0.03290423 0.01330014 -0.0169 0.03045889 0.00614603 -0.0169 0.00711678 0.02788912 -0.0169 0.01828713 0.02246949 -0.0169 0.02449 -0.03145318 -0.0169 0.01073944 -0.00901799 -0.0169 -0.00266422 -0.03141728 -0.0169 -0.01084401 -0.03323605 -0.0169 -5.528E-05 -0.0027997 -0.0169 0.03311796 -0.00614603 -0.0169 -0.00711678 -0.02788912 -0.0169 -0.01828713 -0.00132275 -0.0169 -0.0093098 -0.00543451 -0.0169 -0.03290423 -0.01330014 -0.0169 -0.03045889 -0.02246949 -0.0169 -0.02449 0.0027997 -0.0169 -0.03311796 -5.547E-05 -0.0169 0.03334995 -5.547E-05 -0.0404 0.03334995 0.00543451 -0.0404 0.03290423 0.01077625 -0.0404 0.03156097 0.01077625 -0.0169 0.03156097 0.01582404 -0.0404 0.02935681 0.01582404 -0.0169 0.02935681 0.02044019 -0.0404 0.02635187 0.02044019 -0.0169 0.02635187 0.02449879 -0.0404 0.02262812 0.02449879 -0.0169 0.02262812 0.02788912 -0.0404 0.01828713 0.03051872 -0.0404 0.01344732 0.03051872 -0.0169 0.01344732 0.03231584 -0.0404 0.0082407 0.03231584 -0.0169 0.0082407 0.03323147 -0.0404 0.0028093 0.03323147 -0.0169 0.0028093 0.03324063 -0.0404 -0.00269874 0.03324063 -0.0169 -0.00269874 0.03234307 -0.0404 -0.00813316 0.03234307 -0.0169 -0.00813316 0.03056328 -0.0404 -0.01334573 0.03056328 -0.0169 -0.01334573 0.0279498 -0.0404 -0.01819426 0.02457393 -0.0404 -0.0225465 0.02457393 -0.0169 -0.0225465 0.02052774 -0.0404 -0.02628373 0.02052774 -0.0169 -0.02628373 0.01592161 -0.0404 -0.02930401 0.01592161 -0.0169 -0.02930401 0.01088118 -0.0404 -0.03152495 0.01088118 -0.0169 -0.03152495 0.00554394 -0.0404 -0.03288597 0.00554394 -0.0169 -0.03288597 5.547E-05 -0.0404 -0.03334995 5.547E-05 -0.0169 -0.03334995 1.58E-05 -0.0404 -0.00949999 1.58E-05 -0.0169 -0.00949999 -0.00266129 -0.0404 -0.00911962 -0.00266129 -0.0169 -0.00911962 -0.00512279 -0.0404 -0.00800044 -0.00512279 -0.0169 -0.00800044 -0.00716926 -0.0404 -0.00623311 -0.00716926 -0.0169 -0.00623311 -0.00863493 -0.0404 -0.00396081 -0.00863493 -0.0169 -0.00396081 -0.00940104 -0.0404 -0.00136763 -0.00940104 -0.0169 -0.00136763 -0.00940554 -0.0404 0.00133635 -0.00940554 -0.0169 0.00133635 -0.00864806 -0.0404 0.00393206 -0.00864806 -0.0169 0.00393206 -0.00718996 -0.0404 0.00620923 -0.00718996 -0.0169 0.00620923 -0.00514937 -0.0404 0.00798335 -0.00514937 -0.0169 0.00798335 -0.00269162 -0.0404 0.00911072 -1.58E-05 -0.0404 0.00949999 -1.58E-05 -0.0169 0.00949999 -0.00614603 -0.0404 -0.00711678 -0.02246949 -0.0404 -0.02449 -0.01330014 -0.0404 -0.03045889 -0.0090268 -0.0404 0.00263421 -0.00616967 -0.0404 0.00709629 -0.0279498 -0.0404 0.01819426 -0.02255083 -0.0404 0.02441511 -0.00901799 -0.0404 -0.00266422 -0.02788912 -0.0404 -0.01828713 -0.03145318 -0.0404 0.01073944 -0.03323605 -0.0404 -5.528E-05 0.0090268 -0.0404 -0.00263421 0.03145318 -0.0404 -0.01073944 0.03323605 -0.0404 5.528E-05 0.00901799 -0.0404 0.00266422 -0.03141728 -0.0404 -0.01084401 -0.00135371 -0.0404 0.00930535 -0.0027997 -0.0404 0.03311796 -0.01340139 -0.0404 0.03041448 0.00266129 -0.0404 0.00911962 0.00614603 -0.0404 0.00711678 0.02246949 -0.0404 0.02449 0.01330014 -0.0404 0.03045889 0.00135371 -0.0404 -0.00930535 0.0027997 -0.0404 -0.03311796 0.01340139 -0.0404 -0.03041448 0.00616967 -0.0404 -0.00709629 0.02255083 -0.0404 -0.02441511 -0.00543451 -0.0404 -0.03290423 0.03141728 -0.0404 0.01084401 -0.01077625 -0.0404 -0.03156097 -0.01077625 -0.0169 -0.03156097 -0.01582404 -0.0404 -0.02935681 -0.01582404 -0.0169 -0.02935681 -0.02044019 -0.0404 -0.02635187 -0.02044019 -0.0169 -0.02635187 -0.02449879 -0.0404 -0.02262812 -0.02449879 -0.0169 -0.02262812 -0.03051872 -0.0404 -0.01344732 -0.03051872 -0.0169 -0.01344732 -0.03231584 -0.0404 -0.0082407 -0.03231584 -0.0169 -0.0082407 -0.03323147 -0.0404 -0.0028093 -0.03323147 -0.0169 -0.0028093 -0.03324063 -0.0404 0.00269874 -0.03324063 -0.0169 0.00269874 -0.03234307 -0.0404 0.00813316 -0.03234307 -0.0169 0.00813316 -0.03056328 -0.0404 0.01334573 -0.03056328 -0.0169 0.01334573 -0.02457393 -0.0404 0.0225465 -0.02457393 -0.0169 0.0225465 -0.02052774 -0.0404 0.02628373 -0.02052774 -0.0169 0.02628373 -0.01592161 -0.0404 0.02930401 -0.01592161 -0.0169 0.02930401 -0.01088118 -0.0404 0.03152495 -0.01088118 -0.0169 0.03152495 -0.00554394 -0.0404 0.03288597 -0.00554394 -0.0169 0.03288597 0.00266129 -0.0169 0.00911962 0.00512279 -0.0404 0.00800044 0.00512279 -0.0169 0.00800044 0.00716926 -0.0404 0.00623311 0.00716926 -0.0169 0.00623311 0.00863493 -0.0404 0.00396081 0.00863493 -0.0169 0.00396081 0.00940104 -0.0404 0.00136763 0.00940104 -0.0169 0.00136763 0.00940554 -0.0404 -0.00133635 0.00940554 -0.0169 -0.00133635 0.00864806 -0.0404 -0.00393206 0.00864806 -0.0169 -0.00393206 0.00718996 -0.0404 -0.00620923 0.00718996 -0.0169 -0.00620923 0.00514937 -0.0404 -0.00798335 0.00514937 -0.0169 -0.00798335 0.00269162 -0.0404 -0.00911072 0.00116626 0.01 -0.02483226 -0.00157485 0.01 -0.02084631 0.00504877 0.01 -0.02346525 0.01738829 0.01 -0.01492007 0.01028211 0.01 -0.01734084 0.01972593 0.01 -0.00807821 0.02316607 0.01 -0.0140182 0.01637967 0.01 0.00050017 0.0231026 0.01 0.00180029 0.02629325 0.01 0.00646852 0.01318407 0.01 0.00321726 0.01920492 0.01 0.00888864 0.00887185 0.01 0.01283936 0.01345559 0.01 0.01988478 0.01700523 0.01 0.02183719 0.00157485 0.01 0.02084631 -0.00667304 0.01 0.02166179 0.00341277 0.01 0.01195011 -0.0017946 0.01 0.02643741 -0.01954028 0.01 0.01613839 -0.01366673 0.01 0.01615415 -0.02187894 0.01 0.0118031 -0.01947284 0.01 0.00760643 -0.02643741 0.01 -0.0017946 -0.02108655 0.01 0.00175887 -0.02346525 0.01 -0.00504877 -0.01448707 0.01 -0.00336473 -0.01677655 0.01 -0.01117918 -0.02553946 0.01 -0.00706348 -0.0153067 0.01 -0.01844244 -0.0082266 0.01 -0.01386513 -0.01306449 0.01 -0.02305377 -0.00754456 0.01 -0.01976906 -0.00337558 0.01 -0.01296112 -0.00459853 0.01 -0.00858091 0.00740233 0.01 -0.00434936 0.01123708 0.01 -0.00489302 -0.00723634 0.01 0.0049559 -0.01224953 0.01 0.00209786 -0.01637967 0.01 -0.00050017 -0.00965364 0.01 -0.00281735 -0.00886197 0.01 -0.01033206 0.0046569 0.01 -0.01198504 0.00818493 0.01 -0.00857399 0.00865727 0.01 -0.01356067 0.00693398 0.01 0.00911927 0.01314476 0.01 -0.00256912 0.00337997 0.01 0.00809329 -0.00978646 0.01 0.01269107 -0.00653413 0.01 0.01424156 -0.00682059 0.01 0.00913548 -0.01354667 0.007 -0.01941469 -0.01376176 0.007 -0.01067342 -0.0174278 0.007 -0.01998248 -0.01306449 0.007 -0.02305377 -0.00379496 0.007 -0.02014798 -0.02296472 0.007 -0.00598857 -0.02483226 0.007 -0.00116626 -0.02014798 0.007 0.00379496 -0.01067342 0.007 0.01376176 -0.01512735 0.007 0.00862966 -0.01703851 0.007 -0.00120539 -0.01941469 0.007 0.01354667 -0.02305377 0.007 0.01306449 -0.01998248 0.007 0.0174278 -0.00598857 0.007 0.02296472 -0.00116626 0.007 0.02483226 0.00379496 0.007 0.02014798 -0.00120539 0.007 0.01703851 0.01119571 0.007 0.01290038 0.01471093 0.007 0.01896567 0.0118031 0.007 0.02187894 0.02401558 0.007 0.0027558 0.02629325 0.007 0.00646852 0.02014798 0.007 -0.00379496 0.01703851 0.007 0.00120539 0.01512735 0.007 -0.00862966 0.01067342 0.007 -0.01376176 0.01896567 0.007 -0.01471093 0.02187894 0.007 -0.0118031 0.0027558 0.007 -0.02401558 0.00646852 0.007 -0.02629325 0.00120539 0.007 -0.01703851 -0.00862966 0.007 -0.01512735 -0.014813 0 -0.009318 -0.01271052 0.007 -0.01202883 -0.01271052 0 -0.01202883 -0.01011958 0.007 -0.0142774 -0.01011958 0 -0.0142774 -0.00713975 0.007 -0.0159773 -0.00713975 0 -0.0159773 -0.00388555 0.007 -0.01706319 -0.00388555 0 -0.01706319 -0.00048202 0.007 -0.01749336 -0.00048202 0 -0.01749336 0.00294002 0.007 -0.01725127 0.00294002 0 -0.01725127 0.00624909 0.007 -0.01634622 0.00624909 0 -0.01634622 0.009318 0.007 -0.014813 0.009318 0 -0.014813 0.01202883 0.007 -0.01271052 0.01202883 0 -0.01271052 0.0142774 0.007 -0.01011958 0.0142774 0 -0.01011958 0.0159773 0.007 -0.00713975 0.0159773 0 -0.00713975 0.01706319 0.007 -0.00388555 0.01706319 0 -0.00388555 0.01749336 0.007 -0.00048202 0.01749336 0 -0.00048202 0.01725127 0.007 0.00294002 0.01725127 0 0.00294002 0.01634622 0.007 0.00624909 0.01634622 0 0.00624909 0.014813 0.007 0.009318 0.014813 0 0.009318 0.01271052 0.007 0.01202883 0.01271052 0 0.01202883 0.01011958 0.007 0.0142774 0.01011958 0 0.0142774 0.00713975 0.007 0.0159773 0.00713975 0 0.0159773 0.00388555 0.007 0.01706319 0.00388555 0 0.01706319 0.00048202 0.007 0.01749336 0.00048202 0 0.01749336 -0.00294002 0.007 0.01725127 -0.00294002 0 0.01725127 -0.00624909 0.007 0.01634622 -0.00624909 0 0.01634622 -0.009318 0.007 0.014813 -0.009318 0 0.014813 -0.01202883 0.007 0.01271052 -0.01202883 0 0.01271052 -0.0142774 0.007 0.01011958 -0.0142774 0 0.01011958 -0.0159773 0.007 0.00713975 -0.0159773 0 0.00713975 -0.01706319 0.007 0.00388555 -0.01706319 0 0.00388555 -0.01749336 0.007 0.00048202 -0.01749336 0 0.00048202 -0.01725127 0.007 -0.00294002 -0.01725127 0 -0.00294002 -0.01634622 0.007 -0.00624909 -0.01634622 0 -0.00624909 -0.014813 0.007 -0.009318 0.00425137 0 0.00874335 0.00214182 0 0.01694628 -0.00592487 0 0.00854339 -0.00899897 0 -0.00013623 -0.01512735 0 0.00862966 -0.00445053 0 -0.00755767 0.0061837 0 -0.0064234 -0.00214182 0 -0.01694628 0.0088966 0 0.00136032 0.01662778 0 -0.00466177 0.01212416 0 0.00100656 0.01385945 0 0.00062563 0.01311402 0 0.01123556 0.01679874 0 0.00459456 0.00627831 0 -0.01240876 0.00764311 0 -0.01093637 0.01315312 0 -0.01141505 0.00778355 0 -0.01557961 -0.0075809 0 -0.01233388 -0.00615681 0 -0.01049295 -0.01141505 0 -0.01315312 -0.01679874 0 -0.00459456 -0.01727828 0 0.00218378 -0.0129788 0 -0.00151251 -0.00849319 0 0.01172434 -0.00778355 0 0.01557961 -0.00627831 0 0.01240876 0.0075809 0 0.01233388 -0.03 -0.053 -0.01417745 -0.03220715 -0.053 -0.00681515 -0.01385625 -0.053 -0.02316317 -0.01097041 -0.053 -0.00307376 -0.00663182 -0.053 -0.00939515 -0.0059597 -0.053 -0.03221038 0.02500718 -0.053 -0.0246 0.01716829 -0.053 -0.0285 0.029 -0.053 -0.02823205 0.03114643 -0.053 0.01029376 0.0249 -0.053 0.025 0.0285 -0.053 0.02836603 0.01667776 -0.053 0.02862857 0.00657005 -0.053 0.00930765 -0.0145 -0.053 0.02296474 -0.01326427 -0.053 0.0262521 -0.01054793 -0.053 0.00458161 0.01655935 -0.053 0.00298827 0.0105563 -0.053 0.00376327 -0.00385112 -0.053 0.010836 0.00077748 -0.053 0.01136633 0.00914952 -0.053 -0.00647178 -0.00231795 -0.053 -0.0111546 0.00233974 -0.053 -0.01125947 0.031875 -0.053 -0.00685067 0.02880326 -0.053 -0.00166522 0.0295375 -0.053 0.00200598 -0.00719269 -0.053 0.0322066 0 -0.053 0.03291153 0.0095046 -0.053 0.03150923 -0.01716829 -0.053 0.0285 -0.02568039 -0.053 0.0251268 -0.029 -0.053 0.0275 -0.03 -0.053 0.01417745 -0.03260358 -0.053 0.00340758 -0.02538038 -0.053 -0.0251 -0.029 -0.053 -0.0275 0.02745951 -0.053 0.00119973 0.02250315 -0.053 0.00236356 -0.01572326 -0.053 -0.02783864 0.01674962 -0.053 -0.00341563 0.0217258 -0.053 -0.00343349 0.00480374 -0.053 -0.03255907 0.00529075 -0.056 -0.01021068 0.02761962 -0.056 -0.0249 0.03008571 -0.056 -0.01377238 0.028 -0.056 -0.0285 0.02500718 -0.056 -0.0254 0.03189643 -0.056 0.0067494 0.02818122 -0.056 0.02656651 0.01996875 -0.056 0.02111785 0.02500718 -0.056 0.0246 0.01716829 -0.056 0.0285 -0.01556539 -0.056 -0.02781036 -0.01623723 -0.056 -0.02558023 -0.03 -0.056 -0.01417745 -0.0145 -0.056 -0.02296474 -0.01716829 -0.056 0.0285 -0.02535359 -0.056 0.02410718 -0.01523424 -0.056 0.0233055 -0.01303152 -0.056 0.02658321 -0.00719269 -0.056 0.0322066 0.02880326 -0.056 0.00166522 0.0295375 -0.056 -0.00200598 0.03220715 -0.056 -0.00681515 -0.0097343 -0.056 -0.00591956 -0.00858988 -0.056 0.00698838 -0.00385112 -0.056 -0.010836 0.00077748 -0.056 -0.01136633 0.00381525 -0.056 0.01073507 0.00883759 -0.056 0.00718991 0.01630471 -0.056 0.00327107 0.01128677 -0.056 0.00155133 0.01674962 -0.056 -0.00341563 0.01044969 -0.056 -0.00453894 -0.00231795 -0.056 0.0111546 0.01716829 -0.056 -0.0285 0.0095046 -0.056 -0.03150923 -0.0095046 -0.056 -0.03150923 0 -0.056 -0.03291153 -0.02575359 -0.056 -0.0252 -0.029 -0.056 -0.0275 -0.03260358 -0.056 0.00340758 -0.03220715 -0.056 -0.00681515 -0.03 -0.056 0.01417745 -0.02889641 -0.056 0.02557679 -0.0270768 -0.056 0.02739641 0.00480374 -0.056 0.03255907 0.02943301 -0.056 -0.02761603 0.02240589 -0.056 -0.00282113 0.02145083 -0.056 0.00381195 0.02355548 -0.056 0.00091516 0.03 -0.053 0.0265 0.03 -0.056 0.01417745 0.03 -0.053 0.01417745 0.01716829 -0.053 0.0285 0.028 -0.056 0.0285 -0.03 -0.053 0.0265 -0.028 -0.053 0.0285 -0.028 -0.056 0.0285 -0.03 -0.053 -0.0265 -0.01716829 -0.053 -0.0285 -0.01716829 -0.056 -0.0285 -0.028 -0.056 -0.0285 -0.028 -0.053 -0.0285 0.028 -0.0545 -0.0285 0.03 -0.056 -0.0265 0.03 -0.053 -0.0265 0.03 -0.056 -0.01417745 0.03 -0.053 -0.01417745 0.01965509 -0.008 -0.00218948 0.02251814 -0.008 -0.01067176 0.01797988 -0.008 -0.01725332 0.01931849 -0.008 0.00362675 0.02157445 -0.008 0.01246982 0.02250373 -0.008 0.00142029 0.02473868 -0.008 -0.00299177 0.00595188 -0.008 0.02419769 0.0140614 -0.008 0.020401 -0.00806706 -0.008 0.01525819 -0.00814381 -0.008 0.0185152 0.00361758 -0.008 0.01609854 -0.01094406 -0.008 -0.01509428 -0.02250789 -0.008 -0.01069337 -0.0247358 -0.008 -0.00301552 0.00950285 -0.008 0.01348873 -0.01156981 -0.008 -0.02207017 -0.01796331 -0.008 -0.01727058 -0.00702891 -0.008 -0.01951753 -0.00398547 -0.008 -0.02459816 0.01159099 -0.008 -0.02205906 0.00400908 -0.008 -0.02459432 -0.01637623 -0.008 -0.00120552 -0.00394386 -0.008 -0.01571438 -0.01508346 -0.008 0.00668874 -0.02441773 -0.008 0.00497271 0.00660129 -0.008 -0.01488389 -0.01325105 -0.008 0.01528214 -0.02158641 -0.008 0.01244911 -0.01274214 -0.008 0.0184917 -0.00977839 -0.008 0.02292022 -0.00201706 -0.008 0.02483716 0.01243218 -0.008 -0.01072731 0.01568334 -0.008 0.0038764 0.01651536 -0.011 0.01866002 0.00975639 -0.011 0.02292959 0.00199322 -0.011 0.02483909 0.00790237 -0.011 -0.02363273 0.00176883 -0.011 -0.01436058 1.196E-05 -0.011 -0.02491893 -0.00076749 -0.011 -0.01390005 -0.01167316 -0.011 -0.00574619 -0.00985804 -0.011 0.00594635 -0.01286564 -0.011 0.00645762 -0.00176883 -0.011 0.01436058 0.00028451 -0.011 0.01236632 -0.00663583 -0.011 0.02392834 0.01110399 -0.011 0.00587409 0.01317544 -0.011 -0.00713981 0.00985804 -0.011 -0.00594635 0.00043591 -0.011 -0.01159328 0.02165663 -0.011 -0.01248961 0.01658705 -0.011 -0.01870481 -0.01763222 -0.011 0.01749887 -0.01037916 -0.011 0.01624984 -0.01089936 -0.011 0.01801577 0.02157445 -0.011 0.01246982 0.02024743 -0.011 0.00098206 0.02473868 -0.011 -0.00299177 0.02441294 -0.011 0.00499614 -0.00939041 -0.011 -0.01751469 -0.00787968 -0.011 -0.0236403 -0.01496029 -0.011 -0.01992844 -0.02050108 -0.011 -0.01416541 -0.02350456 -0.011 0.00783959 -0.0247358 -0.011 -0.00301552 -0.01098649 -0.011 -0.00807722 0.01155791 -0.011 0.0078941 0.0123061 -0.011 -0.00471302 -0.00361758 -0.005 -0.01609854 0.00019483 -0.005 -0.01267718 0.00246175 -0.005 -0.01504786 -0.00645947 -0.005 0.01460205 0.00219253 -0.005 0.0149993 -0.00210506 -0.005 0.01383822 0.009162 -0.005 0.00579985 -0.00115716 -0.005 0.0114543 0.01176504 -0.005 -0.00396571 0.01604299 -0.005 -0.00278027 0.01059229 -0.005 -0.00688762 0.01010051 -0.005 -0.01294659 -0.01039166 -0.005 -0.00815617 -0.01609854 -0.005 0.00361758 -0.01230282 -0.005 -0.0066657 -0.01616068 -0.005 -0.00198491 -0.00809579 -0.005 -0.0142861 0.01582639 -0.005 0.00437721 0.01230282 -0.005 0.0066657 0.00809579 -0.005 0.0142861 0.01039166 -0.005 0.00815617 -0.01348873 -0.005 0.00950285 -0.01055768 -0.005 0.00473001 -0.009162 -0.005 -0.00579985 -0.01154302 -0.0091 -0.01590963 -0.007845 -0.0091 -0.01540312 -0.00702891 -0.0091 -0.01951753 -0.01072693 -0.0091 -0.02002404 -0.00844037 -0.0091 0.01509472 -0.01213839 -0.0091 0.01458821 -0.01295448 -0.0091 0.01870262 -0.00925646 -0.0091 0.01920913 0.02224045 -0.0091 -0.00098904 0.01854243 -0.0091 -0.00149555 0.01772634 -0.0091 0.00261886 0.02142435 -0.0091 0.00312537 -0.00580245 -0.01076216 0.04015 0.0009574 -0.00755747 0.04015 -0.01115659 -0.00524247 0.04015 -0.01099872 0.00534047 0.04015 -0.00172616 0.00391574 0.04015 -0.0031189 0.00767951 0.04015 -0.00520241 0.01106469 0.04015 -0.0009262 0.00720281 0.04015 0.0029034 0.01187698 0.04015 8.647E-05 -0.0024733 0.04015 0.00269838 -0.00587003 0.04015 -0.00256953 -0.00082918 0.04015 0.00972031 0.00741674 0.04015 0.01222209 -0.000336 0.04015 -0.0123847 -0.00071196 0.04015 0.00224648 -0.01201856 0.04015 0.00929814 -0.00793958 0.04015 -0.00252559 0.01303964 0.03415 0.00581439 0.01194167 0.03415 -0.00097325 0.00729687 0.03415 -0.0031189 0.00767951 0.03415 -0.00985253 0.00890721 0.03415 0.01329756 0.00148159 0.03415 0.00209981 0.00137395 0.03415 0.01148212 0.00710006 0.03415 0.00169744 -0.00401583 0.03415 -0.00234198 0.00380784 0.03415 -0.01303213 0.00335165 0.03415 -0.01313522 -0.00254679 0.03415 0.0009418 -0.00738014 0.03415 -0.00278761 -0.01298614 0.03415 -0.01002986 -0.00870704 0.03415 0.0031189 -0.00767951 0.03415 0.00557279 -0.01205631 0.03415 0.01169787 -0.00629052 0.03415 -0.00256953 -0.00082918 0.03415 -0.0117115 0.00351186 -0.04015 -0.00466447 0.00602285 -0.04015 -0.01159761 -0.00417713 -0.04015 -0.00400575 -0.0115519 -0.04015 0.00154662 -0.00399006 -0.04015 0.00322169 -0.00763696 -0.04015 0.00414052 -0.01150429 -0.04015 0.00443586 -0.00574991 -0.04015 0.01044869 -0.00634959 -0.04015 -0.00168699 0.00181072 -0.04015 -0.0022402 0.0060597 -0.04015 -0.00240375 -0.00122962 -0.04015 0.0121184 0.00162387 -0.04015 0.0084084 0.00887645 -0.04015 -0.00926414 -0.00825006 -0.04015 -0.00690574 0.01008976 -0.04015 0.00096567 0.01218852 -0.04015 0.00743001 -0.01100934 -0.03415 0.01255365 -0.00433781 -0.03415 0.00446907 -0.0058497 -0.03415 0.00322169 -0.00763696 -0.03415 -0.00067391 -0.01326486 -0.03415 0.01019819 0.00884573 -0.03415 -0.00163768 0.00404057 -0.03415 0.01288919 0.00359012 -0.03415 0.00245653 0.00051225 -0.03415 0.00103473 -0.004349 -0.03415 -0.00850751 -0.01019965 -0.03415 -0.01255851 -0.00461563 -0.03415 -0.00455017 0.00588638 -0.03415 -0.0134005 0.00122332 -0.03415 -0.01115075 0.00721605 -0.03415 -0.00322169 0.00763696 -0.03415 -0.0045794 0.01246755 -0.03415 0.00382881 0.01271813 -0.03415 -0.00240375 -0.00122962 -0.03415</float_array>
          <technique_common>
            <accessor source="#pos_0-array" count="6033" stride="3">
              <param name="X" type="float"/>
              <param name="Y" type="float"/>
              <param name="Z" type="float"/>
            </accessor>
          </technique_common>
        </source>
        <source id="norm_0">
          <float_array id="norm_0-array" count="1623">0 -1 0 0 1 0 -1 0 0 1 0 0 0.58915 0 0.80802 0.72989 0 0.68356 0.84487 0 0.53497 0.93002 0 0.3675 0.98235 0 0.18705 0.99991 0.01358 0 0.98235 0 -0.18705 0.93002 0 -0.3675 0.84487 0 -0.53497 0.72989 0 -0.68356 0.58915 0 -0.80802 -0.58915 -0 -0.80802 -0.72989 -0 -0.68356 -0.84487 -0 -0.53497 -0.93002 -0 -0.3675 -0.98235 -0 -0.18705 -0.99991 0.01358 0 -0.98235 0 0.18705 -0.93002 0 0.3675 -0.84487 0 0.53497 -0.72989 0 0.68356 -0.58915 0 0.80802 0.99414 0 0.10812 0.99414 0 0.10812 0.94765 0 0.3193 0.85686 0 0.51555 0.726 0 0.6877 0.56119 0 0.82769 0.37014 0 0.92898 0.16178 0 0.98683 -0.05414 0 0.99853 -0.26753 0 0.96355 -0.46841 0 0.88351 -0.64739 0 0.76216 -0.79609 0 0.60517 -0.90758 0 0.41989 -0.97662 0 0.21497 -0.97662 -0 -0.21497 -0.90758 -0 -0.41989 -0.79609 -0 -0.60517 -0.64739 -0 -0.76216 -0.46841 -0 -0.88351 -0.26753 -0 -0.96355 -0.05414 -0 -0.99853 0.16178 0 -0.98683 0.37014 0 -0.92898 0.56119 0 -0.82769 0.726 0 -0.6877 0.85686 0 -0.51555 0.94765 0 -0.3193 0.99414 0 -0.10812 0.99414 -0 -0.10812 0 -0 1 -0 0 -1 0.83455 -0.03305 -0.54993 -0.37937 -0 -0.92525 -0.16397 -0 -0.98647 0.05965 0 -0.99822 0.28028 0 -0.95992 0.48685 0 -0.87348 0.66902 0 -0.74325 0.81763 0 -0.57574 0.92525 0 -0.37937 0.98647 0 -0.16397 0.99822 0 0.05965 0.95992 0 0.28028 0.87348 0 0.48685 0.74325 0 0.66902 0.57574 0 0.81763 0.57574 0 0.81763 0.74325 0 0.66902 0.87348 0 0.48685 0.95992 0 0.28028 0.99822 0 0.05965 0.98647 0 -0.16397 0.92525 0 -0.37937 0.81763 0 -0.57574 0.66902 0 -0.74325 0.48685 0 -0.87348 0.28028 0 -0.95992 0.05965 0 -0.99822 -0.16397 -0 -0.98647 -0.37937 -0 -0.92525 0.37937 0 0.92525 0.16397 0 0.98647 -0.05965 0 0.99822 -0.28028 0 0.95992 -0.48685 0 0.87348 -0.66902 0 0.74325 -0.81763 0 0.57574 -0.92525 0 0.37937 -0.98647 0 0.16397 -0.99822 -0 -0.05965 -0.95992 -0 -0.28028 -0.87348 -0 -0.48685 -0.74325 -0 -0.66902 -0.57574 -0 -0.81763 -0.57574 -0 -0.81763 -0.74325 -0 -0.66902 -0.87348 -0 -0.48685 -0.95992 -0 -0.28028 -0.99822 -0 -0.05965 -0.98647 0 0.16397 -0.92525 0 0.37937 -0.81763 0 0.57574 -0.66902 0 0.74325 -0.48685 0 0.87348 -0.28028 0 0.95992 -0.05965 0 0.99822 0.16397 0 0.98647 0.37937 0 0.92525 -0 0 -1 1 0 -0 -0.35837 -0 -0.93358 -0.05234 -0 -0.99863 0.25882 0 -0.96593 0.54464 0 -0.83867 0.77715 0 -0.62932 0.93358 0 -0.35837 0.99863 0 -0.05234 0.96593 0 0.25882 0.83867 0 0.54464 0.62932 0 0.77715 0.74314 -0 0.66913 0.91355 -0 0.40674 0.99452 -0 0.10453 0.97815 0 -0.20791 0.66913 0 -0.74314 0.40674 0 -0.91355 0.10453 0 -0.99452 -0.20791 0 -0.97815 0.94218 0 -0.33511 0.7613 0 -0.6484 0.63146 0 -0.77541 0.48079 0 -0.87684 0.31425 0 -0.94934 0.13735 0 -0.99052 -0.04408 -0 -0.99903 -0.22406 -0 -0.97458 -0.39664 -0 -0.91797 0.88786 0 -0.46012 0.8424 0 -0.53885 0.98725 0.00409 -0.15915 0.59667 0 0.80249 0.73198 0 0.68133 0.84314 0 0.53769 0.92649 0 0.37631 0.97928 0 0.20252 0.99976 0 0.02204 0.9935 0 -0.11384 0.93623 0 -0.35137 0.98115 0 -0.19326 0.99955 0 -0.02992 0.99095 -0 0.13423 0.95557 -0 0.29476 0.89438 -0 0.44731 0.80902 -0 0.58779 0.7018 -0 0.71238 0.57562 -0 0.81772 -0.42036 0 -0.90736 -0.26604 0 -0.96396 -0.10453 0 -0.99452 0.0598 0 -0.99821 0.22252 0 -0.97493 0.37923 0 -0.9253 0.52568 0 -0.85068 0.65794 0 -0.75307 0.77242 0 -0.63512 0.84473 0 -0.5352 0.86598 -0.01016 -0.49997 0.88586 0 -0.46396 1 -0 0 1 -0 0 1 -0 -0 -0.77239 0.00816 0.63509 -0.85722 0.0049 0.51493 -0.80902 0 -0.58779 -0.7018 0 -0.71238 -0.57562 0 -0.81772 0.42036 -0 0.90736 0.26604 -0 0.96396 0.10453 -0 0.99452 -0.0598 0 0.99821 -0.22252 0 0.97493 -0.37923 0 0.9253 -0.52568 0 0.85068 -0.65794 0 0.75307 -0.76127 0 0.64843 0.39664 -0 0.91797 0.22406 -0 0.97458 0.04408 -0 0.99903 -0.13735 0 0.99052 -0.31425 0 0.94934 -0.48079 0 0.87684 -0.63146 0 0.77541 -0.7613 0 0.6484 -0.8424 0 0.53885 -0.88786 0 0.46012 -0.94218 0 0.33511 -0.98725 0 0.15916 -0.99976 0 -0.02204 -0.97928 0 -0.20252 -0.92649 0 -0.37631 -0.84314 0 -0.53769 -0.73198 0 -0.68133 -0.59667 0 -0.80249 -0.74314 0 -0.66913 -0.91355 0 -0.40674 -0.99452 0 -0.10453 -0.97815 0 0.20791 -0.66913 0 0.74314 -0.40674 0 0.91355 -0.10453 0 0.99452 0.20791 -0 0.97815 -0.99998 0 -0.00615 -0.99998 0 -0.00615 0.35837 0 0.93358 0.05234 0 0.99863 -0.25882 0 0.96593 -0.54464 0 0.83867 -0.77715 0 0.62932 -0.93358 0 0.35837 -0.99863 0 0.05234 -0.96593 -0 -0.25882 -0.83867 -0 -0.54464 -0.62932 -0 -0.77715 0.90436 0 -0.42678 0.96227 0 -0.2721 0.99393 0 -0.11001 0.99848 -0 0.05509 0.9758 -0 0.21868 0.92649 -0 0.37631 0.85192 -0 0.52367 0.75411 -0 0.65675 0.63572 -0 0.77192 0.5 -0 0.86603 0.35064 -0 0.93651 0.19171 -0 0.98145 0.02755 -0 0.99962 -0.13735 0 0.99052 -0.29851 0 0.95441 -0.45153 0 0.89225 -0.59224 0 0.80577 -0.71678 0 0.6973 -0.82178 0 0.56981 0.92837 0 -0.37166 0.99547 0 -0.09506 0.98193 0 0.18925 0.88884 0 0.45823 0.72373 0 0.69008 0.5 0 0.86603 0.23576 0 0.97181 -0.04758 0 0.99887 -0.32707 0 0.945 -0.58006 0 0.81458 -0.78605 0 0.61816 -0.90436 0 0.42678 -0.96227 0 0.2721 -0.99393 0 0.11001 -0.99848 0 -0.05509 -0.9758 0 -0.21868 -0.92649 0 -0.37631 -0.85192 0 -0.52367 -0.75411 0 -0.65675 -0.63572 0 -0.77192 -0.5 0 -0.86603 -0.35064 0 -0.93651 -0.19171 0 -0.98145 -0.02755 0 -0.99962 0.13735 0 -0.99052 0.29851 0 -0.95441 0.45153 0 -0.89225 0.59224 0 -0.80577 0.71678 0 -0.6973 0.82178 0 -0.56981 -0.92837 0 0.37166 -0.99547 0 0.09506 -0.98193 -0 -0.18925 -0.88884 -0 -0.45823 -0.72373 -0 -0.69008 -0.5 -0 -0.86603 -0.23576 -0 -0.97181 0.04758 0 -0.99887 0.32707 0 -0.945 0.58006 0 -0.81458 0.78605 0 -0.61816 -0 -0 -1 -0 -0 1 -0 0 1 1 -0 0 1 -0 0 0 0 -1 -0 -0 -1 -0.94268 0.01106 0.33351 -0.99846 0.01106 0.05441 -0.97334 0.01106 -0.22909 -0.69497 0.01106 -0.71895 -0.46427 0.01106 -0.88562 -0.19595 0.01106 -0.98055 0.08824 0.01106 -0.99604 0.36528 0.01106 -0.93083 0.61273 0.01106 -0.79022 0.81054 0.01106 -0.58558 -0.921 0 0.38957 -0.97256 0 0.23267 -0.99759 0 0.06942 -0.99541 0 -0.09573 -0.96608 0 -0.25826 -0.91039 0 -0.41375 -0.82987 0 -0.55795 -0.72672 0 -0.68693 -0.60374 0 -0.79718 -0.4643 0 -0.88568 -0.31219 0 -0.95002 -0.15156 0 -0.98845 0.0132 0 -0.99991 0.1776 0 -0.9841 0.33715 0 -0.94145 0.48751 0 -0.87312 0.62457 0 -0.78097 0.7446 0 -0.66751 0.84431 0 -0.53585 0.73367 0.49884 -0.46139 0.73367 0.49884 -0.46139 0.55519 0.49884 -0.66552 0.55166 0.49335 -0.67252 0.65246 0.49884 -0.57048 0.65128 0.49611 -0.57421 0.32236 0.49884 -0.80451 0.31125 0.48778 -0.8156 0.44424 0.49884 -0.74418 0.43734 0.49058 -0.7537 0.05797 0.49884 -0.86475 0.19253 0.49884 -0.84504 -0.21209 0.49884 -0.84034 -0.07802 0.49884 -0.86317 -0.34094 0.49884 -0.79682 -0.46515 0.48636 -0.73965 -0.57503 0.48664 -0.65766 -0.67059 0.4872 -0.55941 -0.74944 0.48804 -0.44738 -0.7974 0.49937 -0.33879 -0.80962 0.48916 -0.3244 -0.84149 0.49928 -0.20642 -0.84964 0.49056 -0.19358 -0.86377 0.49918 -0.06867 -0.86852 0.49223 -0.05822 -0.86366 0.49907 0.07087 -0.86584 0.49417 0.07826 -0.84114 0.49896 0.2086 -0.84172 0.49637 0.21244 -0.79682 0.49884 0.34094 -0.79682 0.49884 0.34094 -0.73367 0.49884 0.46139 -0.73367 0.49884 0.46139 -0.55519 0.49884 0.66552 -0.55166 0.49335 0.67252 -0.65246 0.49884 0.57048 -0.65128 0.49611 0.57421 -0.32236 0.49884 0.80451 -0.31125 0.48778 0.8156 -0.44424 0.49884 0.74418 -0.43734 0.49058 0.7537 -0.05797 0.49884 0.86475 -0.19253 0.49884 0.84504 0.21209 0.49884 0.84034 0.07802 0.49884 0.86317 0.34094 0.49884 0.79682 0.46515 0.48636 0.73965 0.57503 0.48664 0.65766 0.67059 0.4872 0.55941 0.74944 0.48804 0.44738 0.7974 0.49937 0.33879 0.80962 0.48916 0.3244 0.84149 0.49928 0.20642 0.84964 0.49056 0.19358 0.86377 0.49918 0.06867 0.86852 0.49223 0.05822 0.86366 0.49907 -0.07087 0.86584 0.49417 -0.07826 0.84114 0.49896 -0.2086 0.84172 0.49637 -0.21244 0.79682 0.49884 -0.34094 0.79682 0.49884 -0.34094 0.921 0 -0.38957 0.97256 0 -0.23267 0.99759 0 -0.06942 0.99541 -0 0.09573 0.96608 -0 0.25826 0.91039 -0 0.41375 0.82987 -0 0.55795 0.72672 -0 0.68693 0.6037 0.01219 0.79712 0.5928 0 0.80535 0.4643 -0 0.88568 0.31219 -0 0.95002 0.15156 -0 0.98845 -0.0132 0 0.99991 -0.1776 0 0.9841 -0.33715 0 0.94145 -0.48751 0 0.87312 -0.62457 0 0.78097 -0.7446 0 0.66751 -0.83941 0 0.54351 -0.84428 0.00865 0.53583 0.99846 0.01106 -0.05441 0.97334 0.01106 0.22909 0.86937 0.01106 0.49403 0.69497 0.01106 0.71895 0.46427 0.01106 0.88562 0.19595 0.01106 0.98055 -0.08824 0.01106 0.99604 -0.36528 0.01106 0.93083 -0.61273 0.01106 0.79022 -0.81054 0.01106 0.58558 0.08092 0 0.99672 0.24387 0 0.96981 0.40017 0 0.91644 0.54556 0 0.83807 0.67606 0 0.73685 0.78812 0 0.61552 0.87868 0 0.47741 0.94528 0 0.32627 0.98609 0 0.16624 1 0 0.00166 0.98663 0 -0.16295 0.94636 0 -0.32313 0.88026 0 -0.47448 0.79016 0 -0.6129 0.6785 0 -0.7346 0.54834 0 -0.83626 0.40322 0 -0.9151 0.2471 0 -0.96899 0.08424 0 -0.99645 0.14067 -0 0.99006 0.4139 -0 0.91032 0.6536 -0 0.75684 0.84035 -0 0.54204 0.95902 -0 0.28333 1 -0 0.00166 0.95996 0 -0.28014 0.84215 0 -0.53924 0.65612 0 -0.75466 0.41693 0 -0.90894 0.14396 0 -0.98958 -0.08092 -0 -0.99672 -0.24387 -0 -0.96981 -0.40017 -0 -0.91644 -0.54556 -0 -0.83807 -0.67606 -0 -0.73685 -0.78812 -0 -0.61552 -0.87868 -0 -0.47741 -0.94528 -0 -0.32627 -0.98609 -0 -0.16624 -1 -0 -0.00166 -0.98663 0 0.16295 -0.94636 0 0.32313 -0.88026 0 0.47448 -0.79016 0 0.6129 -0.6785 0 0.7346 -0.54834 0 0.83626 -0.40322 0 0.9151 -0.2471 0 0.96899 -0.08424 0 0.99645 -0.14067 0 -0.99006 -0.4139 0 -0.91032 -0.6536 0 -0.75684 -0.84035 0 -0.54204 -0.95902 0 -0.28333 -1 0 -0.00166 -0.95996 0 0.28014 -0.84215 0 0.53924 -0.65612 0 0.75466 -0.41693 0 0.90894 -0.14396 0 0.98958 -0.79019 0 -0.61286 -0.65544 0 -0.75524 -0.49551 0 -0.8686 -0.31653 0 -0.94858 -0.12539 0 -0.99211 0.07057 0 -0.99751 0.26382 0 -0.96457 0.44693 0 -0.89457 0.61286 0 -0.79019 0.75524 0 -0.65544 0.8686 0 -0.49551 0.94858 0 -0.31653 0.99211 0 -0.12539 0.99751 -0 0.07057 0.96457 -0 0.26382 0.89457 -0 0.44693 0.79019 -0 0.61286 0.65544 -0 0.75524 0.49551 -0 0.8686 0.31653 -0 0.94858 0.12539 -0 0.99211 -0.07057 0 0.99751 -0.26382 0 0.96457 -0.44693 0 0.89457 -0.61286 0 0.79019 -0.75524 0 0.65544 -0.8686 0 0.49551 -0.94858 0 0.31653 -0.99211 0 0.12539 -0.99751 0 -0.07057 -0.96457 0 -0.26382 -0.89457 0 -0.44693 -0 -1 0 0 -1 0 0 -1 0 0 -1 -0 -0 -1 0 -0 -1 -0 0 -1 0 0 -1 0 0 -1 0 0 -1 0 -0 -1 0 -0 -1 0 -0 -1 -0 0 -1 -0 -0 -1 -0 -0 -1 0 -0 -1 0 -0 -1 0 -0 -1 -0 -0 -1 -0 -0 -1 -0 0 -1 -0 0 -1 -0 0 -1 -0 0 -1 0 -0 -1 0 0 -1 -0 0 -1 0 0 -1 0 -0 -1 -0</float_array>
          <technique_common>
            <accessor source="#norm_0-array" count="1623" stride="3">
              <param name="X" type="float"/>
              <param name="Y" type="float"/>
              <param name="Z" type="float"/>
            </accessor>
          </technique_common>
        </source>
        <vertices id="vert_0">
          <input semantic="POSITION" source="#pos_0"/>
        </vertices>
        <triangles count="2000" material="mat_0">
          <input semantic="VERTEX" source="#vert_0" offset="0"/>
          <input semantic="NORMAL" source="#norm_0" offset="1"/>
          <p>0 0 1 0 2 0 2 0 1 0 3 0 4 0 5 0 3 0 3 0 5 0 2 0 6 0 7 0 8 0 9 0 10 0 11 0 12 0 13 0 14 0 9 0 15 0 10 0 9 0 11 0 16 0 6 0 8 0 17 0 6 0 17 0 12 0 12 0 17 0 13 0 18 0 19 0 20 0 20 0 19 0 12 0 20 0 12 0 14 0 19 0 18 0 21 0 9 0 22 0 15 0 23 0 24 0 9 0 4 0 25 0 9 0 4 0 9 0 5 0 5 0 9 0 16 0 5 0 16 0 26 0 5 0 26 0 6 0 6 0 26 0 7 0 27 0 28 0 22 0 22 0 28 0 19 0 22 0 19 0 21 0 9 0 24 0 22 0 22 0 24 0 27 0 29 0 30 0 31 0 31 0 30 0 32 0 6 0 30 0 29 0 12 0 33 0 32 0 12 0 32 0 6 0 6 0 32 0 30 0 34 0 35 0 12 0 12 0 35 0 33 0 35 0 36 0 33 0 37 0 38 0 39 0 39 0 40 0 37 0 40 0 41 0 37 0 37 0 41 0 12 0 37 0 12 0 42 0 41 0 34 0 12 0 42 0 12 0 43 0 42 0 43 0 44 0 45 0 44 0 43 0 19 0 46 0 43 0 19 0 43 0 12 0 47 1 48 1 49 1 50 1 48 1 47 1 50 1 47 1 51 1 49 1 52 1 53 1 49 1 48 1 54 1 49 1 54 1 52 1 55 1 54 1 48 1 56 1 57 1 58 1 59 1 60 1 56 1 56 1 60 1 57 1 61 1 60 1 59 1 59 1 56 1 62 1 63 1 59 1 62 1 63 1 62 1 64 1 65 1 66 1 67 1 65 1 67 1 68 1 69 1 70 1 71 1 69 1 71 1 68 1 69 1 68 1 67 1 67 1 72 1 69 1 73 1 74 1 75 1 76 1 77 1 73 1 76 1 73 1 78 1 75 1 79 1 80 1 75 1 80 1 78 1 75 1 78 1 73 1 40 2 39 2 58 2 58 2 39 2 81 2 58 2 81 2 82 2 82 2 81 2 83 2 84 3 85 3 77 3 77 3 85 3 86 3 77 3 86 3 37 3 37 3 86 3 38 3 87 4 88 4 89 4 87 4 89 4 90 4 90 5 89 5 91 5 90 5 91 5 92 5 92 6 91 6 93 6 92 6 93 6 94 6 94 7 93 7 95 7 94 7 95 7 96 7 96 8 95 8 97 8 96 8 97 8 98 8 98 9 99 9 100 9 100 10 101 10 102 10 100 10 102 10 103 10 103 11 102 11 104 11 103 11 104 11 105 11 105 12 104 12 106 12 105 12 106 12 107 12 107 13 106 13 108 13 107 13 108 13 109 13 109 14 108 14 110 14 109 14 110 14 111 14 112 15 113 15 114 15 112 15 114 15 115 15 115 16 114 16 116 16 115 16 116 16 117 16 117 17 116 17 118 17 117 17 118 17 119 17 119 18 118 18 120 18 119 18 120 18 121 18 121 19 120 19 122 19 121 19 122 19 123 19 123 20 124 20 125 20 125 21 126 21 127 21 125 21 127 21 128 21 128 22 127 22 129 22 128 22 129 22 130 22 130 23 129 23 131 23 130 23 131 23 132 23 132 24 131 24 133 24 132 24 133 24 134 24 134 25 133 25 135 25 134 25 135 25 136 25 137 26 138 26 139 26 139 27 138 27 140 27 139 28 140 28 141 28 141 28 140 28 8 28 141 29 8 29 142 29 142 29 8 29 143 29 142 30 143 30 144 30 144 30 143 30 145 30 144 31 145 31 146 31 146 31 145 31 147 31 146 32 147 32 148 32 148 32 147 32 149 32 148 33 149 33 150 33 150 33 149 33 151 33 150 34 151 34 152 34 152 34 151 34 153 34 152 35 153 35 154 35 154 35 153 35 155 35 154 36 155 36 156 36 156 36 155 36 157 36 156 37 157 37 158 37 158 37 157 37 159 37 158 38 159 38 160 38 160 38 159 38 161 38 160 39 161 39 162 39 162 39 161 39 163 39 162 40 163 40 164 40 164 40 163 40 165 40 166 41 167 41 168 41 168 41 167 41 169 41 168 42 169 42 170 42 170 42 169 42 22 42 170 43 22 43 171 43 171 43 22 43 172 43 171 44 172 44 173 44 173 44 172 44 174 44 173 45 174 45 175 45 175 45 174 45 18 45 175 46 18 46 176 46 176 46 18 46 177 46 176 47 177 47 178 47 178 47 177 47 179 47 178 48 179 48 180 48 180 48 179 48 181 48 180 49 181 49 182 49 182 49 181 49 183 49 182 50 183 50 184 50 184 50 183 50 185 50 184 51 185 51 186 51 186 51 185 51 187 51 186 52 187 52 188 52 188 52 187 52 189 52 188 53 189 53 190 53 190 53 189 53 17 53 190 54 17 54 137 54 137 55 17 55 138 55 191 1 192 1 193 1 193 1 192 1 194 1 193 1 194 1 195 1 81 1 86 1 196 1 196 1 86 1 85 1 197 1 198 1 85 1 195 1 194 1 162 1 195 1 162 1 199 1 199 1 162 1 200 1 85 1 198 1 196 1 196 1 198 1 201 1 162 1 202 1 200 1 200 1 202 1 203 1 203 1 202 1 197 1 203 1 197 1 85 1 204 1 205 1 193 1 193 1 205 1 206 1 193 1 206 1 191 1 191 1 206 1 207 1 207 1 206 1 208 1 207 1 208 1 209 1 209 1 208 1 210 1 209 1 210 1 211 1 209 1 211 1 212 1 212 1 211 1 196 1 212 1 196 1 201 1 38 56 86 56 213 56 214 56 215 56 216 56 214 56 81 56 39 56 215 56 213 56 217 56 81 56 214 56 217 56 81 56 217 56 86 56 213 56 215 56 38 56 214 56 216 56 217 56 217 56 213 56 86 56 215 56 214 56 39 56 215 56 39 56 38 56 218 2 219 2 66 2 66 2 219 2 205 2 66 2 205 2 2 2 2 2 205 2 0 2 3 3 1 3 53 3 53 3 1 3 204 3 53 3 204 3 220 3 220 3 204 3 221 3 222 57 0 57 205 57 204 57 223 57 224 57 204 57 224 57 225 57 225 57 226 57 222 57 222 57 226 57 0 57 223 57 1 57 227 57 227 57 1 57 0 57 223 57 227 57 224 57 0 57 226 57 227 57 227 57 226 57 224 57 1 57 223 57 204 57 225 57 205 57 204 57 205 57 225 57 222 57 228 58 229 58 230 58 231 57 232 57 233 57 234 57 232 57 235 57 236 57 231 57 237 57 238 57 239 57 240 57 238 57 240 57 241 57 238 57 241 57 237 57 235 57 232 57 236 57 232 57 231 57 236 57 237 57 241 57 242 57 233 57 243 57 231 57 237 57 244 57 245 57 232 57 234 57 233 57 244 57 246 57 245 57 233 57 234 57 247 57 247 57 248 57 249 57 250 57 243 57 238 57 238 57 243 57 251 57 243 57 233 57 251 57 238 57 252 57 239 57 237 57 250 57 238 57 236 57 237 57 245 57 236 57 245 57 253 57 242 57 244 57 237 57 251 57 252 57 238 57 233 57 247 57 249 57 233 57 249 57 254 57 255 57 251 57 233 57 255 57 233 57 254 57 256 56 257 56 258 56 259 56 260 56 261 56 261 56 260 56 262 56 256 56 258 56 263 56 263 56 258 56 264 56 259 56 261 56 265 56 265 56 261 56 266 56 265 56 266 56 267 56 257 56 256 56 268 56 269 56 270 56 263 56 271 56 272 56 266 56 266 56 272 56 267 56 271 56 266 56 269 56 256 56 270 56 268 56 268 56 270 56 273 56 262 56 260 56 274 56 262 56 274 56 268 56 271 56 269 56 263 56 271 56 263 56 264 56 266 56 262 56 273 56 273 56 262 56 268 56 275 57 276 57 277 57 278 57 279 57 280 57 281 57 282 57 283 57 284 57 285 57 286 57 287 57 288 57 281 57 283 57 289 57 284 57 286 57 290 57 291 57 292 1 293 1 294 1 295 1 296 1 297 1 298 59 299 59 300 59 300 59 299 59 301 59 300 60 301 60 302 60 302 60 301 60 303 60 302 61 303 61 304 61 304 61 303 61 305 61 304 62 305 62 306 62 306 62 305 62 307 62 306 63 307 63 308 63 308 63 307 63 309 63 308 64 309 64 310 64 310 64 309 64 311 64 310 65 311 65 312 65 312 65 311 65 313 65 312 66 313 66 314 66 314 66 313 66 315 66 314 67 315 67 316 67 316 67 315 67 317 67 316 68 317 68 318 68 318 68 317 68 319 68 318 69 319 69 320 69 320 69 319 69 321 69 320 70 321 70 322 70 322 70 321 70 323 70 322 71 323 71 324 71 324 71 323 71 325 71 324 72 325 72 326 72 326 72 325 72 327 72 328 0 329 0 330 0 331 73 332 73 333 73 331 73 333 73 334 73 334 74 333 74 335 74 334 74 335 74 336 74 336 75 335 75 337 75 336 75 337 75 338 75 338 76 337 76 339 76 338 76 339 76 340 76 340 77 339 77 341 77 340 77 341 77 342 77 342 78 341 78 343 78 342 78 343 78 344 78 344 79 343 79 345 79 344 79 345 79 346 79 346 80 345 80 347 80 346 80 347 80 348 80 348 81 347 81 349 81 348 81 349 81 350 81 350 82 349 82 351 82 350 82 351 82 352 82 352 83 351 83 353 83 352 83 353 83 354 83 354 84 353 84 355 84 354 84 355 84 356 84 356 85 355 85 357 85 356 85 357 85 358 85 358 86 357 86 359 86 358 86 359 86 360 86 326 87 327 87 361 87 361 87 327 87 362 87 361 88 362 88 363 88 363 88 362 88 364 88 363 89 364 89 365 89 365 89 364 89 366 89 365 90 366 90 367 90 367 90 366 90 368 90 367 91 368 91 369 91 369 91 368 91 370 91 369 92 370 92 371 92 371 92 370 92 372 92 371 93 372 93 373 93 373 93 372 93 374 93 373 94 374 94 375 94 375 94 374 94 376 94 375 95 376 95 377 95 377 95 376 95 378 95 377 96 378 96 379 96 379 96 378 96 380 96 379 97 380 97 381 97 381 97 380 97 382 97 381 98 382 98 383 98 383 98 382 98 384 98 383 99 384 99 385 99 385 99 384 99 386 99 385 100 386 100 298 100 298 100 386 100 299 100 360 101 359 101 387 101 360 101 387 101 388 101 388 102 387 102 389 102 388 102 389 102 390 102 390 103 389 103 391 103 390 103 391 103 392 103 392 104 391 104 393 104 392 104 393 104 394 104 394 105 393 105 395 105 394 105 395 105 396 105 396 106 395 106 397 106 396 106 397 106 398 106 398 107 397 107 399 107 398 107 399 107 400 107 400 108 399 108 401 108 400 108 401 108 402 108 402 109 401 109 403 109 402 109 403 109 404 109 404 110 403 110 405 110 404 110 405 110 406 110 406 111 405 111 407 111 406 111 407 111 408 111 408 112 407 112 409 112 408 112 409 112 410 112 410 113 409 113 411 113 410 113 411 113 412 113 412 114 411 114 332 114 412 114 332 114 331 114 413 0 414 0 415 0 415 0 414 0 416 0 417 56 418 56 413 56 413 56 418 56 414 56 419 1 420 1 417 1 417 1 420 1 418 1 415 115 416 115 419 115 419 115 416 115 420 115 413 116 415 116 417 116 417 116 415 116 419 116 421 117 422 117 423 117 423 117 422 117 424 117 423 118 424 118 425 118 425 118 424 118 426 118 425 119 426 119 427 119 427 119 426 119 428 119 427 120 428 120 429 120 429 120 428 120 430 120 429 121 430 121 431 121 431 121 430 121 432 121 431 122 432 122 433 122 433 122 432 122 434 122 433 123 434 123 435 123 435 123 434 123 436 123 435 124 437 124 438 124 438 125 439 125 440 125 440 125 439 125 441 125 440 126 441 126 442 126 442 126 441 126 443 126 444 127 445 127 446 127 446 127 445 127 447 127 446 128 447 128 448 128 448 128 447 128 449 128 448 129 449 129 450 129 450 129 449 129 451 129 450 130 451 130 452 130 452 130 451 130 453 130 454 131 455 131 456 131 456 131 455 131 457 131 456 132 457 132 458 132 458 132 457 132 459 132 458 133 459 133 460 133 460 133 459 133 461 133 460 134 461 134 462 134 462 134 461 134 463 134 464 135 465 135 466 135 467 136 468 136 469 136 469 137 468 137 470 137 469 137 470 137 471 137 471 138 470 138 472 138 471 138 472 138 473 138 473 139 472 139 474 139 473 139 474 139 475 139 475 140 474 140 476 140 475 140 476 140 477 140 477 141 476 141 478 141 477 141 478 141 479 141 479 142 478 142 480 142 479 142 480 142 481 142 481 143 480 143 482 143 481 143 482 143 483 143 465 144 464 144 484 144 484 144 464 144 485 144 484 145 485 145 467 145 467 145 485 145 486 145 467 136 486 136 468 136 487 146 488 146 466 146 466 135 489 135 464 135 490 147 491 147 492 147 490 147 492 147 493 147 493 148 492 148 494 148 493 148 494 148 495 148 495 149 494 149 496 149 495 149 496 149 497 149 497 150 496 150 498 150 497 150 498 150 499 150 499 151 498 151 500 151 499 151 500 151 501 151 501 152 500 152 502 152 501 152 502 152 487 152 487 153 502 153 503 153 504 154 505 154 506 154 506 155 505 155 507 155 506 155 507 155 508 155 508 156 507 156 509 156 508 156 509 156 510 156 510 157 509 157 511 157 510 157 511 157 512 157 512 158 511 158 513 158 512 158 513 158 514 158 514 159 513 159 515 159 514 159 515 159 516 159 516 160 515 160 517 160 516 160 517 160 518 160 518 161 517 161 519 161 518 161 519 161 520 161 520 162 519 162 521 162 520 162 521 162 522 162 523 163 524 163 525 163 523 163 525 163 526 163 526 164 525 164 527 164 526 164 527 164 528 164 528 165 527 165 529 165 528 165 529 165 530 165 530 166 529 166 531 166 530 166 531 166 532 166 532 167 531 167 533 167 532 167 533 167 534 167 534 168 533 168 535 168 534 168 535 168 536 168 536 169 535 169 537 169 536 169 537 169 538 169 538 170 537 170 539 170 538 170 539 170 540 170 540 171 539 171 541 171 540 171 541 171 542 171 542 172 541 172 543 172 542 173 543 173 504 173 504 174 543 174 544 174 504 154 544 154 505 154 545 0 546 0 547 0 548 175 549 175 550 175 548 176 550 176 551 176 551 176 550 176 552 176 553 177 551 177 552 177 554 0 555 0 556 0 557 0 558 0 559 0 560 178 561 178 562 178 563 179 564 179 560 179 565 180 566 180 567 180 565 180 567 180 568 180 568 181 567 181 569 181 568 181 569 181 570 181 570 182 569 182 571 182 570 182 571 182 572 182 573 183 574 183 575 183 573 183 575 183 576 183 576 184 575 184 577 184 576 184 577 184 578 184 578 185 577 185 579 185 578 185 579 185 580 185 580 186 579 186 581 186 580 186 581 186 582 186 582 187 581 187 583 187 582 187 583 187 584 187 584 188 583 188 585 188 584 188 585 188 586 188 586 189 585 189 587 189 586 189 587 189 588 189 588 190 587 190 562 190 588 190 562 190 589 190 589 191 562 191 590 191 591 1 592 1 593 1 594 1 592 1 591 1 595 0 596 0 597 0 597 0 598 0 599 0 599 0 600 0 595 0 601 0 600 0 602 0 602 0 600 0 599 0 602 0 603 0 604 0 595 0 600 0 601 0 601 0 602 0 604 0 605 0 606 0 607 0 605 0 607 0 608 0 609 0 608 0 610 0 609 0 610 0 611 0 601 0 604 0 595 0 595 0 612 0 596 0 607 0 613 0 610 0 614 0 607 0 606 0 596 0 612 0 614 0 596 0 614 0 606 0 615 0 616 0 617 0 617 0 616 0 618 0 617 0 618 0 602 0 603 0 602 0 618 0 603 0 618 0 610 0 603 0 610 0 613 0 618 0 619 0 610 0 620 0 616 0 615 0 599 0 621 0 615 0 615 0 621 0 620 0 616 0 620 0 622 0 620 0 621 0 622 0 623 0 624 0 599 0 598 0 625 0 599 0 598 0 626 0 627 0 626 0 628 0 629 0 625 0 627 0 629 0 598 0 627 0 625 0 630 0 628 0 606 0 606 0 628 0 626 0 631 0 632 0 633 0 606 0 605 0 609 0 606 0 609 0 632 0 632 0 609 0 633 0 634 0 611 0 631 0 634 0 631 0 633 0 611 0 634 0 609 0 609 0 634 0 633 0 608 0 607 0 610 0 635 0 630 0 606 0 596 0 606 0 626 0 596 0 626 0 598 0 595 0 597 0 599 0 602 0 599 0 615 0 621 0 599 0 624 0 636 1 637 1 638 1 638 1 637 1 639 1 639 1 637 1 640 1 639 1 640 1 641 1 641 1 640 1 642 1 641 1 642 1 643 1 643 1 642 1 644 1 643 1 644 1 645 1 645 1 644 1 646 1 645 1 646 1 647 1 647 1 646 1 648 1 647 1 648 1 649 1 649 1 648 1 650 1 649 1 650 1 651 1 651 1 650 1 652 1 651 1 652 1 653 1 653 1 652 1 654 1 653 1 654 1 655 1 655 1 654 1 656 1 655 1 656 1 657 1 657 1 656 1 658 1 657 1 658 1 659 1 659 1 658 1 660 1 659 1 660 1 661 1 661 1 660 1 662 1 661 1 662 1 663 1 663 1 662 1 664 1 663 1 664 1 665 1 665 1 664 1 666 1 665 1 666 1 636 1 636 1 666 1 637 1 667 192 668 192 669 192 667 192 669 192 670 192 670 193 669 193 671 193 670 193 671 193 672 193 672 194 671 194 673 194 672 194 673 194 674 194 674 195 673 195 675 195 674 195 675 195 676 195 676 196 675 196 677 196 676 196 677 196 678 196 678 197 677 197 679 197 678 197 679 197 680 197 680 198 679 198 681 198 680 198 681 198 682 198 682 199 681 199 683 199 682 199 683 199 684 199 684 200 683 200 685 200 685 200 683 200 686 200 685 201 686 201 687 201 686 201 688 201 687 201 687 202 688 202 689 202 687 202 689 202 652 202 652 203 689 203 690 203 652 203 690 203 691 203 691 204 690 204 692 204 691 204 692 204 693 204 693 205 692 205 694 205 693 205 694 205 695 205 695 206 694 206 696 206 695 206 696 206 697 206 697 207 696 207 698 207 697 207 698 207 699 207 699 208 698 208 700 208 699 208 700 208 701 208 701 209 700 209 702 209 701 209 702 209 703 209 466 1 704 1 705 1 706 1 707 1 705 1 705 1 707 1 466 1 706 1 708 1 707 1 709 1 710 1 451 1 711 1 712 1 461 1 461 1 712 1 713 1 711 1 677 1 712 1 709 1 714 1 710 1 466 1 467 1 704 1 704 1 467 1 715 1 704 1 715 1 716 1 710 1 689 1 451 1 451 1 689 1 455 1 716 1 717 1 718 1 718 1 717 1 719 1 716 1 715 1 473 1 716 1 473 1 717 1 461 1 713 1 720 1 461 1 720 1 721 1 689 1 683 1 455 1 455 1 683 1 722 1 455 1 722 1 711 1 711 1 722 1 677 1 721 1 720 1 723 1 721 1 723 1 706 1 706 1 723 1 708 1 718 1 719 1 724 1 718 1 724 1 445 1 445 1 724 1 725 1 445 1 725 1 709 1 709 1 725 1 714 1 726 210 721 210 727 210 727 210 721 210 728 210 727 211 728 211 729 211 729 211 728 211 730 211 729 212 730 212 731 212 731 212 730 212 705 212 731 213 705 213 732 213 732 213 705 213 733 213 734 214 704 214 735 214 735 214 704 214 736 214 735 215 736 215 737 215 737 215 736 215 738 215 737 216 738 216 739 216 739 216 738 216 718 216 739 217 718 217 740 217 740 217 718 217 741 217 731 0 742 0 743 0 743 0 742 0 744 0 450 0 745 0 746 0 746 0 745 0 747 0 748 0 749 0 750 0 748 0 750 0 450 0 450 0 750 0 745 0 460 0 751 0 748 0 748 0 751 0 752 0 748 0 752 0 749 0 753 0 754 0 755 0 753 0 755 0 731 0 731 0 755 0 742 0 743 0 744 0 756 0 743 0 756 0 460 0 460 0 756 0 751 0 739 0 757 0 753 0 753 0 757 0 758 0 753 0 758 0 754 0 746 0 747 0 759 0 746 0 759 0 739 0 739 0 759 0 757 0 760 0 761 0 762 0 760 0 762 0 763 0 764 1 765 1 766 1 767 1 768 1 769 1 767 1 769 1 770 1 771 1 772 1 767 1 767 1 772 1 768 1 764 1 773 1 765 1 765 1 773 1 774 1 765 1 774 1 771 1 771 1 774 1 772 1 766 1 775 1 764 1 776 1 777 1 778 1 776 1 778 1 766 1 766 1 778 1 775 1 779 1 780 1 776 1 776 1 780 1 777 1 781 1 782 1 783 1 781 1 783 1 779 1 779 1 783 1 780 1 770 1 784 1 781 1 781 1 784 1 782 1 770 1 769 1 785 1 770 1 785 1 784 1 591 218 593 218 762 218 591 219 762 219 761 219 442 220 443 220 786 220 786 220 443 220 787 220 786 221 787 221 788 221 788 221 787 221 789 221 788 222 789 222 790 222 790 222 789 222 791 222 790 223 791 223 792 223 792 223 791 223 793 223 792 224 793 224 794 224 794 224 793 224 795 224 794 225 795 225 796 225 796 225 795 225 797 225 796 226 797 226 798 226 798 226 797 226 799 226 798 227 799 227 800 227 800 227 799 227 801 227 800 228 801 228 802 228 802 228 801 228 803 228 802 229 803 229 421 229 421 229 803 229 422 229 804 0 805 0 806 0 807 0 808 0 809 0 807 0 809 0 810 0 811 0 812 0 813 0 811 0 813 0 805 0 805 0 813 0 806 0 814 0 815 0 811 0 811 0 815 0 812 0 814 0 816 0 815 0 817 0 818 0 819 0 817 0 819 0 814 0 814 0 819 0 816 0 820 0 821 0 807 0 807 0 821 0 808 0 806 0 822 0 804 0 804 0 822 0 823 0 804 0 823 0 820 0 824 0 825 0 817 0 817 0 825 0 818 0 820 0 823 0 826 0 820 0 826 0 821 0 824 0 827 0 825 0 828 0 829 0 830 0 828 0 830 0 824 0 824 0 830 0 827 0 831 0 832 0 833 0 831 0 833 0 834 0 810 0 835 0 831 0 831 0 835 0 832 0 810 0 809 0 836 0 810 0 836 0 835 0 834 0 833 0 837 0 834 0 837 0 828 0 828 0 837 0 829 0 838 230 839 230 840 230 838 230 840 230 841 230 841 231 840 231 842 231 841 231 842 231 843 231 843 232 842 232 844 232 843 232 844 232 845 232 845 233 844 233 846 233 845 233 846 233 847 233 847 234 846 234 848 234 847 234 848 234 849 234 849 235 848 235 850 235 849 235 850 235 825 235 825 236 850 236 851 236 825 236 851 236 852 236 852 237 851 237 853 237 852 237 853 237 854 237 854 238 853 238 855 238 854 238 855 238 856 238 856 239 855 239 857 239 856 239 857 239 858 239 858 240 857 240 859 240 858 240 859 240 860 240 860 241 859 241 861 241 860 241 861 241 862 241 862 242 861 242 863 242 862 242 863 242 815 242 815 243 863 243 864 243 815 243 864 243 865 243 865 244 864 244 866 244 865 244 866 244 867 244 867 245 866 245 868 245 867 245 868 245 869 245 869 246 868 246 870 246 869 246 870 246 871 246 871 247 870 247 872 247 871 247 872 247 806 247 806 248 872 248 873 248 806 248 873 248 874 248 875 249 876 249 877 249 877 249 876 249 878 249 877 250 878 250 879 250 879 250 878 250 880 250 879 251 880 251 881 251 881 251 880 251 882 251 881 252 882 252 883 252 883 252 882 252 884 252 883 253 884 253 885 253 885 253 884 253 886 253 885 254 886 254 887 254 887 254 886 254 888 254 887 255 888 255 889 255 889 255 888 255 890 255 889 256 890 256 891 256 891 256 890 256 892 256 891 257 892 257 893 257 893 257 892 257 894 257 893 258 894 258 895 258 895 258 894 258 834 258 895 259 834 259 896 259 896 259 834 259 897 259 898 1 899 1 900 1 898 1 900 1 901 1 902 1 903 1 904 1 902 1 904 1 905 1 906 1 907 1 902 1 902 1 907 1 903 1 908 1 872 1 909 1 908 1 909 1 910 1 905 1 911 1 898 1 898 1 911 1 899 1 905 1 904 1 912 1 905 1 912 1 911 1 913 1 914 1 915 1 913 1 915 1 906 1 906 1 915 1 907 1 916 1 850 1 913 1 913 1 850 1 914 1 917 1 918 1 919 1 917 1 919 1 916 1 877 1 920 1 908 1 908 1 920 1 872 1 921 1 922 1 901 1 901 1 900 1 923 1 901 1 923 1 921 1 916 1 919 1 924 1 916 1 924 1 850 1 921 1 925 1 922 1 922 1 925 1 926 1 922 1 926 1 877 1 877 1 926 1 920 1 910 1 863 1 917 1 917 1 863 1 918 1 910 1 909 1 927 1 910 1 927 1 863 1 874 260 873 260 928 260 874 260 928 260 929 260 929 261 928 261 930 261 929 261 930 261 931 261 931 262 930 262 932 262 931 262 932 262 933 262 933 263 932 263 934 263 933 263 934 263 935 263 935 264 934 264 936 264 935 264 936 264 937 264 937 265 936 265 921 265 937 265 921 265 821 265 821 266 921 266 938 266 821 266 938 266 939 266 939 267 938 267 940 267 939 267 940 267 941 267 941 268 940 268 942 268 941 268 942 268 943 268 943 269 942 269 944 269 943 269 944 269 945 269 945 270 944 270 946 270 945 270 946 270 947 270 947 271 946 271 948 271 947 271 948 271 949 271 949 272 948 272 911 272 949 272 911 272 835 272 835 273 911 273 950 273 835 273 950 273 951 273 951 274 950 274 952 274 951 274 952 274 953 274 953 275 952 275 954 275 953 275 954 275 955 275 955 276 954 276 956 276 955 276 956 276 957 276 957 277 956 277 903 277 957 277 903 277 837 277 837 278 903 278 839 278 837 278 839 278 838 278 896 279 897 279 906 279 906 279 897 279 958 279 906 280 958 280 959 280 959 280 958 280 960 280 959 281 960 281 961 281 961 281 960 281 962 281 961 282 962 282 963 282 963 282 962 282 964 282 963 283 964 283 965 283 965 283 964 283 966 283 965 284 966 284 967 284 967 284 966 284 968 284 967 285 968 285 969 285 969 285 968 285 970 285 969 286 970 286 971 286 971 286 970 286 972 286 971 287 972 287 973 287 973 287 972 287 974 287 973 288 974 288 975 288 975 288 974 288 805 288 975 289 805 289 875 289 875 289 805 289 876 289 976 290 977 290 978 290 978 290 977 290 979 290 980 1 981 1 982 1 982 1 981 1 983 1 984 0 985 0 986 0 986 0 985 0 987 0 988 291 989 291 990 291 988 292 990 292 991 292 992 293 993 293 994 293 995 294 994 294 993 294 996 295 997 295 998 295 998 296 997 296 999 296 1000 0 1001 0 1002 0 1003 297 1004 297 1005 297 1006 298 1005 298 1007 298 1008 299 1007 299 1009 299 1010 300 1011 300 1012 300 1013 301 1012 301 1014 301 1015 302 1014 302 1016 302 1017 303 1016 303 1018 303 1019 304 1018 304 1020 304 1021 305 1020 305 1022 305 1023 306 1022 306 1024 306 1025 307 1026 307 1027 307 1025 307 1027 307 1028 307 1028 308 1027 308 1029 308 1028 308 1029 308 1030 308 1030 309 1029 309 1031 309 1030 309 1031 309 1032 309 1032 310 1031 310 1033 310 1032 310 1033 310 1034 310 1034 311 1033 311 1035 311 1034 311 1035 311 1036 311 1036 312 1035 312 1037 312 1036 312 1037 312 1038 312 1038 313 1037 313 1039 313 1038 313 1039 313 1040 313 1040 314 1039 314 1041 314 1040 314 1041 314 1042 314 1042 315 1041 315 1043 315 1042 315 1043 315 1044 315 1044 316 1043 316 1045 316 1044 316 1045 316 1046 316 1046 317 1045 317 1047 317 1046 317 1047 317 1048 317 1048 318 1047 318 1049 318 1048 318 1049 318 1050 318 1050 319 1049 319 1051 319 1050 319 1051 319 1052 319 1052 320 1051 320 1053 320 1052 320 1053 320 1054 320 1054 321 1053 321 1055 321 1054 321 1055 321 1056 321 1056 322 1055 322 1057 322 1056 322 1057 322 1058 322 1058 323 1057 323 1059 323 1058 323 1059 323 1060 323 1060 324 1059 324 1061 324 1060 324 1061 324 1062 324 1062 325 1061 325 1063 325 1062 325 1063 325 1064 325 1065 326 1066 326 1067 326 1067 327 1066 327 1068 327 1069 328 1070 328 1071 328 1071 329 1072 329 1069 329 1069 330 1073 330 1066 330 1066 331 1073 331 1074 331 1075 332 1076 332 1077 332 1077 333 1078 333 1075 333 1075 334 1079 334 1070 334 1070 335 1079 335 1080 335 1081 336 1082 336 1083 336 1081 337 1084 337 1076 337 1085 338 1086 338 1087 338 1087 339 1088 339 1082 339 1089 340 1085 340 1090 340 1091 341 1090 341 1092 341 1093 342 1092 342 1094 342 1095 343 1094 343 1096 343 1097 344 1096 344 1098 344 1099 345 1098 345 1100 345 1100 346 1098 346 1101 346 1102 347 1101 347 1103 347 1103 348 1101 348 1104 348 1105 349 1104 349 1106 349 1106 350 1104 350 1107 350 1108 351 1107 351 1109 351 1109 352 1107 352 1110 352 1111 353 1110 353 1112 353 1112 354 1110 354 1113 354 1114 355 1113 355 1115 355 1114 356 1115 356 1116 356 1117 1 1118 1 1119 1 1120 1 1121 1 1122 1 1117 1 1123 1 1118 1 1118 1 1123 1 1122 1 1122 1 1123 1 1124 1 1122 1 1124 1 1125 1 1122 1 1125 1 1120 1 1119 1 1118 1 1121 1 1119 1 1121 1 1126 1 1126 1 1121 1 1127 1 1121 1 1120 1 1127 1 1127 1 1120 1 1128 1 1127 1 1128 1 1129 1 1127 1 1129 1 1130 1 1127 1 1130 1 1131 1 1132 1 1133 1 1134 1 1134 1 1135 1 1136 1 1137 1 1134 1 1138 1 1138 1 1134 1 1139 1 1138 1 1139 1 1140 1 1140 1 1139 1 1136 1 1140 1 1136 1 1131 1 1131 1 1136 1 1127 1 1127 1 1136 1 1141 1 1141 1 1136 1 1135 1 1134 1 1137 1 1142 1 1134 1 1142 1 1132 1 1134 1 1133 1 1143 1 1134 1 1143 1 1135 1 1144 1 1145 1 1146 1 1144 1 1146 1 1147 1 1144 1 1147 1 1119 1 1119 1 1147 1 1117 1 1148 1 1149 1 1143 1 1148 1 1143 1 1133 1 1144 1 1150 1 1145 1 1145 1 1150 1 1149 1 1145 1 1149 1 1148 1 1146 1 1145 1 1151 1 1148 1 1133 1 1152 1 1148 1 1152 1 1153 1 1153 1 1152 1 1154 1 1153 1 1154 1 1151 1 1153 1 1151 1 1145 1 1147 1 1155 1 1117 1 1117 1 1155 1 1156 1 1156 1 1155 1 1157 1 1156 1 1157 1 1158 1 1158 1 1157 1 1146 1 1158 1 1146 1 1159 1 1159 1 1146 1 1151 1 1115 357 1160 357 1116 357 1116 358 1160 358 1161 358 1162 359 1163 359 1164 359 1164 360 1165 360 1162 360 1162 361 1166 361 1160 361 1160 362 1166 362 1167 362 1168 363 1169 363 1170 363 1170 364 1171 364 1168 364 1168 365 1172 365 1163 365 1163 366 1172 366 1173 366 1174 367 1175 367 1176 367 1174 368 1177 368 1169 368 1178 369 1179 369 1180 369 1180 370 1181 370 1175 370 1182 371 1178 371 1183 371 1184 372 1183 372 1185 372 1186 373 1185 373 1187 373 1188 374 1187 374 1189 374 1190 375 1189 375 1191 375 1192 376 1191 376 1193 376 1193 377 1191 377 1194 377 1195 378 1194 378 1196 378 1196 379 1194 379 1197 379 1198 380 1197 380 1199 380 1199 381 1197 381 1200 381 1201 382 1200 382 1202 382 1202 383 1200 383 1203 383 1204 384 1203 384 1205 384 1205 385 1203 385 1206 385 1207 386 1206 386 1065 386 1207 387 1065 387 1067 387 1064 388 1063 388 1208 388 1064 388 1208 388 1209 388 1209 389 1208 389 1210 389 1209 389 1210 389 1211 389 1211 390 1210 390 1212 390 1211 390 1212 390 1213 390 1213 391 1212 391 1214 391 1213 391 1214 391 1215 391 1215 392 1214 392 1216 392 1215 392 1216 392 1217 392 1217 393 1216 393 1218 393 1217 393 1218 393 1219 393 1219 394 1218 394 1220 394 1219 394 1220 394 1221 394 1221 395 1220 395 1222 395 1221 395 1222 395 1223 395 1224 396 1222 396 1225 396 1224 397 1225 397 1226 397 1226 398 1225 398 1227 398 1226 398 1227 398 1228 398 1228 399 1227 399 1229 399 1228 399 1229 399 1230 399 1230 400 1229 400 1231 400 1230 400 1231 400 1232 400 1232 401 1231 401 1233 401 1232 401 1233 401 1234 401 1234 402 1233 402 1235 402 1234 402 1235 402 1236 402 1236 403 1235 403 1237 403 1236 403 1237 403 1238 403 1238 404 1237 404 1239 404 1238 404 1239 404 1240 404 1240 405 1239 405 1241 405 1240 405 1241 405 1242 405 1242 406 1241 406 1243 406 1242 406 1243 406 1244 406 1244 407 1243 407 1245 407 1245 408 1243 408 1026 408 1246 409 1247 409 1248 409 1249 410 1248 410 1250 410 1251 411 1250 411 1252 411 1253 412 1252 412 1254 412 1255 413 1254 413 1256 413 1257 414 1256 414 1258 414 1259 415 1258 415 1260 415 1261 416 1260 416 1262 416 1263 417 1262 417 1264 417 1265 418 1264 418 1004 418 1266 0 1267 0 1268 0 1269 0 1270 0 1271 0 1270 0 1272 0 1234 0 1270 0 1234 0 1273 0 1267 0 1247 0 1274 0 1267 0 1274 0 1270 0 1268 0 1267 0 1240 0 1240 0 1267 0 1273 0 1273 0 1267 0 1270 0 1274 0 1275 0 1270 0 1270 0 1275 0 1271 0 1270 0 1276 0 1277 0 1270 0 1277 0 1272 0 1266 0 1030 0 1278 0 1278 0 1030 0 1279 0 1247 0 1267 0 1266 0 1247 0 1266 0 1278 0 1247 0 1278 0 1280 0 1278 0 1262 0 1281 0 1278 0 1281 0 1280 0 1278 0 1279 0 1282 0 1278 0 1282 0 1283 0 1278 0 1283 0 1284 0 1278 0 1284 0 1285 0 1286 0 1262 0 1287 0 1285 0 1262 0 1278 0 1285 0 1052 0 1262 0 1262 0 1052 0 1288 0 1262 0 1288 0 1287 0 1289 0 1290 0 1276 0 1289 0 1286 0 1291 0 1289 0 1291 0 1292 0 1289 0 1292 0 1290 0 1289 0 1293 0 1262 0 1289 0 1262 0 1286 0 1276 0 1270 0 1269 0 1276 0 1269 0 1289 0 1289 0 1269 0 1293 0 1294 1 1295 1 1296 1 1295 1 1294 1 1297 1 1298 1 1299 1 1295 1 1298 1 1295 1 1297 1 1300 0 1301 0 1302 0 1302 0 1301 0 1303 0 1304 0 1301 0 1305 0 1301 0 1304 0 1303 0 1301 0 1306 0 1305 0 1307 1 1308 1 1309 1 1308 1 1310 1 1309 1 1311 1 1312 1 1309 1 1311 1 1309 1 1310 1 1313 0 1314 0 1315 0 1315 0 1314 0 1316 0 1315 0 1317 0 1318 0 1316 0 1319 0 1315 0 1315 0 1319 0 1317 0 1315 0 1318 0 1320 0 1321 0 1322 0 1323 0 1324 0 1325 0 1322 0 1324 0 1322 0 1326 0 1322 0 1327 0 1326 0 1322 0 1325 0 1323 0 1328 1 1329 1 1330 1 1329 1 1331 1 1332 1 1333 1 1334 1 1329 1 1329 1 1334 1 1330 1 1329 1 1332 1 1333 1 1335 0 1336 0 1337 0 1337 0 1338 0 1335 0 1338 0 1339 0 1335 0 1340 1 1341 1 1342 1 1343 1 1344 1 1341 1 1345 1 1346 1 1341 1 1341 1 1346 1 1343 1 1344 1 1342 1 1341 1 1347 1 1348 1 1349 1 1349 1 1348 1 1350 1 1348 1 1351 1 1350 1 1352 1 1353 1 1348 1 1352 1 1348 1 1347 1 1354 0 1355 0 1356 0 1355 0 1357 0 1356 0 1358 0 1359 0 1355 0 1358 0 1355 0 1354 0 1360 0 1361 0 1362 0 1360 0 1362 0 1363 0 1361 0 1364 0 1362 0 1364 0 1365 0 1362 0 1366 1 1367 1 1368 1 1368 1 1369 1 1370 1 1367 1 1371 1 1368 1 1368 1 1371 1 1369 1 1368 1 1372 1 1366 1 1373 1 1374 1 1375 1 1376 1 1377 1 1378 1 1376 1 1378 1 1379 1 1380 1 1381 1 1382 1 1380 1 1382 1 1376 1 1376 1 1382 1 1377 1 1383 1 1384 1 1385 1 1383 1 1385 1 1386 1 1387 1 1388 1 1383 1 1383 1 1388 1 1384 1 1389 1 1390 1 1391 1 1389 1 1391 1 1380 1 1380 1 1391 1 1381 1 1392 1 1393 1 1394 1 1392 1 1394 1 1395 1 1395 1 1396 1 1389 1 1389 1 1396 1 1390 1 1395 1 1394 1 1397 1 1395 1 1397 1 1396 1 1387 1 1398 1 1388 1 1399 1 1400 1 1401 1 1399 1 1401 1 1387 1 1387 1 1401 1 1398 1 1386 1 1385 1 1402 1 1386 1 1402 1 1392 1 1392 1 1402 1 1393 1 1403 1 1404 1 1399 1 1399 1 1404 1 1400 1 1405 1 1406 1 1407 1 1405 1 1407 1 1403 1 1403 1 1407 1 1408 1 1403 1 1408 1 1404 1 1379 1 1378 1 1409 1 1379 1 1409 1 1405 1 1405 1 1409 1 1406 1 1410 419 1411 419 1412 419 1410 419 1412 419 1393 419 1393 420 1412 420 1413 420 1393 420 1413 420 1414 420 1414 421 1413 421 1415 421 1414 421 1415 421 1416 421 1416 422 1415 422 1417 422 1416 422 1417 422 1418 422 1418 423 1417 423 1419 423 1418 423 1419 423 1420 423 1420 424 1419 424 1421 424 1420 424 1421 424 1396 424 1396 425 1421 425 1422 425 1396 425 1422 425 1423 425 1423 426 1422 426 1424 426 1423 426 1424 426 1425 426 1425 427 1424 427 1426 427 1425 427 1426 427 1427 427 1427 428 1426 428 1428 428 1427 428 1428 428 1429 428 1429 429 1428 429 1430 429 1429 429 1430 429 1431 429 1431 430 1430 430 1432 430 1431 430 1432 430 1433 430 1433 431 1432 431 1434 431 1433 431 1434 431 1382 431 1382 432 1434 432 1435 432 1382 432 1435 432 1436 432 1436 433 1435 433 1437 433 1436 433 1437 433 1438 433 1438 434 1437 434 1439 434 1438 434 1439 434 1440 434 1440 435 1439 435 1441 435 1440 435 1441 435 1442 435 1442 436 1441 436 1443 436 1442 436 1443 436 1444 436 1444 437 1443 437 1445 437 1444 437 1445 437 1446 437 1447 438 1448 438 1449 438 1449 438 1448 438 1450 438 1449 439 1450 439 1451 439 1451 439 1450 439 1452 439 1451 440 1452 440 1453 440 1453 440 1452 440 1454 440 1453 441 1454 441 1455 441 1455 441 1454 441 1456 441 1455 442 1456 442 1457 442 1457 442 1456 442 1458 442 1457 443 1458 443 1459 443 1459 443 1458 443 1460 443 1459 444 1460 444 1461 444 1461 444 1460 444 1462 444 1461 445 1462 445 1463 445 1463 445 1462 445 1464 445 1463 446 1464 446 1465 446 1465 446 1464 446 1466 446 1465 447 1466 447 1467 447 1467 447 1466 447 1386 447 1467 448 1386 448 1468 448 1468 448 1386 448 1469 448 1470 0 1471 0 1472 0 1470 0 1472 0 1449 0 1473 0 1474 0 1475 0 1474 0 1476 0 1475 0 1477 0 1478 0 1470 0 1470 0 1478 0 1471 0 1475 0 1479 0 1473 0 1473 0 1479 0 1480 0 1473 0 1480 0 1477 0 1481 0 1482 0 1483 0 1481 0 1483 0 1484 0 1477 0 1480 0 1485 0 1477 0 1485 0 1478 0 1486 0 1487 0 1488 0 1486 0 1488 0 1474 0 1474 0 1488 0 1476 0 1489 0 1412 0 1486 0 1486 0 1412 0 1487 0 1490 0 1491 0 1492 0 1490 0 1492 0 1489 0 1489 0 1492 0 1412 0 1493 0 1494 0 1495 0 1493 0 1495 0 1496 0 1484 0 1421 0 1490 0 1490 0 1421 0 1491 0 1496 0 1434 0 1481 0 1481 0 1434 0 1482 0 1496 0 1495 0 1497 0 1496 0 1497 0 1434 0 1449 0 1472 0 1498 0 1449 0 1498 0 1493 0 1493 0 1498 0 1494 0 1484 0 1483 0 1499 0 1484 0 1499 0 1421 0 1446 449 1445 449 1498 449 1446 449 1498 449 1406 449 1406 450 1498 450 1500 450 1406 450 1500 450 1501 450 1501 451 1500 451 1502 451 1501 451 1502 451 1503 451 1503 452 1502 452 1504 452 1503 452 1504 452 1505 452 1505 453 1504 453 1506 453 1505 453 1506 453 1507 453 1507 454 1506 454 1478 454 1507 454 1478 454 1404 454 1404 455 1478 455 1508 455 1404 455 1508 455 1509 455 1509 456 1508 456 1510 456 1509 456 1510 456 1511 456 1511 457 1510 457 1512 457 1511 457 1512 457 1513 457 1513 458 1512 458 1514 458 1513 458 1514 458 1515 458 1515 459 1514 459 1516 459 1515 459 1516 459 1517 459 1517 460 1516 460 1518 460 1517 460 1518 460 1519 460 1519 461 1518 461 1475 461 1519 461 1475 461 1388 461 1388 462 1475 462 1520 462 1388 462 1520 462 1521 462 1521 463 1520 463 1522 463 1521 463 1522 463 1523 463 1523 464 1522 464 1524 464 1523 464 1524 464 1525 464 1525 465 1524 465 1526 465 1525 465 1526 465 1527 465 1527 466 1526 466 1528 466 1527 466 1528 466 1529 466 1529 467 1528 467 1411 467 1529 467 1411 467 1410 467 1468 468 1469 468 1489 468 1489 468 1469 468 1530 468 1489 469 1530 469 1531 469 1531 469 1530 469 1532 469 1531 470 1532 470 1533 470 1533 470 1532 470 1534 470 1533 471 1534 471 1535 471 1535 471 1534 471 1536 471 1535 472 1536 472 1537 472 1537 472 1536 472 1538 472 1537 473 1538 473 1539 473 1539 473 1538 473 1540 473 1539 474 1540 474 1541 474 1541 474 1540 474 1542 474 1541 475 1542 475 1543 475 1543 475 1542 475 1544 475 1543 476 1544 476 1545 476 1545 476 1544 476 1546 476 1545 477 1546 477 1547 477 1547 477 1546 477 1379 477 1547 478 1379 478 1447 478 1447 478 1379 478 1448 478 1548 1 1549 1 1550 1 1551 1 1552 1 1553 1 1551 1 1553 1 1554 1 1553 1 1555 1 1556 1 1557 1 1556 1 1555 1 1558 1 1559 1 1555 1 1559 1 1557 1 1555 1 1560 1 1561 1 1558 1 1561 1 1562 1 1558 1 1558 1 1562 1 1559 1 1560 1 1563 1 1561 1 1564 1 1563 1 1565 1 1564 1 1566 1 1563 1 1567 1 1568 1 1569 1 1569 1 1568 1 1570 1 1571 1 1572 1 1573 1 1574 1 1575 1 1576 1 1576 1 1573 1 1574 1 1577 1 1575 1 1574 1 1578 1 1579 1 1577 1 1580 1 1579 1 1578 1 1552 1 1550 1 1549 1 1581 1 1582 1 1583 1 1581 1 1583 1 1584 1 1572 1 1565 1 1585 1 1565 1 1563 1 1560 1 1572 1 1586 1 1587 1 1572 1 1587 1 1574 1 1572 1 1574 1 1573 1 1582 1 1574 1 1588 1 1585 1 1588 1 1586 1 1585 1 1586 1 1572 1 1578 1 1577 1 1589 1 1589 1 1577 1 1574 1 1589 1 1574 1 1582 1 1590 1 1581 1 1591 1 1591 1 1581 1 1584 1 1581 1 1590 1 1549 1 1549 1 1590 1 1552 1 1591 1 1584 1 1592 1 1590 1 1592 1 1552 1 1552 1 1592 1 1553 1 1584 1 1593 1 1594 1 1583 1 1593 1 1584 1 1595 1 1565 1 1593 1 1593 1 1560 1 1558 1 1555 1 1553 1 1584 1 1555 1 1584 1 1594 1 1553 1 1592 1 1584 1 1581 1 1549 1 1580 1 1581 1 1580 1 1578 1 1596 1 1568 1 1597 1 1597 1 1568 1 1564 1 1596 1 1598 1 1572 1 1568 1 1596 1 1572 1 1568 1 1572 1 1570 1 1572 1 1598 1 1565 1 1598 1 1597 1 1565 1 1565 1 1597 1 1564 1 1599 0 1600 0 1601 0 1599 0 1602 0 1603 0 1604 0 1600 0 1605 0 1605 0 1600 0 1606 0 1607 0 1606 0 1608 0 1608 0 1606 0 1609 0 1609 0 1606 0 1600 0 1610 0 1606 0 1607 0 1610 0 1611 0 1606 0 1610 0 1607 0 1612 0 1613 0 1607 0 1614 0 1614 0 1607 0 1615 0 1607 0 1616 0 1615 0 1615 0 1616 0 1617 0 1617 0 1618 0 1615 0 1615 0 1618 0 1619 0 1620 0 1621 0 1617 0 1617 0 1621 0 1618 0 1620 0 1617 0 1622 0 1617 0 1623 0 1622 0 1622 0 1623 0 1624 0 1622 0 1624 0 1625 0 1625 0 1626 0 1622 0 1622 0 1626 0 1627 0 1628 0 1629 0 1625 0 1625 0 1629 0 1626 0 1628 0 1625 0 1603 0 1599 0 1603 0 1600 0 1625 0 1630 0 1603 0 1603 0 1630 0 1631 0 1603 0 1631 0 1600 0 1632 479 1633 479 1634 479 1634 480 1633 480 1635 480 1634 480 1635 480 1636 480 1636 481 1635 481 1637 481 1636 481 1637 481 1638 481 1638 482 1637 482 1639 482 1638 482 1639 482 1640 482 1640 483 1639 483 1641 483 1640 483 1641 483 1642 483 1642 484 1641 484 1643 484 1642 484 1643 484 1644 484 1644 485 1643 485 1645 485 1644 485 1645 485 1646 485 1646 486 1645 486 1647 486 1646 486 1647 486 1648 486 1648 487 1647 487 1649 487 1648 487 1649 487 1650 487 1650 488 1649 488 1651 488 1650 488 1651 488 1652 488 1652 489 1651 489 1653 489 1652 489 1653 489 1654 489 1654 490 1653 490 1655 490 1654 490 1655 490 1656 490 1656 491 1655 491 1657 491 1656 491 1657 491 1658 491 1658 492 1657 492 1659 492 1658 492 1659 492 1660 492 1660 493 1659 493 1661 493 1660 493 1661 493 1662 493 1662 494 1661 494 1663 494 1662 494 1663 494 1664 494 1664 495 1663 495 1665 495 1664 495 1665 495 1666 495 1666 496 1665 496 1667 496 1666 496 1667 496 1668 496 1668 497 1667 497 1669 497 1668 497 1669 497 1670 497 1670 498 1669 498 1671 498 1670 498 1671 498 1672 498 1672 499 1671 499 1673 499 1672 499 1673 499 1674 499 1674 500 1673 500 1675 500 1674 500 1675 500 1676 500 1676 501 1675 501 1677 501 1676 501 1677 501 1678 501 1678 502 1677 502 1679 502 1678 502 1679 502 1680 502 1680 503 1679 503 1681 503 1680 503 1681 503 1682 503 1682 504 1681 504 1683 504 1682 504 1683 504 1684 504 1684 505 1683 505 1685 505 1684 505 1685 505 1686 505 1686 506 1685 506 1687 506 1686 506 1687 506 1688 506 1688 507 1687 507 1689 507 1688 507 1689 507 1690 507 1690 508 1689 508 1691 508 1690 508 1691 508 1692 508 1692 509 1691 509 1693 509 1692 509 1693 509 1694 509 1694 510 1693 510 1695 510 1694 510 1695 510 1632 510 1632 479 1695 479 1633 479 1696 511 1697 511 1698 511 1699 512 1700 512 1701 512 1700 513 1699 513 1698 513 1702 514 1701 514 1703 514 1704 515 1702 515 1705 515 1696 516 1704 516 1705 516 1706 517 1696 517 1705 517 1706 518 1705 518 1707 518 1696 519 1706 519 1708 519 1708 520 1706 520 1707 520 1708 521 1707 521 1709 521 1709 522 1707 522 1705 522 1702 0 1703 0 1710 0 1710 0 1711 0 1702 0 1705 523 1711 523 1712 523 1712 0 1711 0 1713 0 1713 0 1711 0 1710 0 1713 0 1710 0 1703 0 1714 524 1715 524 1701 524 1714 0 1716 0 1703 0 1701 525 1715 525 1703 525 1703 0 1715 0 1714 0 1714 526 1717 526 1716 526 1700 527 1718 527 1719 527 1700 528 1719 528 1701 528 1701 529 1719 529 1714 529 1714 530 1719 530 1717 530 1717 531 1719 531 1718 531 1700 532 1720 532 1721 532 1721 533 1720 533 1722 533 1721 534 1722 534 1697 534 1700 535 1698 535 1720 535 1697 536 1722 536 1698 536 1723 537 1696 537 1708 537 1723 538 1708 538 1697 538 1697 539 1696 539 1723 539 1702 540 1711 540 1705 540 1724 1 1725 1 1726 1 1727 1 1728 1 1726 1 1729 1 1730 1 1731 1 1731 1 1730 1 1732 1 1733 1 1734 1 1735 1 1736 1 1735 1 1734 1 1736 1 1734 1 1737 1 1737 1 1738 1 1739 1 1738 1 1740 1 1727 1 1738 1 1727 1 1726 1 1737 1 1741 1 1742 1 1738 1 1743 1 1740 1 1738 1 1744 1 1743 1 1745 1 1742 1 1741 1 1726 1 1728 1 1746 1 1746 1 1747 1 1729 1 1748 1 1730 1 1749 1 1748 1 1749 1 1750 1 1748 1 1750 1 1733 1 1739 1 1751 1 1737 1 1737 1 1751 1 1752 1 1752 1 1753 1 1737 1 1737 1 1753 1 1736 1 1739 1 1754 1 1751 1 1754 1 1755 1 1756 1 1756 1 1755 1 1757 1 1757 1 1755 1 1738 1 1757 1 1738 1 1758 1 1726 1 1725 1 1758 1 1726 1 1758 1 1738 1 1759 1 1760 1 1724 1 1759 1 1724 1 1726 1 1750 1 1761 1 1762 1 1762 1 1761 1 1730 1 1761 1 1749 1 1730 1 1759 1 1726 1 1760 1 1760 1 1726 1 1763 1 1763 1 1726 1 1729 1 1738 1 1737 1 1744 1 1741 1 1737 1 1762 1 1737 1 1734 1 1733 1 1737 1 1733 1 1762 1 1762 1 1733 1 1750 1 1755 1 1754 1 1738 1 1745 1 1764 1 1730 1 1730 1 1764 1 1765 1 1730 1 1765 1 1762 1 1745 1 1741 1 1764 1 1748 1 1732 1 1730 1 1730 1 1729 1 1745 1 1745 1 1729 1 1747 1 1726 1 1746 1 1729 1 1729 1 1731 1 1766 1 1767 0 1768 0 1769 0 1770 0 1768 0 1771 0 1770 0 1771 0 1767 0 1767 0 1771 0 1768 0 1772 0 1773 0 1774 0 1774 0 1773 0 1775 0 1774 0 1775 0 1776 0 1777 0 1778 0 1779 0 1779 0 1778 0 1780 0 1781 0 1782 0 1783 0 1784 0 1785 0 1781 0 1772 0 1774 0 1786 0 1769 0 1787 0 1774 0 1774 0 1787 0 1786 0 1787 0 1769 0 1788 0 1779 0 1789 0 1783 0 1783 0 1789 0 1790 0 1789 0 1779 0 1791 0 1791 0 1779 0 1780 0 1767 0 1792 0 1780 0 1780 0 1792 0 1791 0 1793 0 1794 0 1795 0 1794 0 1796 0 1795 0 1795 0 1796 0 1797 0 1797 0 1796 0 1798 0 1799 0 1793 0 1783 0 1799 0 1783 0 1790 0 1800 0 1770 0 1767 0 1800 0 1767 0 1801 0 1802 0 1767 0 1777 0 1802 0 1803 0 1767 0 1767 0 1803 0 1801 0 1804 0 1777 0 1779 0 1777 0 1804 0 1805 0 1805 0 1804 0 1779 0 1779 0 1806 0 1807 0 1782 0 1808 0 1783 0 1783 0 1808 0 1779 0 1779 0 1808 0 1806 0 1782 0 1809 0 1808 0 1781 0 1810 0 1782 0 1785 0 1784 0 1783 0 1774 0 1776 0 1811 0 1774 0 1811 0 1783 0 1783 0 1811 0 1785 0 1775 0 1773 0 1776 0 1787 0 1788 0 1772 0 1787 0 1772 0 1786 0 1769 0 1768 0 1770 0 1769 0 1770 0 1812 0 1767 0 1780 0 1777 0 1767 0 1769 0 1797 0 1767 0 1797 0 1798 0 1769 0 1813 0 1797 0 1814 0 1815 0 1774 0 1774 0 1815 0 1769 0 1769 0 1815 0 1813 0 1795 0 1814 0 1774 0 1795 0 1774 0 1793 0 1793 0 1774 0 1783 0 1816 3 1817 3 1818 3 1819 56 1776 56 1820 56 1757 2 1808 2 1821 2 1822 56 1823 56 1754 56 1754 56 1823 56 1781 56 1824 2 1779 2 1724 2 1825 57 1826 57 1827 57 1825 57 1827 57 1828 57 1731 57 1829 57 1800 57 1830 3 1831 3 1832 3 1832 3 1831 3 1833 3 1834 1 1835 1 1836 1 1837 1 1838 1 1839 1 1839 1 1838 1 1840 1 1839 1 1840 1 1834 1 1834 1 1840 1 1835 1 1841 1 1842 1 1837 1 1837 1 1842 1 1838 1 1843 1 1844 1 1845 1 1845 1 1844 1 1841 1 1846 1 1847 1 1848 1 1849 1 1845 1 1841 1 1850 1 1851 1 1846 1 1846 1 1851 1 1847 1 1850 1 1852 1 1853 1 1852 1 1854 1 1855 1 1852 1 1855 1 1853 1 1846 1 1856 1 1857 1 1858 1 1856 1 1859 1 1852 1 1857 1 1854 1 1854 1 1857 1 1860 1 1843 1 1858 1 1861 1 1861 1 1858 1 1859 1 1861 1 1859 1 1862 1 1861 1 1862 1 1863 1 1863 1 1862 1 1864 1 1863 1 1864 1 1844 1 1844 1 1864 1 1865 1 1844 1 1865 1 1841 1 1860 1 1866 1 1854 1 1848 1 1859 1 1846 1 1846 1 1859 1 1856 1 1836 1 1854 1 1834 1 1834 1 1854 1 1866 1 1834 1 1866 1 1867 1 1837 1 1867 1 1841 1 1841 1 1867 1 1849 1 1868 0 1869 0 1870 0 1871 0 1872 0 1873 0 1873 0 1872 0 1874 0 1875 0 1876 0 1877 0 1878 0 1879 0 1880 0 1880 0 1879 0 1881 0 1882 0 1883 0 1884 0 1885 0 1882 0 1886 0 1887 0 1877 0 1876 0 1887 0 1876 0 1888 0 1888 0 1889 0 1887 0 1878 0 1880 0 1876 0 1876 0 1880 0 1888 0 1887 0 1889 0 1880 0 1880 0 1889 0 1888 0 1868 0 1870 0 1890 0 1890 0 1870 0 1891 0 1892 0 1891 0 1885 0 1890 0 1891 0 1893 0 1893 0 1891 0 1892 0 1886 0 1882 0 1884 0 1886 0 1884 0 1871 0 1871 0 1884 0 1872 0 1894 0 1895 0 1873 0 1895 0 1894 0 1896 0 1896 0 1894 0 1897 0 1887 0 1898 0 1877 0 1873 0 1874 0 1875 0 1876 0 1879 0 1878 0 1877 0 1898 0 1875 0 1875 0 1898 0 1897 0 1897 0 1898 0 1899 0 1900 0 1897 0 1894 0 1900 0 1875 0 1897 0 1875 0 1900 0 1873 0 1894 0 1873 0 1900 0 1891 0 1901 0 1902 0 1902 0 1901 0 1881 0 1880 0 1881 0 1870 0 1870 0 1881 0 1901 0 1870 0 1901 0 1891 0 1885 0 1891 0 1902 0 1885 0 1902 0 1882 0 1903 1 1904 1 1905 1 1906 1 1907 1 1908 1 1907 1 1909 1 1910 1 1911 1 1912 1 1913 1 1914 1 1913 1 1912 1 1915 1 1916 1 1903 1 1916 1 1915 1 1917 1 1916 1 1917 1 1918 1 1918 1 1917 1 1919 1 1919 1 1917 1 1915 1 1919 1 1915 1 1903 1 1920 1 1921 1 1922 1 1922 1 1921 1 1923 1 1907 1 1923 1 1912 1 1912 1 1923 1 1921 1 1912 1 1921 1 1920 1 1922 1 1923 1 1907 1 1914 1 1905 1 1913 1 1913 1 1905 1 1904 1 1916 1 1924 1 1925 1 1924 1 1906 1 1908 1 1912 1 1911 1 1909 1 1912 1 1909 1 1907 1 1904 1 1903 1 1926 1 1926 1 1903 1 1916 1 1926 1 1916 1 1925 1 1908 1 1925 1 1924 1 1927 1 1928 1 1929 1 1929 1 1930 1 1927 1 1931 1 1932 1 1933 1 1933 1 1934 1 1931 1 1935 1 1936 1 1937 1 1937 1 1938 1 1935 1 1939 56 1940 56 1941 56 1942 56 1943 56 1944 56 1942 56 1944 56 1945 56 1946 56 1947 56 1944 56 1944 56 1947 56 1945 56 1948 56 1940 56 1949 56 1940 56 1948 56 1941 56 1941 56 1948 56 1950 56 1946 56 1951 56 1947 56 1951 56 1946 56 1952 56 1943 56 1942 56 1953 56 1940 56 1954 56 1949 56 1949 56 1954 56 1955 56 1953 56 1941 56 1943 56 1943 56 1941 56 1950 56 1940 56 1939 56 1954 56 1949 56 1955 56 1952 56 1949 56 1952 56 1946 56 1949 56 1946 56 1948 56 1956 57 1957 57 1958 57 1956 57 1958 57 1959 57 1956 57 1959 57 1960 57 1961 57 1962 57 1958 57 1961 57 1958 57 1963 57 1958 57 1957 57 1963 57 1962 57 1961 57 1964 57 1960 57 1959 57 1965 57 1960 57 1965 57 1966 57 1965 57 1967 57 1966 57 1968 57 1969 57 1970 57 1958 57 1962 57 1965 57 1971 57 1972 57 1968 57 1968 57 1972 57 1969 57 1971 57 1973 57 1972 57 1961 57 1973 57 1964 57 1964 57 1973 57 1971 57 1965 57 1974 57 1967 57 1970 57 1967 57 1968 57 1968 57 1967 57 1974 57 1968 57 1974 57 1964 57 1975 57 1976 57 1977 57 1978 57 1979 57 1980 57 1978 57 1980 57 1981 57 1982 57 1983 57 1980 57 1980 57 1983 57 1981 57 1984 57 1976 57 1985 57 1976 57 1984 57 1977 57 1977 57 1984 57 1986 57 1982 57 1987 57 1983 57 1987 57 1982 57 1988 57 1979 57 1978 57 1989 57 1976 57 1990 57 1985 57 1985 57 1990 57 1991 57 1989 57 1977 57 1979 57 1979 57 1977 57 1986 57 1976 57 1975 57 1990 57 1985 57 1991 57 1988 57 1985 57 1988 57 1982 57 1985 57 1982 57 1984 57 1992 56 1993 56 1994 56 1992 56 1994 56 1995 56 1992 56 1995 56 1996 56 1997 56 1998 56 1999 56 1999 56 2000 56 1994 56 1994 56 1993 56 1999 56 2000 56 1999 56 1998 56 1996 56 1995 56 2001 56 1996 56 2001 56 2002 56 2003 56 2004 56 2005 56 2004 56 2006 56 2005 56 1994 56 2000 56 2001 56 2007 56 2008 56 2004 56 2004 56 2008 56 2006 56 2007 56 2009 56 2008 56 1997 56 2009 56 1998 56 1998 56 2009 56 2007 56 2001 56 2010 56 2003 56 2001 56 2003 56 2002 56 2004 56 2003 56 2010 56 2004 56 2010 56 1998 56</p>
        </triangles>
      </mesh>
    </geometry>
  </library_geometries>
  <library_visual_scenes>
    <visual_scene id="DefaultScene">
      <node id="node_f0ac341c_e1d6_468d_809a_d35422b62202" type="NODE">
        <matrix>1 0 0 0 0 1 0 0 0 0 1 0 0 0 0 1</matrix>
        <node id="node_bcd06e60_3f3b_4681_8e8c_ab2e15294c0c" type="NODE">
          <matrix>1 0 0 0 0 1 0 0 0 0 1 0 0 0 0 1</matrix>
          <node id="node_bcd06e60_3f3b_4681_8e8c_ab2e15294c0c_mesh0" type="NODE">
            <matrix>1 0 0 0 0 1 0 0 0 0 1 0 0 0 0 1</matrix>
            <instance_geometry url="#geometry_bb155b63_6dd0_4380_a71e_93f8d3567b84">
              <bind_material>
                <technique_common>
                  <instance_material symbol="mat_0" target="#mat_0"/>
                </technique_common>
              </bind_material>
            </instance_geometry>
          </node>
        </node>
      </node>
    </visual_scene>
  </library_visual_scenes>
  <scene>
    <instance_visual_scene url="#DefaultScene"/>
  </scene>
</COLLADA>
