<?xml version="1.0" encoding="UTF-8"?>
<COLLADA xmlns="http://www.collada.org/2005/11/COLLADASchema" version="1.4.1">
<!--
# File generated by ImageToStl.com - Free Image and 3D model conversion tools
-->
  <asset>
    <contributor>
      <author>ImageToStl.com</author>
      <authoring_tool>ImageToStl.com</authoring_tool>
    </contributor>
    <created>2026-04-04T07:46:14</created>
    <modified>2026-04-04T07:46:14</modified>
    <up_axis>Z_UP</up_axis>
  </asset>
  <library_effects>
    <effect id="effect_0">
        <profile_COMMON>
          <technique sid="common">
            <phong>
              <diffuse>
                <color>0.85 0.85 0.85 1</color>
              </diffuse>
              <specular>
                <color>0.05 0.05 0.05 1</color>
              </specular>
              <shininess>
                <float>64</float>
              </shininess>
            </phong>
          </technique>
        </profile_COMMON>
    </effect>
  </library_effects>
  <library_materials>
    <material id="mat_0">
      <instance_effect url="#effect_0"/>
    </material>
  </library_materials>
  <library_geometries>
    <geometry id="geometry_a242d011_35ec_4466_9a7f_69525d6dd426">
      <mesh>
        <source id="pos_0">
          <float_array id="pos_0-array" count="7689">0.01966436 0.07380001 -0.003 0.01945 0.073 -0.003 0.0161 0.078 -0.003 0.02265 0.043 -0.003 0.02243564 0.0438 -0.003 0.02105 0.0514 -0.003 0.02185 0.04438564 -0.003 0.02025 0.05161436 -0.003 0.02105 0.0446 -0.003 0.02105 0.0414 -0.003 0.026 -0.01111504 -0.003 0.02025 0.04161436 -0.003 0.01966436 0.0422 -0.003 0.0161 0.03869154 -0.003 0.01945 0.043 -0.003 0.01884509 -0.01111504 -0.003 0.02005261 -0.01067554 -0.003 0.02015587 -0.01061184 -0.003 0.02022547 -0.01051246 -0.003 0.02025 0.07438564 -0.003 0.018 -0.0028407 -0.003 0.018 -0.00199785 -0.003 0.02005261 -0.00358779 -0.003 0.02005261 -0.00125076 -0.003 0.02015587 -0.00365149 -0.003 0.02015587 -0.00118707 -0.003 0.01966436 0.0638 -0.003 0.01945 0.063 -0.003 0.01966436 0.0722 -0.003 0.02025 -0.01039363 -0.003 0.02025 -0.01015288 -0.003 0.02022547 -0.01003406 -0.003 0.01966436 0.0622 -0.003 0.01945 0.053 -0.003 0.01966436 0.0438 -0.003 0.02025 0.04438564 -0.003 0.01966436 0.0522 -0.003 0.018 -0.00912389 -0.003 0.018 -0.00828103 -0.003 0.02005261 -0.00987098 -0.003 0.02005261 -0.00753394 -0.003 0.02015587 -0.00993467 -0.003 0.02015587 -0.00747025 -0.003 0.02265 0.073 -0.003 0.026 0.078 -0.003 0.02243564 0.0722 -0.003 0.02243564 0.07380001 -0.003 0.02185 0.07438564 -0.003 0.02105 0.0746 -0.003 0.02022547 0.0083371 -0.003 0.02025 0.00845592 -0.003 0.02015587 0.00577329 -0.003 0.02265 0.053 -0.003 0.02243564 0.0538 -0.003 0.02185 0.06161436 -0.003 0.02185 0.05438564 -0.003 0.02105 0.0614 -0.003 0.02105 0.0546 -0.003 0.02025 0.06161436 -0.003 0.02025 0.05438564 -0.003 0.01966436 0.0538 -0.003 0.02185 0.04161436 -0.003 0.02243564 0.0422 -0.003 0.02243564 0.0622 -0.003 0.02265 0.063 -0.003 0.02022547 0.03032825 -0.003 0.02025 0.03044707 -0.003 0.02015587 0.02776444 -0.003 0.02005261 0.01840336 -0.003 0.018 0.01915044 -0.003 0.018 0.0199933 -0.003 0.02025 0.02126304 -0.003 0.02022547 0.02138187 -0.003 0.02022547 0.02404506 -0.003 0.02015587 0.02148125 -0.003 0.02022547 0.03708983 -0.003 0.02015587 0.03718922 -0.003 0.02005261 0.03725291 -0.003 0.02022547 0.01824027 -0.003 0.02015587 0.01833966 -0.003 0.02015587 0.02080408 -0.003 0.02005261 0.02074039 -0.003 0.02243564 0.0638 -0.003 0.02185 0.06438564 -0.003 0.02015587 0.02708727 -0.003 0.02015587 0.02462285 -0.003 0.02005261 0.02468654 -0.003 0.018 0.00030089 -0.003 0.018 0.00114374 -0.003 0.02005261 -0.0004462 -0.003 0.02005261 0.00189083 -0.003 0.02015587 -0.00050989 -0.003 0.02015587 0.00195453 -0.003 0.02022547 -0.00060928 -0.003 0.02185 0.05161436 -0.003 0.02243564 0.0522 -0.003 0.02022547 -0.00108768 -0.003 0.02025 -0.00096885 -0.003 0.02022547 -0.00375088 -0.003 0.018 0.00344248 -0.003 0.018 0.00428534 -0.003 0.02005261 0.00269539 -0.003 0.02005261 0.00503242 -0.003 0.02015587 0.0026317 -0.003 0.02015587 0.00509612 -0.003 0.02022547 0.00253231 -0.003 0.02025 0.06438564 -0.003 0.02025 0.07161436 -0.003 0.02105 0.0646 -0.003 0.02105 0.0714 -0.003 0.02185 0.07161436 -0.003 0.02025 0.0210223 -0.003 0.018 0.02543363 -0.003 0.018 0.02627649 -0.003 0.02005261 0.02702357 -0.003 0.02005261 0.03411132 -0.003 0.018 0.03485841 -0.003 0.018 0.03570126 -0.003 0.02022547 0.0056739 -0.003 0.018 0.00658407 -0.003 0.018 0.00742693 -0.003 0.02005261 0.00583699 -0.003 0.02005261 0.00817402 -0.003 0.02015587 0.00823771 -0.003 0.02022547 0.01776188 -0.003 0.02025 0.0178807 -0.003 0.02025 0.01812145 -0.003 0.02022547 0.02090347 -0.003 0.018 0.02229204 -0.003 0.018 0.02313489 -0.003 0.02005261 0.02154495 -0.003 0.02005261 0.02388198 -0.003 0.02015587 0.02394568 -0.003 0.018 0.02857522 -0.003 0.018 0.02941808 -0.003 0.02005261 0.02782813 -0.003 0.02005261 0.03016517 -0.003 0.02015587 0.03022886 -0.003 0.02022547 0.03394824 -0.003 0.02015587 0.03404763 -0.003 0.02015587 0.03651205 -0.003 0.02005261 0.03644835 -0.003 0.02015587 -0.00432866 -0.003 0.02022547 -0.00422927 -0.003 0.02005261 0.01526176 -0.003 0.018 0.01600885 -0.003 0.018 0.01685171 -0.003 0.018 0.00972567 -0.003 0.018 0.01056852 -0.003 0.02005261 0.00897858 -0.003 0.02005261 0.01131561 -0.003 0.02015587 0.00891488 -0.003 0.02015587 0.01137931 -0.003 0.018 0.03171682 -0.003 0.018 0.03255967 -0.003 0.02005261 0.03096973 -0.003 0.02005261 0.03330676 -0.003 0.02015587 0.03090603 -0.003 0.02015587 0.03337045 -0.003 0.02022547 0.03080664 -0.003 0.02022547 0.03346984 -0.003 0.02022547 -0.00737086 -0.003 0.02025 -0.00725204 -0.003 0.02022547 0.01147869 -0.003 0.02025 0.01159752 -0.003 0.02022547 0.0088155 -0.003 0.018 0.01286726 -0.003 0.018 0.01371012 -0.003 0.02005261 0.01212017 -0.003 0.02005261 0.0144572 -0.003 0.02015587 0.01205648 -0.003 0.02015587 0.0145209 -0.003 0.02022547 0.02718666 -0.003 0.02025 0.02730548 -0.003 0.02022547 0.02452346 -0.003 0.02025 0.02440463 -0.003 0.02025 0.03697101 -0.003 0.02025 0.03673026 -0.003 0.02022547 0.01462029 -0.003 0.02025 0.01473911 -0.003 0.02022547 0.01195709 -0.003 0.02025 0.03358867 -0.003 0.02025 0.03382941 -0.003 0.02022547 0.03661143 -0.003 0.018 -0.0059823 -0.003 0.018 -0.00513944 -0.003 0.02005261 -0.00672939 -0.003 0.02005261 -0.00439236 -0.003 0.02015587 -0.00679308 -0.003 0.02022547 -0.00689247 -0.003 0.02025 -0.00701129 -0.003 0.02005261 0.01759879 -0.003 0.02015587 0.01766249 -0.003 0.02015587 0.01519807 -0.003 0.02022547 0.01509868 -0.003 0.02025 0.02416389 -0.003 0.02025 0.03068782 -0.003 0.02025 0.00869667 -0.003 0.02025 0.02754623 -0.003 0.02022547 0.02766505 -0.003 0.02025 0.00555508 -0.003 0.02025 0.00531433 -0.003 0.02025 -0.00411045 -0.003 0.02025 -0.0038697 -0.003 0.02025 -0.00072811 -0.003 0.02022547 0.00519551 -0.003 0.02025 0.00241349 -0.003 0.02025 0.00217274 -0.003 0.02022547 0.00205392 -0.003 0.02025 0.01497986 -0.003 0.02025 0.01183826 -0.003 0.018 0.03570126 -0 0.02005261 0.03644835 -0 0.02025 0.03673026 -0 0.02022547 0.03661143 -0 0.02015587 0.03651205 -0 0.018 -0.00199785 -0 0.02005261 -0.00125076 -0 0.02025 -0.00096885 -0 0.02022547 -0.00108768 -0 0.02015587 -0.00118707 -0 0.02005261 -0.0004462 -0 0.018 0.00030089 -0 0.018 0.00114374 -0 0.02005261 0.00189083 -0 0.02025 0.00217274 -0 0.02022547 0.00205392 -0 0.02015587 0.00195453 -0 0.02005261 0.00269539 -0 0.018 0.00344248 -0 0.018 0.00428534 -0 0.02005261 0.00503242 -0 0.02025 0.00531433 -0 0.02022547 0.00519551 -0 0.02015587 0.00509612 -0 0.02005261 0.00583699 -0 0.018 0.00658407 -0 0.018 0.00742693 -0 0.02005261 0.00817402 -0 0.02025 0.00845592 -0 0.02022547 0.0083371 -0 0.02015587 0.00823771 -0 0.02005261 0.00897858 -0 0.018 0.00972567 -0 0.018 0.01056852 -0 0.02005261 0.01131561 -0 0.02025 0.01159752 -0 0.02022547 0.01147869 -0 0.02015587 0.01137931 -0 0.02005261 0.01212017 -0 0.018 0.01286726 -0 0.018 0.01371012 -0 0.02005261 0.0144572 -0 0.02025 0.01473911 -0 0.02022547 0.01462029 -0 0.02015587 0.0145209 -0 0.02005261 0.01526176 -0 0.018 0.01600885 -0 0.018 0.01685171 -0 0.02005261 0.01759879 -0 0.02025 0.0178807 -0 0.02022547 0.01776188 -0 0.02015587 0.01766249 -0 0.02005261 0.01840336 -0 0.018 0.01915044 -0 0.018 0.0199933 -0 0.02005261 0.02074039 -0 0.02025 0.0210223 -0 0.02022547 0.02090347 -0 0.02015587 0.02080408 -0 0.02005261 0.02154495 -0 0.018 0.02229204 -0 0.018 0.02313489 -0 0.02005261 0.02388198 -0 0.02025 0.02416389 -0 0.02022547 0.02404506 -0 0.02015587 0.02394568 -0 0.02005261 0.02468654 -0 0.018 0.02543363 -0 0.018 0.02627649 -0 0.02005261 0.02702357 -0 0.02025 0.02730548 -0 0.02022547 0.02718666 -0 0.02015587 0.02708727 -0 0.02005261 0.02782813 -0 0.018 0.02857522 -0 0.018 0.02941808 -0 0.02005261 0.03016517 -0 0.02025 0.03044707 -0 0.02022547 0.03032825 -0 0.02015587 0.03022886 -0 0.02005261 0.03096973 -0 0.018 0.03171682 -0 0.018 0.03485841 -0 0.018 0.03255967 -0 0.02005261 0.03330676 -0 0.02025 0.03358867 -0 0.02022547 0.03346984 -0 0.02015587 0.03337045 -0 0.02005261 0.03411132 -0 0.02025 -0.00411045 -0 0.02025 -0.0038697 -0 0.02022547 -0.00422927 -0 0.02015587 -0.00432866 -0 0.02005261 -0.00439236 -0 0.018 -0.00513944 -0 0.018 -0.0059823 -0 0.02005261 -0.00672939 -0 0.02015587 -0.00679308 -0 0.02022547 -0.00689247 -0 0.02025 -0.00701129 -0 0.02025 -0.00725204 -0 0.02022547 -0.00737086 -0 0.02015587 -0.00747025 -0 0.02005261 -0.00753394 -0 0.018 -0.00828103 -0 0.018 -0.00912389 -0 0.02005261 -0.00987098 -0 0.02015587 -0.00993467 -0 0.02022547 -0.01003406 -0 0.02025 -0.01015288 -0 0.02025 -0.01039363 -0 0.02022547 -0.01051246 -0 0.02015587 -0.01061184 -0 0.02005261 -0.01067554 -0 0.01884509 -0.01111504 -0 0.018 -0.0028407 -0 0.0161 0.078 -0 0.026 0.078 -0 0.02243564 0.0438 -0 0.02265 0.043 -0 0.02243564 0.0538 -0 0.02265 0.053 -0 0.02185 0.06161436 -0 0.01945 0.073 -0 0.01966436 0.07380001 -0 0.026 -0.01111504 -0 0.02025 0.07438564 -0 0.02105 0.0746 -0 0.02185 0.07438564 -0 0.02243564 0.07380001 -0 0.01966436 0.0438 -0 0.02025 0.04438564 -0 0.02105 0.0514 -0 0.02105 0.0446 -0 0.02185 0.05161436 -0 0.02185 0.04438564 -0 0.02243564 0.0522 -0 0.02022547 0.00253231 -0 0.02025 0.00241349 -0 0.01945 0.043 -0 0.02025 0.05161436 -0 0.0161 0.03869154 -0 0.01966436 0.0522 -0 0.01945 0.053 -0 0.02243564 0.0422 -0 0.02185 0.04161436 -0 0.02105 0.0414 -0 0.01966436 0.0638 -0 0.02025 0.06438564 -0 0.01966436 0.0722 -0 0.02185 0.06438564 -0 0.02243564 0.0638 -0 0.02265 0.063 -0 0.02243564 0.0622 -0 0.02025 0.06161436 -0 0.01966436 0.0622 -0 0.02025 0.05438564 -0 0.01945 0.063 -0 0.01966436 0.0538 -0 0.02015587 -0.00050989 -0 0.02105 0.0614 -0 0.02105 0.0546 -0 0.02185 0.05438564 -0 0.02005261 -0.00358779 -0 0.02015587 -0.00365149 -0 0.02265 0.073 -0 0.02243564 0.0722 -0 0.02185 0.07161436 -0 0.02105 0.0646 -0 0.02105 0.0714 -0 0.02025 0.07161436 -0 0.02022547 -0.00375088 -0 0.02015587 0.0026317 -0 0.02022547 0.03394824 -0 0.02025 0.03382941 -0 0.02015587 0.03718922 -0 0.02005261 0.03725291 -0 0.02025 0.04161436 -0 0.01966436 0.0422 -0 0.02015587 0.03090603 -0 0.02022547 0.03080664 -0 0.02015587 0.02776444 -0 0.02022547 0.02766505 -0 0.02022547 0.0088155 -0 0.02025 0.00869667 -0 0.02015587 0.02462285 -0 0.02022547 0.02452346 -0 0.02015587 0.01833966 -0 0.02025 0.03068782 -0 0.02022547 0.01824027 -0 0.02025 0.01812145 -0 0.02025 0.02754623 -0 0.02025 0.02440463 -0 0.02015587 0.02148125 -0 0.02015587 0.03404763 -0 0.02022547 -0.00060928 -0 0.02025 -0.00072811 -0 0.02015587 0.00891488 -0 0.02025 0.01497986 -0 0.02022547 0.01509868 -0 0.02015587 0.01519807 -0 0.02022547 0.03708983 -0 0.02025 0.03697101 -0 0.02025 0.01183826 -0 0.02022547 0.01195709 -0 0.02015587 0.01205648 -0 0.02015587 0.00577329 -0 0.02022547 0.0056739 -0 0.02025 0.00555508 -0 0.02022547 0.02138187 -0 0.02025 0.02126304 -0 0.0006 0.0496 -0.0018 0.0006 0.0491 -0.0018 0.0006 0.0496 -0.0003 0.0006 0.0491 -0.0003 -0.0006 0.0496 -0.0003 -0.0006 0.0491 -0.0003 -0.0006 0.0496 -0.0018 -0.0006 0.0491 -0.0018 -0.0097 0.0491 -0.0005 -0.0097 0.0491 -0.0078 -0.0045 0.0491 -0.0065 -0.0095 0.0491 -0.008 -0.0045 0.0491 -0.008 -0.00357612 0.0491 -0.00511732 -0.00379289 0.0491 -0.00479289 -0.00411732 0.0491 -0.00457612 0.00411732 0.0491 -0.00642388 0.0045 0.0491 -0.0065 0.00379289 0.0491 -0.00620711 0.0045 0.0491 -0.0045 -0.0043 0.0491 -0.0035 -0.0095 0.0491 -0.0003 -0.0045 0.0491 -0.0037 -0.0045 0.0491 -0.0045 -0.00411732 0.0491 -0.00642388 -0.0035 0.0491 -0.0055 -0.00357612 0.0491 -0.00588268 -0.00379289 0.0491 -0.00620711 0.00051962 0.0491 -0.0021 0.0043 0.0491 -0.0035 0.00379289 0.0491 -0.00479289 0.00357612 0.0491 -0.00511732 0.0035 0.0491 -0.0055 0.00411732 0.0491 -0.00457612 0.00357612 0.0491 -0.00588268 0.0095 0.0491 -0.0003 0.0097 0.0491 -0.0005 0.0045 0.0491 -0.0037 0.0097 0.0491 -0.0078 0.0095 0.0491 -0.008 0.0045 0.0491 -0.008 0.0003 0.0491 -0.00231962 -0 0.0491 -0.0024 -0.0003 0.0491 -0.00231962 -0.00051962 0.0491 -0.0021 0.00051962 0.0496 -0.0015 -0.00051962 0.0496 -0.0015 -0.0003 0.0496 -0.00128038 -0 0.0496 -0.0012 0.0003 0.0496 -0.00128038 -0.0045 0.0501 -0.008 -0.0045 0.0501 -0.0065 -0.0045 0.0501 -0.0045 -0.00411732 0.0501 -0.00457612 -0.00379289 0.0501 -0.00479289 -0.00357612 0.0501 -0.00511732 -0.0035 0.0501 -0.0055 -0.00357612 0.0501 -0.00588268 -0.00379289 0.0501 -0.00620711 -0.00411732 0.0501 -0.00642388 -0.0045 0.0501 -0.0037 -0.0043 0.0501 -0.0035 0.0043 0.0501 -0.0035 0.0045 0.0501 -0.0037 0.0045 0.0501 -0.0045 0.0045 0.0501 -0.0065 0.00411732 0.0501 -0.00642388 0.00379289 0.0501 -0.00620711 0.00357612 0.0501 -0.00588268 0.0035 0.0501 -0.0055 0.00357612 0.0501 -0.00511732 0.00379289 0.0501 -0.00479289 0.00411732 0.0501 -0.00457612 0.0045 0.0501 -0.008 0.0095 0.0501 -0.008 0.0097 0.0501 -0.0078 0.0097 0.0501 -0.0005 0.0095 0.0501 -0.0003 -0.0095 0.0501 -0.0003 -0.0097 0.0501 -0.0005 -0.0097 0.0501 -0.0078 -0.0095 0.0501 -0.008 -0.0006 0.0501 -0.0018 -0.00051962 0.0501 -0.0015 -0.0003 0.0501 -0.00128038 -0 0.0501 -0.0012 0.0003 0.0501 -0.00128038 0.00051962 0.0501 -0.0015 0.0006 0.0501 -0.0018 0.00051962 0.0501 -0.0021 0.0003 0.0501 -0.00231962 -0 0.0501 -0.0024 -0.0003 0.0501 -0.00231962 -0.00051962 0.0501 -0.0021 0.0006 0.0775 -0.0003 0.0006 0.078 -0.0003 0.0006 0.0775 -0.0018 0.0006 0.078 -0.0018 -0.0006 0.0775 -0.0018 -0.0006 0.078 -0.0018 -0.0006 0.0775 -0.0003 -0.0006 0.078 -0.0003 0.0095 0.078 -0.008 0.0045 0.078 -0.008 0.0045 0.078 -0.0065 -0.0045 0.078 -0.0045 -0.0045 0.078 -0.0065 -0.0097 0.078 -0.0005 0.0045 0.078 -0.0045 0.00411732 0.078 -0.00642388 0.00379289 0.078 -0.00620711 -0.0097 0.078 -0.0078 -0.0095 0.078 -0.008 -0.0045 0.078 -0.008 -0.00411732 0.078 -0.00457612 -0.00379289 0.078 -0.00479289 -0.00357612 0.078 -0.00511732 0.0035 0.078 -0.0055 0.00357612 0.078 -0.00511732 0.00357612 0.078 -0.00588268 0.00379289 0.078 -0.00479289 0.00411732 0.078 -0.00457612 0.0043 0.078 -0.0035 0.0095 0.078 -0.0003 0.0045 0.078 -0.0037 0.0097 0.078 -0.0005 0.0097 0.078 -0.0078 -0.00051962 0.078 -0.0021 -0.0043 0.078 -0.0035 -0.00379289 0.078 -0.00620711 -0.00411732 0.078 -0.00642388 -0.00357612 0.078 -0.00588268 -0.0035 0.078 -0.0055 -0.0095 0.078 -0.0003 -0.0045 0.078 -0.0037 -0.0003 0.078 -0.00231962 -0 0.078 -0.0024 0.0003 0.078 -0.00231962 0.00051962 0.078 -0.0021 -0.00051962 0.0775 -0.0015 -0.0003 0.0775 -0.00128038 0.00051962 0.0775 -0.0015 0.0003 0.0775 -0.00128038 -0 0.0775 -0.0012 -0.0097 0.077 -0.0078 -0.0097 0.077 -0.0005 -0.0095 0.077 -0.008 -0.0045 0.077 -0.008 -0.0045 0.077 -0.0065 -0.0045 0.077 -0.0045 -0.00411732 0.077 -0.00457612 -0.00379289 0.077 -0.00479289 -0.00357612 0.077 -0.00511732 -0.0035 0.077 -0.0055 -0.00357612 0.077 -0.00588268 -0.00379289 0.077 -0.00620711 -0.00411732 0.077 -0.00642388 -0.0045 0.077 -0.0037 -0.0043 0.077 -0.0035 0.0043 0.077 -0.0035 0.0045 0.077 -0.0037 0.0045 0.077 -0.0045 0.0045 0.077 -0.0065 0.00411732 0.077 -0.00642388 0.00379289 0.077 -0.00620711 0.00357612 0.077 -0.00588268 0.0035 0.077 -0.0055 0.00357612 0.077 -0.00511732 0.00379289 0.077 -0.00479289 0.00411732 0.077 -0.00457612 0.0045 0.077 -0.008 0.0095 0.077 -0.008 0.0097 0.077 -0.0078 0.0097 0.077 -0.0005 0.0095 0.077 -0.0003 -0.0095 0.077 -0.0003 0.0006 0.077 -0.0018 0.00051962 0.077 -0.0015 0.0003 0.077 -0.00128038 -0 0.077 -0.0012 -0.0003 0.077 -0.00128038 -0.00051962 0.077 -0.0015 -0.0006 0.077 -0.0018 -0.00051962 0.077 -0.0021 -0.0003 0.077 -0.00231962 -0 0.077 -0.0024 0.0003 0.077 -0.00231962 0.00051962 0.077 -0.0021 -0.0095 0.0541 -0.008 -0.0097 0.0541 -0.0078 -0.0097 0.0541 -0.0005 -0.0095 0.0541 -0.0003 0.0095 0.0541 -0.0003 0.0097 0.0541 -0.0005 0.0097 0.0541 -0.0078 0.0095 0.0541 -0.008 0.0045 0.0541 -0.0045 0.0045 0.0541 -0.0037 0.0045 0.0541 -0.008 0.0045 0.0541 -0.0065 -0.0043 0.0541 -0.0035 -0.0045 0.0541 -0.0037 0.0043 0.0541 -0.0035 -0.0045 0.0541 -0.0065 -0.0045 0.0541 -0.008 -0.0045 0.0541 -0.0045 -0.00371817 0.0501 -0.00487651 -0.00406612 0.0501 -0.00459903 -0.00352507 0.0501 -0.00572252 -0.00352507 0.0501 -0.00527748 -0.00371817 0.0501 -0.00612349 -0.00406612 0.0501 -0.00640097 0.00406612 0.0501 -0.00459903 0.00371817 0.0501 -0.00487651 0.00371817 0.0501 -0.00612349 0.00406612 0.0501 -0.00640097 0.00352507 0.0501 -0.00572252 0.00352507 0.0501 -0.00527748 0.00406612 0.0541 -0.00640097 0.00371817 0.0541 -0.00612349 0.00352507 0.0541 -0.00572252 0.00352507 0.0541 -0.00527748 0.00371817 0.0541 -0.00487651 0.00406612 0.0541 -0.00459903 -0.00406612 0.0541 -0.00459903 -0.00371817 0.0541 -0.00487651 -0.00352507 0.0541 -0.00527748 -0.00352507 0.0541 -0.00572252 -0.00371817 0.0541 -0.00612349 -0.00406612 0.0541 -0.00640097 -0.0006 0.0541 -0.0018 -0.00051962 0.0541 -0.0021 -0.0003 0.0541 -0.00231962 -0 0.0541 -0.0024 0.0003 0.0541 -0.00231962 0.00051962 0.0541 -0.0021 0.0006 0.0541 -0.0018 0.00051962 0.0541 -0.0015 0.0003 0.0541 -0.00128038 -0 0.0541 -0.0012 -0.0003 0.0541 -0.00128038 -0.00051962 0.0541 -0.0015 0.0075 0.05855 -0.00373876 0.0062705 0.05855 -0.003 0.00639226 0.05801654 -0.003 0.00722641 0.05735132 -0.003 0.00777359 0.05735132 -0.003 0.00673342 0.05758874 -0.003 0.00860774 0.05801654 -0.003 0.0087295 0.05855 -0.003 0.00826658 0.05758874 -0.003 0.00826658 0.05951126 -0.003 0.00777359 0.05974868 -0.003 0.00860774 0.05908346 -0.003 0.00673342 0.05951126 -0.003 0.00639226 0.05908346 -0.003 0.00722641 0.05974868 -0.003 0.0075 0.06855 -0.00373876 0.0062705 0.06855 -0.003 0.00639226 0.06801654 -0.003 0.00722641 0.06735133 -0.003 0.00777359 0.06735133 -0.003 0.00673342 0.06758874 -0.003 0.00860774 0.06801654 -0.003 0.0087295 0.06855 -0.003 0.00826658 0.06758874 -0.003 0.00826658 0.06951126 -0.003 0.00777359 0.06974868 -0.003 0.00860774 0.06908346 -0.003 0.00673342 0.06951126 -0.003 0.00639226 0.06908346 -0.003 0.00722641 0.06974868 -0.003 -0.0075 0.05855 -0.00373876 -0.0087295 0.05855 -0.003 -0.00860774 0.05801654 -0.003 -0.00777359 0.05735132 -0.003 -0.00722641 0.05735132 -0.003 -0.00826658 0.05758874 -0.003 -0.00639226 0.05801654 -0.003 -0.0062705 0.05855 -0.003 -0.00673342 0.05758874 -0.003 -0.00673342 0.05951126 -0.003 -0.00722641 0.05974868 -0.003 -0.00639226 0.05908346 -0.003 -0.00826658 0.05951126 -0.003 -0.00860774 0.05908346 -0.003 -0.00777359 0.05974868 -0.003 -0.0075 0.06855 -0.00373876 -0.0087295 0.06855 -0.003 -0.00860774 0.06801654 -0.003 -0.00777359 0.06735133 -0.003 -0.00722641 0.06735133 -0.003 -0.00826658 0.06758874 -0.003 -0.00639226 0.06801654 -0.003 -0.0062705 0.06855 -0.003 -0.00673342 0.06758874 -0.003 -0.00673342 0.06951126 -0.003 -0.00722641 0.06974868 -0.003 -0.00639226 0.06908346 -0.003 -0.00826658 0.06951126 -0.003 -0.00860774 0.06908346 -0.003 -0.00777359 0.06974868 -0.003 0.0098 0.073 0 0.0098 0.0541 0 0.01 0.073 -0.0002 0.01 0.0541 -0.0002 0.0062705 0.05855 0 0.00639226 0.05801654 0 0.00673342 0.05758874 0 0.00722641 0.05735132 0 0.00777359 0.05735132 0 0.00826658 0.05758874 0 0.00860774 0.05801654 0 0.0087295 0.05855 0 0.00860774 0.05908346 0 0.00826658 0.05951126 0 0.00777359 0.05974868 0 0.00722641 0.05974868 0 0.00673342 0.05951126 0 0.00639226 0.05908346 0 0.0062705 0.06855 0 0.00639226 0.06801654 0 0.00673342 0.06758874 0 0.00722641 0.06735133 0 0.00777359 0.06735133 0 0.00826658 0.06758874 0 0.00860774 0.06801654 0 0.0087295 0.06855 0 0.00860774 0.06908346 0 0.00826658 0.06951126 0 0.00777359 0.06974868 0 0.00722641 0.06974868 0 0.00673342 0.06951126 0 0.00639226 0.06908346 0 -0.0087295 0.05855 0 -0.00860774 0.05801654 0 -0.00826658 0.05758874 0 -0.00777359 0.05735132 0 -0.00722641 0.05735132 0 -0.00673342 0.05758874 0 -0.00639226 0.05801654 0 -0.0062705 0.05855 0 -0.00639226 0.05908346 0 -0.00673342 0.05951126 0 -0.00722641 0.05974868 0 -0.00777359 0.05974868 0 -0.00826658 0.05951126 0 -0.00860774 0.05908346 0 -0.0087295 0.06855 0 -0.00860774 0.06801654 0 -0.00826658 0.06758874 0 -0.00777359 0.06735133 0 -0.00722641 0.06735133 0 -0.00673342 0.06758874 0 -0.00639226 0.06801654 0 -0.0062705 0.06855 0 -0.00639226 0.06908346 0 -0.00673342 0.06951126 0 -0.00722641 0.06974868 0 -0.00777359 0.06974868 0 -0.00826658 0.06951126 0 -0.00860774 0.06908346 0 -0.01 0.073 -0.0002 -0.01 0.0541 -0.0002 -0.0098 0.073 0 -0.0098 0.0541 0 -0.01 0.073 -0.0053 -0.01 0.0541 -0.0053 -0.00985 0.073 -0.00525981 -0.00985 0.0541 -0.00525981 -0.00974019 0.073 -0.00515 -0.00974019 0.0541 -0.00515 -0.0097 0.073 -0.005 -0.0097 0.0541 -0.005 -0.00974019 0.073 -0.00485 -0.00974019 0.0541 -0.00485 -0.00985 0.073 -0.00474019 -0.00985 0.0541 -0.00474019 -0.01 0.073 -0.0047 -0.01 0.0541 -0.0047 -0.0098 0.073 -0.008 -0.0098 0.0541 -0.008 -0.01 0.073 -0.0078 -0.01 0.0541 -0.0078 -0.0045 0.073 -0.0045 -0.0045 0.073 -0.0037 -0.0045 0.073 -0.008 -0.0045 0.073 -0.0065 0.0043 0.073 -0.0035 0.0045 0.073 -0.0037 -0.0043 0.073 -0.0035 0.0045 0.073 -0.0045 0.01 0.073 -0.0078 0.01 0.0541 -0.0078 0.0098 0.073 -0.008 0.0098 0.0541 -0.008 0.0045 0.073 -0.0065 0.0045 0.073 -0.008 0.005 0.073 0 0.005 0.0541 0 -0.005 0.073 0 -0.005 0.0541 0 -0.004 0.0541 -0.00463397 -0.004 0.073 -0.00463397 -0.00363397 0.0541 -0.005 -0.00363397 0.073 -0.005 -0.0035 0.0541 -0.0055 -0.0035 0.073 -0.0055 -0.00363397 0.0541 -0.006 -0.00363397 0.073 -0.006 -0.004 0.0541 -0.00636603 -0.004 0.073 -0.00636603 0.004 0.0541 -0.00636603 0.004 0.073 -0.00636603 0.00363397 0.0541 -0.006 0.00363397 0.073 -0.006 0.0035 0.0541 -0.0055 0.0035 0.073 -0.0055 0.00363397 0.0541 -0.005 0.00363397 0.073 -0.005 0.004 0.0541 -0.00463397 0.004 0.073 -0.00463397 -0.005 0.073 -0.00015 -0.005 0.0541 -0.00015 0.005 0.0541 -0.00015 0.005 0.073 -0.00015 -0.0097 0.073 -0.0078 -0.0095 0.073 -0.008 0.0095 0.073 -0.008 0.0097 0.073 -0.0078 -0.0095 0.073 -0.0003 -0.0097 0.073 -0.0005 0.0097 0.073 -0.0005 0.0095 0.073 -0.0003 0.00406612 0.077 -0.00640097 0.00371817 0.077 -0.00487651 0.00406612 0.077 -0.00459903 0.00352507 0.077 -0.00527748 0.00352507 0.077 -0.00572252 0.00371817 0.077 -0.00612349 -0.00406612 0.077 -0.00459903 -0.00371817 0.077 -0.00487651 -0.00406612 0.077 -0.00640097 -0.00352507 0.077 -0.00527748 -0.00352507 0.077 -0.00572252 -0.00371817 0.077 -0.00612349 -0.00406612 0.073 -0.00459903 -0.00371817 0.073 -0.00487651 -0.00352507 0.073 -0.00527748 -0.00352507 0.073 -0.00572252 -0.00371817 0.073 -0.00612349 -0.00406612 0.073 -0.00640097 0.00406612 0.073 -0.00640097 0.00371817 0.073 -0.00612349 0.00352507 0.073 -0.00572252 0.00352507 0.073 -0.00527748 0.00371817 0.073 -0.00487651 0.00406612 0.073 -0.00459903 0.0006 0.073 -0.0018 0.00051962 0.073 -0.0021 0.0003 0.073 -0.00231962 -0 0.073 -0.0024 -0.0003 0.073 -0.00231962 -0.00051962 0.073 -0.0021 -0.0006 0.073 -0.0018 -0.00051962 0.073 -0.0015 -0.0003 0.073 -0.00128038 -0 0.073 -0.0012 0.0003 0.073 -0.00128038 0.00051962 0.073 -0.0015 -0.01 0.06970725 0.00633139 -0.01 0.0695564 0.0068616 -0.01 0.05305 0.004 -0.01 0.07132562 0.00847446 -0.01 0.07183965 0.00827533 -0.01 0.07405 0.01 -0.01 0.05305 0.01 -0.01 0.05985298 0.00790395 -0.01 0.06026035 0.00827533 -0.01 0.07077438 0.00847446 -0.01 0.07026035 0.00827533 -0.01 0.0725436 0.0068616 -0.01 0.07405 0.004 -0.01 0.07249274 0.00741049 -0.01 0.07224703 0.00790395 -0.01 0.07239275 0.00633139 -0.01 0.07206054 0.00589149 -0.01 0.07159186 0.00560129 -0.01 0.07105 0.0055 -0.01 0.07050814 0.00560129 -0.01 0.07003946 0.00589149 -0.01 0.06077437 0.00847446 -0.01 0.06132562 0.00847446 -0.01 0.06183965 0.00827533 -0.01 0.06239275 0.00633139 -0.01 0.06206054 0.00589149 -0.01 0.06960727 0.00741049 -0.01 0.06249274 0.00741049 -0.01 0.0625436 0.0068616 -0.01 0.06224703 0.00790395 -0.01 0.06985298 0.00790395 -0.01 0.06159186 0.00560129 -0.01 0.06105 0.0055 -0.01 0.06050814 0.00560129 -0.01 0.06003946 0.00589149 -0.01 0.05970725 0.00633139 -0.01 0.0595564 0.0068616 -0.01 0.05960726 0.00741049 -0.016 0.05305 0.01 -0.0145 0.05605 0.01 -0.01439871 0.05659186 0.01 -0.01172467 0.05683965 0.01 -0.01152554 0.05632563 0.01 -0.01209605 0.06485298 0.01 -0.01258951 0.06460726 0.01 -0.01366861 0.05470726 0.01 -0.01410851 0.05503946 0.01 -0.01439871 0.05550814 0.01 -0.0131384 0.0645564 0.01 -0.01366861 0.06470726 0.01 -0.01410851 0.06503946 0.01 -0.01439871 0.06550813 0.01 -0.0145 0.06605 0.01 -0.016 0.07405 0.01 -0.01439871 0.06659187 0.01 -0.01410851 0.06706055 0.01 -0.01366861 0.06739274 0.01 -0.0131384 0.0675436 0.01 -0.01258951 0.06749274 0.01 -0.01209605 0.06724703 0.01 -0.01172467 0.06526035 0.01 -0.01152554 0.06577437 0.01 -0.01410851 0.05706054 0.01 -0.01366861 0.05739275 0.01 -0.01152554 0.05577438 0.01 -0.01172467 0.05526035 0.01 -0.01172467 0.06683965 0.01 -0.01152554 0.06632563 0.01 -0.01209605 0.05485297 0.01 -0.01258951 0.05460726 0.01 -0.0131384 0.0545564 0.01 -0.0131384 0.0575436 0.01 -0.01258951 0.05749274 0.01 -0.01209605 0.05724703 0.01 -0.016 0.07405 0.004 -0.016 0.05305 0.004 -0.016 0.07050814 0.00560129 -0.016 0.07224703 0.00790395 -0.016 0.07183965 0.00827533 -0.016 0.06132562 0.00847446 -0.016 0.06077437 0.00847446 -0.016 0.06026035 0.00827533 -0.016 0.07003946 0.00589149 -0.016 0.06105 0.0055 -0.016 0.06159186 0.00560129 -0.016 0.07105 0.0055 -0.016 0.07159186 0.00560129 -0.016 0.07206054 0.00589149 -0.016 0.07239275 0.00633139 -0.016 0.0725436 0.0068616 -0.016 0.07249274 0.00741049 -0.016 0.06224703 0.00790395 -0.016 0.06183965 0.00827533 -0.016 0.0695564 0.0068616 -0.016 0.06960727 0.00741049 -0.016 0.06985298 0.00790395 -0.016 0.05985298 0.00790395 -0.016 0.05960726 0.00741049 -0.016 0.0595564 0.0068616 -0.016 0.05970725 0.00633139 -0.016 0.06003946 0.00589149 -0.016 0.06050814 0.00560129 -0.016 0.06206054 0.00589149 -0.016 0.06239275 0.00633139 -0.016 0.06970725 0.00633139 -0.016 0.0625436 0.0068616 -0.016 0.06249274 0.00741049 -0.016 0.07132562 0.00847446 -0.016 0.07077438 0.00847446 -0.016 0.07026035 0.00827533 -0.01209605 0.05485297 0.004 -0.01172467 0.05526035 0.004 -0.01152554 0.05577438 0.004 -0.01152554 0.05632563 0.004 -0.01152554 0.06632563 0.004 -0.01172467 0.06683965 0.004 -0.01152554 0.06577437 0.004 -0.01172467 0.06526035 0.004 -0.01172467 0.05683965 0.004 -0.01258951 0.05749274 0.004 -0.01439871 0.06550813 0.004 -0.01410851 0.06503946 0.004 -0.01209605 0.06724703 0.004 -0.01258951 0.06749274 0.004 -0.0131384 0.0675436 0.004 -0.01366861 0.06739274 0.004 -0.01410851 0.06706055 0.004 -0.0131384 0.0545564 0.004 -0.01258951 0.05460726 0.004 -0.01366861 0.06470726 0.004 -0.0131384 0.0645564 0.004 -0.01209605 0.05724703 0.004 -0.01258951 0.06460726 0.004 -0.01209605 0.06485298 0.004 -0.01366861 0.05739275 0.004 -0.01410851 0.05706054 0.004 -0.01439871 0.05659186 0.004 -0.0145 0.05605 0.004 -0.01439871 0.05550814 0.004 -0.01410851 0.05503946 0.004 -0.01366861 0.05470726 0.004 -0.01439871 0.06659187 0.004 -0.0145 0.06605 0.004 -0.0131384 0.0575436 0.004 0.016 0.06970725 0.00633139 0.016 0.0695564 0.0068616 0.016 0.05305 0.004 0.016 0.07132562 0.00847446 0.016 0.07183965 0.00827533 0.016 0.07405 0.01 0.016 0.05305 0.01 0.016 0.05985298 0.00790395 0.016 0.06026035 0.00827533 0.016 0.07077438 0.00847446 0.016 0.07026035 0.00827533 0.016 0.0725436 0.0068616 0.016 0.07405 0.004 0.016 0.07249274 0.00741049 0.016 0.07224703 0.00790395 0.016 0.07239275 0.00633139 0.016 0.07206054 0.00589149 0.016 0.07159186 0.00560129 0.016 0.07105 0.0055 0.016 0.07050814 0.00560129 0.016 0.07003946 0.00589149 0.016 0.06077437 0.00847446 0.016 0.06132562 0.00847446 0.016 0.06183965 0.00827533 0.016 0.06239275 0.00633139 0.016 0.06206054 0.00589149 0.016 0.06960727 0.00741049 0.016 0.06249274 0.00741049 0.016 0.0625436 0.0068616 0.016 0.06224703 0.00790395 0.016 0.06985298 0.00790395 0.016 0.06159186 0.00560129 0.016 0.06105 0.0055 0.016 0.06050814 0.00560129 0.016 0.06003946 0.00589149 0.016 0.05970725 0.00633139 0.016 0.0595564 0.0068616 0.016 0.05960726 0.00741049 0.01 0.05305 0.01 0.0115 0.05605 0.01 0.01160129 0.05659186 0.01 0.01427533 0.05683965 0.01 0.01447446 0.05632563 0.01 0.01390395 0.06485298 0.01 0.01341049 0.06460726 0.01 0.01233139 0.05470726 0.01 0.01189149 0.05503946 0.01 0.01160129 0.05550814 0.01 0.0128616 0.0645564 0.01 0.01233139 0.06470726 0.01 0.01189149 0.06503946 0.01 0.01160129 0.06550813 0.01 0.0115 0.06605 0.01 0.01 0.07405 0.01 0.01160129 0.06659187 0.01 0.01189149 0.06706055 0.01 0.01233139 0.06739274 0.01 0.0128616 0.0675436 0.01 0.01341049 0.06749274 0.01 0.01390395 0.06724703 0.01 0.01427533 0.06526035 0.01 0.01447446 0.06577437 0.01 0.01189149 0.05706054 0.01 0.01233139 0.05739275 0.01 0.01447446 0.05577438 0.01 0.01427533 0.05526035 0.01 0.01427533 0.06683965 0.01 0.01447446 0.06632563 0.01 0.01390395 0.05485297 0.01 0.01341049 0.05460726 0.01 0.0128616 0.0545564 0.01 0.0128616 0.0575436 0.01 0.01341049 0.05749274 0.01 0.01390395 0.05724703 0.01 0.01 0.07405 0.004 0.01 0.05305 0.004 0.01 0.07050814 0.00560129 0.01 0.07224703 0.00790395 0.01 0.07183965 0.00827533 0.01 0.06132562 0.00847446 0.01 0.06077437 0.00847446 0.01 0.06026035 0.00827533 0.01 0.07003946 0.00589149 0.01 0.06105 0.0055 0.01 0.06159186 0.00560129 0.01 0.07105 0.0055 0.01 0.07159186 0.00560129 0.01 0.07206054 0.00589149 0.01 0.07239275 0.00633139 0.01 0.0725436 0.0068616 0.01 0.07249274 0.00741049 0.01 0.06224703 0.00790395 0.01 0.06183965 0.00827533 0.01 0.0695564 0.0068616 0.01 0.06960727 0.00741049 0.01 0.06985298 0.00790395 0.01 0.05985298 0.00790395 0.01 0.05960726 0.00741049 0.01 0.0595564 0.0068616 0.01 0.05970725 0.00633139 0.01 0.06003946 0.00589149 0.01 0.06050814 0.00560129 0.01 0.06206054 0.00589149 0.01 0.06239275 0.00633139 0.01 0.06970725 0.00633139 0.01 0.0625436 0.0068616 0.01 0.06249274 0.00741049 0.01 0.07132562 0.00847446 0.01 0.07077438 0.00847446 0.01 0.07026035 0.00827533 0.01390395 0.05485297 0.004 0.01427533 0.05526035 0.004 0.01447446 0.05577438 0.004 0.01447446 0.05632563 0.004 0.01447446 0.06632563 0.004 0.01427533 0.06683965 0.004 0.01447446 0.06577437 0.004 0.01427533 0.06526035 0.004 0.01427533 0.05683965 0.004 0.01341049 0.05749274 0.004 0.01160129 0.06550813 0.004 0.01189149 0.06503946 0.004 0.01390395 0.06724703 0.004 0.01341049 0.06749274 0.004 0.0128616 0.0675436 0.004 0.01233139 0.06739274 0.004 0.01189149 0.06706055 0.004 0.0128616 0.0545564 0.004 0.01341049 0.05460726 0.004 0.01233139 0.06470726 0.004 0.0128616 0.0645564 0.004 0.01390395 0.05724703 0.004 0.01341049 0.06460726 0.004 0.01390395 0.06485298 0.004 0.01233139 0.05739275 0.004 0.01189149 0.05706054 0.004 0.01160129 0.05659186 0.004 0.0115 0.05605 0.004 0.01160129 0.05550814 0.004 0.01189149 0.05503946 0.004 0.01233139 0.05470726 0.004 0.01160129 0.06659187 0.004 0.0115 0.06605 0.004 0.0128616 0.0575436 0.004 -0.00892894 0.069375 0 -0.00915 0.06855 0 -0.0102 0.078 0 -0.00892894 0.057725 0 -0.0102 0.0491 0 -0.00915 0.05855 0 -0.00892894 0.059375 0 0.00892894 0.069375 0 0.0102 0.078 0 0.00915 0.06855 0 0.0102 0.0491 0 0.00892894 0.067725 0 0.0075 0.0569 0 0.008325 0.05712106 0 -0.008325 0.05712106 0 -0.0075 0.0569 0 -0.006675 0.05712106 0 -0.00607106 0.057725 0 0.008325 0.06997894 0 0.0075 0.0702 0 0.006675 0.06997894 0 0.00607106 0.069375 0 -0.00607106 0.059375 0 0.00607106 0.059375 0 -0.00585 0.05855 0 0.00585 0.05855 0 0.00607106 0.057725 0 0.006675 0.05712106 0 -0.006675 0.06997894 0 -0.0075 0.0702 0 -0.008325 0.06997894 0 -0.008325 0.06712106 0 -0.0075 0.0669 0 0.006675 0.05997894 0 -0.006675 0.06712106 0 0.0075 0.0602 0 -0.00607106 0.067725 0 -0.008325 0.05997894 0 -0.0075 0.0602 0 -0.00892894 0.067725 0 -0.006675 0.05997894 0 0.0075 0.0669 0 0.008325 0.05997894 0 0.008325 0.06712106 0 0.00892894 0.059375 0 0.00915 0.05855 0 0.00892894 0.057725 0 -0.00607106 0.069375 0 -0.00585 0.06855 0 0.00585 0.06855 0 0.00607106 0.067725 0 0.006675 0.06712106 0 0.016 0.078 -0.003 0.0102 0.078 -0.003 0.016 0.078 0 -0.0102 0.078 -0.003 -0.016 0.078 -0.003 -0.016 0.078 0.0005 -0 0.078 0.004 -0.011 0.078 0.004 -0.019 0.078 0.004 -0.019 0.078 0.0005 0.026 0.078 0.004 0.026 0.078 0 0.0251 0.078 0.004 0.016275 0.078 0.004 0.011 0.078 0.004 -0.019 0.0491 0.004 -0.019 0.0491 0.0005 -0.016 0.0491 0.0005 -0.016 0.0491 -0.003 -0.0102 0.0491 -0.003 0.011 0.0491 0.004 -0 0.0491 0.004 0.0102 0.0491 -0.003 0.016 0.0491 -0.003 0.016 0.0491 0 -0.011 0.0491 0.004 0.016275 0.0491 0.004 0.0251 0.0491 0.004 0.026 0.0491 0 0.026 0.0491 0.004 0.026 0.0549 0.004 0.01442894 0.055225 0.004 0.013825 0.05462106 0.004 0.016275 0.0549 0.004 -0.011 0.0649 0.004 -0.01135 0.06605 0.004 -0.01157106 0.065225 0.004 -0.01442894 0.066875 0.004 -0.019 0.068775 0.004 -0.01465 0.06605 0.004 -0.019 0.0649 0.004 -0.01442894 0.065225 0.004 -0.013825 0.06747894 0.004 -0.013 0.0677 0.004 -0.011 0.068775 0.004 -0.012175 0.06747894 0.004 -0.01157106 0.066875 0.004 -0.012175 0.06462106 0.004 -0.013 0.0644 0.004 -0.011 0.06305 0.004 -0.013825 0.06462106 0.004 -0.019 0.06305 0.004 -0.011 0.0549 0.004 -0.01135 0.05605 0.004 -0.01157106 0.055225 0.004 -0.019 0.058775 0.004 -0.019 0.0549 0.004 -0.01465 0.05605 0.004 -0.011 0.058775 0.004 -0.012175 0.05747894 0.004 -0.01157106 0.056875 0.004 -0.01442894 0.056875 0.004 -0.013825 0.05747894 0.004 -0.013 0.0577 0.004 -0.012175 0.05462106 0.004 -0.013 0.0544 0.004 -0.013825 0.05462106 0.004 -0.01442894 0.055225 0.004 0.013 0.0577 0.004 0.013825 0.05747894 0.004 0.016275 0.058775 0.004 0.01442894 0.056875 0.004 0.01465 0.05605 0.004 0.012175 0.05462106 0.004 0.01157106 0.055225 0.004 0.011 0.0549 0.004 0.01135 0.05605 0.004 0.011 0.058775 0.004 0.01157106 0.056875 0.004 0.012175 0.05747894 0.004 0.01157106 0.066875 0.004 0.011 0.068775 0.004 0.01135 0.06605 0.004 0.011 0.0649 0.004 0.01157106 0.065225 0.004 0.012175 0.06462106 0.004 0.01442894 0.066875 0.004 0.01465 0.06605 0.004 0.016275 0.0649 0.004 0.012175 0.06747894 0.004 0.013 0.0677 0.004 0.016275 0.068775 0.004 0.013825 0.06747894 0.004 0.013825 0.06462106 0.004 0.013 0.0644 0.004 0.011 0.06305 0.004 -0.00445733 0.05773472 0.004 -0.00477202 0.056975 0.004 -0 0.0549 0.004 -0.00527261 0.05632261 0.004 -0.005925 0.05582202 0.004 -0.009075 0.05582202 0.004 -0.00972739 0.05632261 0.004 -0.01022798 0.056975 0.004 -0.00668472 0.05550733 0.004 -0.0075 0.0554 0.004 -0.00831528 0.05550733 0.004 -0.01054267 0.05773472 0.004 -0.00972739 0.06077738 0.004 -0.009075 0.06127798 0.004 -0.01065 0.05855 0.004 -0.01054267 0.05936528 0.004 -0.01022798 0.060125 0.004 -0.005925 0.06127798 0.004 -0.00527261 0.06077738 0.004 -0 0.06305 0.004 -0.00477202 0.060125 0.004 -0 0.058775 0.004 -0.00445733 0.05936528 0.004 -0.00435 0.05855 0.004 -0.00831528 0.06159266 0.004 -0.0075 0.0617 0.004 -0.00668472 0.06159266 0.004 -0.00435 0.06855 0.004 -0.00445733 0.06773472 0.004 -0 0.0649 0.004 -0.00477202 0.066975 0.004 -0.00527261 0.06632262 0.004 -0.005925 0.06582202 0.004 -0.01054267 0.06773472 0.004 -0.01065 0.06855 0.004 -0.009075 0.06582202 0.004 -0.00972739 0.06632262 0.004 -0.01022798 0.066975 0.004 -0.00668472 0.06550733 0.004 -0.0075 0.0654 0.004 -0.00831528 0.06550733 0.004 -0.01054267 0.06936528 0.004 -0.01022798 0.070125 0.004 -0.011 0.073925 0.004 -0.00972739 0.07077739 0.004 -0.009075 0.07127798 0.004 -0.00831528 0.07159267 0.004 -0.0075 0.0717 0.004 -0 0.073925 0.004 -0.00668472 0.07159267 0.004 -0.005925 0.07127798 0.004 -0.00527261 0.07077739 0.004 -0.00477202 0.070125 0.004 -0 0.068775 0.004 -0.00445733 0.06936528 0.004 0.01065 0.05855 0.004 0.01054267 0.05773472 0.004 0.00445733 0.05773472 0.004 0.00972739 0.05632261 0.004 0.009075 0.05582202 0.004 0.00831528 0.05550733 0.004 0.0075 0.0554 0.004 0.00668472 0.05550733 0.004 0.005925 0.05582202 0.004 0.01022798 0.056975 0.004 0.00527261 0.05632261 0.004 0.00477202 0.056975 0.004 0.00527261 0.06077738 0.004 0.005925 0.06127798 0.004 0.00435 0.05855 0.004 0.00445733 0.05936528 0.004 0.00477202 0.060125 0.004 0.00668472 0.06159266 0.004 0.0075 0.0617 0.004 0.00831528 0.06159266 0.004 0.009075 0.06127798 0.004 0.00972739 0.06077738 0.004 0.01022798 0.060125 0.004 0.01054267 0.05936528 0.004 0.00972739 0.06632262 0.004 0.009075 0.06582202 0.004 0.00668472 0.06550733 0.004 0.0075 0.0654 0.004 0.00831528 0.06550733 0.004 0.01054267 0.06936528 0.004 0.01065 0.06855 0.004 0.01054267 0.06773472 0.004 0.01022798 0.066975 0.004 0.005925 0.06582202 0.004 0.00527261 0.06632262 0.004 0.00477202 0.066975 0.004 0.00445733 0.06773472 0.004 0.00831528 0.07159267 0.004 0.009075 0.07127798 0.004 0.011 0.073925 0.004 0.00972739 0.07077739 0.004 0.01022798 0.070125 0.004 0.00435 0.06855 0.004 0.00445733 0.06936528 0.004 0.00477202 0.070125 0.004 0.00527261 0.07077739 0.004 0.005925 0.07127798 0.004 0.00668472 0.07159267 0.004 0.0075 0.0717 0.004 0.02409267 0.05218472 0.004 0.0242 0.053 0.004 0.0251 0.0549 0.004 0.02409267 0.05381528 0.004 0.02377798 0.051425 0.004 0.02327739 0.05077261 0.004 0.022625 0.05027202 0.004 0.02186528 0.04995733 0.004 0.02105 0.04985 0.004 0.02023472 0.04995733 0.004 0.019475 0.05027202 0.004 0.01882261 0.05077261 0.004 0.01832202 0.051425 0.004 0.01800733 0.05218472 0.004 0.013 0.0544 0.004 0.0179 0.053 0.004 0.01800733 0.05381528 0.004 0.01832202 0.054575 0.004 0.01882261 0.05522739 0.004 0.02186528 0.05604267 0.004 0.022625 0.05572798 0.004 0.0251 0.058775 0.004 0.02327739 0.05522739 0.004 0.02377798 0.054575 0.004 0.019475 0.05572798 0.004 0.02023472 0.05604267 0.004 0.02105 0.05615 0.004 0.0251 0.06305 0.004 0.02409267 0.06218472 0.004 0.02377798 0.061425 0.004 0.02327739 0.06077261 0.004 0.022625 0.06027202 0.004 0.019475 0.06027202 0.004 0.01882261 0.06077261 0.004 0.01832202 0.061425 0.004 0.02186528 0.05995733 0.004 0.02105 0.05985 0.004 0.02023472 0.05995733 0.004 0.016275 0.06305 0.004 0.0251 0.0649 0.004 0.02409267 0.06381528 0.004 0.0242 0.063 0.004 0.01832202 0.064575 0.004 0.01882261 0.06522739 0.004 0.019475 0.06572798 0.004 0.02023472 0.06604267 0.004 0.0251 0.068775 0.004 0.02105 0.06615 0.004 0.02186528 0.06604267 0.004 0.022625 0.06572798 0.004 0.02327739 0.06522739 0.004 0.02377798 0.064575 0.004 0.01800733 0.06218472 0.004 0.0179 0.063 0.004 0.01800733 0.06381528 0.004 0.02409267 0.07218472 0.004 0.0242 0.073 0.004 0.0251 0.073925 0.004 0.01800733 0.07218472 0.004 0.0179 0.073 0.004 0.016275 0.073925 0.004 0.02377798 0.071425 0.004 0.02327739 0.07077261 0.004 0.022625 0.07027202 0.004 0.02023472 0.06995733 0.004 0.02105 0.06985 0.004 0.02186528 0.06995733 0.004 0.019475 0.07027202 0.004 0.01882261 0.07077261 0.004 0.01832202 0.071425 0.004 0.022625 0.07572798 0.004 0.02327739 0.07522739 0.004 0.02377798 0.074575 0.004 0.02409267 0.07381528 0.004 0.01800733 0.07381528 0.004 0.01832202 0.074575 0.004 0.01882261 0.07522739 0.004 0.019475 0.07572798 0.004 0.02023472 0.07604267 0.004 0.02105 0.07615 0.004 0.02186528 0.07604267 0.004 0.01442894 0.065225 0.004 -0.019 0.073925 0.004 0.026 0.058775 0.004 0.026 0.06305 0.004 0.026 0.0649 0.004 0.026 0.068775 0.004 0.026 0.073925 0.004 -0.00590622 0.05897705 0.0025 -0.00607106 0.059375 0.0025 -0.00633327 0.05971673 0.0025 -0.006675 0.05997894 0.0025 -0.00707295 0.06014378 0.0025 -0.0075 0.0602 0.0025 -0.00792705 0.06014378 0.0025 -0.008325 0.05997894 0.0025 -0.00866673 0.05971673 0.0025 -0.00892894 0.059375 0.0025 -0.00909378 0.05897705 0.0025 -0.00915 0.05855 0.0025 -0.00909378 0.05812295 0.0025 -0.00892894 0.057725 0.0025 -0.00866673 0.05738327 0.0025 -0.008325 0.05712106 0.0025 -0.00792705 0.05695622 0.0025 -0.0075 0.0569 0.0025 -0.00707295 0.05695622 0.0025 -0.006675 0.05712106 0.0025 -0.00633327 0.05738327 0.0025 -0.00607106 0.057725 0.0025 -0.00590622 0.05812295 0.0025 -0.00585 0.05855 0.0025 0.00909378 0.06897705 0.0025 0.00892894 0.069375 0.0025 0.00866673 0.06971673 0.0025 0.008325 0.06997894 0.0025 0.00792705 0.07014377 0.0025 0.0075 0.0702 0.0025 0.00707295 0.07014377 0.0025 0.006675 0.06997894 0.0025 0.00633327 0.06971673 0.0025 0.00607106 0.069375 0.0025 0.00590622 0.06897705 0.0025 0.00585 0.06855 0.0025 0.00590622 0.06812295 0.0025 0.00607106 0.067725 0.0025 0.00633327 0.06738327 0.0025 0.006675 0.06712106 0.0025 0.00707295 0.06695622 0.0025 0.0075 0.0669 0.0025 0.00792705 0.06695622 0.0025 0.008325 0.06712106 0.0025 0.00866673 0.06738327 0.0025 0.00892894 0.067725 0.0025 0.00909378 0.06812295 0.0025 0.00915 0.06855 0.0025 -0.00590622 0.06897705 0.0025 -0.00607106 0.069375 0.0025 -0.00633327 0.06971673 0.0025 -0.006675 0.06997894 0.0025 -0.00707295 0.07014377 0.0025 -0.0075 0.0702 0.0025 -0.00792705 0.07014377 0.0025 -0.008325 0.06997894 0.0025 -0.00866673 0.06971673 0.0025 -0.00892894 0.069375 0.0025 -0.00909378 0.06897705 0.0025 -0.00915 0.06855 0.0025 -0.00909378 0.06812295 0.0025 -0.00892894 0.067725 0.0025 -0.00866673 0.06738327 0.0025 -0.008325 0.06712106 0.0025 -0.00792705 0.06695622 0.0025 -0.0075 0.0669 0.0025 -0.00707295 0.06695622 0.0025 -0.006675 0.06712106 0.0025 -0.00633327 0.06738327 0.0025 -0.00607106 0.067725 0.0025 -0.00590622 0.06812295 0.0025 -0.00585 0.06855 0.0025 0.00909378 0.05897705 0.0025 0.00892894 0.059375 0.0025 0.00866673 0.05971673 0.0025 0.008325 0.05997894 0.0025 0.00792705 0.06014378 0.0025 0.0075 0.0602 0.0025 0.00707295 0.06014378 0.0025 0.006675 0.05997894 0.0025 0.00633327 0.05971673 0.0025 0.00607106 0.059375 0.0025 0.00590622 0.05897705 0.0025 0.00585 0.05855 0.0025 0.00590622 0.05812295 0.0025 0.00607106 0.057725 0.0025 0.00633327 0.05738327 0.0025 0.006675 0.05712106 0.0025 0.00707295 0.05695622 0.0025 0.0075 0.0569 0.0025 0.00792705 0.05695622 0.0025 0.008325 0.05712106 0.0025 0.00866673 0.05738327 0.0025 0.00892894 0.057725 0.0025 0.00909378 0.05812295 0.0025 0.00915 0.05855 0.0025 0.01135 0.06605 -0.003 0.01157106 0.065225 -0.003 0.012175 0.06462106 -0.003 0.01157106 0.055225 -0.003 0.01135 0.05605 -0.003 0.01157106 0.056875 -0.003 0.013825 0.06747894 -0.003 0.013 0.0677 -0.003 0.012175 0.06747894 -0.003 0.01157106 0.066875 -0.003 0.013825 0.05462106 -0.003 0.013 0.0544 -0.003 0.012175 0.05462106 -0.003 0.01442894 0.055225 -0.003 0.01465 0.05605 -0.003 0.01442894 0.056875 -0.003 0.013825 0.05747894 -0.003 0.013 0.0577 -0.003 0.013825 0.06462106 -0.003 0.013 0.0644 -0.003 0.012175 0.05747894 -0.003 0.01442894 0.065225 -0.003 0.01465 0.06605 -0.003 0.01442894 0.066875 -0.003 -0.01135 0.06605 -0.003 -0.01157106 0.066875 -0.003 -0.012175 0.05462106 -0.003 -0.01157106 0.055225 -0.003 -0.01135 0.05605 -0.003 -0.01157106 0.056875 -0.003 -0.012175 0.05747894 -0.003 -0.01157106 0.065225 -0.003 -0.013825 0.05462106 -0.003 -0.013 0.0544 -0.003 -0.013825 0.05747894 -0.003 -0.01442894 0.056875 -0.003 -0.01465 0.05605 -0.003 -0.01442894 0.055225 -0.003 -0.013825 0.06747894 -0.003 -0.013 0.0677 -0.003 -0.012175 0.06747894 -0.003 -0.01442894 0.066875 -0.003 -0.01465 0.06605 -0.003 -0.01442894 0.065225 -0.003 -0.013825 0.06462106 -0.003 -0.013 0.0577 -0.003 -0.013 0.0644 -0.003 -0.012175 0.06462106 -0.003 0.020225 0.07442894 0 0.02105 0.07465 0 0.021875 0.07442894 0 0.02247894 0.073825 0 0.01962106 0.052175 0 0.020225 0.05157106 0 0.02105 0.05135 0 0.021875 0.05157106 0 0.02247894 0.052175 0 0.0227 0.053 0 0.02247894 0.053825 0 0.0227 0.063 0 0.02247894 0.062175 0 0.021875 0.05442894 0 0.01962106 0.073825 0 0.0194 0.073 0 0.01962106 0.072175 0 0.0194 0.063 0 0.01962106 0.063825 0 0.020225 0.07157106 0 0.021875 0.07157106 0 0.02247894 0.072175 0 0.0227 0.073 0 0.01962106 0.062175 0 0.02105 0.05465 0 0.020225 0.05442894 0 0.01962106 0.053825 0 0.0194 0.053 0 0.020225 0.06157106 0 0.02105 0.06135 0 0.021875 0.06157106 0 0.02247894 0.063825 0 0.021875 0.06442894 0 0.02105 0.07135 0 0.02105 0.06465 0 0.020225 0.06442894 0 0.02264378 0.05342705 0.0025 0.02247894 0.053825 0.0025 0.02221673 0.05416673 0.0025 0.021875 0.05442894 0.0025 0.02147705 0.05459378 0.0025 0.02105 0.05465 0.0025 0.02062295 0.05459378 0.0025 0.020225 0.05442894 0.0025 0.01988327 0.05416673 0.0025 0.01962106 0.053825 0.0025 0.01945622 0.05342705 0.0025 0.0194 0.053 0.0025 0.01945622 0.05257295 0.0025 0.01962106 0.052175 0.0025 0.01988327 0.05183327 0.0025 0.020225 0.05157106 0.0025 0.02062295 0.05140622 0.0025 0.02105 0.05135 0.0025 0.02147705 0.05140622 0.0025 0.021875 0.05157106 0.0025 0.02221673 0.05183327 0.0025 0.02247894 0.052175 0.0025 0.02264378 0.05257295 0.0025 0.0227 0.053 0.0025 0.02264378 0.06342705 0.0025 0.02247894 0.063825 0.0025 0.02221673 0.06416672 0.0025 0.021875 0.06442894 0.0025 0.02147705 0.06459378 0.0025 0.02105 0.06465 0.0025 0.02062295 0.06459378 0.0025 0.020225 0.06442894 0.0025 0.01988327 0.06416672 0.0025 0.01962106 0.063825 0.0025 0.01945622 0.06342705 0.0025 0.0194 0.063 0.0025 0.01945622 0.06257295 0.0025 0.01962106 0.062175 0.0025 0.01988327 0.06183327 0.0025 0.020225 0.06157106 0.0025 0.02062295 0.06140622 0.0025 0.02105 0.06135 0.0025 0.02147705 0.06140622 0.0025 0.021875 0.06157106 0.0025 0.02221673 0.06183327 0.0025 0.02247894 0.062175 0.0025 0.02264378 0.06257295 0.0025 0.0227 0.063 0.0025 0.02264378 0.07342705 0.0025 0.02247894 0.073825 0.0025 0.02221673 0.07416672 0.0025 0.021875 0.07442894 0.0025 0.02147705 0.07459377 0.0025 0.02105 0.07465 0.0025 0.02062295 0.07459377 0.0025 0.020225 0.07442894 0.0025 0.01988327 0.07416672 0.0025 0.01962106 0.073825 0.0025 0.01945622 0.07342705 0.0025 0.0194 0.073 0.0025 0.01945622 0.07257295 0.0025 0.01962106 0.072175 0.0025 0.01988327 0.07183328 0.0025 0.020225 0.07157106 0.0025 0.02062295 0.07140622 0.0025 0.02105 0.07135 0.0025 0.02147705 0.07140622 0.0025 0.021875 0.07157106 0.0025 0.02221673 0.07183328 0.0025 0.02247894 0.072175 0.0025 0.02264378 0.07257295 0.0025 0.0227 0.073 0.0025 -0.0188 0.06263836 0.02407106 -0.0188 0.0632423 0.024675 -0.0188 0.06308168 0.01625 -0.0188 0.06263836 0.02692894 -0.0188 0.06181336 0.02715 -0.0188 0.06014582 0.046175 -0.0188 0.05207993 0.03492025 -0.0188 0.06098836 0.02692894 -0.0188 0.06038442 0.026325 -0.0188 0.0632423 0.026325 -0.0188 0.06036688 0.047 -0.0188 0.06367721 0.07185103 -0.0188 0.05069007 0.0275612 -0.0188 0.06016336 0.0255 -0.0188 0.04949884 0.02074635 -0.0188 0.06038442 0.024675 -0.0188 0.04914864 0.01625523 -0.0188 0.06098836 0.02407106 -0.0188 0.06181336 0.02385 -0.0188 0.05145 0.086 -0.0188 0.04946071 0.08686467 -0.0188 0.05167106 0.086825 -0.0188 0.05049079 0.0884603 -0.0188 0.052275 0.08742894 -0.0188 0.05204163 0.08955666 -0.0188 0.0531 0.08765 -0.0188 0.05388945 0.08999556 -0.0188 0.053925 0.08742894 -0.0188 0.0557623 0.08954526 -0.0188 0.05452894 0.086825 -0.0188 0.05732595 0.08842039 -0.0188 0.05475 0.086 -0.0188 0.05834832 0.08678788 -0.0188 0.05452894 0.085175 -0.0188 0.053925 0.08457106 -0.0188 0.0531 0.08435 -0.0188 0.05289447 0.04986182 -0.0188 0.05231283 0.05732835 -0.0188 0.06014582 0.047825 -0.0188 0.05954187 0.04842894 -0.0188 0.05871687 0.04865 -0.0188 0.05789188 0.04842894 -0.0188 0.05728793 0.047825 -0.0188 0.05706688 0.047 -0.0188 0.05281664 0.04237308 -0.0188 0.05728793 0.046175 -0.0188 0.05789188 0.04557106 -0.0188 0.05871687 0.04535 -0.0188 0.05954187 0.04557106 -0.0188 0.05107623 0.0647147 -0.0188 0.04998012 0.0709157 -0.0188 0.052275 0.08457106 -0.0188 0.0493203 0.07717817 -0.0188 0.05167106 0.085175 -0.0188 0.0491 0.08347145 -0.0188 0.0491 0.085 -0.0188 0.06247894 0.007825 -0.0188 0.0627 0.007 -0.0188 0.06308168 0.004 -0.0188 0.06247894 0.006175 -0.0188 0.061875 0.00557106 -0.0188 0.0501 0.00426795 -0.0188 0.04936795 0.005 -0.0188 0.0511 0.004 -0.0188 0.0491 0.006 -0.0188 0.05962106 0.006175 -0.0188 0.060225 0.00557106 -0.0188 0.06105 0.00535 -0.0188 0.061875 0.00842894 -0.0188 0.06105 0.00865 -0.0188 0.060225 0.00842894 -0.0188 0.0491 0.01383969 -0.0188 0.05962106 0.007825 -0.0188 0.0594 0.007 -0.0188 0.07247894 0.007825 -0.0188 0.071875 0.00842894 -0.0188 0.07708796 0.01626372 -0.0188 0.07105 0.00865 -0.0188 0.06962106 0.006175 -0.0188 0.070225 0.00557106 -0.0188 0.07105 0.00535 -0.0188 0.076 0.004 -0.0188 0.07798158 0.01013497 -0.0188 0.078 0.00986418 -0.0188 0.0727 0.007 -0.0188 0.078 0.006 -0.0188 0.07784776 0.00523463 -0.0188 0.06831405 0.05668506 -0.0188 0.07224901 0.04132203 -0.0188 0.06346336 0.0255 -0.0188 0.07547379 0.02579439 -0.0188 0.070225 0.00842894 -0.0188 0.06962106 0.007825 -0.0188 0.0694 0.007 -0.0188 0.071875 0.00557106 -0.0188 0.07247894 0.006175 -0.0188 0.07676537 0.00415224 -0.0188 0.07741421 0.00458579 -0.0158 0.05834832 0.08678788 -0.0158 0.05732595 0.08842039 -0.0158 0.05452894 0.086825 -0.0158 0.0632423 0.024675 -0.0158 0.06263836 0.02407106 -0.0158 0.06308168 0.01625 -0.0158 0.06181336 0.02385 -0.0158 0.04914864 0.01625523 -0.0158 0.0632423 0.026325 -0.0158 0.06036688 0.047 -0.0158 0.06014582 0.046175 -0.0158 0.05289447 0.04986182 -0.0158 0.05281664 0.04237308 -0.0158 0.05728793 0.046175 -0.0158 0.05231283 0.05732835 -0.0158 0.0531 0.08435 -0.0158 0.053925 0.08742894 -0.0158 0.0557623 0.08954526 -0.0158 0.0531 0.08765 -0.0158 0.05388945 0.08999556 -0.0158 0.052275 0.08742894 -0.0158 0.05204163 0.08955666 -0.0158 0.05167106 0.086825 -0.0158 0.05049079 0.0884603 -0.0158 0.05145 0.086 -0.0158 0.06098836 0.02407106 -0.0158 0.06038442 0.024675 -0.0158 0.04949884 0.02074635 -0.0158 0.06016336 0.0255 -0.0158 0.05069007 0.0275612 -0.0158 0.05207993 0.03492025 -0.0158 0.06038442 0.026325 -0.0158 0.06098836 0.02692894 -0.0158 0.05871687 0.04865 -0.0158 0.06367721 0.07185103 -0.0158 0.05954187 0.04842894 -0.0158 0.06014582 0.047825 -0.0158 0.05107623 0.0647147 -0.0158 0.05789188 0.04557106 -0.0158 0.05871687 0.04535 -0.0158 0.05954187 0.04557106 -0.0158 0.06181336 0.02715 -0.0158 0.06263836 0.02692894 -0.0158 0.05475 0.086 -0.0158 0.05452894 0.085175 -0.0158 0.053925 0.08457106 -0.0158 0.05789188 0.04842894 -0.0158 0.05728793 0.047825 -0.0158 0.05706688 0.047 -0.0158 0.04946071 0.08686467 -0.0158 0.0491 0.085 -0.0158 0.05167106 0.085175 -0.0158 0.0491 0.08347145 -0.0158 0.052275 0.08457106 -0.0158 0.0493203 0.07717817 -0.0158 0.04998012 0.0709157 -0.0158 0.07547379 0.02579439 -0.0158 0.07224901 0.04132203 -0.0158 0.06831405 0.05668506 -0.0158 0.07708796 0.01626372 -0.0158 0.06346336 0.0255 -0.0158 0.07247894 0.006175 -0.0158 0.076 0.004 -0.0158 0.0727 0.007 -0.0158 0.07676537 0.00415224 -0.0158 0.07741421 0.00458579 -0.0158 0.071875 0.00557106 -0.0158 0.07105 0.00535 -0.0158 0.06308168 0.004 -0.0158 0.070225 0.00557106 -0.0158 0.06962106 0.006175 -0.0158 0.0694 0.007 -0.0158 0.06962106 0.007825 -0.0158 0.070225 0.00842894 -0.0158 0.07105 0.00865 -0.0158 0.071875 0.00842894 -0.0158 0.07798158 0.01013497 -0.0158 0.07247894 0.007825 -0.0158 0.078 0.00986418 -0.0158 0.078 0.006 -0.0158 0.07784776 0.00523463 -0.0158 0.0511 0.004 -0.0158 0.05962106 0.006175 -0.0158 0.0594 0.007 -0.0158 0.061875 0.00842894 -0.0158 0.06247894 0.007825 -0.0158 0.0627 0.007 -0.0158 0.06247894 0.006175 -0.0158 0.0491 0.006 -0.0158 0.04936795 0.005 -0.0158 0.0501 0.00426795 -0.0158 0.061875 0.00557106 -0.0158 0.06105 0.00535 -0.0158 0.060225 0.00557106 -0.0158 0.0491 0.01383969 -0.0158 0.05962106 0.007825 -0.0158 0.060225 0.00842894 -0.0158 0.06105 0.00865 0.016 0.06263836 0.02407106 0.016 0.0632423 0.024675 0.016 0.06308168 0.01625 0.016 0.06263836 0.02692894 0.016 0.06181336 0.02715 0.016 0.06014582 0.046175 0.016 0.05207993 0.03492025 0.016 0.06098836 0.02692894 0.016 0.06038442 0.026325 0.016 0.0632423 0.026325 0.016 0.06036688 0.047 0.016 0.06367721 0.07185103 0.016 0.05069007 0.0275612 0.016 0.06016336 0.0255 0.016 0.04949884 0.02074635 0.016 0.06038442 0.024675 0.016 0.04914864 0.01625523 0.016 0.06098836 0.02407106 0.016 0.06181336 0.02385 0.016 0.05145 0.086 0.016 0.04946071 0.08686467 0.016 0.05167106 0.086825 0.016 0.05049079 0.0884603 0.016 0.052275 0.08742894 0.016 0.05204163 0.08955666 0.016 0.0531 0.08765 0.016 0.05388945 0.08999556 0.016 0.053925 0.08742894 0.016 0.0557623 0.08954526 0.016 0.05452894 0.086825 0.016 0.05732595 0.08842039 0.016 0.05475 0.086 0.016 0.05834832 0.08678788 0.016 0.05452894 0.085175 0.016 0.053925 0.08457106 0.016 0.0531 0.08435 0.016 0.05289447 0.04986182 0.016 0.05231283 0.05732835 0.016 0.06014582 0.047825 0.016 0.05954187 0.04842894 0.016 0.05871687 0.04865 0.016 0.05789188 0.04842894 0.016 0.05728793 0.047825 0.016 0.05706688 0.047 0.016 0.05281664 0.04237308 0.016 0.05728793 0.046175 0.016 0.05789188 0.04557106 0.016 0.05871687 0.04535 0.016 0.05954187 0.04557106 0.016 0.05107623 0.0647147 0.016 0.04998012 0.0709157 0.016 0.052275 0.08457106 0.016 0.0493203 0.07717817 0.016 0.05167106 0.085175 0.016 0.0491 0.08347145 0.016 0.0491 0.085 0.016 0.06247894 0.007825 0.016 0.0627 0.007 0.016 0.06308168 0.004 0.016 0.06247894 0.006175 0.016 0.061875 0.00557106 0.016 0.0501 0.00426795 0.016 0.04936795 0.005 0.016 0.0511 0.004 0.016 0.0491 0.006 0.016 0.05962106 0.006175 0.016 0.060225 0.00557106 0.016 0.06105 0.00535 0.016 0.061875 0.00842894 0.016 0.06105 0.00865 0.016 0.060225 0.00842894 0.016 0.0491 0.01383969 0.016 0.05962106 0.007825 0.016 0.0594 0.007 0.016 0.07247894 0.007825 0.016 0.071875 0.00842894 0.016 0.07708796 0.01626372 0.016 0.07105 0.00865 0.016 0.06962106 0.006175 0.016 0.070225 0.00557106 0.016 0.07105 0.00535 0.016 0.076 0.004 0.016 0.07798158 0.01013497 0.016 0.078 0.00986418 0.016 0.0727 0.007 0.016 0.078 0.006 0.016 0.07784776 0.00523463 0.016 0.06831405 0.05668506 0.016 0.07224901 0.04132203 0.016 0.06346336 0.0255 0.016 0.07547379 0.02579439 0.016 0.070225 0.00842894 0.016 0.06962106 0.007825 0.016 0.0694 0.007 0.016 0.071875 0.00557106 0.016 0.07247894 0.006175 0.016 0.07676537 0.00415224 0.016 0.07741421 0.00458579 0.019 0.05834832 0.08678788 0.019 0.05732595 0.08842039 0.019 0.05452894 0.086825 0.019 0.0632423 0.024675 0.019 0.06263836 0.02407106 0.019 0.06308168 0.01625 0.019 0.06181336 0.02385 0.019 0.04914864 0.01625523 0.019 0.0632423 0.026325 0.019 0.06036688 0.047 0.019 0.06014582 0.046175 0.019 0.05289447 0.04986182 0.019 0.05281664 0.04237308 0.019 0.05728793 0.046175 0.019 0.05231283 0.05732835 0.019 0.0531 0.08435 0.019 0.053925 0.08742894 0.019 0.0557623 0.08954526 0.019 0.0531 0.08765 0.019 0.05388945 0.08999556 0.019 0.052275 0.08742894 0.019 0.05204163 0.08955666 0.019 0.05167106 0.086825 0.019 0.05049079 0.0884603 0.019 0.05145 0.086 0.019 0.06098836 0.02407106 0.019 0.06038442 0.024675 0.019 0.04949884 0.02074635 0.019 0.06016336 0.0255 0.019 0.05069007 0.0275612 0.019 0.05207993 0.03492025 0.019 0.06038442 0.026325 0.019 0.06098836 0.02692894 0.019 0.05871687 0.04865 0.019 0.06367721 0.07185103 0.019 0.05954187 0.04842894 0.019 0.06014582 0.047825 0.019 0.05107623 0.0647147 0.019 0.05789188 0.04557106 0.019 0.05871687 0.04535 0.019 0.05954187 0.04557106 0.019 0.06181336 0.02715 0.019 0.06263836 0.02692894 0.019 0.05475 0.086 0.019 0.05452894 0.085175 0.019 0.053925 0.08457106 0.019 0.05789188 0.04842894 0.019 0.05728793 0.047825 0.019 0.05706688 0.047 0.019 0.04946071 0.08686467 0.019 0.0491 0.085 0.019 0.05167106 0.085175 0.019 0.0491 0.08347145 0.019 0.052275 0.08457106 0.019 0.0493203 0.07717817 0.019 0.04998012 0.0709157 0.019 0.07547379 0.02579439 0.019 0.07224901 0.04132203 0.019 0.06831405 0.05668506 0.019 0.07708796 0.01626372 0.019 0.06346336 0.0255 0.019 0.07247894 0.006175 0.019 0.076 0.004 0.019 0.0727 0.007 0.019 0.07676537 0.00415224 0.019 0.07741421 0.00458579 0.019 0.071875 0.00557106 0.019 0.07105 0.00535 0.019 0.06308168 0.004 0.019 0.070225 0.00557106 0.019 0.06962106 0.006175 0.019 0.0694 0.007 0.019 0.06962106 0.007825 0.019 0.070225 0.00842894 0.019 0.07105 0.00865 0.019 0.071875 0.00842894 0.019 0.07798158 0.01013497 0.019 0.07247894 0.007825 0.019 0.078 0.00986418 0.019 0.078 0.006 0.019 0.07784776 0.00523463 0.019 0.0511 0.004 0.019 0.05962106 0.006175 0.019 0.0594 0.007 0.019 0.061875 0.00842894 0.019 0.06247894 0.007825 0.019 0.0627 0.007 0.019 0.06247894 0.006175 0.019 0.0491 0.006 0.019 0.04936795 0.005 0.019 0.0501 0.00426795 0.019 0.061875 0.00557106 0.019 0.06105 0.00535 0.019 0.060225 0.00557106 0.019 0.0491 0.01383969 0.019 0.05962106 0.007825 0.019 0.060225 0.00842894 0.019 0.06105 0.00865 -0.016 0.0459589 0.08142408 0.016 0.0459589 0.08142408 -0.016 0.04683831 0.0817531 0.016 0.04683831 0.0817531 -0.016 0.04747083 0.0824469 0.016 0.04747083 0.0824469 -0.016 0.04771712 0.08335289 0.016 0.04771712 0.08335289 -0.016 0.04752281 0.08427127 0.016 0.04752281 0.08427127 -0.016 0.04693082 0.08499988 0.016 0.04693082 0.08499988 -0.016 0.04909995 0.08499988 0.016 0.04909995 0.08499988 -0.016 0.04909995 0.08347162 0.016 0.04909995 0.08347162 -0.016 0.04932025 0.07717832 0.016 0.04932025 0.07717832 -0.016 0.04998007 0.07091554 0.016 0.04998007 0.07091554 -0.016 0.0510762 0.06471475 0.016 0.0510762 0.06471475 0.016 0.05231288 0.05732854 -0.016 0.05231288 0.05732854 0.016 0.0528945 0.04986175 -0.016 0.0528945 0.04986175 0.016 0.05281666 0.04237302 -0.016 0.05281666 0.04237302 0.016 0.05207994 0.03492006 -0.016 0.05207994 0.03492006 0.016 0.05069008 0.02756103 -0.016 0.05069008 0.02756103 -0.016 0.04982271 0.02312454 0.016 0.04982271 0.02312454 -0.016 0.04929199 0.01863511 0.016 0.04929199 0.01863511 -0.016 0.04796734 0.01878675 0.016 0.04796734 0.01878675 -0.016 0.0483599 0.01974281 0.016 0.0483599 0.01974281 -0.016 0.04822293 0.02076705 0.016 0.04822293 0.02076705 -0.016 0.04759302 0.02158626 0.016 0.04759302 0.02158626 -0.016 0.04663828 0.02198156 0.016 0.04663828 0.02198156 0.016 0.04578879 0.02230152 -0.016 0.04578879 0.02230152 0.016 0.04516831 0.02296432 -0.016 0.04516831 0.02296432 0.016 0.04490462 0.02383312 -0.016 0.04490462 0.02383312 0.016 0.04505208 0.02472862 -0.016 0.04505208 0.02472862 0.016 0.04558029 0.02546676 -0.016 0.04558029 0.02546676 0.016 0.04638055 0.02589544 -0.016 0.04638055 0.02589544 0.016 0.04728773 0.02592643 -0.016 0.04728773 0.02592643 -0.016 0.0483146 0.02599367 0.016 0.0483146 0.02599367 -0.016 0.04917219 0.02656206 0.016 0.04917219 0.02656206 -0.016 0.04963353 0.02748187 0.016 0.04963353 0.02748187 -0.016 0.04957643 0.02850946 0.016 0.04957643 0.02850946 -0.016 0.04901614 0.02937253 0.016 0.04901614 0.02937253 -0.016 0.04810086 0.0298427 0.016 0.04810086 0.0298427 0.016 0.04719331 0.03030618 -0.016 0.04719331 0.03030618 0.016 0.04663184 0.03115638 -0.016 0.04663184 0.03115638 0.016 0.04656198 0.03217252 -0.016 0.04656198 0.03217252 0.016 0.04700198 0.03309186 -0.016 0.04700198 0.03309186 0.016 0.04783764 0.03367456 -0.016 0.04783764 0.03367456 0.016 0.04885199 0.0337704 -0.016 0.04885199 0.0337704 -0.016 0.04975381 0.03382858 0.016 0.04975381 0.03382858 -0.016 0.05053809 0.03427776 0.016 0.05053809 0.03427776 -0.016 0.05104449 0.03502639 0.016 0.05104449 0.03502639 -0.016 0.05116966 0.03592141 0.016 0.05116966 0.03592141 -0.016 0.05088809 0.0367802 0.016 0.05088809 0.0367802 -0.016 0.05025723 0.03742727 0.016 0.05025723 0.03742727 -0.016 0.04940596 0.03773053 0.016 0.04940596 0.03773053 0.016 0.04845622 0.03810104 -0.016 0.04845622 0.03810104 0.016 0.04781249 0.03889211 -0.016 0.04781249 0.03889211 0.016 0.04764226 0.03989728 -0.016 0.04764226 0.03989728 0.016 0.04798975 0.04085572 -0.016 0.04798975 0.04085572 0.016 0.04876449 0.04151853 -0.016 0.04876449 0.04151853 0.016 0.04976526 0.04171308 -0.016 0.04976526 0.04171308 -0.016 0.05065694 0.04185947 0.016 0.05065694 0.04185947 -0.016 0.05139342 0.04238303 0.016 0.05139342 0.04238303 -0.016 0.05182424 0.04317744 0.016 0.05182424 0.04317744 -0.016 0.05186143 0.0440801 0.016 0.05186143 0.0440801 -0.016 0.05149737 0.04490741 0.016 0.05149737 0.04490741 -0.016 0.05080631 0.04548963 0.016 0.05080631 0.04548963 -0.016 0.04992953 0.0457085 0.016 0.04992953 0.0457085 0.016 0.04894819 0.04598506 -0.016 0.04894819 0.04598506 0.016 0.04823044 0.0467089 -0.016 0.04823044 0.0467089 0.016 0.04796305 0.04769309 -0.016 0.04796305 0.04769309 0.016 0.0482153 0.04868062 -0.016 0.0482153 0.04868062 0.016 0.04892161 0.04941591 -0.016 0.04892161 0.04941591 0.016 0.04989865 0.04970725 -0.016 0.04989865 0.04970725 -0.016 0.05077198 0.04993947 0.016 0.05077198 0.04993947 -0.016 0.05145385 0.05053266 0.016 0.05145385 0.05053266 -0.016 0.05180505 0.05136522 0.016 0.05180505 0.05136522 -0.016 0.05175402 0.05226739 0.016 0.05175402 0.05226739 -0.016 0.05131104 0.05305513 0.016 0.05131104 0.05305513 -0.016 0.05056658 0.05356725 0.016 0.05056658 0.05356725 -0.016 0.04967263 0.05369981 0.016 0.04967263 0.05369981 0.016 0.04866889 0.0538791 -0.016 0.04866889 0.0538791 0.016 0.04788401 0.05452951 -0.016 0.04788401 0.05452951 0.016 0.04752186 0.0554827 -0.016 0.04752186 0.0554827 0.016 0.04767659 0.05649026 -0.016 0.04767659 0.05649026 0.016 0.04830792 0.05729087 -0.016 0.04830792 0.05729087 0.016 0.04925194 0.05767616 -0.016 0.04925194 0.05767616 -0.016 0.05009845 0.05799277 0.016 0.05009845 0.05799277 -0.016 0.05071917 0.05864938 0.016 0.05071917 0.05864938 -0.016 0.05098763 0.05951246 0.016 0.05098763 0.05951246 -0.016 0.05084875 0.06040509 0.016 0.05084875 0.06040509 -0.016 0.05033102 0.0611461 0.016 0.05033102 0.0611461 -0.016 0.04954019 0.06158336 0.016 0.04954019 0.06158336 -0.016 0.04863765 0.0616277 0.016 0.04863765 0.0616277 0.016 0.04761317 0.06171115 -0.016 0.04761317 0.06171115 0.016 0.04676535 0.06229242 -0.016 0.04676535 0.06229242 0.016 0.04631832 0.06321796 -0.016 0.04631832 0.06321796 0.016 0.04638984 0.06424316 -0.016 0.04638984 0.06424316 0.016 0.04696121 0.06509765 -0.016 0.04696121 0.06509765 0.016 0.04788151 0.06555542 -0.016 0.04788151 0.06555542 -0.016 0.04879453 0.0660065 0.016 0.04879453 0.0660065 -0.016 0.04936674 0.06684908 0.016 0.04936674 0.06684908 -0.016 0.04945007 0.06786426 0.016 0.04945007 0.06786426 -0.016 0.0490227 0.06878837 0.016 0.0490227 0.06878837 -0.016 0.04819551 0.06938251 0.016 0.04819551 0.06938251 -0.016 0.04718294 0.06949266 0.016 0.04718294 0.06949266 0.016 0.04628387 0.06956276 -0.016 0.04628387 0.06956276 0.016 0.04550698 0.07002052 -0.016 0.04550698 0.07002052 0.016 0.04501035 0.07077345 -0.016 0.04501035 0.07077345 0.016 0.04489496 0.07166799 -0.016 0.04489496 0.07166799 0.016 0.04518404 0.07252201 -0.016 0.04518404 0.07252201 0.016 0.04581907 0.0731624 -0.016 0.04581907 0.0731624 0.016 0.04667082 0.07345852 -0.016 0.04667082 0.07345852 -0.016 0.04762473 0.07382377 0.016 0.04762473 0.07382377 -0.016 0.04827395 0.07461198 0.016 0.04827395 0.07461198 -0.016 0.04844918 0.07561859 0.016 0.04844918 0.07561859 -0.016 0.04810479 0.07657989 0.016 0.04810479 0.07657989 -0.016 0.04733052 0.07724603 0.016 0.04733052 0.07724603 -0.016 0.04632821 0.07744297 0.016 0.04632821 0.07744297 0.016 0.04533007 0.07763799 -0.016 0.04533007 0.07763799 0.016 0.04455676 0.07829841 -0.016 0.04455676 0.07829841 0.016 0.04420843 0.07925399 -0.016 0.04420843 0.07925399 0.016 0.04437509 0.08025726 -0.016 0.04437509 0.08025726 0.016 0.04501357 0.08104929 -0.016 0.04501357 0.08104929 -0.0158 0.05546824 0.042424 -0.0158 0.05533427 0.041924 -0.0158 0.05540669 0.044137 -0.0158 0.06016336 0.0255 -0.0158 0.06038442 0.024675 -0.0158 0.05583427 0.02978316 -0.0158 0.05540669 0.01383969 -0.0158 0.05546824 0.03014919 -0.0158 0.05533427 0.03064919 -0.0158 0.06038442 0.026325 -0.0158 0.05633427 0.02964919 -0.0158 0.06098836 0.02692894 -0.0158 0.07025605 0.02964919 -0.0158 0.06181336 0.02715 -0.0158 0.07654512 0.01965462 -0.0158 0.07652832 0.01792887 -0.0158 0.0632423 0.024675 -0.0158 0.07592579 0.01631164 -0.0158 0.06098836 0.02407106 -0.0158 0.06181336 0.02385 -0.0158 0.07161198 0.01383969 -0.0158 0.06263836 0.02407106 -0.0158 0.07331191 0.01413754 -0.0158 0.07480932 0.0149956 -0.0158 0.06830676 0.04255414 -0.0158 0.06796031 0.04282681 -0.0158 0.07158165 0.04414725 -0.0158 0.07069282 0.02974961 -0.0158 0.06753027 0.042924 -0.0158 0.05633427 0.042924 -0.0158 0.05583427 0.04279003 -0.0158 0.06346336 0.0255 -0.0158 0.0632423 0.026325 -0.0158 0.06263836 0.02692894 -0.0158 0.07104187 0.03003072 -0.0158 0.07123308 0.03043604 -0.0158 0.07399692 0.0333535 -0.0158 0.07122806 0.03088417 -0.0158 0.06850228 0.04215899 -0.0158 0.05269634 0.01411332 -0.0158 0.0512435 0.01490428 -0.0158 0.05432774 0.01383969 -0.0158 0.05012824 0.01612598 -0.0158 0.04987484 0.02345115 -0.0158 0.04934845 0.01929423 -0.0158 0.04947264 0.01764471 -0.0158 0.05587645 0.05551049 -0.0158 0.05706688 0.047 -0.0158 0.05728793 0.046175 -0.0158 0.05789188 0.04557106 -0.0158 0.05871687 0.04535 -0.0158 0.0554202 0.08968699 -0.0158 0.05587645 0.07651193 -0.0158 0.05558557 0.07622106 -0.0158 0.0554791 0.07582372 -0.0158 0.0554791 0.0561987 -0.0158 0.05558557 0.05580137 -0.0158 0.05627378 0.0766184 -0.0158 0.05954187 0.04557106 -0.0158 0.06014582 0.046175 -0.0158 0.07089764 0.04693831 -0.0158 0.06036688 0.047 -0.0158 0.06725234 0.06038689 -0.0158 0.06014582 0.047825 -0.0158 0.06353378 0.0557261 -0.0158 0.05954187 0.04842894 -0.0158 0.06325264 0.0554891 -0.0158 0.06289492 0.05540403 -0.0158 0.05871687 0.04865 -0.0158 0.05627378 0.05540403 -0.0158 0.05789188 0.04842894 -0.0158 0.05728793 0.047825 -0.0158 0.05748607 0.07634865 -0.0158 0.05834832 0.08678788 -0.0158 0.05764934 0.07605625 -0.0158 0.06306696 0.07367731 -0.0158 0.06365481 0.05643124 -0.0158 0.06367815 0.05606428 -0.0158 0.05721683 0.07654782 -0.0158 0.05688945 0.0766184 -0.0158 0.05732595 0.08842039 -0.0158 0.0557623 0.08954526 -0.0158 0.053925 0.08457106 -0.0158 0.05452894 0.085175 -0.0158 0.05475 0.086 -0.0158 0.0531 0.08435 -0.0158 0.05289447 0.04986182 -0.0158 0.05231283 0.05732835 -0.0158 0.05281664 0.04237308 -0.0158 0.05207993 0.03492025 -0.0158 0.05069007 0.0275612 -0.0158 0.05145 0.086 -0.0158 0.04946071 0.08686467 -0.0158 0.05167106 0.086825 -0.0158 0.05049079 0.0884603 -0.0158 0.052275 0.08742894 -0.0158 0.05204163 0.08955666 -0.0158 0.0531 0.08765 -0.0158 0.05388945 0.08999556 -0.0158 0.053925 0.08742894 -0.0158 0.05452894 0.086825 -0.0158 0.05107623 0.0647147 -0.0158 0.04998012 0.0709157 -0.0158 0.052275 0.08457106 -0.0158 0.0493203 0.07717817 -0.0158 0.05167106 0.085175 -0.0158 0.0491 0.08347145 -0.0158 0.0491 0.085 0.016 0.0554202 0.08968699 0.016 0.05533427 0.03064919 0.016 0.04934845 0.01929423 0.016 0.05432774 0.01383969 0.016 0.04987484 0.02345115 0.016 0.05540669 0.01383969 0.016 0.0512435 0.01490428 0.016 0.05269634 0.01411332 0.016 0.05012824 0.01612598 0.016 0.04947264 0.01764471 0.016 0.07480932 0.0149956 0.016 0.07592579 0.01631164 0.016 0.07652832 0.01792887 0.016 0.07654512 0.01965462 0.016 0.05583427 0.02978316 0.016 0.05546824 0.03014919 0.016 0.07069282 0.02974961 0.016 0.05533427 0.041924 0.016 0.05546824 0.042424 0.016 0.05540669 0.044137 0.016 0.05583427 0.04279003 0.016 0.07161198 0.01383969 0.016 0.07331191 0.01413754 0.016 0.05633427 0.02964919 0.016 0.07025605 0.02964919 0.016 0.07104187 0.03003072 0.016 0.05633427 0.042924 0.016 0.06753027 0.042924 0.016 0.07158165 0.04414725 0.016 0.06796031 0.04282681 0.016 0.06830676 0.04255414 0.016 0.06850228 0.04215899 0.016 0.07399692 0.0333535 0.016 0.07122806 0.03088417 0.016 0.07123308 0.03043604 0.016 0.07089764 0.04693831 0.016 0.06353378 0.0557261 0.016 0.05587645 0.07651193 0.016 0.05627378 0.0766184 0.016 0.05587645 0.05551049 0.016 0.05558557 0.05580137 0.016 0.05688945 0.0766184 0.016 0.05721683 0.07654782 0.016 0.05748607 0.07634865 0.016 0.06306696 0.07367731 0.016 0.05764934 0.07605625 0.016 0.06725234 0.06038689 0.016 0.06365481 0.05643124 0.016 0.06367815 0.05606428 0.016 0.05627378 0.05540403 0.016 0.06289492 0.05540403 0.016 0.06325264 0.0554891 0.016 0.0554791 0.0561987 0.016 0.0554791 0.07582372 0.016 0.05558557 0.07622106</float_array>
          <technique_common>
            <accessor source="#pos_0-array" count="7689" stride="3">
              <param name="X" type="float"/>
              <param name="Y" type="float"/>
              <param name="Z" type="float"/>
            </accessor>
          </technique_common>
        </source>
        <source id="norm_0">
          <float_array id="norm_0-array" count="3624">-0 0 -1 -0.34202 0.93969 0 -0.97934 0.20222 0 -0.81915 0.57358 0 -0.52498 0.85112 0 -0.34202 0.93969 0 -0.97934 0.20222 0 -0.81916 0.57357 0 -0.52497 0.85112 0 -0.34202 -0.93969 0 -1 -0 0 -0.97934 0.20221 0 -0.81915 0.57358 0 -0.34202 -0.93969 0 -0.97934 0.20222 0 -0.81915 0.57357 0 -0.34202 0.93969 0 -0.52498 0.85111 0 -0.34202 -0.93969 0 -0.34202 0.93969 0 -0.97934 0.20222 0 -0.81915 0.57358 0 -0.52498 0.85112 0 -0.34202 0.93969 0 -0.81915 0.57358 0 -0.52498 0.85112 0 -0.34202 0.93969 0 -0.97934 0.20222 0 -0.81915 0.57358 0 -0.52498 0.85112 0 -0.52499 0.85111 0 -0.34202 0.93969 0 -0.52497 -0.85112 0 -0.81915 -0.57358 0 -0.97934 -0.20221 0 -0.34202 -0.93969 0 -0.52499 -0.85111 0 -0.97934 -0.20222 0 -0.34202 0.93969 0 -0 1 0 0 -0 1 -0.34202 -0.93969 0 1 0 -0 -0.52498 -0.85112 0 -0.81915 -0.57358 0 -0.97934 -0.20222 0 -0.52498 -0.85112 0 -0.81915 -0.57358 0 -0.97934 -0.20222 0 -0.97934 -0.20222 0 -0.52498 -0.85111 0 -0.81915 -0.57357 0 -0.52498 -0.85112 0 -0.81915 -0.57358 0 -0.97934 -0.20222 0 0.96593 -0.25882 -0 0.70711 -0.70711 -0 0.25882 -0.96593 -0 -0.25882 -0.96593 0 -0.70711 -0.70711 0 -0.96593 -0.25882 0 -0.96593 0.25882 0 -0.70711 0.70711 0 -0.25882 0.96593 0 0.25882 0.96593 -0 0.70711 0.70711 -0 0.96593 0.25882 -0 0.96593 -0.25882 -0 0.70711 -0.70711 -0 -0.70711 -0.70711 0 -0.96593 -0.25882 0 -0.25882 0.96593 0 0.25882 0.96593 -0 -0.96593 0.25882 0 -0.70711 0.70711 0 -0.25882 0.96593 0 0.25882 0.96593 -0 0.70711 0.70711 -0 0.96593 0.25882 -0 0.96593 -0.25882 -0 0.70711 -0.70711 -0 0.25882 -0.96593 -0 -0.25882 -0.96593 0 -0.70711 -0.70711 0 -0.96593 -0.25882 0 -0.96593 0.25882 0 -0.25882 0.96593 0 0.25882 0.96593 -0 0.96593 0.25882 -0 0 -1 -0 -1 0 0 1 -0 -0 -0 -1 0 0.19509 -0 0.98079 0.55557 -0 0.83147 0.83147 -0 0.55557 0.98079 -0 0.19509 0.98079 -0 -0.19509 0.83147 -0 -0.55557 0.55557 -0 -0.83147 0.19509 -0 -0.98079 0.70711 -0 -0.70711 -0 -0 -1 -0.70711 0 -0.70711 -0.19509 0 -0.98079 -0.55557 0 -0.83147 -0.83147 0 -0.55557 -0.98079 0 -0.19509 -0.98079 0 0.19509 -0.83147 0 0.55557 -0.55557 0 0.83147 -0.19509 0 0.98079 0.70711 -0 -0.70711 0.70711 -0 0.70711 0 0 1 -0.70711 0 0.70711 -0.70711 0 -0.70711 0.96593 -0 0.25882 0.96593 -0 -0.25882 0.70711 -0 -0.70711 0.25882 -0 -0.96593 -0.25882 0 -0.96593 -0.70711 0 -0.70711 -0.96593 0 -0.25882 -0.96593 0 0.25882 -0.70711 0 0.70711 -0.25882 0 0.96593 0.25882 -0 0.96593 0.70711 -0 0.70711 0 1 -0 -0.22252 0 -0.97493 -0.62349 0 -0.78183 -0.90097 0 -0.43388 -0.90097 0 0.43388 -0.62349 0 0.78183 -0.22252 0 0.97493 0.22252 -0 0.97493 0.62349 -0 0.78183 0.90097 -0 0.43388 0.90097 -0 -0.43388 0.62349 -0 -0.78183 0.22252 -0 -0.97493 0.51152 0.11675 0.85131 0 0.52467 0.85131 0.22765 0.47271 0.85131 0.4102 0.32713 0.85131 -0.51152 0.11675 0.85131 -0.4102 0.32713 0.85131 -0.22765 0.47271 0.85131 -0.22765 -0.47271 0.85131 -0.4102 -0.32713 0.85131 -0.51152 -0.11675 0.85131 0.4102 -0.32713 0.85131 0.22765 -0.47271 0.85131 -0 -0.52467 0.85131 0.51152 -0.11675 0.85131 0 0.52467 0.85131 0.22765 0.47271 0.85131 -0.22765 0.47271 0.85131 -0.22765 -0.47271 0.85131 0.22765 -0.47271 0.85131 -0 -0.52467 0.85131 0.51152 0.11675 0.85131 0.4102 0.32713 0.85131 -0.51152 0.11675 0.85131 -0.4102 0.32713 0.85131 -0.4102 -0.32713 0.85131 -0.51152 -0.11675 0.85131 0.4102 -0.32713 0.85131 0.51152 -0.11675 0.85131 0.70711 -0 0.70711 0.97493 0.22252 -0 0.78183 0.62349 -0 0.43388 0.90097 -0 -0.43388 0.90097 -0 -0.78183 0.62349 0 -0.97493 0.22252 0 -0.97493 -0.22252 0 -0.78183 -0.62349 0 -0.43388 -0.90097 0 0.43388 -0.90097 0 0.78183 -0.62349 -0 0.97493 -0.22252 -0 0.43388 0.90097 -0 -0.43388 0.90097 -0 -0.43388 -0.90097 0 0.43388 -0.90097 0 0.97493 0.22252 -0 0.78183 0.62349 -0 -0.78183 0.62349 0 -0.97493 0.22252 0 -0.97493 -0.22252 0 -0.78183 -0.62349 0 0.78183 -0.62349 -0 0.97493 -0.22252 -0 -0.70711 0 0.70711 -0.25882 0 0.96593 -0.70711 0 0.70711 -0.96593 0 0.25882 -0.96593 0 -0.25882 -0.70711 0 -0.70711 -0.25882 0 -0.96593 -0.70711 0 -0.70711 0.70711 -0 -0.70711 0.25882 -0 0.96593 0.70711 -0 0.70711 0.96593 -0 0.25882 0.96593 -0 -0.25882 0.70711 -0 -0.70711 0.25882 -0 -0.96593 -0.25882 0 -0.96593 -0.70711 0 -0.70711 -0.96593 0 -0.25882 -0.96593 0 0.25882 -0.70711 0 0.70711 -0.25882 0 0.96593 1 0 -0 0 0 1 -1 -0 0 -0 -0 -1 0 -1 0 -0 1 -0 0.98297 0.18375 -0 0.85022 0.52643 -0 0.60264 0.79802 -0 0.27366 0.96183 -0 -0.09227 0.99573 -0 -0.44574 0.89516 0 -0.73901 0.6737 0 -0.93247 0.36124 0 -0.93247 -0.36124 0 -0.73901 -0.6737 0 -0.44574 -0.89516 0 -0.09227 -0.99573 0 0.27366 -0.96183 0 0.60264 -0.79802 -0 0.85022 -0.52643 -0 0.98297 -0.18375 -0 0.98297 0.18375 -0 0.60263 0.79802 -0 0.27366 0.96183 -0 -0.09227 0.99573 -0 -0.93247 0.36124 0 -0.93247 -0.36124 0 -0.09227 -0.99573 0 0.27366 -0.96183 0 0.60263 -0.79802 -0 0.98297 -0.18375 -0 -0 0.18375 0.98297 -0 0.52643 0.85022 -0 0.79802 0.60264 -0 0.96183 0.27366 -0 0.99573 -0.09227 -0 0.89516 -0.44574 -0 0.6737 -0.73901 -0 0.36124 -0.93247 0 -0.36124 -0.93247 0 -0.6737 -0.73901 0 -0.89516 -0.44574 0 -0.99573 -0.09227 0 -0.96183 0.27366 0 -0.79802 0.60264 0 -0.52643 0.85022 0 -0.18375 0.98297 -0 0.18375 0.98297 -0 0.52643 0.85022 -0 0.79802 0.60263 -0 0.96183 0.27366 -0 0.99573 -0.09227 -0 0.6737 -0.73901 0 -0.6737 -0.73901 0 -0.89516 -0.44574 0 -0.99573 -0.09227 0 -0.96183 0.27366 0 -0.79802 0.60263 0 -0.52643 0.85022 0 -0.18375 0.98297 1 0 -0 1 0 -0 0 -0 1 0 -0 1 -1 -0 0 -1 -0 0 -0 0 -1 -0 0 -1 0 -1 -0 -0 1 0 0.98297 0.18375 -0 0.85022 0.52643 -0 0.60264 0.79802 -0 0.27366 0.96183 0 -0.09227 0.99573 0 -0.44574 0.89516 0 -0.73901 0.6737 0 -0.93247 0.36124 0 -0.93247 -0.36124 0 -0.73901 -0.6737 0 -0.44574 -0.89516 -0 -0.09227 -0.99573 -0 0.27366 -0.96183 -0 0.60264 -0.79802 -0 0.85022 -0.52643 -0 0.98297 -0.18375 -0 0.98297 0.18375 -0 0.60263 0.79802 -0 0.27366 0.96183 0 -0.09227 0.99573 0 -0.93247 0.36124 0 -0.93247 -0.36124 0 -0.09227 -0.99573 -0 0.27366 -0.96183 -0 0.60263 -0.79802 -0 0.98297 -0.18375 -0 -0 0.18375 0.98297 -0 0.52643 0.85022 -0 0.79802 0.60264 -0 0.96183 0.27366 -0 0.99573 -0.09227 -0 0.89516 -0.44574 -0 0.6737 -0.73901 -0 0.36124 -0.93247 0 -0.36124 -0.93247 0 -0.6737 -0.73901 0 -0.89516 -0.44574 0 -0.99573 -0.09227 0 -0.96183 0.27366 0 -0.79802 0.60264 0 -0.52643 0.85022 0 -0.18375 0.98297 -0 0.18375 0.98297 -0 0.52643 0.85022 -0 0.79802 0.60263 -0 0.96183 0.27366 -0 0.99573 -0.09227 -0 0.6737 -0.73901 0 -0.6737 -0.73901 0 -0.89516 -0.44574 0 -0.99573 -0.09227 0 -0.96183 0.27366 0 -0.79802 0.60263 0 -0.52643 0.85022 0 -0.18375 0.98297 -0 0 -1 -0 1 0 0 -1 -0 0 -0 1 -0.96568 -0.25875 0.02248 -0.92388 -0.38268 0 -0.79335 -0.60876 0 -0.70693 -0.70693 0.02248 -0.60876 -0.79335 -0 -0.38268 -0.92388 -0 -0.25875 -0.96568 0.02248 -0.13053 -0.99144 -0 0.13053 -0.99144 -0 0.25875 -0.96568 0.02248 0.38268 -0.92388 -0 0.60876 -0.79335 -0 0.70693 -0.70693 0.02248 0.79335 -0.60876 -0 0.92388 -0.38268 -0 0.96568 -0.25875 0.02248 0.99144 -0.13053 -0 0.99144 0.13053 -0 0.96568 0.25875 0.02248 0.92388 0.38268 -0 0.79335 0.60876 -0 0.70693 0.70693 0.02248 0.60876 0.79335 0 0.38268 0.92388 0 0.25875 0.96568 0.02248 0.13053 0.99144 0 -0.13053 0.99144 0 -0.25875 0.96568 0.02248 -0.38268 0.92388 0 -0.60876 0.79335 0 -0.70693 0.70693 0.02248 -0.79335 0.60876 0 -0.92388 0.38268 0 -0.96568 0.25875 0.02248 -0.99144 0.13053 0 -0.99144 -0.13053 0 -0.96568 -0.25875 0.02248 -0.79335 -0.60876 0 -0.70693 -0.70693 0.02248 -0.60876 -0.79335 -0 -0.25875 -0.96568 0.02248 -0.13053 -0.99144 -0 0.13053 -0.99144 -0 0.25875 -0.96568 0.02248 0.60876 -0.79335 -0 0.70693 -0.70693 0.02248 0.79335 -0.60876 -0 0.96568 -0.25875 0.02248 0.99144 -0.13053 -0 0.99144 0.13053 -0 0.96568 0.25875 0.02248 0.79335 0.60876 -0 0.70693 0.70693 0.02248 0.60876 0.79335 0 0.25875 0.96568 0.02248 0.13053 0.99144 0 -0.13053 0.99144 0 -0.25875 0.96568 0.02248 -0.60876 0.79335 0 -0.70693 0.70693 0.02248 -0.79335 0.60876 0 -0.96568 0.25875 0.02248 -0.99144 0.13053 0 -0.99144 -0.13053 0 -0.70693 -0.70693 0.02248 -0.25875 -0.96568 0.02248 -0.13053 -0.99144 -0 0.13053 -0.99144 -0 0.25875 -0.96568 0.02248 0.70693 -0.70693 0.02248 0.70693 0.70693 0.02248 0.25875 0.96568 0.02248 0.13053 0.99144 0 -0.13053 0.99144 0 -0.25875 0.96568 0.02248 -0.70693 0.70693 0.02248 -0.70693 -0.70693 0.02248 -0.25875 -0.96568 0.02248 -0.13053 -0.99144 -0 0.13053 -0.99144 -0 0.25875 -0.96568 0.02248 0.70693 -0.70693 0.02248 0.70693 0.70693 0.02248 0.25875 0.96568 0.02248 0.13053 0.99144 0 -0.13053 0.99144 0 -0.25875 0.96568 0.02248 -0.70693 0.70693 0.02248 -1 -0 0 1 0 -0 -0.96593 -0.25882 0 -0.70711 -0.70711 -0 -0.25882 -0.96593 -0 0.25882 -0.96593 -0 0.70711 -0.70711 -0 0.96593 -0.25882 -0 0.96593 0.25882 -0 0.70711 0.70711 0 0.25882 0.96593 0 -0.25882 0.96593 0 -0.70711 0.70711 0 -0.96593 0.25882 0 -0.70711 -0.70711 -0 -0.25882 -0.96593 -0 0.25882 -0.96593 -0 0.70711 -0.70711 -0 0.96593 0.25882 -0 0.70711 0.70711 0 0.25882 0.96593 0 -0.25882 0.96593 0 -0.70711 0.70711 0 -0.96593 0.25882 0 -0.96593 -0.25882 0 -0.70711 -0.70711 -0 0.70711 -0.70711 -0 0.96593 -0.25882 -0 0.96593 0.25882 -0 0.70711 0.70711 0 -0.70711 0.70711 0 -0.96593 0.25882 0 -0.70711 -0.70711 -0 0.70711 -0.70711 -0 0.96593 0.25882 -0 0.70711 0.70711 0 -0.70711 0.70711 0 -0.96593 0.25882 0 -0.96568 -0.25875 0.02248 -0.92388 -0.38269 0 -0.79335 -0.60876 0 -0.70693 -0.70693 0.02248 -0.60876 -0.79335 -0 -0.25875 -0.96568 0.02248 -0.13053 -0.99144 -0 0.13053 -0.99144 -0 0.25875 -0.96568 0.02248 0.60876 -0.79335 -0 0.70693 -0.70693 0.02248 0.79335 -0.60876 -0 0.92388 -0.38268 -0 0.96568 -0.25875 0.02248 0.99144 -0.13053 -0 0.99144 0.13053 -0 0.96568 0.25875 0.02248 0.92388 0.38268 -0 0.70693 0.70693 0.02248 0.60876 0.79335 0 0.25875 0.96568 0.02248 0.13053 0.99145 0 -0.13053 0.99144 0 -0.25875 0.96568 0.02248 -0.60876 0.79335 0 -0.70693 0.70693 0.02248 -0.92388 0.38269 0 -0.96568 0.25875 0.02248 -0.99144 0.13053 0 -0.99144 -0.13053 0 -0.96568 -0.25875 0.02248 -0.92388 -0.38269 0 -0.79335 -0.60876 0 -0.70693 -0.70693 0.02248 -0.38268 -0.92388 -0 -0.25875 -0.96568 0.02248 -0.13053 -0.99144 -0 0.13053 -0.99144 -0 0.25875 -0.96568 0.02248 0.38268 -0.92388 -0 0.70693 -0.70693 0.02248 0.79335 -0.60876 -0 0.92388 -0.38268 -0 0.96568 -0.25875 0.02248 0.99144 -0.13053 -0 0.79335 0.60876 -0 0.70693 0.70693 0.02248 0.25875 0.96568 0.02248 0.13053 0.99144 0 -0.13053 0.99144 0 -0.25875 0.96568 0.02248 -0.70693 0.70693 0.02248 -0.79335 0.60876 0 -0.99144 -0.13053 0 -0.70693 -0.70693 0.02248 -0.25875 -0.96568 0.02248 -0.13053 -0.99144 -0 0.13053 -0.99145 -0 0.25875 -0.96568 0.02248 0.70693 -0.70693 0.02248 0.79335 0.60876 -0 0.70693 0.70693 0.02248 0.25875 0.96568 0.02248 0.13053 0.99144 0 -0.13053 0.99144 0 -0.25875 0.96568 0.02248 -0.70693 0.70693 0.02248 -0.79335 0.60876 0 -0.65608 -0.27176 0.70406 -0.65608 -0.27176 0.70406 -0.56339 -0.4323 0.70406 -0.56339 -0.4323 0.70406 -0.4323 -0.56339 0.70406 -0.4323 -0.56339 0.70406 -0.27176 -0.65608 0.70406 -0.27176 -0.65608 0.70406 -0.09269 -0.70406 0.70406 -0.09269 -0.70406 0.70406 0.09269 -0.70406 0.70406 0.09269 -0.70406 0.70406 0.27176 -0.65608 0.70406 0.27176 -0.65608 0.70406 0.4323 -0.56339 0.70406 0.4323 -0.56339 0.70406 0.56339 -0.4323 0.70406 0.56339 -0.4323 0.70406 0.65608 -0.27176 0.70406 0.65608 -0.27176 0.70406 0.70406 -0.09269 0.70406 0.70406 -0.09269 0.70406 0.70406 0.09269 0.70406 0.70406 0.09269 0.70406 0.65608 0.27176 0.70406 0.65608 0.27176 0.70406 0.56339 0.43231 0.70406 0.56339 0.4323 0.70406 0.4323 0.56339 0.70406 0.4323 0.56339 0.70406 0.27176 0.65608 0.70406 0.27176 0.65608 0.70406 0.09269 0.70406 0.70406 0.09269 0.70406 0.70406 -0.09269 0.70406 0.70406 -0.09269 0.70406 0.70406 -0.27176 0.65608 0.70406 -0.27176 0.65608 0.70406 -0.4323 0.56339 0.70406 -0.4323 0.56339 0.70406 -0.56339 0.43231 0.70406 -0.56339 0.4323 0.70406 -0.65608 0.27176 0.70406 -0.65608 0.27176 0.70406 -0.70406 0.09269 0.70406 -0.70406 0.09269 0.70406 -0.70406 -0.09269 0.70406 -0.70406 -0.09269 0.70406 -0.65608 -0.27176 0.70406 -0.65608 -0.27176 0.70406 -0.56339 -0.4323 0.70406 -0.56339 -0.4323 0.70406 -0.4323 -0.56339 0.70406 -0.4323 -0.56339 0.70406 -0.27176 -0.65608 0.70406 -0.27176 -0.65608 0.70406 -0.09269 -0.70406 0.70406 -0.09269 -0.70406 0.70406 0.09269 -0.70406 0.70406 0.09269 -0.70406 0.70406 0.27176 -0.65608 0.70406 0.27176 -0.65608 0.70406 0.4323 -0.56339 0.70406 0.4323 -0.56339 0.70406 0.56339 -0.4323 0.70406 0.65608 -0.27176 0.70406 0.65608 -0.27176 0.70406 0.70406 -0.09269 0.70406 0.70406 -0.09269 0.70406 0.70406 0.09269 0.70406 0.65608 0.27176 0.70406 0.65608 0.27176 0.70406 0.56339 0.4323 0.70406 0.4323 0.56339 0.70406 0.4323 0.56339 0.70406 0.27176 0.65608 0.70406 0.27176 0.65608 0.70406 0.09269 0.70406 0.70406 0.09269 0.70406 0.70406 -0.09269 0.70406 0.70406 -0.09269 0.70406 0.70406 -0.27176 0.65608 0.70406 -0.27176 0.65608 0.70406 -0.4323 0.56339 0.70406 -0.4323 0.56339 0.70406 -0.56339 0.4323 0.70406 -0.56339 0.4323 0.70406 -0.65608 0.27176 0.70406 -0.65608 0.27176 0.70406 -0.70406 0.09269 0.70406 -0.70406 -0.09269 0.70406 -0.65608 -0.27176 0.70406 -0.56339 -0.43231 0.70406 -0.56339 -0.4323 0.70406 -0.4323 -0.56339 0.70406 -0.4323 -0.56339 0.70406 -0.27176 -0.65608 0.70406 -0.27176 -0.65608 0.70406 -0.09269 -0.70406 0.70406 -0.09269 -0.70406 0.70406 0.09269 -0.70406 0.70406 0.09269 -0.70406 0.70406 0.27176 -0.65608 0.70406 0.27176 -0.65608 0.70406 0.4323 -0.56339 0.70406 0.4323 -0.56339 0.70406 0.56339 -0.43231 0.70406 0.56339 -0.4323 0.70406 0.65608 -0.27176 0.70406 0.65608 -0.27176 0.70406 0.65608 0.27176 0.70406 0.56339 0.4323 0.70406 0.56339 0.4323 0.70406 0.4323 0.56339 0.70406 0.4323 0.56339 0.70406 0.27176 0.65608 0.70406 0.27176 0.65608 0.70406 0.09269 0.70406 0.70406 0.09269 0.70406 0.70406 -0.09269 0.70406 0.70406 -0.09269 0.70406 0.70406 -0.27176 0.65608 0.70406 -0.27176 0.65608 0.70406 -0.4323 0.56339 0.70406 -0.4323 0.56339 0.70406 -0.56339 0.4323 0.70406 -0.56339 0.4323 0.70406 -0.65608 0.27176 0.70406 -0.65608 0.27176 0.70406 -0.65608 -0.27176 0.70406 -0.65608 -0.27176 0.70406 -0.56339 -0.4323 0.70406 -0.56339 -0.4323 0.70406 -0.43231 -0.56339 0.70406 -0.4323 -0.56339 0.70406 -0.27176 -0.65608 0.70406 -0.27176 -0.65608 0.70406 -0.09269 -0.70406 0.70406 0.09269 -0.70406 0.70406 0.09269 -0.70406 0.70406 0.27176 -0.65608 0.70406 0.27176 -0.65608 0.70406 0.4323 -0.56339 0.70406 0.4323 -0.56339 0.70406 0.56339 -0.4323 0.70406 0.56339 -0.4323 0.70406 0.65608 -0.27176 0.70406 0.65608 -0.27176 0.70406 0.70406 -0.09269 0.70406 0.70406 -0.09269 0.70406 0.70406 0.09269 0.70406 0.70406 0.09269 0.70406 0.65608 0.27176 0.70406 0.65608 0.27176 0.70406 0.56339 0.4323 0.70406 0.56339 0.4323 0.70406 0.4323 0.56339 0.70406 0.4323 0.56339 0.70406 0.27176 0.65608 0.70406 0.09269 0.70406 0.70406 0.09269 0.70406 0.70406 -0.09269 0.70406 0.70406 -0.09269 0.70406 0.70406 -0.27176 0.65608 0.70406 -0.27176 0.65608 0.70406 -0.43231 0.56339 0.70406 -0.4323 0.56339 0.70406 -0.56339 0.4323 0.70406 -0.56339 0.4323 0.70406 -0.65608 0.27176 0.70406 -0.70406 0.09269 0.70406 -0.70406 -0.09269 0.70406 -0.70406 -0.09269 0.70406 -0.65608 -0.27176 0.70406 -0.56339 -0.4323 0.70406 -0.56339 -0.4323 0.70406 -0.43231 -0.56339 0.70406 -0.4323 -0.56339 0.70406 -0.27176 -0.65608 0.70406 -0.09269 -0.70406 0.70406 -0.09269 -0.70406 0.70406 0.09269 -0.70406 0.70406 0.09269 -0.70406 0.70406 0.27176 -0.65608 0.70406 0.4323 -0.56339 0.70406 0.56339 -0.4323 0.70406 0.56339 -0.4323 0.70406 0.65608 -0.27176 0.70406 0.70406 -0.09269 0.70406 0.70406 -0.09269 0.70406 0.70406 0.09269 0.70406 0.65608 0.27176 0.70406 0.65608 0.27176 0.70406 0.56339 0.4323 0.70406 0.56339 0.4323 0.70406 0.4323 0.56339 0.70406 0.27176 0.65608 0.70406 0.09269 0.70406 0.70406 -0.09269 0.70406 0.70406 -0.09269 0.70406 0.70406 -0.27176 0.65608 0.70406 -0.27176 0.65608 0.70406 -0.4323 0.56339 0.70406 -0.65608 0.27176 0.70406 -0.70406 0.09269 0.70406 -0.70406 0.09269 0.70406 -0.70406 -0.09269 0.70406 -0.65608 -0.27176 0.70406 -0.65608 -0.27176 0.70406 -0.56339 -0.4323 0.70406 -0.56339 -0.4323 0.70406 -0.4323 -0.56339 0.70406 -0.4323 -0.56339 0.70406 -0.09269 -0.70406 0.70406 0.09269 -0.70406 0.70406 0.09269 -0.70406 0.70406 0.43231 -0.56339 0.70406 0.4323 -0.56339 0.70406 0.56339 -0.4323 0.70406 0.56339 -0.4323 0.70406 0.65608 -0.27176 0.70406 0.65608 -0.27176 0.70406 0.70406 -0.09269 0.70406 0.70406 -0.09269 0.70406 0.70406 0.09269 0.70406 0.70406 0.09269 0.70406 0.65608 0.27176 0.70406 0.56339 0.4323 0.70406 0.56339 0.4323 0.70406 0.43231 0.56339 0.70406 0.4323 0.56339 0.70406 0.09269 0.70406 0.70406 0.09269 0.70406 0.70406 -0.09269 0.70406 0.70406 -0.09269 0.70406 0.70406 -0.4323 0.56339 0.70406 -0.4323 0.56339 0.70406 -0.56339 0.4323 0.70406 -0.56339 0.4323 0.70406 -0.65608 0.27176 0.70406 -0.65608 0.27176 0.70406 -0.70406 0.09269 0.70406 -0.70406 0.09269 0.70406 -0.70406 -0.09269 0.70406 -0.70406 -0.09269 0.70406 -0.65608 -0.27176 0.70406 -0.65608 -0.27176 0.70406 -0.56339 -0.4323 0.70406 -0.56339 -0.4323 0.70406 -0.4323 -0.56339 0.70406 -0.4323 -0.56339 0.70406 -0.09269 -0.70406 0.70406 -0.09269 -0.70406 0.70406 0.09269 -0.70406 0.70406 0.09269 -0.70406 0.70406 0.4323 -0.56339 0.70406 0.56339 -0.4323 0.70406 0.56339 -0.4323 0.70406 0.70406 -0.09269 0.70406 0.70406 -0.09269 0.70406 0.70406 0.09269 0.70406 0.65608 0.27176 0.70406 0.65608 0.27176 0.70406 0.56339 0.4323 0.70406 0.56339 0.4323 0.70406 0.43231 0.56339 0.70406 0.4323 0.56339 0.70406 0.09269 0.70406 0.70406 0.09269 0.70406 0.70406 -0.09269 0.70406 0.70406 -0.09269 0.70406 0.70406 -0.4323 0.56339 0.70406 -0.56339 0.4323 0.70406 -0.56339 0.4323 0.70406 -0.65608 0.27176 0.70406 -0.70406 0.09269 0.70406 -0.70406 0.09269 0.70406 -0.70406 -0.09269 0.70406 -1 -0 0 -1 -0 0 1 0 -0 1 0 -0 0 -0.98263 0.18558 0 -0.99515 0.09837 0 -0.99995 0.01039 0 -0.99698 -0.07766 0 -0.98627 -0.16512 0 -0.98473 -0.17406 0 -0.9945 -0.10478 0 -0.99939 -0.03498 0 -1 0 0 -0.9818 0.18992 0 -0.84014 0.54237 0 -0.57726 0.81656 0 -0.2311 0.97293 -0 0.23377 0.97229 -0 0.58398 0.81177 -0 0.84752 0.53077 -0 0.97911 0.20334 -0 0.96873 0.24812 -0 0.9563 0.29238 -0 0.94186 0.33602 -0 0.98954 0.14428 -0 0.98596 0.16699 -0 0.99769 0.06786 -0 1 -0 -0 0.98079 -0.19509 -0 0.83147 -0.55557 -0 0.55557 -0.83147 -0 0.19509 -0.98079 -0 -0 -1 0 -0.25882 -0.96593 0 -0.70711 -0.70711 0 -0.96593 -0.25882 0 -0.9998 0.02013 0 -0.99697 0.07774 0 -0.98506 0.17219 0 -0.96593 -0.25882 0 -0.70711 -0.70711 0 -0.25882 -0.96593 -0 0.25882 -0.96593 -0 0.70711 -0.70711 -0 0.96593 -0.25882 -0 0.96593 0.25882 -0 0.70711 0.70711 -0 0.25882 0.96593 0 -0.25882 0.96593 0 -0.70711 0.70711 0 -0.96593 0.25882 0 -0.96593 -0.25882 0 -0.70711 -0.70711 0 -0.25882 -0.96593 -0 0.70711 -0.70711 -0 0.96593 -0.25882 -0 0.96593 0.25882 -0 0.70711 0.70711 0 -0.25882 0.96593 0 -0.70711 0.70711 0 -0.96593 0.25882 0 -0.96593 -0.25882 0 -0.70711 -0.70711 -0 0.96593 -0.25882 -0 0.96593 0.25882 0 -0.70711 0.70711 0 -0.96593 0.25882 0 -0.96593 -0.25882 0 -0.70711 -0.70711 0 -0.25882 -0.96593 -0 0.25882 -0.96593 -0 0.70711 -0.70711 -0 0.96593 -0.25882 -0 0.96593 0.25882 -0 0.70711 0.70711 -0 0.25882 0.96593 0 -0.25882 0.96593 0 -0.70711 0.70711 0 -0.96593 0.25882 0 -0.96593 -0.25882 0 -0.70711 -0.70711 -0 0.96593 -0.25882 -0 0.96593 0.25882 -0 0.70711 0.70711 0 -0.70711 0.70711 0 -0.96593 0.25882 -1 -0 0 1 0 -0 0 -0.98263 0.18558 0 -0.99515 0.09837 0 -0.99995 0.01039 0 -0.99698 -0.07766 0 -0.98627 -0.16512 0 -0.98473 -0.17406 0 -0.9945 -0.10478 0 -0.99939 -0.03498 0 -1 0 0 -0.9818 0.18992 0 -0.84014 0.54237 0 -0.57726 0.81656 0 -0.2311 0.97293 -0 0.23377 0.97229 -0 0.58398 0.81177 -0 0.84752 0.53077 -0 0.97911 0.20334 -0 0.96873 0.24812 -0 0.9563 0.29238 -0 0.94186 0.33602 -0 0.98954 0.14428 -0 0.98596 0.16699 -0 0.99769 0.06786 -0 1 -0 -0 0.98079 -0.19509 -0 0.83147 -0.55557 -0 0.55557 -0.83147 -0 0.19509 -0.98079 -0 -0 -1 0 -0.25882 -0.96593 0 -0.70711 -0.70711 0 -0.96593 -0.25882 0 -0.9998 0.02013 0 -0.99697 0.07774 0 -0.98506 0.17219 0 -0.96593 -0.25882 0 -0.70711 -0.70711 0 -0.25882 -0.96593 -0 0.25882 -0.96593 -0 0.70711 -0.70711 -0 0.96593 -0.25882 -0 0.96593 0.25882 -0 0.70711 0.70711 -0 0.25882 0.96593 0 -0.25882 0.96593 0 -0.70711 0.70711 0 -0.96593 0.25882 0 -0.96593 -0.25882 0 -0.70711 -0.70711 0 -0.25882 -0.96593 -0 0.70711 -0.70711 -0 0.96593 -0.25882 -0 0.96593 0.25882 -0 0.70711 0.70711 0 -0.25882 0.96593 0 -0.70711 0.70711 0 -0.96593 0.25882 0 -0.96593 -0.25882 0 -0.70711 -0.70711 -0 0.96593 -0.25882 -0 0.96593 0.25882 0 -0.70711 0.70711 0 -0.96593 0.25882 0 -0.96593 -0.25882 0 -0.70711 -0.70711 0 -0.25882 -0.96593 -0 0.25882 -0.96593 -0 0.70711 -0.70711 -0 0.96593 -0.25882 -0 0.96593 0.25882 -0 0.70711 0.70711 -0 0.25882 0.96593 0 -0.25882 0.96593 0 -0.70711 0.70711 0 -0.96593 0.25882 0 -0.70711 -0.70711 -0 0.96593 -0.25882 -0 0.96593 0.25882 -0 0.70711 0.70711 0 -0.70711 0.70711 0 -0.96593 0.25882 -0 -0.35041 0.9366 -0 -0.73899 0.67372 -0 -0.96498 0.26232 -0 -0.97834 -0.207 -0 -0.77611 -0.63059 0 0 1 0 1 -0 0 0.99939 0.03498 0 0.9945 0.10478 0 0.98473 0.17407 0 0.98627 0.16513 0 0.99698 0.07766 0 0.99995 -0.01039 0 0.99515 -0.09837 0 0.98263 -0.18558 0 0.98142 -0.19187 0 0.99308 -0.1174 -0 -0.92506 0.37983 -0 -0.99118 -0.13255 -0 -0.79274 -0.60955 -0 -0.38254 -0.92394 -0 -0.35248 -0.93582 -0 -0.73003 -0.68342 -0 -0.9569 -0.29043 -0 -0.98671 0.16248 -0 -0.81323 0.58195 -0 -0.4722 0.88149 0 -0.03415 0.99942 0 -0.06533 0.99786 -0 -0.55245 0.83354 -0 -0.89387 0.44833 -0 -0.99846 -0.05548 -0 -0.83876 -0.5445 -0 -0.45692 -0.88951 -0 -0.45482 -0.89058 -0 -0.83445 -0.55108 -0 -0.99765 -0.06859 -0 -0.90201 0.43171 -0 -0.57197 0.82028 -0 -0.09407 0.99557 0 -0.06437 0.99793 -0 -0.49699 0.86776 -0 -0.8283 0.56029 -0 -0.99036 0.1385 -0 -0.95023 -0.31155 -0 -0.71602 -0.69808 -0 -0.33559 -0.94201 -0 -0.36343 -0.93162 -0 -0.77564 -0.63117 -0 -0.98596 -0.16698 -0 -0.94012 0.34085 -0 -0.65008 0.75987 -0 -0.19083 0.98162 -0 -0.162 0.98679 -0 -0.57941 0.81503 -0 -0.87905 0.47673 -0 -0.99915 0.04117 -0 -0.9153 -0.40278 -0 -0.64431 -0.76476 -0 -0.24219 -0.97023 -0 -0.27126 -0.96251 -0 -0.71008 -0.70412 -0 -0.96502 -0.26218 -0 -0.96889 0.24749 -0 -0.72117 0.69276 -0 -0.28576 0.9583 -0 -0.25697 0.96642 -0 -0.65634 0.75447 -0 -0.92138 0.38866 -0 -0.9984 -0.05646 -0 -0.87163 -0.49016 -0 -0.56676 -0.82388 -0 -0.14668 -0.98918 -0 -0.17584 -0.98442 -0 -0.63807 -0.76998 -0 -0.9348 -0.35517 -0 -0.98841 0.15179 -0 -0.78523 0.6192 -0 -0.37787 0.92586 -0 -0.35033 0.93663 -0 -0.72668 0.68697 -0 -0.95487 0.29701 -0 -0.98811 -0.15373 -0 -0.81974 -0.57274 -0 -0.48387 -0.87514 -0 -0.04908 -0.9988 -0 -0.08118 -0.9967 -0 -0.56547 -0.82477 -0 -0.90047 -0.43492 -0 -0.99758 0.0696 -0 -0.83128 0.55585 -0 -0.44536 0.89535 -0 -0.44295 0.89655 -0 -0.82727 0.56181 -0 -0.99665 0.08181 -0 -0.90764 -0.41975 -0 -0.58337 -0.8122 -0 -0.10814 -0.99414 -0 -0.07773 -0.99697 -0 -0.50766 -0.86156 -0 -0.83476 -0.55061 -0 -0.99178 -0.12794 -0 -0.94721 0.32063 -0 -0.71007 0.70413 -0 -0.32838 0.94455 -0 -0.35759 0.93388 -0 -0.77188 0.63576 -0 -0.98518 0.17151 -0 -0.94141 -0.33727 -0 -0.65219 -0.75805 -0 -0.19279 -0.98124 -0 -0.19176 -0.98144 -0 -0.64942 -0.76043 -0 -0.93953 -0.34248 -0 -0.98648 0.16387 -0 -0.77853 0.62761 -0 -0.36856 0.9296 -1 0 0 -1 0 0 1 -0 -0 1 -0 -0 -0 -0.11373 -0.99351 -1 0 0 1 -0 -0 -0 -0.98263 0.18558 -0 -0.99515 0.09837 -0 -0.99995 0.01039 -0 -0.99698 -0.07766 -0 -0.98627 -0.16512 -0 -0.98473 -0.17406 -0 -0.9945 -0.10478 -0 -0.99939 -0.03498 -0 -1 0 -0 -0.9818 0.18992 -0 -0.84014 0.54237 -0 -0.57726 0.81656 -0 -0.2311 0.97293 0 0.19761 0.98028 0 0.38274 0.92386 0 0.58398 0.81177 0 0.84752 0.53077 0 0.94091 0.33864 0 0.95382 0.30037 0 0.96517 0.26161 0 0.97126 0.23803 0 0.97587 0.21837 0 0.98314 0.18288 -0 -0.99208 0.12563 -0 -0.98089 0.19456 0 0.25882 -0.96593 0 0.70711 -0.70711 0 0.96593 -0.25882 -0 -0 -1 -0 -0.8731 -0.48754 -0 -0.59472 -0.80393 -0 -0.21071 -0.97755 -0 -0.95623 -0.29262 -0 -0.23136 0.97287 -0 -0.64453 0.76458 -0 -0.91971 0.39259 -0 -0.99799 -0.06345 0 0 1 0 0.96593 0.25882 0 0.70711 0.70711 0 0.25882 0.96593 0 1 -0 0 0.25882 -0.96593 0 0.70711 -0.70711 0 0.96593 -0.25882 -0 -0.89629 -0.44347 -0 -0.61847 -0.78581 -0 -0.22044 -0.9754 -0 -0.972 -0.23499 -0 -0.22408 0.97457 -0 -0.62724 0.77883 -0 -0.90441 0.42666 -0 -0.99994 -0.01121 0 0.96593 0.25882 0 0.70711 0.70711 0 0.25882 0.96593 -0 -0.96593 -0.25882 -0 -0.70711 -0.70711 -0 -0.25882 -0.96593 0 0.25882 -0.96593 0 0.70711 -0.70711 0 0.96593 -0.25882 0 0.96593 0.25882 0 0.70711 0.70711 0 0.25882 0.96593 -0 -0.25882 0.96593 -0 -0.70711 0.70711 -0 -0.96593 0.25882 -0 -0.96593 -0.25882 -0 -0.70711 -0.70711 -0 -0.25882 -0.96593 0 0.25882 -0.96593 0 0.70711 -0.70711 0 0.96593 -0.25882 0 0.96593 0.25882 0 0.70711 0.70711 0 0.25882 0.96593 -0 -0.25882 0.96593 -0 -0.70711 0.70711 -0 -0.96593 0.25882 -0 -0.96593 -0.25882 -0 -0.70711 -0.70711 0 0.70711 -0.70711 0 0.96593 0.25882 0 0.70711 0.70711 -0 -0.70711 0.70711 -0 -0.96593 0.25882 -0 -0.16542 -0.98622 -0 -0.47815 -0.87828 -0 -0.73855 -0.6742 -0 -0.91811 -0.39633 -0 -0.99718 -0.07508 0 0.99995 -0.00973 0 0.93708 -0.34912 0 0.76256 -0.64692 0 0.49719 -0.86764 0 0.17258 -0.985</float_array>
          <technique_common>
            <accessor source="#norm_0-array" count="3624" stride="3">
              <param name="X" type="float"/>
              <param name="Y" type="float"/>
              <param name="Z" type="float"/>
            </accessor>
          </technique_common>
        </source>
        <vertices id="vert_0">
          <input semantic="POSITION" source="#pos_0"/>
        </vertices>
        <triangles count="5508" material="mat_0">
          <input semantic="VERTEX" source="#vert_0" offset="0"/>
          <input semantic="NORMAL" source="#norm_0" offset="1"/>
          <p>0 0 1 0 2 0 3 0 4 0 5 0 5 0 4 0 6 0 5 0 6 0 7 0 7 0 6 0 8 0 9 0 10 0 11 0 11 0 10 0 12 0 13 0 14 0 12 0 15 0 16 0 10 0 10 0 16 0 17 0 10 0 17 0 18 0 0 0 2 0 19 0 20 0 21 0 22 0 22 0 21 0 23 0 22 0 23 0 24 0 24 0 23 0 25 0 26 0 27 0 28 0 18 0 29 0 10 0 10 0 29 0 30 0 10 0 30 0 31 0 32 0 33 0 27 0 27 0 33 0 2 0 27 0 2 0 28 0 28 0 2 0 1 0 14 0 13 0 34 0 34 0 13 0 2 0 34 0 2 0 35 0 35 0 2 0 33 0 35 0 33 0 8 0 8 0 33 0 36 0 8 0 36 0 7 0 37 0 38 0 39 0 39 0 38 0 40 0 39 0 40 0 41 0 41 0 40 0 42 0 41 0 42 0 31 0 43 0 44 0 45 0 45 0 44 0 10 0 43 0 46 0 44 0 44 0 46 0 47 0 44 0 47 0 2 0 2 0 47 0 48 0 2 0 48 0 19 0 49 0 50 0 51 0 52 0 53 0 54 0 54 0 53 0 55 0 54 0 55 0 56 0 56 0 55 0 57 0 56 0 57 0 58 0 58 0 57 0 59 0 58 0 59 0 32 0 32 0 59 0 60 0 32 0 60 0 33 0 9 0 61 0 10 0 10 0 61 0 62 0 10 0 62 0 3 0 63 0 64 0 10 0 65 0 66 0 67 0 68 0 69 0 70 0 71 0 72 0 73 0 73 0 72 0 74 0 75 0 76 0 12 0 12 0 76 0 77 0 12 0 77 0 13 0 78 0 79 0 80 0 80 0 79 0 68 0 80 0 68 0 81 0 81 0 68 0 70 0 10 0 64 0 45 0 45 0 64 0 82 0 45 0 82 0 83 0 84 0 85 0 86 0 87 0 88 0 89 0 89 0 88 0 90 0 89 0 90 0 91 0 91 0 90 0 92 0 91 0 92 0 93 0 5 0 94 0 3 0 3 0 94 0 95 0 3 0 95 0 10 0 10 0 95 0 52 0 10 0 52 0 63 0 63 0 52 0 54 0 25 0 96 0 24 0 24 0 96 0 97 0 24 0 97 0 98 0 99 0 100 0 101 0 101 0 100 0 102 0 101 0 102 0 103 0 103 0 102 0 104 0 103 0 104 0 105 0 26 0 28 0 106 0 106 0 28 0 107 0 106 0 107 0 108 0 108 0 107 0 109 0 108 0 109 0 83 0 83 0 109 0 110 0 83 0 110 0 45 0 10 0 111 0 71 0 112 0 113 0 86 0 86 0 113 0 114 0 86 0 114 0 84 0 115 0 116 0 117 0 51 0 50 0 118 0 119 0 120 0 121 0 121 0 120 0 122 0 121 0 122 0 51 0 51 0 122 0 123 0 51 0 123 0 49 0 124 0 125 0 10 0 10 0 125 0 126 0 10 0 126 0 111 0 111 0 126 0 78 0 111 0 78 0 127 0 127 0 78 0 80 0 128 0 129 0 130 0 130 0 129 0 131 0 130 0 131 0 74 0 74 0 131 0 132 0 74 0 132 0 73 0 133 0 134 0 135 0 135 0 134 0 136 0 135 0 136 0 67 0 67 0 136 0 137 0 67 0 137 0 65 0 138 0 139 0 140 0 140 0 139 0 115 0 140 0 115 0 141 0 141 0 115 0 117 0 10 0 142 0 143 0 144 0 145 0 146 0 147 0 148 0 149 0 149 0 148 0 150 0 149 0 150 0 151 0 151 0 150 0 152 0 153 0 154 0 155 0 155 0 154 0 156 0 155 0 156 0 157 0 157 0 156 0 158 0 157 0 158 0 159 0 10 0 158 0 160 0 31 0 42 0 10 0 10 0 42 0 161 0 10 0 161 0 162 0 152 0 163 0 151 0 151 0 163 0 164 0 151 0 164 0 165 0 166 0 167 0 168 0 168 0 167 0 169 0 168 0 169 0 170 0 170 0 169 0 171 0 84 0 172 0 85 0 85 0 172 0 173 0 85 0 173 0 174 0 174 0 173 0 175 0 75 0 12 0 176 0 176 0 12 0 10 0 176 0 10 0 177 0 171 0 178 0 170 0 170 0 178 0 179 0 170 0 179 0 180 0 160 0 181 0 10 0 10 0 181 0 182 0 10 0 182 0 177 0 177 0 182 0 138 0 177 0 138 0 183 0 183 0 138 0 140 0 184 0 185 0 186 0 186 0 185 0 187 0 186 0 187 0 188 0 188 0 187 0 142 0 188 0 142 0 189 0 189 0 142 0 10 0 189 0 10 0 190 0 190 0 10 0 162 0 146 0 191 0 144 0 144 0 191 0 192 0 144 0 192 0 193 0 193 0 192 0 124 0 193 0 124 0 194 0 71 0 73 0 10 0 10 0 73 0 195 0 10 0 195 0 175 0 159 0 158 0 196 0 196 0 158 0 10 0 196 0 10 0 66 0 50 0 197 0 10 0 175 0 173 0 10 0 10 0 173 0 198 0 10 0 198 0 66 0 66 0 198 0 199 0 66 0 199 0 67 0 118 0 50 0 200 0 200 0 50 0 10 0 200 0 10 0 201 0 143 0 202 0 10 0 10 0 202 0 203 0 10 0 203 0 98 0 98 0 97 0 10 0 10 0 97 0 204 0 10 0 204 0 93 0 104 0 205 0 105 0 105 0 205 0 201 0 105 0 201 0 206 0 206 0 201 0 10 0 206 0 10 0 207 0 207 0 10 0 93 0 207 0 93 0 208 0 208 0 93 0 92 0 194 0 124 0 209 0 209 0 124 0 10 0 209 0 10 0 179 0 180 0 179 0 210 0 210 0 179 0 10 0 210 0 10 0 164 0 164 0 10 0 197 0 164 0 197 0 165 0 211 1 212 1 117 1 117 1 212 1 141 1 213 2 177 2 214 2 214 2 177 2 183 2 214 3 183 3 215 3 215 3 183 3 140 3 215 4 140 4 212 4 212 4 140 4 141 4 216 5 217 5 21 5 21 5 217 5 23 5 218 6 97 6 219 6 219 6 97 6 96 6 219 7 96 7 220 7 220 7 96 7 25 7 220 8 25 8 217 8 217 8 25 8 23 8 221 9 222 9 89 9 89 9 222 9 87 9 222 10 223 10 87 10 87 10 223 10 88 10 223 5 224 5 88 5 88 5 224 5 90 5 225 6 207 6 226 6 226 6 207 6 208 6 226 7 208 7 227 7 227 7 208 7 92 7 227 8 92 8 224 8 224 8 92 8 90 8 228 9 229 9 101 9 101 9 229 9 99 9 229 10 230 10 99 10 99 10 230 10 100 10 230 5 231 5 100 5 100 5 231 5 102 5 232 11 201 11 233 11 233 11 201 11 205 11 233 12 205 12 234 12 234 12 205 12 104 12 234 8 104 8 231 8 231 8 104 8 102 8 235 13 236 13 121 13 121 13 236 13 119 13 236 10 237 10 119 10 119 10 237 10 120 10 237 5 238 5 120 5 120 5 238 5 122 5 239 14 50 14 240 14 240 14 50 14 49 14 240 15 49 15 241 15 241 15 49 15 123 15 241 8 123 8 238 8 238 8 123 8 122 8 242 9 243 9 149 9 149 9 243 9 147 9 243 10 244 10 147 10 147 10 244 10 148 10 244 16 245 16 148 16 148 16 245 16 150 16 246 14 164 14 247 14 247 14 164 14 163 14 247 12 163 12 248 12 248 12 163 12 152 12 248 17 152 17 245 17 245 17 152 17 150 17 249 9 250 9 168 9 168 9 250 9 166 9 250 10 251 10 166 10 166 10 251 10 167 10 251 16 252 16 167 16 167 16 252 16 169 16 253 14 179 14 254 14 254 14 179 14 178 14 254 15 178 15 255 15 255 15 178 15 171 15 255 8 171 8 252 8 252 8 171 8 169 8 256 13 257 13 144 13 144 13 257 13 145 13 257 10 258 10 145 10 145 10 258 10 146 10 258 5 259 5 146 5 146 5 259 5 191 5 260 14 125 14 261 14 261 14 125 14 124 14 261 15 124 15 262 15 262 15 124 15 192 15 262 8 192 8 259 8 259 8 192 8 191 8 263 13 264 13 68 13 68 13 264 13 69 13 264 10 265 10 69 10 69 10 265 10 70 10 265 5 266 5 70 5 70 5 266 5 81 5 267 14 111 14 268 14 268 14 111 14 127 14 268 15 127 15 269 15 269 15 127 15 80 15 269 8 80 8 266 8 266 8 80 8 81 8 270 18 271 18 130 18 130 18 271 18 128 18 271 10 272 10 128 10 128 10 272 10 129 10 272 19 273 19 129 19 129 19 273 19 131 19 274 20 195 20 275 20 275 20 195 20 73 20 275 21 73 21 276 21 276 21 73 21 132 21 276 22 132 22 273 22 273 22 132 22 131 22 277 18 278 18 86 18 86 18 278 18 112 18 278 10 279 10 112 10 112 10 279 10 113 10 279 19 280 19 113 19 113 19 280 19 114 19 281 14 173 14 282 14 282 14 173 14 172 14 282 21 172 21 283 21 283 21 172 21 84 21 283 22 84 22 280 22 280 22 84 22 114 22 284 18 285 18 135 18 135 18 285 18 133 18 285 10 286 10 133 10 133 10 286 10 134 10 286 23 287 23 134 23 134 23 287 23 136 23 288 14 66 14 289 14 289 14 66 14 65 14 289 24 65 24 290 24 290 24 65 24 137 24 290 25 137 25 287 25 287 25 137 25 136 25 291 18 292 18 155 18 155 18 292 18 153 18 293 10 211 10 116 10 116 10 211 10 117 10 292 10 294 10 153 10 153 10 294 10 154 10 294 26 295 26 154 26 154 26 295 26 156 26 296 27 181 27 297 27 297 27 181 27 160 27 297 28 160 28 298 28 298 28 160 28 158 28 298 29 158 29 295 29 295 29 158 29 156 29 299 18 293 18 115 18 115 18 293 18 116 18 300 10 301 10 202 10 202 10 301 10 203 10 300 6 202 6 302 6 302 6 202 6 143 6 302 12 143 12 303 12 303 12 143 12 142 12 303 30 142 30 304 30 304 30 142 30 187 30 305 31 304 31 185 31 185 31 304 31 187 31 184 10 306 10 185 10 185 10 306 10 305 10 307 9 306 9 186 9 186 9 306 9 184 9 307 32 186 32 308 32 308 32 186 32 188 32 308 33 188 33 309 33 309 33 188 33 189 33 309 34 189 34 310 34 310 34 189 34 190 34 311 10 310 10 162 10 162 10 310 10 190 10 311 11 162 11 312 11 312 11 162 11 161 11 312 12 161 12 313 12 313 12 161 12 42 12 313 8 42 8 314 8 314 8 42 8 40 8 315 5 314 5 38 5 38 5 314 5 40 5 37 10 316 10 38 10 38 10 316 10 315 10 317 35 316 35 39 35 39 35 316 35 37 35 317 36 39 36 318 36 318 36 39 36 41 36 318 33 41 33 319 33 319 33 41 33 31 33 319 37 31 37 320 37 320 37 31 37 30 37 321 10 320 10 29 10 29 10 320 10 30 10 321 11 29 11 322 11 322 11 29 11 18 11 322 12 18 12 323 12 323 12 18 12 17 12 323 8 17 8 324 8 324 8 17 8 16 8 324 38 16 38 325 38 325 38 16 38 15 38 326 10 216 10 20 10 20 10 216 10 21 10 327 39 328 39 2 39 2 39 328 39 44 39 329 40 330 40 328 40 331 40 332 40 333 40 334 40 335 40 327 40 328 40 330 40 336 40 309 40 310 40 303 40 335 40 337 40 327 40 327 40 337 40 338 40 327 40 338 40 328 40 328 40 338 40 339 40 328 40 339 40 340 40 341 40 342 40 343 40 343 40 342 40 344 40 343 40 344 40 345 40 345 40 344 40 346 40 345 40 346 40 347 40 347 40 346 40 329 40 347 40 329 40 332 40 332 40 329 40 328 40 348 40 349 40 234 40 341 40 343 40 350 40 350 40 343 40 351 40 350 40 351 40 352 40 352 40 351 40 353 40 352 40 353 40 354 40 330 40 355 40 336 40 336 40 355 40 356 40 336 40 356 40 357 40 358 40 359 40 360 40 361 40 362 40 328 40 328 40 362 40 363 40 328 40 363 40 332 40 332 40 363 40 364 40 332 40 364 40 333 40 365 40 366 40 367 40 367 40 366 40 368 40 367 40 368 40 369 40 325 40 336 40 324 40 324 40 336 40 323 40 358 40 360 40 368 40 370 40 225 40 226 40 365 40 367 40 371 40 371 40 367 40 372 40 371 40 372 40 333 40 333 40 372 40 373 40 333 40 373 40 331 40 224 40 223 40 222 40 303 40 310 40 302 40 305 40 306 40 304 40 304 40 306 40 307 40 304 40 307 40 303 40 303 40 307 40 308 40 303 40 308 40 309 40 216 40 326 40 217 40 217 40 326 40 374 40 217 40 374 40 220 40 220 40 374 40 375 40 340 40 376 40 328 40 328 40 376 40 377 40 328 40 377 40 361 40 361 40 377 40 378 40 361 40 378 40 379 40 379 40 378 40 380 40 379 40 380 40 359 40 359 40 380 40 381 40 359 40 381 40 360 40 226 40 227 40 370 40 370 40 227 40 224 40 370 40 224 40 221 40 221 40 224 40 222 40 318 40 311 40 312 40 319 40 320 40 357 40 357 40 320 40 321 40 357 40 321 40 336 40 336 40 321 40 322 40 336 40 322 40 323 40 334 40 327 40 360 40 360 40 327 40 352 40 360 40 352 40 368 40 368 40 352 40 354 40 368 40 354 40 369 40 314 40 315 40 316 40 375 40 382 40 220 40 220 40 382 40 301 40 220 40 301 40 219 40 230 40 229 40 231 40 231 40 229 40 228 40 231 40 228 40 234 40 234 40 228 40 383 40 234 40 383 40 348 40 312 40 313 40 318 40 318 40 313 40 314 40 318 40 314 40 317 40 317 40 314 40 316 40 384 40 385 40 215 40 386 40 357 40 387 40 387 40 357 40 388 40 387 40 388 40 352 40 352 40 388 40 389 40 352 40 389 40 350 40 357 40 390 40 391 40 357 40 392 40 393 40 215 40 385 40 214 40 394 40 395 40 248 40 287 40 286 40 285 40 357 40 396 40 397 40 265 40 264 40 266 40 266 40 264 40 263 40 266 40 263 40 269 40 269 40 263 40 398 40 391 40 399 40 357 40 357 40 399 40 288 40 357 40 288 40 392 40 392 40 288 40 289 40 289 40 290 40 392 40 392 40 290 40 287 40 392 40 287 40 284 40 284 40 287 40 285 40 398 40 400 40 269 40 269 40 400 40 401 40 269 40 401 40 268 40 295 40 294 40 292 40 393 40 402 40 357 40 357 40 402 40 281 40 357 40 281 40 396 40 396 40 281 40 282 40 280 40 279 40 278 40 397 40 403 40 357 40 357 40 403 40 274 40 357 40 274 40 404 40 404 40 274 40 275 40 318 40 319 40 311 40 311 40 319 40 357 40 311 40 357 40 310 40 297 40 298 40 390 40 390 40 298 40 295 40 390 40 295 40 291 40 291 40 295 40 292 40 211 40 293 40 212 40 212 40 293 40 299 40 212 40 299 40 215 40 215 40 299 40 405 40 215 40 405 40 384 40 282 40 283 40 396 40 396 40 283 40 280 40 396 40 280 40 277 40 277 40 280 40 278 40 273 40 272 40 271 40 406 40 407 40 357 40 357 40 407 40 218 40 275 40 276 40 404 40 404 40 276 40 273 40 404 40 273 40 270 40 270 40 273 40 271 40 248 40 395 40 247 40 244 40 243 40 245 40 245 40 243 40 242 40 245 40 242 40 248 40 248 40 242 40 408 40 248 40 408 40 394 40 302 40 310 40 300 40 300 40 310 40 357 40 300 40 357 40 301 40 301 40 357 40 218 40 301 40 218 40 219 40 409 40 261 40 410 40 410 40 261 40 411 40 386 40 412 40 357 40 357 40 412 40 413 40 357 40 413 40 213 40 414 40 254 40 415 40 415 40 254 40 416 40 297 40 390 40 296 40 296 40 390 40 357 40 296 40 357 40 385 40 385 40 357 40 213 40 385 40 213 40 214 40 259 40 258 40 257 40 252 40 251 40 250 40 261 40 262 40 411 40 411 40 262 40 259 40 411 40 259 40 256 40 256 40 259 40 257 40 254 40 255 40 416 40 416 40 255 40 252 40 416 40 252 40 249 40 249 40 252 40 250 40 417 40 418 40 240 40 240 40 418 40 419 40 240 40 419 40 239 40 238 40 237 40 236 40 240 40 241 40 417 40 417 40 241 40 238 40 417 40 238 40 235 40 235 40 238 40 236 40 404 40 420 40 357 40 357 40 420 40 421 40 357 40 421 40 267 40 370 40 406 40 225 40 225 40 406 40 357 40 225 40 357 40 349 40 260 40 357 40 401 40 401 40 357 40 267 40 401 40 267 40 268 40 253 40 357 40 409 40 409 40 357 40 260 40 409 40 260 40 261 40 246 40 357 40 414 40 414 40 357 40 253 40 414 40 253 40 254 40 239 40 357 40 395 40 395 40 357 40 246 40 395 40 246 40 247 40 239 40 419 40 357 40 357 40 419 40 232 40 357 40 232 40 349 40 349 40 232 40 233 40 349 40 233 40 234 40 387 41 352 41 77 41 77 41 352 41 13 41 352 10 327 10 13 10 13 10 327 10 2 10 10 42 44 42 336 42 336 42 44 42 328 42 374 32 22 32 375 32 375 32 22 32 24 32 375 33 24 33 382 33 382 33 24 33 98 33 382 34 98 34 301 34 301 34 98 34 203 34 374 9 326 9 22 9 22 9 326 9 20 9 296 10 385 10 181 10 181 10 385 10 182 10 299 43 115 43 405 43 405 43 115 43 139 43 405 44 139 44 384 44 384 44 139 44 138 44 384 45 138 45 385 45 385 45 138 45 182 45 288 10 399 10 66 10 66 10 399 10 196 10 291 46 155 46 390 46 390 46 155 46 157 46 390 47 157 47 391 47 391 47 157 47 159 47 391 48 159 48 399 48 399 48 159 48 196 48 281 10 402 10 173 10 173 10 402 10 198 10 284 46 135 46 392 46 392 46 135 46 67 46 392 47 67 47 393 47 393 47 67 47 199 47 393 49 199 49 402 49 402 49 199 49 198 49 274 10 403 10 195 10 195 10 403 10 175 10 277 46 86 46 396 46 396 46 86 46 85 46 396 47 85 47 397 47 397 47 85 47 174 47 397 48 174 48 403 48 403 48 174 48 175 48 267 10 421 10 111 10 111 10 421 10 71 10 270 46 130 46 404 46 404 46 130 46 74 46 404 47 74 47 420 47 420 47 74 47 72 47 420 48 72 48 421 48 421 48 72 48 71 48 260 10 401 10 125 10 125 10 401 10 126 10 263 50 68 50 398 50 398 50 68 50 79 50 398 33 79 33 400 33 400 33 79 33 78 33 400 48 78 48 401 48 401 48 78 48 126 48 253 10 409 10 179 10 179 10 409 10 209 10 256 32 144 32 411 32 411 32 144 32 193 32 411 51 193 51 410 51 410 51 193 51 194 51 410 48 194 48 409 48 409 48 194 48 209 48 246 10 414 10 164 10 164 10 414 10 210 10 249 32 168 32 416 32 416 32 168 32 170 32 416 51 170 51 415 51 415 51 170 51 180 51 415 48 180 48 414 48 414 48 180 48 210 48 239 10 395 10 50 10 50 10 395 10 197 10 242 32 149 32 408 32 408 32 149 32 151 32 408 33 151 33 394 33 394 33 151 33 165 33 394 34 165 34 395 34 395 34 165 34 197 34 232 10 419 10 201 10 201 10 419 10 200 10 235 50 121 50 417 50 417 50 121 50 51 50 417 33 51 33 418 33 418 33 51 33 118 33 418 48 118 48 419 48 419 48 118 48 200 48 225 10 349 10 207 10 207 10 349 10 206 10 228 32 101 32 383 32 383 32 101 32 103 32 383 33 103 33 348 33 348 33 103 33 105 33 348 34 105 34 349 34 349 34 105 34 206 34 218 10 407 10 97 10 97 10 407 10 204 10 221 32 89 32 370 32 370 32 89 32 91 32 370 33 91 33 406 33 406 33 91 33 93 33 406 34 93 34 407 34 407 34 93 34 204 34 213 10 413 10 177 10 177 10 413 10 176 10 387 52 77 52 386 52 386 52 77 52 76 52 386 53 76 53 412 53 412 53 76 53 75 53 412 54 75 54 413 54 413 54 75 54 176 54 334 55 1 55 335 55 335 55 1 55 0 55 335 56 0 56 337 56 337 56 0 56 19 56 337 57 19 57 338 57 338 57 19 57 48 57 338 58 48 58 339 58 339 58 48 58 47 58 339 59 47 59 340 59 340 59 47 59 46 59 340 60 46 60 376 60 376 60 46 60 43 60 376 61 43 61 377 61 377 61 43 61 45 61 377 62 45 62 378 62 378 62 45 62 110 62 378 63 110 63 380 63 380 63 110 63 109 63 380 64 109 64 381 64 381 64 109 64 107 64 381 65 107 65 360 65 360 65 107 65 28 65 360 66 28 66 334 66 334 66 28 66 1 66 368 67 27 67 358 67 358 67 27 67 26 67 358 68 26 68 359 68 359 68 26 68 106 68 359 57 106 57 379 57 379 57 106 57 108 57 379 58 108 58 361 58 361 58 108 58 83 58 361 69 83 69 362 69 362 69 83 69 82 69 362 70 82 70 363 70 363 70 82 70 64 70 363 61 64 61 364 61 364 61 64 61 63 61 364 62 63 62 333 62 333 62 63 62 54 62 333 71 54 71 371 71 371 71 54 71 56 71 371 72 56 72 365 72 365 72 56 72 58 72 365 65 58 65 366 65 366 65 58 65 32 65 366 66 32 66 368 66 368 66 32 66 27 66 354 67 33 67 369 67 369 67 33 67 60 67 369 68 60 68 367 68 367 68 60 68 59 68 367 57 59 57 372 57 372 57 59 57 57 57 372 58 57 58 373 58 373 58 57 58 55 58 373 69 55 69 331 69 331 69 55 69 53 69 331 70 53 70 332 70 332 70 53 70 52 70 332 73 52 73 347 73 347 73 52 73 95 73 347 74 95 74 345 74 345 74 95 74 94 74 345 75 94 75 343 75 343 75 94 75 5 75 343 76 5 76 351 76 351 76 5 76 7 76 351 77 7 77 353 77 353 77 7 77 36 77 353 78 36 78 354 78 354 78 36 78 33 78 350 79 14 79 341 79 341 79 14 79 34 79 341 80 34 80 342 80 342 80 34 80 35 80 342 81 35 81 344 81 344 81 35 81 8 81 344 82 8 82 346 82 346 82 8 82 6 82 346 83 6 83 329 83 329 83 6 83 4 83 329 84 4 84 330 84 330 84 4 84 3 84 330 85 3 85 355 85 355 85 3 85 62 85 355 74 62 74 356 74 356 74 62 74 61 74 356 86 61 86 357 86 357 86 61 86 9 86 357 87 9 87 388 87 388 87 9 87 11 87 388 77 11 77 389 77 389 77 11 77 12 77 389 88 12 88 350 88 350 88 12 88 14 88 325 89 15 89 336 89 336 89 15 89 10 89 422 90 423 90 424 90 424 90 423 90 425 90 426 91 427 91 428 91 428 91 427 91 429 91 430 92 431 92 432 92 432 92 431 92 433 92 432 92 433 92 434 92 435 92 436 92 437 92 438 92 439 92 440 92 440 92 439 92 441 92 442 92 443 92 444 92 444 92 443 92 430 92 444 92 430 92 445 92 445 92 430 92 432 92 445 92 432 92 437 92 437 92 432 92 446 92 447 92 435 92 448 92 448 92 435 92 437 92 448 92 437 92 449 92 449 92 437 92 446 92 423 92 450 92 451 92 452 92 453 92 454 92 441 92 455 92 440 92 440 92 455 92 452 92 440 92 452 92 456 92 456 92 452 92 454 92 425 92 423 92 457 92 457 92 423 92 451 92 457 92 451 92 458 92 458 92 451 92 459 92 458 92 459 92 460 92 460 92 459 92 441 92 460 92 441 92 461 92 461 92 441 92 439 92 461 92 439 92 462 92 450 92 463 92 451 92 451 92 463 92 464 92 451 92 464 92 442 92 464 92 465 92 442 92 442 92 465 92 466 92 442 92 466 92 443 92 443 92 466 92 429 92 443 92 429 92 427 92 467 92 422 92 424 92 426 92 428 92 468 92 468 92 469 92 426 92 426 92 469 92 470 92 426 92 470 92 424 92 424 92 470 92 471 92 424 92 471 92 467 92 472 91 473 91 434 91 434 91 473 91 432 91 474 93 445 93 437 93 474 93 437 93 475 93 475 94 437 94 436 94 475 94 436 94 476 94 476 95 436 95 435 95 476 95 435 95 477 95 477 96 435 96 447 96 477 96 447 96 478 96 478 97 447 97 448 97 478 97 448 97 479 97 479 98 448 98 449 98 479 98 449 98 480 98 480 99 449 99 446 99 480 99 446 99 481 99 481 100 446 100 432 100 481 100 432 100 473 100 474 91 482 91 445 91 445 91 482 91 444 91 482 101 483 101 444 101 444 101 483 101 442 101 483 102 484 102 442 102 442 102 484 102 451 102 484 103 485 103 451 103 451 103 485 103 459 103 485 90 486 90 459 90 459 90 486 90 441 90 487 104 439 104 438 104 487 104 438 104 488 104 488 105 438 105 440 105 488 105 440 105 489 105 489 106 440 106 456 106 489 106 456 106 490 106 490 107 456 107 454 107 490 107 454 107 491 107 491 108 454 108 453 108 491 108 453 108 492 108 492 109 453 109 452 109 492 109 452 109 493 109 493 110 452 110 455 110 493 110 455 110 494 110 494 111 455 111 441 111 494 111 441 111 486 111 487 90 495 90 439 90 439 90 495 90 462 90 495 102 496 102 462 102 462 102 496 102 461 102 496 112 497 112 461 112 461 112 497 112 460 112 497 91 498 91 460 91 460 91 498 91 458 91 498 113 499 113 458 113 458 113 499 113 457 113 425 114 457 114 424 114 424 114 457 114 499 114 424 114 499 114 426 114 426 114 499 114 500 114 426 114 500 114 427 114 427 114 500 114 443 114 500 115 501 115 443 115 443 115 501 115 430 115 501 90 502 90 430 90 430 90 502 90 431 90 502 116 503 116 431 116 431 116 503 116 433 116 503 102 472 102 433 102 433 102 472 102 434 102 429 117 466 117 428 117 428 117 466 117 504 117 428 118 504 118 468 118 468 118 504 118 505 118 468 119 505 119 469 119 469 119 505 119 506 119 469 120 506 120 470 120 470 120 506 120 507 120 470 121 507 121 471 121 471 121 507 121 508 121 471 122 508 122 467 122 467 122 508 122 509 122 467 123 509 123 422 123 422 123 509 123 510 123 422 124 510 124 511 124 423 124 422 124 450 124 450 124 422 124 511 124 450 125 511 125 463 125 463 125 511 125 512 125 463 126 512 126 464 126 464 126 512 126 513 126 464 127 513 127 465 127 465 127 513 127 514 127 465 128 514 128 466 128 466 128 514 128 515 128 466 117 515 117 504 117 493 129 494 129 486 129 486 129 496 129 487 129 487 129 496 129 495 129 503 129 502 129 501 129 473 129 474 129 475 129 491 129 492 129 490 129 490 129 492 129 493 129 490 129 493 129 489 129 489 129 493 129 486 129 489 129 486 129 488 129 488 129 486 129 487 129 498 129 485 129 484 129 485 129 498 129 486 129 486 129 498 129 497 129 486 129 497 129 496 129 500 129 483 129 501 129 501 129 483 129 482 129 472 129 503 129 473 129 473 129 503 129 501 129 473 129 501 129 474 129 474 129 501 129 482 129 484 129 483 129 513 129 513 129 483 129 514 129 477 129 478 129 479 129 509 129 499 129 510 129 510 129 499 129 498 129 510 129 498 129 511 129 511 129 498 129 484 129 511 129 484 129 512 129 512 129 484 129 513 129 475 129 476 129 473 129 473 129 476 129 477 129 473 129 477 129 481 129 481 129 477 129 479 129 481 129 479 129 480 129 506 129 500 129 507 129 507 129 500 129 499 129 507 129 499 129 508 129 508 129 499 129 509 129 506 129 505 129 500 129 500 129 505 129 504 129 500 129 504 129 483 129 483 129 504 129 515 129 483 129 515 129 514 129 516 90 517 90 518 90 518 90 517 90 519 90 520 91 521 91 522 91 522 91 521 91 523 91 524 129 525 129 526 129 527 129 528 129 529 129 524 129 526 129 530 129 530 129 526 129 531 129 530 129 531 129 532 129 533 129 529 129 534 129 534 129 529 129 528 129 534 129 528 129 535 129 527 129 536 129 528 129 528 129 536 129 537 129 528 129 537 129 538 129 539 129 540 129 541 129 541 129 540 129 542 129 541 129 542 129 532 129 532 129 542 129 543 129 532 129 543 129 530 129 544 129 545 129 546 129 546 129 545 129 547 129 546 129 547 129 530 129 530 129 547 129 548 129 530 129 548 129 524 129 521 129 549 129 550 129 551 129 552 129 553 129 553 129 552 129 528 129 553 129 528 129 554 129 554 129 528 129 538 129 523 129 521 129 555 129 555 129 521 129 550 129 555 129 550 129 529 129 529 129 550 129 556 129 529 129 556 129 527 129 549 129 557 129 550 129 550 129 557 129 558 129 550 129 558 129 544 129 558 129 559 129 544 129 544 129 559 129 560 129 544 129 560 129 545 129 545 129 560 129 519 129 545 129 519 129 517 129 561 129 520 129 522 129 561 129 522 129 562 129 518 129 563 129 516 129 516 129 563 129 564 129 516 129 564 129 522 129 522 129 564 129 565 129 522 129 565 129 562 129 566 90 567 90 533 90 533 90 567 90 529 90 568 116 566 116 534 116 534 116 566 116 533 116 569 102 568 102 535 102 535 102 568 102 534 102 570 91 569 91 528 91 528 91 569 91 535 91 527 93 571 93 572 93 527 93 572 93 536 93 536 94 572 94 573 94 536 94 573 94 537 94 537 95 573 95 574 95 537 95 574 95 538 95 538 96 574 96 575 96 538 96 575 96 554 96 554 97 575 97 576 97 554 97 576 97 553 97 553 98 576 98 577 98 553 98 577 98 551 98 551 99 577 99 578 99 551 99 578 99 552 99 552 100 578 100 570 100 552 100 570 100 528 100 579 91 571 91 556 91 556 91 571 91 527 91 580 101 579 101 550 101 550 101 579 101 556 101 581 102 580 102 544 102 544 102 580 102 550 102 582 103 581 103 546 103 546 103 581 103 544 103 583 90 582 90 530 90 530 90 582 90 546 90 526 104 584 104 585 104 526 104 585 104 531 104 531 105 585 105 586 105 531 105 586 105 532 105 532 106 586 106 587 106 532 106 587 106 541 106 541 107 587 107 588 107 541 107 588 107 539 107 539 108 588 108 589 108 539 108 589 108 540 108 540 109 589 109 590 109 540 109 590 109 542 109 542 110 590 110 591 110 542 110 591 110 543 110 543 111 591 111 583 111 543 111 583 111 530 111 592 90 584 90 525 90 525 90 584 90 526 90 593 102 592 102 524 102 524 102 592 102 525 102 594 112 593 112 548 112 548 112 593 112 524 112 595 91 594 91 547 91 547 91 594 91 548 91 596 113 595 113 545 113 545 113 595 113 547 113 523 114 555 114 522 114 522 114 555 114 597 114 522 114 597 114 516 114 516 114 597 114 596 114 516 114 596 114 517 114 517 114 596 114 545 114 567 115 597 115 529 115 529 115 597 115 555 115 519 124 560 124 518 124 518 124 560 124 598 124 518 123 598 123 563 123 563 123 598 123 599 123 563 122 599 122 564 122 564 122 599 122 600 122 564 121 600 121 565 121 565 121 600 121 601 121 565 120 601 120 562 120 562 120 601 120 602 120 562 119 602 119 561 119 561 119 602 119 603 119 561 118 603 118 520 118 520 118 603 118 604 118 520 117 604 117 605 117 521 117 520 117 549 117 549 117 520 117 605 117 549 128 605 128 557 128 557 128 605 128 606 128 557 127 606 127 558 127 558 127 606 127 607 127 558 126 607 126 559 126 559 126 607 126 608 126 559 125 608 125 560 125 560 125 608 125 609 125 560 124 609 124 598 124 568 92 569 92 570 92 566 92 568 92 571 92 583 92 591 92 584 92 584 92 591 92 590 92 590 92 589 92 588 92 571 92 568 92 572 92 572 92 568 92 570 92 572 92 570 92 573 92 585 92 584 92 586 92 586 92 584 92 590 92 586 92 590 92 587 92 587 92 590 92 588 92 577 92 576 92 578 92 578 92 576 92 575 92 578 92 575 92 570 92 570 92 575 92 574 92 570 92 574 92 573 92 566 92 571 92 567 92 567 92 571 92 579 92 567 92 579 92 580 92 596 92 581 92 595 92 595 92 581 92 582 92 595 92 582 92 594 92 594 92 582 92 583 92 594 92 583 92 593 92 593 92 583 92 584 92 593 92 584 92 592 92 599 92 598 92 596 92 580 92 581 92 607 92 607 92 581 92 608 92 603 92 597 92 604 92 604 92 597 92 567 92 604 92 567 92 605 92 605 92 567 92 580 92 605 92 580 92 606 92 606 92 580 92 607 92 596 92 598 92 581 92 581 92 598 92 609 92 581 92 609 92 608 92 603 92 602 92 597 92 597 92 602 92 601 92 597 92 601 92 596 92 596 92 601 92 600 92 596 92 600 92 599 92 503 116 502 116 610 116 610 116 502 116 611 116 501 115 500 115 612 115 612 115 500 115 613 115 499 113 498 113 614 113 614 113 498 113 615 113 497 112 496 112 616 112 616 112 496 112 617 112 486 90 485 90 618 90 618 90 485 90 619 90 495 90 487 90 620 90 620 90 487 90 621 90 483 101 482 101 622 101 622 101 482 101 623 101 485 103 484 103 619 103 619 103 484 103 624 103 473 91 472 91 625 91 625 91 472 91 626 91 482 91 474 91 623 91 623 91 474 91 627 91 487 92 495 92 496 92 503 92 472 92 473 92 503 92 473 92 474 92 474 92 473 92 628 92 474 92 628 92 629 92 630 92 631 92 632 92 632 92 631 92 628 92 632 92 628 92 633 92 633 92 628 92 473 92 501 92 482 92 483 92 499 92 484 92 498 92 498 92 484 92 485 92 498 92 485 92 497 92 497 92 485 92 486 92 497 92 486 92 496 92 496 92 486 92 487 92 487 92 486 92 634 92 487 92 634 92 635 92 636 92 637 92 638 92 638 92 637 92 487 92 638 92 487 92 639 92 639 92 487 92 635 92 482 92 501 92 474 92 474 92 501 92 502 92 474 92 502 92 503 92 508 92 499 92 507 92 507 92 499 92 500 92 507 92 500 92 506 92 483 92 484 92 513 92 513 92 484 92 512 92 513 92 514 92 483 92 483 92 514 92 515 92 483 92 515 92 501 92 501 92 515 92 504 92 501 92 504 92 500 92 500 92 504 92 505 92 500 92 505 92 506 92 508 92 509 92 499 92 499 92 509 92 510 92 499 92 510 92 484 92 484 92 510 92 511 92 484 92 511 92 512 92 472 102 503 102 626 102 626 102 503 102 610 102 502 90 501 90 611 90 611 90 501 90 612 90 500 114 499 114 613 114 613 114 499 114 614 114 498 91 497 91 615 91 615 91 497 91 616 91 496 102 495 102 617 102 617 102 495 102 620 102 621 130 487 130 637 130 621 130 637 130 640 130 640 131 637 131 636 131 640 131 636 131 641 131 641 132 636 132 638 132 641 132 638 132 642 132 642 90 638 90 639 90 642 90 639 90 643 90 643 133 639 133 635 133 643 133 635 133 644 133 644 134 635 134 634 134 644 134 634 134 645 134 645 135 634 135 486 135 645 135 486 135 618 135 484 102 483 102 624 102 624 102 483 102 622 102 627 136 474 136 629 136 627 136 629 136 646 136 646 137 629 137 628 137 646 137 628 137 647 137 647 138 628 138 631 138 647 138 631 138 648 138 648 91 631 91 630 91 648 91 630 91 649 91 649 139 630 139 632 139 649 139 632 139 650 139 650 140 632 140 633 140 650 140 633 140 651 140 651 141 633 141 473 141 651 141 473 141 625 141 652 117 504 117 653 117 653 117 504 117 515 117 653 128 515 128 654 128 654 128 515 128 514 128 654 127 514 127 655 127 655 127 514 127 513 127 655 126 513 126 656 126 656 126 513 126 512 126 656 125 512 125 657 125 657 125 512 125 511 125 657 124 511 124 658 124 658 124 511 124 510 124 658 123 510 123 659 123 659 123 510 123 509 123 659 122 509 122 660 122 660 122 509 122 508 122 660 121 508 121 661 121 661 121 508 121 507 121 661 120 507 120 662 120 662 120 507 120 506 120 662 119 506 119 663 119 663 119 506 119 505 119 663 118 505 118 652 118 652 118 505 118 504 118 617 129 620 129 621 129 641 129 642 129 640 129 640 129 642 129 643 129 627 129 646 129 625 129 625 129 646 129 647 129 651 129 625 129 650 129 650 129 625 129 647 129 650 129 647 129 649 129 649 129 647 129 648 129 645 129 618 129 644 129 644 129 618 129 617 129 644 129 617 129 643 129 643 129 617 129 621 129 643 129 621 129 640 129 615 129 619 129 624 129 619 129 615 129 618 129 618 129 615 129 616 129 618 129 616 129 617 129 613 129 622 129 612 129 612 129 622 129 623 129 612 129 623 129 611 129 611 129 623 129 627 129 611 129 627 129 610 129 610 129 627 129 625 129 610 129 625 129 626 129 659 129 614 129 658 129 658 129 614 129 615 129 658 129 615 129 657 129 657 129 615 129 624 129 657 129 624 129 656 129 662 129 613 129 661 129 661 129 613 129 614 129 661 129 614 129 660 129 660 129 614 129 659 129 656 129 624 129 655 129 655 129 624 129 622 129 655 129 622 129 654 129 662 129 663 129 613 129 613 129 663 129 652 129 613 129 652 129 622 129 622 129 652 129 653 129 622 129 653 129 654 129 664 142 665 142 666 142 664 143 667 143 668 143 669 144 667 144 664 144 666 145 669 145 664 145 664 146 670 146 671 146 672 147 670 147 664 147 668 148 672 148 664 148 664 149 673 149 674 149 675 150 673 150 664 150 671 151 675 151 664 151 664 152 676 152 677 152 678 153 676 153 664 153 674 154 678 154 664 154 677 155 665 155 664 155 679 142 680 142 681 142 679 156 682 156 683 156 684 157 682 157 679 157 681 145 684 145 679 145 679 146 685 146 686 146 687 147 685 147 679 147 683 158 687 158 679 158 679 159 688 159 689 159 690 150 688 150 679 150 686 151 690 151 679 151 679 152 691 152 692 152 693 160 691 160 679 160 689 161 693 161 679 161 692 155 680 155 679 155 694 162 695 162 696 162 694 143 697 143 698 143 699 144 697 144 694 144 696 163 699 163 694 163 694 164 700 164 701 164 702 165 700 165 694 165 698 148 702 148 694 148 694 149 703 149 704 149 705 166 703 166 694 166 701 167 705 167 694 167 694 168 706 168 707 168 708 153 706 153 694 153 704 154 708 154 694 154 707 169 695 169 694 169 709 162 710 162 711 162 709 156 712 156 713 156 714 157 712 157 709 157 711 163 714 163 709 163 709 164 715 164 716 164 717 165 715 165 709 165 713 158 717 158 709 158 709 159 718 159 719 159 720 166 718 166 709 166 716 167 720 167 709 167 709 168 721 168 722 168 723 160 721 160 709 160 719 161 723 161 709 161 722 169 710 169 709 169 724 170 725 170 726 170 726 170 725 170 727 170 665 171 728 171 666 171 666 171 728 171 729 171 666 172 729 172 669 172 669 172 729 172 730 172 669 173 730 173 667 173 667 173 730 173 731 173 667 129 731 129 668 129 668 129 731 129 732 129 668 174 732 174 672 174 672 174 732 174 733 174 672 175 733 175 670 175 670 175 733 175 734 175 670 176 734 176 671 176 671 176 734 176 735 176 671 177 735 177 675 177 675 177 735 177 736 177 675 178 736 178 673 178 673 178 736 178 737 178 673 179 737 179 674 179 674 179 737 179 738 179 674 92 738 92 678 92 678 92 738 92 739 92 678 180 739 180 676 180 676 180 739 180 740 180 676 181 740 181 677 181 677 181 740 181 741 181 677 182 741 182 665 182 665 182 741 182 728 182 680 171 742 171 681 171 681 171 742 171 743 171 681 172 743 172 684 172 684 172 743 172 744 172 684 183 744 183 682 183 682 183 744 183 745 183 682 129 745 129 683 129 683 129 745 129 746 129 683 184 746 184 687 184 687 184 746 184 747 184 687 175 747 175 685 175 685 175 747 175 748 175 685 176 748 176 686 176 686 176 748 176 749 176 686 177 749 177 690 177 690 177 749 177 750 177 690 178 750 178 688 178 688 178 750 178 751 178 688 185 751 185 689 185 689 185 751 185 752 185 689 92 752 92 693 92 693 92 752 92 753 92 693 186 753 186 691 186 691 186 753 186 754 186 691 181 754 181 692 181 692 181 754 181 755 181 692 182 755 182 680 182 680 182 755 182 742 182 695 187 756 187 696 187 696 187 756 187 757 187 696 188 757 188 699 188 699 188 757 188 758 188 699 173 758 173 697 173 697 173 758 173 759 173 697 129 759 129 698 129 698 129 759 129 760 129 698 174 760 174 702 174 702 174 760 174 761 174 702 189 761 189 700 189 700 189 761 189 762 189 700 190 762 190 701 190 701 190 762 190 763 190 701 191 763 191 705 191 705 191 763 191 764 191 705 192 764 192 703 192 703 192 764 192 765 192 703 179 765 179 704 179 704 179 765 179 766 179 704 92 766 92 708 92 708 92 766 92 767 92 708 180 767 180 706 180 706 180 767 180 768 180 706 193 768 193 707 193 707 193 768 193 769 193 707 194 769 194 695 194 695 194 769 194 756 194 710 187 770 187 711 187 711 187 770 187 771 187 711 188 771 188 714 188 714 188 771 188 772 188 714 183 772 183 712 183 712 183 772 183 773 183 712 129 773 129 713 129 713 129 773 129 774 129 713 184 774 184 717 184 717 184 774 184 775 184 717 189 775 189 715 189 715 189 775 189 776 189 715 190 776 190 716 190 716 190 776 190 777 190 716 191 777 191 720 191 720 191 777 191 778 191 720 192 778 192 718 192 718 192 778 192 779 192 718 185 779 185 719 185 719 185 779 185 780 185 719 92 780 92 723 92 723 92 780 92 781 92 723 186 781 186 721 186 721 186 781 186 782 186 721 193 782 193 722 193 722 193 782 193 783 193 722 194 783 194 710 194 710 194 783 194 770 194 784 195 785 195 786 195 786 195 785 195 787 195 788 196 789 196 790 196 790 196 789 196 791 196 790 197 791 197 792 197 792 197 791 197 793 197 792 198 793 198 794 198 794 198 793 198 795 198 794 199 795 199 796 199 796 199 795 199 797 199 796 200 797 200 798 200 798 200 797 200 799 200 798 201 799 201 800 201 800 201 799 201 801 201 802 202 803 202 804 202 804 202 803 202 805 202 806 91 807 91 627 91 627 91 807 91 623 91 808 91 809 91 626 91 626 91 809 91 625 91 810 103 811 103 624 103 624 103 811 103 619 103 807 101 812 101 623 101 623 101 812 101 622 101 811 90 813 90 619 90 619 90 813 90 618 90 814 203 815 203 816 203 816 203 815 203 817 203 818 90 819 90 621 90 621 90 819 90 620 90 726 91 727 91 814 91 814 91 727 91 815 91 820 114 754 114 753 114 725 114 747 114 746 114 725 114 733 114 732 114 820 114 753 114 724 114 724 114 753 114 752 114 724 114 752 114 751 114 751 114 750 114 724 114 724 114 750 114 749 114 724 114 749 114 725 114 725 114 749 114 748 114 725 114 748 114 747 114 744 114 743 114 821 114 821 114 743 114 742 114 821 114 742 114 820 114 820 114 742 114 755 114 820 114 755 114 754 114 725 114 732 114 821 114 821 114 732 114 731 114 821 114 731 114 730 114 730 114 729 114 821 114 821 114 729 114 728 114 821 114 728 114 744 114 737 114 736 114 746 114 746 114 736 114 735 114 746 114 735 114 725 114 725 114 735 114 734 114 725 114 734 114 733 114 728 114 741 114 744 114 744 114 741 114 740 114 744 114 740 114 745 114 745 114 740 114 739 114 745 114 739 114 746 114 746 114 739 114 738 114 746 114 738 114 737 114 786 114 782 114 781 114 786 114 781 114 822 114 822 114 781 114 780 114 822 114 780 114 779 114 822 114 766 114 765 114 772 114 768 114 767 114 772 114 771 114 787 114 787 114 771 114 770 114 787 114 770 114 786 114 786 114 770 114 783 114 786 114 783 114 782 114 776 114 766 114 777 114 777 114 766 114 822 114 777 114 822 114 778 114 778 114 822 114 779 114 758 114 757 114 787 114 787 114 757 114 756 114 787 114 756 114 772 114 772 114 756 114 769 114 772 114 769 114 768 114 765 114 764 114 822 114 822 114 764 114 763 114 822 114 763 114 823 114 823 114 763 114 762 114 762 114 761 114 823 114 823 114 761 114 760 114 823 114 760 114 787 114 787 114 760 114 759 114 787 114 759 114 758 114 776 114 775 114 766 114 766 114 775 114 774 114 766 114 774 114 767 114 767 114 774 114 773 114 767 114 773 114 772 114 800 90 801 90 784 90 784 90 801 90 785 90 804 90 805 90 788 90 788 90 805 90 789 90 802 102 808 102 803 102 803 102 808 102 626 102 806 204 627 204 824 204 806 204 824 204 825 204 825 205 824 205 826 205 825 205 826 205 827 205 827 206 826 206 828 206 827 206 828 206 829 206 829 207 828 207 830 207 829 207 830 207 831 207 831 208 830 208 832 208 831 208 832 208 833 208 833 209 832 209 625 209 833 209 625 209 809 209 812 102 810 102 622 102 622 102 810 102 624 102 818 210 621 210 834 210 818 210 834 210 835 210 835 211 834 211 836 211 835 211 836 211 837 211 837 212 836 212 838 212 837 212 838 212 839 212 839 213 838 213 840 213 839 213 840 213 841 213 841 214 840 214 842 214 841 214 842 214 843 214 843 215 842 215 618 215 843 215 618 215 813 215 819 102 816 102 620 102 620 102 816 102 817 102 822 91 823 91 844 91 844 91 823 91 845 91 799 92 797 92 845 92 621 92 620 92 817 92 725 92 821 92 846 92 785 92 801 92 787 92 787 92 801 92 799 92 787 92 799 92 823 92 823 92 799 92 845 92 803 92 626 92 625 92 826 92 824 92 828 92 828 92 824 92 627 92 828 92 627 92 830 92 803 92 625 92 627 92 627 92 625 92 832 92 627 92 832 92 830 92 627 92 623 92 797 92 797 92 623 92 845 92 845 92 623 92 622 92 845 92 622 92 846 92 846 92 622 92 624 92 846 92 624 92 619 92 842 92 621 92 618 92 618 92 621 92 817 92 618 92 817 92 619 92 619 92 817 92 815 92 619 92 815 92 846 92 846 92 815 92 727 92 846 92 727 92 725 92 836 92 834 92 838 92 838 92 834 92 621 92 838 92 621 92 840 92 840 92 621 92 842 92 789 92 805 92 791 92 791 92 805 92 803 92 791 92 803 92 793 92 793 92 803 92 627 92 793 92 627 92 795 92 795 92 627 92 797 92 847 90 846 90 820 90 820 90 846 90 821 90 809 129 808 129 802 129 844 129 796 129 822 129 822 129 796 129 798 129 798 129 800 129 822 129 822 129 800 129 784 129 822 129 784 129 786 129 726 129 814 129 724 129 724 129 814 129 847 129 724 129 847 129 820 129 818 129 835 129 837 129 843 129 813 129 841 129 841 129 813 129 818 129 841 129 818 129 839 129 839 129 818 129 837 129 802 129 804 129 788 129 831 129 833 129 829 129 829 129 833 129 809 129 829 129 809 129 827 129 788 129 790 129 802 129 802 129 790 129 806 129 802 129 806 129 809 129 809 129 806 129 825 129 809 129 825 129 827 129 819 129 818 129 816 129 816 129 818 129 813 129 816 129 813 129 814 129 814 129 813 129 811 129 814 129 811 129 847 129 847 129 811 129 810 129 847 129 810 129 844 129 844 129 810 129 812 129 844 129 812 129 796 129 796 129 812 129 807 129 796 129 807 129 794 129 794 129 807 129 806 129 794 129 806 129 792 129 792 129 806 129 790 129 844 114 845 114 847 114 847 114 845 114 846 114 566 116 568 116 848 116 848 116 568 116 849 116 571 91 579 91 806 91 806 91 579 91 807 91 569 91 570 91 808 91 808 91 570 91 809 91 581 103 582 103 810 103 810 103 582 103 811 103 579 101 580 101 807 101 807 101 580 101 812 101 582 90 583 90 811 90 811 90 583 90 813 90 584 90 592 90 818 90 818 90 592 90 819 90 593 112 594 112 850 112 850 112 594 112 851 112 597 115 567 115 852 115 852 115 567 115 853 115 595 113 596 113 854 113 854 113 596 113 855 113 856 129 583 129 584 129 584 129 583 129 593 129 584 129 593 129 592 129 857 129 858 129 859 129 859 129 858 129 583 129 859 129 583 129 860 129 860 129 583 129 856 129 860 129 856 129 861 129 595 129 582 129 581 129 571 129 862 129 570 129 570 129 862 129 863 129 570 129 863 129 864 129 582 129 595 129 583 129 583 129 595 129 594 129 583 129 594 129 593 129 865 129 866 129 863 129 863 129 866 129 867 129 863 129 867 129 864 129 581 129 609 129 595 129 595 129 609 129 598 129 595 129 598 129 596 129 596 129 598 129 599 129 599 129 600 129 596 129 596 129 600 129 601 129 596 129 601 129 597 129 597 129 601 129 602 129 597 129 602 129 603 129 604 129 605 129 580 129 605 129 606 129 580 129 580 129 606 129 607 129 580 129 607 129 581 129 581 129 607 129 608 129 581 129 608 129 609 129 603 129 604 129 597 129 597 129 604 129 580 129 597 129 580 129 567 129 567 129 580 129 579 129 567 129 579 129 566 129 566 129 579 129 571 129 566 129 571 129 568 129 568 129 571 129 570 129 568 129 570 129 569 129 567 90 566 90 853 90 853 90 566 90 848 90 568 102 569 102 849 102 849 102 569 102 808 102 571 136 806 136 868 136 571 136 868 136 862 136 862 137 868 137 869 137 862 137 869 137 863 137 863 138 869 138 870 138 863 138 870 138 865 138 865 91 870 91 871 91 865 91 871 91 866 91 866 139 871 139 872 139 866 139 872 139 867 139 867 140 872 140 873 140 867 140 873 140 864 140 864 141 873 141 809 141 864 141 809 141 570 141 580 102 581 102 812 102 812 102 581 102 810 102 584 130 818 130 874 130 584 130 874 130 856 130 856 131 874 131 875 131 856 131 875 131 861 131 861 132 875 132 876 132 861 132 876 132 860 132 860 90 876 90 877 90 860 90 877 90 859 90 859 133 877 133 878 133 859 133 878 133 857 133 857 134 878 134 879 134 857 134 879 134 858 134 858 135 879 135 813 135 858 135 813 135 583 135 592 102 593 102 819 102 819 102 593 102 850 102 594 91 595 91 851 91 851 91 595 91 854 91 596 114 597 114 855 114 855 114 597 114 852 114 880 124 598 124 881 124 881 124 598 124 609 124 881 125 609 125 882 125 882 125 609 125 608 125 882 126 608 126 883 126 883 126 608 126 607 126 883 127 607 127 884 127 884 127 607 127 606 127 884 128 606 128 885 128 885 128 606 128 605 128 885 117 605 117 886 117 886 117 605 117 604 117 886 118 604 118 887 118 887 118 604 118 603 118 887 119 603 119 888 119 888 119 603 119 602 119 888 120 602 120 889 120 889 120 602 120 601 120 889 121 601 121 890 121 890 121 601 121 600 121 890 122 600 122 891 122 891 122 600 122 599 122 891 123 599 123 880 123 880 123 599 123 598 123 849 92 808 92 809 92 883 92 812 92 810 92 849 92 809 92 806 92 806 92 809 92 869 92 806 92 869 92 868 92 871 92 870 92 872 92 872 92 870 92 869 92 872 92 869 92 873 92 873 92 869 92 809 92 813 92 879 92 818 92 818 92 879 92 878 92 853 92 807 92 812 92 874 92 818 92 875 92 875 92 818 92 878 92 875 92 878 92 876 92 876 92 878 92 877 92 807 92 853 92 806 92 806 92 853 92 848 92 806 92 848 92 849 92 880 92 881 92 810 92 810 92 881 92 882 92 810 92 882 92 883 92 887 92 852 92 886 92 886 92 852 92 853 92 886 92 853 92 885 92 885 92 853 92 812 92 885 92 812 92 884 92 884 92 812 92 883 92 887 92 888 92 852 92 852 92 888 92 889 92 852 92 889 92 855 92 855 92 889 92 890 92 855 92 890 92 891 92 891 92 880 92 855 92 855 92 880 92 810 92 855 92 810 92 854 92 854 92 810 92 811 92 854 92 811 92 851 92 851 92 811 92 813 92 851 92 813 92 850 92 850 92 813 92 818 92 850 92 818 92 819 92 892 216 893 216 894 216 895 216 896 216 897 216 898 216 899 216 900 216 895 216 897 216 901 216 901 216 897 216 898 216 901 216 898 216 902 216 903 216 904 216 905 216 905 216 904 216 897 216 905 216 897 216 906 216 906 216 897 216 896 216 903 216 907 216 904 216 904 216 907 216 908 216 904 216 908 216 909 216 909 216 910 216 904 216 904 216 910 216 911 216 904 216 911 216 894 216 894 216 911 216 912 216 894 216 912 216 892 216 900 216 913 216 898 216 898 216 913 216 914 216 898 216 914 216 902 216 902 216 914 216 915 216 893 216 916 216 917 216 918 216 919 216 893 216 893 216 919 216 920 216 893 216 920 216 916 216 915 216 921 216 902 216 902 216 921 216 919 216 902 216 919 216 922 216 922 216 919 216 918 216 917 216 923 216 893 216 893 216 923 216 924 216 893 216 924 216 894 216 894 216 924 216 925 216 894 216 925 216 926 216 926 216 927 216 894 216 894 216 927 216 928 216 894 216 928 216 898 216 898 216 928 216 929 216 898 216 929 216 899 216 930 217 931 217 932 217 897 217 933 217 934 217 935 217 936 217 930 217 937 217 938 217 930 217 930 217 938 217 939 217 930 217 939 217 931 217 936 217 940 217 930 217 930 217 940 217 941 217 930 217 941 217 942 217 942 217 943 217 930 217 930 217 943 217 944 217 930 217 944 217 945 217 945 217 944 217 946 217 945 217 946 217 947 217 947 217 948 217 945 217 945 217 948 217 949 217 945 217 949 217 897 217 897 217 949 217 950 217 897 217 950 217 951 217 935 217 930 217 952 217 952 217 930 217 932 217 952 217 932 217 953 217 953 217 932 217 954 217 953 217 954 217 955 217 897 217 934 217 898 217 898 217 934 217 956 217 898 217 956 217 957 217 951 217 958 217 897 217 897 217 958 217 959 217 897 217 959 217 953 217 957 217 960 217 898 217 898 217 960 217 961 217 898 217 961 217 930 217 930 217 961 217 962 217 930 217 962 217 937 217 955 217 963 217 953 217 953 217 963 217 964 217 953 217 964 217 897 217 897 217 964 217 965 217 897 217 965 217 933 217 966 218 967 218 968 218 945 218 969 218 970 218 971 218 972 218 930 218 930 218 972 218 973 218 968 218 967 218 974 218 974 218 967 218 975 218 974 218 975 218 976 218 968 218 977 218 966 218 966 218 977 218 978 218 966 218 978 218 979 218 979 218 980 218 966 218 966 218 980 218 981 218 966 218 981 218 945 218 945 218 981 218 982 218 945 218 982 218 969 218 983 218 984 218 985 218 985 218 984 218 971 218 985 218 971 218 986 218 986 218 971 218 930 218 986 218 930 218 987 218 973 218 988 218 930 218 930 218 988 218 989 218 930 218 989 218 967 218 967 218 989 218 990 218 967 218 990 218 991 218 991 218 992 218 967 218 967 218 992 218 993 218 967 218 993 218 975 218 976 218 994 218 974 218 974 218 994 218 995 218 974 218 995 218 996 218 996 218 995 218 997 218 996 218 997 218 985 218 985 218 997 218 998 218 985 218 998 218 983 218 970 218 999 218 945 218 945 218 999 218 1000 218 945 218 1000 218 930 218 930 218 1000 218 1001 218 930 218 1001 218 987 218 1002 219 1003 219 894 219 894 219 1003 219 1004 219 894 219 1004 219 1005 219 904 219 1006 219 1007 219 1006 219 904 219 1008 219 1008 219 904 219 894 219 1008 219 894 219 1009 219 1009 219 894 219 1005 219 1009 219 1005 219 1010 219 1011 219 1012 219 1013 219 1007 219 1014 219 904 219 904 219 1014 219 1015 219 904 219 1015 219 966 219 1015 219 1016 219 966 219 966 219 1016 219 1017 219 966 219 1017 219 1018 219 967 219 1019 219 894 219 894 219 1019 219 1020 219 894 219 1020 219 1002 219 1013 219 1021 219 1011 219 1011 219 1021 219 1022 219 1011 219 1022 219 1023 219 1023 219 1022 219 1024 219 1023 219 1024 219 1010 219 1010 219 1024 219 1025 219 1010 219 1025 219 1009 219 1026 219 1027 219 966 219 966 219 1027 219 1028 219 966 219 1028 219 967 219 967 219 1028 219 1029 219 967 219 1029 219 1030 219 1030 219 1031 219 967 219 967 219 1031 219 1032 219 967 219 1032 219 1019 219 1018 219 1033 219 966 219 966 219 1033 219 1034 219 966 219 1034 219 1026 219 1026 219 1034 219 1012 219 1026 219 1012 219 1035 219 1035 219 1012 219 1011 219 930 220 967 220 898 220 898 220 967 220 894 220 966 221 945 221 904 221 904 221 945 221 897 221 1034 222 944 222 1012 222 1012 222 944 222 943 222 1012 223 943 223 1013 223 1013 223 943 223 942 223 1013 224 942 224 1021 224 1021 224 942 224 941 224 1021 225 941 225 1022 225 1022 225 941 225 940 225 1022 226 940 226 1024 226 1024 226 940 226 936 226 1024 227 936 227 1025 227 1025 227 936 227 935 227 1025 228 935 228 1009 228 1009 228 935 228 952 228 1009 229 952 229 1008 229 1008 229 952 229 953 229 1008 218 953 218 1006 218 1006 218 953 218 959 218 1006 230 959 230 1007 230 1007 230 959 230 958 230 1007 231 958 231 1014 231 1014 231 958 231 951 231 1014 232 951 232 1015 232 1015 232 951 232 950 232 1015 233 950 233 1016 233 1016 233 950 233 949 233 1016 234 949 234 1017 234 1017 234 949 234 948 234 1017 235 948 235 1018 235 1018 235 948 235 947 235 1018 236 947 236 1033 236 1033 236 947 236 946 236 1033 237 946 237 1034 237 1034 237 946 237 944 237 1029 238 931 238 1030 238 1030 238 931 238 939 238 1030 223 939 223 1031 223 1031 223 939 223 938 223 1031 239 938 239 1032 239 1032 239 938 239 937 239 1032 240 937 240 1019 240 1019 240 937 240 962 240 1019 241 962 241 1020 241 1020 241 962 241 961 241 1020 227 961 227 1002 227 1002 227 961 227 960 227 1002 228 960 228 1003 228 1003 228 960 228 957 228 1003 242 957 242 1004 242 1004 242 957 242 956 242 1004 218 956 218 1005 218 1005 218 956 218 934 218 1005 243 934 243 1010 243 1010 243 934 243 933 243 1010 231 933 231 1023 231 1023 231 933 231 965 231 1023 232 965 232 1011 232 1011 232 965 232 964 232 1011 244 964 244 1035 244 1035 244 964 244 963 244 1035 245 963 245 1026 245 1026 245 963 245 955 245 1026 246 955 246 1027 246 1027 246 955 246 954 246 1027 236 954 236 1028 236 1028 236 954 236 932 236 1028 247 932 247 1029 247 1029 247 932 247 931 247 924 248 975 248 925 248 925 248 975 248 993 248 925 249 993 249 926 249 926 249 993 249 992 249 926 250 992 250 927 250 927 250 992 250 991 250 927 251 991 251 928 251 928 251 991 251 990 251 928 252 990 252 929 252 929 252 990 252 989 252 929 253 989 253 899 253 899 253 989 253 988 253 899 254 988 254 900 254 900 254 988 254 973 254 900 255 973 255 913 255 913 255 973 255 972 255 913 219 972 219 914 219 914 219 972 219 971 219 914 256 971 256 915 256 915 256 971 256 984 256 915 257 984 257 921 257 921 257 984 257 983 257 921 258 983 258 919 258 919 258 983 258 998 258 919 259 998 259 920 259 920 259 998 259 997 259 920 260 997 260 916 260 916 260 997 260 995 260 916 261 995 261 917 261 917 261 995 261 994 261 917 262 994 262 923 262 923 262 994 262 976 262 923 263 976 263 924 263 924 263 976 263 975 263 910 264 977 264 911 264 911 264 977 264 968 264 911 265 968 265 912 265 912 265 968 265 974 265 912 266 974 266 892 266 892 266 974 266 996 266 892 267 996 267 893 267 893 267 996 267 985 267 893 268 985 268 918 268 918 268 985 268 986 268 918 253 986 253 922 253 922 253 986 253 987 253 922 269 987 269 902 269 902 269 987 269 1001 269 902 255 1001 255 901 255 901 255 1001 255 1000 255 901 219 1000 219 895 219 895 219 1000 219 999 219 895 256 999 256 896 256 896 256 999 256 970 256 896 270 970 270 906 270 906 270 970 270 969 270 906 271 969 271 905 271 905 271 969 271 982 271 905 272 982 272 903 272 903 272 982 272 981 272 903 273 981 273 907 273 907 273 981 273 980 273 907 274 980 274 908 274 908 274 980 274 979 274 908 275 979 275 909 275 909 275 979 275 978 275 909 276 978 276 910 276 910 276 978 276 977 276 1036 277 1037 277 1038 277 1039 277 1040 277 1041 277 1042 278 1043 278 1044 278 1039 278 1041 278 1045 278 1045 277 1041 277 1042 277 1045 277 1042 277 1046 277 1047 278 1048 278 1049 278 1049 277 1048 277 1041 277 1049 277 1041 277 1050 277 1050 277 1041 277 1040 277 1047 278 1051 278 1048 278 1048 277 1051 277 1052 277 1048 277 1052 277 1053 277 1053 277 1054 277 1048 277 1048 277 1054 277 1055 277 1048 277 1055 277 1038 277 1038 277 1055 277 1056 277 1038 277 1056 277 1036 277 1044 277 1057 277 1042 277 1042 277 1057 277 1058 277 1042 278 1058 278 1046 278 1046 277 1058 277 1059 277 1037 278 1060 278 1061 278 1062 277 1063 277 1037 277 1037 277 1063 277 1064 277 1037 277 1064 277 1060 277 1059 277 1065 277 1046 277 1046 277 1065 277 1063 277 1046 277 1063 277 1066 277 1066 277 1063 277 1062 277 1061 277 1067 277 1037 277 1037 277 1067 277 1068 277 1037 277 1068 277 1038 277 1038 277 1068 277 1069 277 1038 277 1069 277 1070 277 1070 278 1071 278 1038 278 1038 277 1071 277 1072 277 1038 277 1072 277 1042 277 1042 278 1072 278 1073 278 1042 277 1073 277 1043 277 1074 279 1075 279 1076 279 1041 279 1077 279 1078 279 1079 280 1080 280 1074 280 1081 279 1082 279 1074 279 1074 279 1082 279 1083 279 1074 279 1083 279 1075 279 1080 280 1084 280 1074 280 1074 279 1084 279 1085 279 1074 279 1085 279 1086 279 1086 279 1087 279 1074 279 1074 279 1087 279 1088 279 1074 279 1088 279 1089 279 1089 279 1088 279 1090 279 1089 279 1090 279 1091 279 1091 279 1092 279 1089 279 1089 279 1092 279 1093 279 1089 279 1093 279 1041 279 1041 280 1093 280 1094 280 1041 279 1094 279 1095 279 1079 279 1074 279 1096 279 1096 279 1074 279 1076 279 1096 279 1076 279 1097 279 1097 279 1076 279 1098 279 1097 279 1098 279 1099 279 1041 279 1078 279 1042 279 1042 279 1078 279 1100 279 1042 279 1100 279 1101 279 1095 279 1102 279 1041 279 1041 279 1102 279 1103 279 1041 280 1103 280 1097 280 1101 279 1104 279 1042 279 1042 279 1104 279 1105 279 1042 279 1105 279 1074 279 1074 279 1105 279 1106 279 1074 279 1106 279 1081 279 1099 279 1107 279 1097 279 1097 279 1107 279 1108 279 1097 279 1108 279 1041 279 1041 279 1108 279 1109 279 1041 279 1109 279 1077 279 1110 281 1111 281 1112 281 1089 281 1113 281 1114 281 1115 281 1116 281 1074 281 1074 281 1116 281 1117 281 1112 281 1111 281 1118 281 1118 281 1111 281 1119 281 1118 281 1119 281 1120 281 1112 282 1121 282 1110 282 1110 281 1121 281 1122 281 1110 281 1122 281 1123 281 1123 281 1124 281 1110 281 1110 281 1124 281 1125 281 1110 281 1125 281 1089 281 1089 281 1125 281 1126 281 1089 281 1126 281 1113 281 1127 281 1128 281 1129 281 1129 281 1128 281 1115 281 1129 281 1115 281 1130 281 1130 281 1115 281 1074 281 1130 281 1074 281 1131 281 1117 282 1132 282 1074 282 1074 281 1132 281 1133 281 1074 281 1133 281 1111 281 1111 282 1133 282 1134 282 1111 281 1134 281 1135 281 1135 282 1136 282 1111 282 1111 281 1136 281 1137 281 1111 281 1137 281 1119 281 1120 281 1138 281 1118 281 1118 281 1138 281 1139 281 1118 281 1139 281 1140 281 1140 281 1139 281 1141 281 1140 281 1141 281 1129 281 1129 281 1141 281 1142 281 1129 281 1142 281 1127 281 1114 281 1143 281 1089 281 1089 282 1143 282 1144 282 1089 281 1144 281 1074 281 1074 281 1144 281 1145 281 1074 282 1145 282 1131 282 1146 283 1147 283 1038 283 1038 283 1147 283 1148 283 1038 283 1148 283 1149 283 1048 283 1150 283 1151 283 1150 284 1048 284 1152 284 1152 283 1048 283 1038 283 1152 284 1038 284 1153 284 1153 283 1038 283 1149 283 1153 283 1149 283 1154 283 1155 283 1156 283 1157 283 1151 284 1158 284 1048 284 1048 283 1158 283 1159 283 1048 283 1159 283 1110 283 1159 283 1160 283 1110 283 1110 283 1160 283 1161 283 1110 283 1161 283 1162 283 1111 283 1163 283 1038 283 1038 283 1163 283 1164 283 1038 283 1164 283 1146 283 1157 283 1165 283 1155 283 1155 284 1165 284 1166 284 1155 283 1166 283 1167 283 1167 283 1166 283 1168 283 1167 284 1168 284 1154 284 1154 283 1168 283 1169 283 1154 283 1169 283 1153 283 1170 283 1171 283 1110 283 1110 283 1171 283 1172 283 1110 283 1172 283 1111 283 1111 283 1172 283 1173 283 1111 283 1173 283 1174 283 1174 283 1175 283 1111 283 1111 283 1175 283 1176 283 1111 283 1176 283 1163 283 1162 283 1177 283 1110 283 1110 283 1177 283 1178 283 1110 284 1178 284 1170 284 1170 283 1178 283 1156 283 1170 283 1156 283 1179 283 1179 283 1156 283 1155 283 1074 285 1111 285 1042 285 1042 285 1111 285 1038 285 1110 286 1089 286 1048 286 1048 286 1089 286 1041 286 1178 287 1088 287 1156 287 1156 287 1088 287 1087 287 1156 288 1087 288 1157 288 1157 288 1087 288 1086 288 1157 289 1086 289 1165 289 1165 289 1086 289 1085 289 1165 290 1085 290 1166 290 1166 290 1085 290 1084 290 1166 291 1084 291 1168 291 1168 291 1084 291 1080 291 1168 292 1080 292 1169 292 1169 292 1080 292 1079 292 1169 293 1079 293 1153 293 1153 293 1079 293 1096 293 1153 294 1096 294 1152 294 1152 294 1096 294 1097 294 1152 281 1097 281 1150 281 1150 281 1097 281 1103 281 1150 295 1103 295 1151 295 1151 295 1103 295 1102 295 1151 296 1102 296 1158 296 1158 296 1102 296 1095 296 1158 297 1095 297 1159 297 1159 297 1095 297 1094 297 1159 298 1094 298 1160 298 1160 298 1094 298 1093 298 1160 299 1093 299 1161 299 1161 299 1093 299 1092 299 1161 300 1092 300 1162 300 1162 300 1092 300 1091 300 1162 301 1091 301 1177 301 1177 301 1091 301 1090 301 1177 302 1090 302 1178 302 1178 302 1090 302 1088 302 1173 303 1075 303 1174 303 1174 303 1075 303 1083 303 1174 288 1083 288 1175 288 1175 288 1083 288 1082 288 1175 304 1082 304 1176 304 1176 304 1082 304 1081 304 1176 305 1081 305 1163 305 1163 305 1081 305 1106 305 1163 306 1106 306 1164 306 1164 306 1106 306 1105 306 1164 292 1105 292 1146 292 1146 292 1105 292 1104 292 1146 293 1104 293 1147 293 1147 293 1104 293 1101 293 1147 307 1101 307 1148 307 1148 307 1101 307 1100 307 1148 281 1100 281 1149 281 1149 281 1100 281 1078 281 1149 308 1078 308 1154 308 1154 308 1078 308 1077 308 1154 296 1077 296 1167 296 1167 296 1077 296 1109 296 1167 297 1109 297 1155 297 1155 297 1109 297 1108 297 1155 309 1108 309 1179 309 1179 309 1108 309 1107 309 1179 310 1107 310 1170 310 1170 310 1107 310 1099 310 1170 311 1099 311 1171 311 1171 311 1099 311 1098 311 1171 301 1098 301 1172 301 1172 301 1098 301 1076 301 1172 312 1076 312 1173 312 1173 312 1076 312 1075 312 1068 313 1119 313 1069 313 1069 313 1119 313 1137 313 1069 314 1137 314 1070 314 1070 314 1137 314 1136 314 1070 315 1136 315 1071 315 1071 315 1136 315 1135 315 1071 316 1135 316 1072 316 1072 316 1135 316 1134 316 1072 317 1134 317 1073 317 1073 317 1134 317 1133 317 1073 318 1133 318 1043 318 1043 318 1133 318 1132 318 1043 319 1132 319 1044 319 1044 319 1132 319 1117 319 1044 320 1117 320 1057 320 1057 320 1117 320 1116 320 1057 283 1116 283 1058 283 1058 283 1116 283 1115 283 1058 321 1115 321 1059 321 1059 321 1115 321 1128 321 1059 322 1128 322 1065 322 1065 322 1128 322 1127 322 1065 323 1127 323 1063 323 1063 323 1127 323 1142 323 1063 324 1142 324 1064 324 1064 324 1142 324 1141 324 1064 325 1141 325 1060 325 1060 325 1141 325 1139 325 1060 326 1139 326 1061 326 1061 326 1139 326 1138 326 1061 327 1138 327 1067 327 1067 327 1138 327 1120 327 1067 328 1120 328 1068 328 1068 328 1120 328 1119 328 1054 329 1121 329 1055 329 1055 329 1121 329 1112 329 1055 330 1112 330 1056 330 1056 330 1112 330 1118 330 1056 331 1118 331 1036 331 1036 331 1118 331 1140 331 1036 332 1140 332 1037 332 1037 332 1140 332 1129 332 1037 333 1129 333 1062 333 1062 333 1129 333 1130 333 1062 318 1130 318 1066 318 1066 318 1130 318 1131 318 1066 334 1131 334 1046 334 1046 334 1131 334 1145 334 1046 320 1145 320 1045 320 1045 320 1145 320 1144 320 1045 283 1144 283 1039 283 1039 283 1144 283 1143 283 1039 321 1143 321 1040 321 1040 321 1143 321 1114 321 1040 335 1114 335 1050 335 1050 335 1114 335 1113 335 1050 336 1113 336 1049 336 1049 336 1113 336 1126 336 1049 337 1126 337 1047 337 1047 337 1126 337 1125 337 1047 338 1125 338 1051 338 1051 338 1125 338 1124 338 1051 339 1124 339 1052 339 1052 339 1124 339 1123 339 1052 340 1123 340 1053 340 1053 340 1123 340 1122 340 1053 341 1122 341 1054 341 1054 341 1122 341 1121 341 1180 342 1181 342 1182 342 1183 342 1184 342 1185 342 1185 342 1184 342 1182 342 1185 342 1182 342 1186 342 1187 342 1188 342 1189 342 1189 342 1188 342 1190 342 1189 342 1190 342 1191 342 1190 342 1192 342 1193 342 1183 342 1194 342 1184 342 1184 342 1194 342 1195 342 1184 342 1195 342 1190 342 1190 342 1195 342 1196 342 1190 342 1196 342 1197 342 1187 342 1198 342 1188 342 1188 342 1198 342 1199 342 1188 342 1199 342 1182 342 1182 342 1199 342 1200 342 1182 342 1200 342 1201 342 1202 342 1203 342 1204 342 1204 342 1203 342 1205 342 1204 342 1205 342 1197 342 1197 342 1205 342 1206 342 1197 342 1206 342 1190 342 1190 342 1206 342 1207 342 1190 342 1207 342 1192 342 1208 342 1209 342 1182 342 1182 342 1209 342 1210 342 1182 342 1210 342 1180 342 1211 342 1212 342 1213 342 1213 342 1212 342 1214 342 1213 342 1214 342 1215 342 1215 342 1214 342 1216 342 1186 342 1182 342 1217 342 1217 342 1182 342 1181 342 1217 342 1181 342 1218 342 1218 342 1181 342 1219 342 1218 342 1219 342 1220 342 1220 342 1219 342 1211 342 1220 342 1211 342 1202 342 1202 342 1211 342 1213 342 1202 342 1213 342 1203 342 1215 342 1221 342 1222 342 1222 342 1221 342 1223 342 1222 342 1223 342 1224 342 1224 342 1223 342 1191 342 1224 342 1191 342 1225 342 1225 342 1191 342 1190 342 1225 342 1190 342 1226 342 1226 342 1190 342 1193 342 1208 342 1182 342 1227 342 1227 342 1182 342 1201 342 1227 342 1201 342 1228 342 1228 342 1201 342 1229 342 1228 342 1229 342 1216 342 1216 342 1229 342 1230 342 1216 342 1230 342 1215 342 1215 342 1230 342 1231 342 1215 342 1231 342 1221 342 1232 343 1233 343 1234 343 1234 343 1233 343 1188 343 1235 343 1236 343 1182 343 1182 343 1236 343 1237 343 1238 343 1188 343 1239 343 1239 343 1188 343 1182 343 1239 343 1182 343 1240 343 1240 343 1182 343 1237 343 1240 343 1237 343 1241 343 1242 343 1243 343 1244 343 1244 343 1243 343 1234 343 1244 343 1234 343 1245 343 1245 343 1234 343 1188 343 1245 343 1188 343 1246 343 1246 343 1188 343 1238 343 1247 344 1248 344 1249 344 1250 344 1251 344 1249 344 1249 344 1251 344 1184 344 1249 344 1184 344 1247 344 1190 344 1252 344 1253 344 1254 344 1255 344 1190 344 1190 344 1255 344 1256 344 1190 344 1253 344 1184 344 1184 344 1253 344 1257 344 1184 344 1257 344 1247 344 1252 344 1190 344 1258 344 1258 344 1190 344 1256 344 1258 344 1256 344 1259 344 1259 344 1256 344 1260 344 1259 344 1260 344 1261 344 1259 345 1261 345 1262 345 1263 345 1264 345 1265 345 1266 345 1267 345 1268 345 1269 345 1270 345 1271 345 1271 345 1270 345 1272 345 1271 345 1272 345 1273 345 1269 345 1274 345 1270 345 1270 345 1274 345 1275 345 1270 345 1275 345 1276 345 1275 345 1277 345 1276 345 1276 345 1277 345 1278 345 1276 345 1278 345 1267 345 1279 345 1280 345 1281 345 1273 345 1272 345 1282 345 1282 345 1272 345 1283 345 1282 345 1283 345 1280 345 1284 345 1285 345 1286 345 1287 345 1288 345 1289 345 1290 345 1291 345 1292 345 1289 345 1293 345 1287 345 1287 345 1293 345 1294 345 1287 345 1294 345 1295 345 1296 345 1297 345 1257 345 1257 345 1297 345 1247 345 1247 345 1297 345 1298 345 1247 345 1298 345 1288 345 1288 345 1298 345 1299 345 1288 345 1299 345 1289 345 1300 345 1301 345 1302 345 1302 345 1301 345 1303 345 1302 345 1303 345 1265 345 1265 345 1303 345 1304 345 1265 345 1304 345 1263 345 1305 345 1306 345 1307 345 1307 345 1306 345 1308 345 1307 345 1308 345 1309 345 1309 345 1308 345 1310 345 1309 345 1310 345 1311 345 1312 345 1313 345 1314 345 1314 345 1313 345 1315 345 1314 345 1315 345 1316 345 1316 345 1315 345 1317 345 1318 345 1319 345 1320 345 1312 345 1321 345 1313 345 1313 345 1321 345 1322 345 1313 345 1322 345 1323 345 1323 345 1322 345 1324 345 1323 345 1324 345 1318 345 1325 345 1326 345 1327 345 1328 345 1329 345 1330 345 1330 345 1329 345 1331 345 1330 345 1331 345 1332 345 1333 345 1334 345 1284 345 1284 345 1334 345 1335 345 1332 345 1336 345 1330 345 1330 345 1336 345 1337 345 1330 345 1337 345 1284 345 1284 345 1337 345 1338 345 1284 345 1338 345 1333 345 1335 345 1339 345 1284 345 1284 345 1339 345 1290 345 1284 345 1290 345 1285 345 1285 345 1290 345 1292 345 1281 345 1340 345 1341 345 1339 345 1342 345 1290 345 1290 345 1342 345 1343 345 1290 345 1343 345 1281 345 1281 345 1343 345 1344 345 1281 345 1344 345 1340 345 1345 345 1346 345 1347 345 1347 345 1346 345 1348 345 1347 345 1348 345 1349 345 1349 345 1348 345 1350 345 1349 345 1350 345 1351 345 1341 345 1352 345 1281 345 1281 345 1352 345 1353 345 1281 345 1353 345 1347 345 1347 345 1353 345 1354 345 1347 345 1354 345 1345 345 1355 345 1356 345 1357 345 1356 345 1358 345 1357 345 1357 345 1358 345 1359 345 1357 345 1359 345 1360 345 1267 345 1266 345 1276 345 1276 345 1266 345 1361 345 1276 345 1361 345 1362 345 1363 345 1364 345 1266 345 1266 345 1364 345 1365 345 1266 345 1365 345 1361 345 1360 345 1366 345 1357 345 1357 345 1366 345 1367 345 1357 345 1367 345 1266 345 1266 345 1367 345 1368 345 1266 345 1368 345 1363 345 1369 345 1370 345 1371 345 1371 345 1370 345 1372 345 1371 345 1372 345 1373 345 1373 345 1374 345 1371 345 1371 345 1374 345 1375 345 1371 345 1375 345 1376 345 1376 345 1375 345 1377 345 1376 345 1377 345 1378 345 1378 345 1379 345 1376 345 1376 345 1379 345 1380 345 1376 345 1380 345 1381 345 1381 345 1380 345 1382 345 1309 345 1383 345 1384 345 1385 345 1349 345 1330 345 1330 345 1349 345 1351 345 1330 345 1351 345 1328 345 1386 345 1387 345 1307 345 1387 345 1388 345 1307 345 1307 345 1388 345 1389 345 1307 345 1389 345 1330 345 1330 345 1389 345 1390 345 1330 345 1390 345 1391 345 1309 345 1384 345 1307 345 1307 345 1384 345 1392 345 1307 345 1392 345 1386 345 1391 345 1393 345 1330 345 1330 345 1393 345 1394 345 1330 345 1394 345 1385 345 1395 345 1396 345 1347 345 1385 345 1397 345 1349 345 1349 345 1397 345 1398 345 1349 345 1398 345 1347 345 1347 345 1398 345 1399 345 1347 345 1399 345 1395 345 1396 345 1400 345 1347 345 1347 345 1400 345 1401 345 1347 345 1401 345 1327 345 1327 345 1401 345 1402 345 1327 345 1402 345 1403 345 1403 345 1404 345 1327 345 1327 345 1404 345 1405 345 1327 345 1405 345 1406 345 1407 345 1408 345 1315 345 1409 345 1357 345 1410 345 1410 345 1357 345 1315 345 1410 345 1315 345 1411 345 1411 345 1315 345 1408 345 1412 345 1413 345 1313 345 1313 345 1413 345 1414 345 1313 345 1414 345 1315 345 1315 345 1414 345 1415 345 1315 345 1415 345 1407 345 1409 345 1416 345 1357 345 1357 345 1416 345 1417 345 1357 345 1417 345 1418 345 1418 345 1419 345 1357 345 1357 345 1419 345 1381 345 1357 345 1381 345 1355 345 1355 345 1381 345 1382 345 1420 345 1421 345 1422 345 1422 345 1421 345 1423 345 1422 345 1423 345 1424 345 1419 345 1425 345 1381 345 1381 345 1425 345 1426 345 1381 345 1426 345 1376 345 1376 345 1426 345 1427 345 1376 345 1427 345 1428 345 1428 345 1429 345 1376 345 1376 345 1429 345 1430 345 1376 345 1430 345 1422 345 1422 345 1430 345 1431 345 1422 345 1431 345 1420 345 1432 345 1259 345 1433 345 1433 345 1259 345 1434 345 1433 345 1434 345 1435 345 1432 345 1436 345 1259 345 1259 345 1436 345 1437 345 1259 345 1437 345 1438 345 1438 345 1439 345 1259 345 1259 345 1439 345 1440 345 1259 345 1440 345 1258 345 1258 345 1440 345 1441 345 1258 345 1441 345 1442 345 1442 345 1443 345 1258 345 1258 345 1443 345 1444 345 1258 345 1444 345 1445 345 1446 345 1252 345 1264 345 1264 345 1252 345 1258 345 1264 345 1258 345 1265 345 1265 345 1258 345 1445 345 1265 345 1445 345 1447 345 1447 345 1448 345 1265 345 1265 345 1448 345 1449 345 1265 345 1449 345 1302 345 1302 345 1449 345 1450 345 1451 345 1452 345 1453 345 1453 345 1452 345 1454 345 1453 345 1454 345 1434 345 1434 345 1454 345 1455 345 1434 345 1455 345 1435 345 1450 345 1456 345 1302 345 1302 345 1456 345 1457 345 1302 345 1457 345 1453 345 1453 345 1457 345 1458 345 1453 345 1458 345 1451 345 1453 345 1459 345 1460 345 1460 345 1461 345 1453 345 1453 345 1461 345 1462 345 1453 345 1462 345 1463 345 1464 345 1465 345 1302 345 1302 345 1465 345 1466 345 1463 345 1467 345 1453 345 1453 345 1467 345 1468 345 1453 345 1468 345 1302 345 1302 345 1468 345 1469 345 1302 345 1469 345 1464 345 1311 345 1300 345 1309 345 1309 345 1300 345 1302 345 1309 345 1302 345 1470 345 1470 345 1302 345 1466 345 1471 345 1472 345 1459 345 1459 345 1472 345 1473 345 1459 345 1473 345 1460 345 1318 345 1320 345 1323 345 1323 345 1320 345 1474 345 1323 345 1474 345 1475 345 1475 345 1476 345 1323 345 1323 345 1476 345 1477 345 1323 345 1477 345 1478 345 1478 345 1477 345 1479 345 1478 345 1479 345 1480 345 1480 345 1481 345 1478 345 1478 345 1481 345 1482 345 1478 345 1482 345 1471 345 1471 345 1482 345 1483 345 1471 345 1483 345 1472 345 1466 345 1484 345 1470 345 1470 345 1484 345 1485 345 1470 345 1485 345 1320 345 1320 345 1485 345 1486 345 1320 345 1486 345 1474 345 1487 345 1478 345 1488 345 1488 345 1478 345 1489 345 1490 345 1491 345 1492 345 1487 345 1493 345 1478 345 1478 345 1493 345 1494 345 1478 345 1494 345 1495 345 1496 345 1323 345 1497 345 1497 345 1323 345 1478 345 1497 345 1478 345 1498 345 1498 345 1478 345 1495 345 1496 345 1499 345 1323 345 1323 345 1499 345 1500 345 1323 345 1500 345 1501 345 1502 345 1503 345 1244 345 1244 345 1503 345 1504 345 1244 345 1504 345 1489 345 1489 345 1504 345 1505 345 1489 345 1505 345 1488 345 1506 345 1507 345 1245 345 1245 345 1507 345 1508 345 1245 345 1508 345 1509 345 1509 345 1510 345 1245 345 1245 345 1510 345 1511 345 1245 345 1511 345 1244 345 1244 345 1511 345 1512 345 1244 345 1512 345 1502 345 1446 345 1305 345 1252 345 1252 345 1305 345 1307 345 1252 345 1307 345 1253 345 1253 345 1307 345 1330 345 1253 345 1330 345 1257 345 1257 345 1330 345 1284 345 1257 345 1284 345 1296 345 1296 345 1284 345 1286 345 1280 345 1283 345 1281 345 1281 345 1283 345 1287 345 1281 345 1287 345 1290 345 1290 345 1287 345 1295 345 1290 345 1295 345 1291 345 1319 345 1513 345 1320 345 1320 345 1513 345 1325 345 1320 345 1325 345 1470 345 1470 345 1325 345 1327 345 1470 345 1327 345 1309 345 1309 345 1327 345 1406 345 1309 345 1406 345 1383 345 1326 345 1317 345 1327 345 1327 345 1317 345 1315 345 1327 345 1315 345 1347 345 1347 345 1315 345 1357 345 1347 345 1357 345 1281 345 1281 345 1357 345 1266 345 1281 345 1266 345 1279 345 1279 345 1266 345 1268 345 1362 345 1369 345 1276 345 1276 345 1369 345 1371 345 1276 345 1371 345 1270 345 1270 345 1371 345 1514 345 1501 345 1490 345 1323 345 1323 345 1490 345 1492 345 1323 345 1492 345 1313 345 1313 345 1492 345 1422 345 1313 345 1422 345 1412 345 1412 345 1422 345 1424 345 1491 345 1506 345 1492 345 1492 345 1506 345 1245 345 1492 345 1245 345 1422 345 1422 345 1245 345 1246 345 1422 345 1246 345 1376 345 1376 345 1246 345 1238 345 1376 345 1238 345 1371 345 1371 345 1238 345 1239 345 1371 345 1239 345 1514 345 1514 345 1239 345 1240 345 1259 345 1262 345 1434 345 1434 345 1262 345 1515 345 1434 345 1515 345 1453 345 1453 345 1515 345 1516 345 1453 345 1516 345 1459 345 1459 345 1516 345 1517 345 1459 345 1517 345 1471 345 1471 345 1517 345 1518 345 1471 345 1518 345 1478 345 1478 345 1518 345 1519 345 1478 345 1519 345 1489 345 1489 345 1519 345 1242 345 1489 345 1242 345 1244 345 1202 346 1204 346 1520 346 1520 347 1521 347 1202 347 1202 348 1521 348 1522 348 1202 349 1522 349 1220 349 1522 350 1523 350 1220 350 1220 351 1523 351 1524 351 1220 352 1524 352 1218 352 1524 353 1525 353 1218 353 1218 354 1525 354 1526 354 1218 355 1526 355 1217 355 1526 356 1527 356 1217 356 1217 357 1527 357 1528 357 1217 358 1528 358 1186 358 1528 359 1529 359 1186 359 1186 360 1529 360 1530 360 1186 361 1530 361 1185 361 1530 362 1531 362 1185 362 1185 363 1531 363 1532 363 1185 364 1532 364 1183 364 1532 365 1533 365 1183 365 1183 366 1533 366 1534 366 1183 367 1534 367 1194 367 1534 368 1535 368 1194 368 1194 369 1535 369 1536 369 1194 370 1536 370 1195 370 1536 371 1537 371 1195 371 1195 372 1537 372 1538 372 1195 373 1538 373 1196 373 1538 374 1539 374 1196 374 1196 375 1539 375 1540 375 1196 376 1540 376 1197 376 1540 377 1541 377 1197 377 1197 378 1541 378 1542 378 1197 379 1542 379 1204 379 1204 380 1542 380 1543 380 1204 381 1543 381 1520 381 1187 382 1189 382 1544 382 1544 347 1545 347 1187 347 1187 383 1545 383 1546 383 1187 384 1546 384 1198 384 1546 385 1547 385 1198 385 1198 351 1547 351 1548 351 1198 386 1548 386 1199 386 1548 387 1549 387 1199 387 1199 388 1549 388 1550 388 1199 389 1550 389 1200 389 1550 356 1551 356 1200 356 1200 390 1551 390 1552 390 1200 391 1552 391 1201 391 1552 392 1553 392 1201 392 1201 360 1553 360 1554 360 1201 393 1554 393 1229 393 1554 394 1555 394 1229 394 1229 395 1555 395 1556 395 1229 396 1556 396 1230 396 1556 365 1557 365 1230 365 1230 397 1557 397 1558 397 1230 398 1558 398 1231 398 1558 399 1559 399 1231 399 1231 369 1559 369 1560 369 1231 400 1560 400 1221 400 1560 401 1561 401 1221 401 1221 402 1561 402 1562 402 1221 403 1562 403 1223 403 1562 374 1563 374 1223 374 1223 404 1563 404 1564 404 1223 405 1564 405 1191 405 1564 406 1565 406 1191 406 1191 378 1565 378 1566 378 1191 407 1566 407 1189 407 1189 408 1566 408 1567 408 1189 409 1567 409 1544 409 1227 346 1228 346 1568 346 1568 347 1569 347 1227 347 1227 383 1569 383 1570 383 1227 410 1570 410 1208 410 1570 350 1571 350 1208 350 1208 351 1571 351 1572 351 1208 411 1572 411 1209 411 1572 412 1573 412 1209 412 1209 413 1573 413 1574 413 1209 414 1574 414 1210 414 1574 356 1575 356 1210 356 1210 357 1575 357 1576 357 1210 415 1576 415 1180 415 1576 392 1577 392 1180 392 1180 360 1577 360 1578 360 1180 361 1578 361 1181 361 1578 362 1579 362 1181 362 1181 363 1579 363 1580 363 1181 364 1580 364 1219 364 1580 365 1581 365 1219 365 1219 397 1581 397 1582 397 1219 416 1582 416 1211 416 1582 368 1583 368 1211 368 1211 369 1583 369 1584 369 1211 417 1584 417 1212 417 1584 418 1585 418 1212 418 1212 419 1585 419 1586 419 1212 420 1586 420 1214 420 1586 374 1587 374 1214 374 1214 375 1587 375 1588 375 1214 421 1588 421 1216 421 1588 406 1589 406 1216 406 1216 378 1589 378 1590 378 1216 379 1590 379 1228 379 1228 380 1590 380 1591 380 1228 381 1591 381 1568 381 1224 382 1225 382 1592 382 1592 347 1593 347 1224 347 1224 348 1593 348 1594 348 1224 422 1594 422 1222 422 1594 385 1595 385 1222 385 1222 351 1595 351 1596 351 1222 423 1596 423 1215 423 1596 424 1597 424 1215 424 1215 425 1597 425 1598 425 1215 426 1598 426 1213 426 1598 356 1599 356 1213 356 1213 390 1599 390 1600 390 1213 427 1600 427 1203 427 1600 359 1601 359 1203 359 1203 360 1601 360 1602 360 1203 393 1602 393 1205 393 1602 394 1603 394 1205 394 1205 395 1603 395 1604 395 1205 396 1604 396 1206 396 1604 365 1605 365 1206 365 1206 366 1605 366 1606 366 1206 428 1606 428 1207 428 1606 399 1607 399 1207 399 1207 369 1607 369 1608 369 1207 429 1608 429 1192 429 1608 430 1609 430 1192 430 1192 431 1609 431 1610 431 1192 432 1610 432 1193 432 1610 374 1611 374 1193 374 1193 404 1611 404 1612 404 1193 433 1612 433 1226 433 1612 377 1613 377 1226 377 1226 378 1613 378 1614 378 1226 407 1614 407 1225 407 1225 408 1614 408 1615 408 1225 409 1615 409 1592 409 1236 434 1250 434 1237 434 1237 434 1250 434 1249 434 1255 435 1232 435 1256 435 1256 435 1232 435 1234 435 1233 434 1254 434 1188 434 1188 434 1254 434 1190 434 1233 342 1616 342 1254 342 1254 342 1616 342 1617 342 1254 342 1617 342 1618 342 1619 342 1254 342 1620 342 1620 342 1254 342 1618 342 1620 342 1618 342 1621 342 1232 342 1622 342 1233 342 1233 342 1622 342 1623 342 1623 342 1624 342 1233 342 1233 342 1624 342 1625 342 1233 342 1625 342 1616 342 1626 342 1255 342 1627 342 1627 342 1255 342 1254 342 1627 342 1254 342 1628 342 1628 342 1254 342 1619 342 1626 342 1629 342 1255 342 1255 342 1629 342 1630 342 1255 342 1630 342 1232 342 1232 342 1630 342 1631 342 1232 342 1631 342 1632 342 1632 342 1633 342 1634 342 1618 342 1635 342 1621 342 1621 342 1635 342 1634 342 1621 342 1634 342 1636 342 1636 342 1634 342 1633 342 1634 342 1637 342 1632 342 1632 342 1637 342 1638 342 1632 342 1638 342 1232 342 1232 342 1638 342 1639 342 1232 342 1639 342 1622 342 1251 435 1235 435 1184 435 1184 435 1235 435 1182 435 1235 342 1640 342 1641 342 1642 342 1643 342 1251 342 1251 342 1643 342 1644 342 1251 342 1644 342 1235 342 1235 342 1644 342 1645 342 1235 342 1645 342 1640 342 1640 342 1645 342 1646 342 1640 342 1646 342 1647 342 1250 342 1648 342 1251 342 1251 342 1648 342 1649 342 1251 342 1649 342 1642 342 1650 342 1651 342 1236 342 1236 342 1651 342 1652 342 1236 342 1652 342 1250 342 1250 342 1652 342 1653 342 1250 342 1653 342 1648 342 1654 342 1236 342 1655 342 1655 342 1236 342 1235 342 1655 342 1235 342 1656 342 1656 342 1235 342 1641 342 1654 342 1657 342 1236 342 1236 342 1657 342 1658 342 1236 342 1658 342 1650 342 1658 342 1659 342 1650 342 1650 342 1659 342 1660 342 1650 342 1660 342 1661 342 1661 342 1660 342 1662 342 1661 342 1662 342 1646 342 1646 342 1662 342 1663 342 1646 342 1663 342 1647 342 1640 436 1267 436 1641 436 1641 436 1267 436 1278 436 1641 437 1278 437 1656 437 1656 437 1278 437 1277 437 1656 438 1277 438 1655 438 1655 438 1277 438 1275 438 1655 439 1275 439 1654 439 1654 439 1275 439 1274 439 1654 440 1274 440 1657 440 1657 440 1274 440 1269 440 1657 441 1269 441 1658 441 1658 441 1269 441 1271 441 1658 442 1271 442 1659 442 1659 442 1271 442 1273 442 1659 443 1273 443 1660 443 1660 443 1273 443 1282 443 1660 444 1282 444 1662 444 1662 444 1282 444 1280 444 1662 445 1280 445 1663 445 1663 445 1280 445 1279 445 1663 446 1279 446 1647 446 1647 446 1279 446 1268 446 1647 447 1268 447 1640 447 1640 447 1268 447 1267 447 1644 436 1285 436 1645 436 1645 436 1285 436 1292 436 1645 448 1292 448 1646 448 1646 448 1292 448 1291 448 1646 449 1291 449 1661 449 1661 449 1291 449 1295 449 1661 450 1295 450 1650 450 1650 450 1295 450 1294 450 1650 451 1294 451 1651 451 1651 451 1294 451 1293 451 1651 441 1293 441 1652 441 1652 441 1293 441 1289 441 1652 452 1289 452 1653 452 1653 452 1289 452 1299 452 1653 453 1299 453 1648 453 1648 453 1299 453 1298 453 1648 454 1298 454 1649 454 1649 454 1298 454 1297 454 1649 455 1297 455 1642 455 1642 455 1297 455 1296 455 1642 456 1296 456 1643 456 1643 456 1296 456 1286 456 1643 457 1286 457 1644 457 1644 457 1286 457 1285 457 1630 458 1304 458 1631 458 1631 458 1304 458 1303 458 1631 459 1303 459 1632 459 1632 459 1303 459 1301 459 1632 449 1301 449 1633 449 1633 449 1301 449 1300 449 1633 450 1300 450 1636 450 1636 450 1300 450 1311 450 1636 460 1311 460 1621 460 1621 460 1311 460 1310 460 1621 461 1310 461 1620 461 1620 461 1310 461 1308 461 1620 462 1308 462 1619 462 1619 462 1308 462 1306 462 1619 463 1306 463 1628 463 1628 463 1306 463 1305 463 1628 454 1305 454 1627 454 1627 454 1305 454 1446 454 1627 455 1446 455 1626 455 1626 455 1446 455 1264 455 1626 464 1264 464 1629 464 1629 464 1264 464 1263 464 1629 465 1263 465 1630 465 1630 465 1263 465 1304 465 1638 458 1319 458 1639 458 1639 458 1319 458 1318 458 1639 466 1318 466 1622 466 1622 466 1318 466 1324 466 1622 438 1324 438 1623 438 1623 438 1324 438 1322 438 1623 439 1322 439 1624 439 1624 439 1322 439 1321 439 1624 467 1321 467 1625 467 1625 467 1321 467 1312 467 1625 461 1312 461 1616 461 1616 461 1312 461 1314 461 1616 468 1314 468 1617 468 1617 468 1314 468 1316 468 1617 469 1316 469 1618 469 1618 469 1316 469 1317 469 1618 444 1317 444 1635 444 1635 444 1317 444 1326 444 1635 445 1326 445 1634 445 1634 445 1326 445 1325 445 1634 470 1325 470 1637 470 1637 470 1325 470 1513 470 1637 471 1513 471 1638 471 1638 471 1513 471 1319 471 1664 342 1234 342 1665 342 1665 342 1234 342 1243 342 1665 342 1243 342 1666 342 1666 342 1243 342 1667 342 1668 342 1669 342 1256 342 1256 342 1669 342 1670 342 1256 342 1670 342 1260 342 1260 342 1670 342 1671 342 1671 342 1672 342 1260 342 1260 342 1672 342 1673 342 1260 342 1673 342 1674 342 1675 342 1260 342 1676 342 1676 342 1260 342 1674 342 1676 342 1674 342 1677 342 1664 342 1678 342 1234 342 1234 342 1678 342 1679 342 1234 342 1679 342 1680 342 1681 342 1234 342 1682 342 1682 342 1234 342 1680 342 1682 342 1680 342 1683 342 1675 342 1684 342 1260 342 1260 342 1684 342 1685 342 1260 342 1685 342 1243 342 1243 342 1685 342 1686 342 1243 342 1686 342 1667 342 1687 342 1688 342 1681 342 1681 342 1688 342 1689 342 1681 342 1689 342 1234 342 1234 342 1689 342 1690 342 1234 342 1690 342 1256 342 1256 342 1690 342 1691 342 1256 342 1691 342 1668 342 1687 342 1692 342 1688 342 1688 342 1692 342 1693 342 1688 342 1693 342 1677 342 1677 342 1693 342 1694 342 1677 342 1694 342 1676 342 1675 342 1695 342 1684 342 1684 342 1695 342 1696 342 1684 342 1696 342 1697 342 1697 342 1696 342 1698 342 1697 342 1698 342 1683 342 1683 342 1698 342 1699 342 1683 342 1699 342 1682 342 1262 435 1261 435 1260 435 1242 435 1519 435 1243 435 1243 435 1519 435 1518 435 1518 435 1517 435 1243 435 1243 435 1517 435 1516 435 1243 435 1516 435 1260 435 1260 435 1516 435 1515 435 1260 435 1515 435 1262 435 1700 472 1674 472 1673 472 1700 473 1701 473 1674 473 1674 474 1701 474 1702 474 1674 475 1702 475 1677 475 1702 476 1703 476 1677 476 1677 351 1703 351 1704 351 1677 477 1704 477 1688 477 1704 478 1705 478 1688 478 1688 479 1705 479 1706 479 1688 480 1706 480 1689 480 1706 356 1707 356 1689 356 1689 481 1707 481 1708 481 1689 482 1708 482 1690 482 1708 483 1709 483 1690 483 1690 484 1709 484 1710 484 1690 485 1710 485 1691 485 1710 486 1711 486 1691 486 1691 487 1711 487 1712 487 1691 488 1712 488 1668 488 1712 489 1713 489 1668 489 1668 366 1713 366 1714 366 1668 490 1714 490 1669 490 1714 491 1715 491 1669 491 1669 369 1715 369 1716 369 1669 492 1716 492 1670 492 1716 493 1717 493 1670 493 1670 494 1717 494 1718 494 1670 495 1718 495 1671 495 1718 374 1719 374 1671 374 1671 496 1719 496 1720 496 1671 497 1720 497 1672 497 1720 377 1721 377 1672 377 1672 498 1721 498 1722 498 1672 499 1722 499 1673 499 1673 500 1722 500 1723 500 1673 501 1723 501 1700 501 1724 502 1695 502 1675 502 1724 503 1725 503 1695 503 1695 504 1725 504 1726 504 1695 505 1726 505 1696 505 1726 476 1727 476 1696 476 1696 506 1727 506 1728 506 1696 507 1728 507 1698 507 1728 508 1729 508 1698 508 1698 509 1729 509 1730 509 1698 510 1730 510 1699 510 1730 511 1731 511 1699 511 1699 481 1731 481 1732 481 1699 512 1732 512 1682 512 1732 513 1733 513 1682 513 1682 514 1733 514 1734 514 1682 515 1734 515 1681 515 1734 516 1735 516 1681 516 1681 487 1735 487 1736 487 1681 488 1736 488 1687 488 1736 489 1737 489 1687 489 1687 517 1737 517 1738 517 1687 518 1738 518 1692 518 1738 491 1739 491 1692 491 1692 369 1739 369 1740 369 1692 519 1740 519 1693 519 1740 520 1741 520 1693 520 1693 521 1741 521 1742 521 1693 522 1742 522 1694 522 1742 374 1743 374 1694 374 1694 496 1743 496 1744 496 1694 523 1744 523 1676 523 1744 524 1745 524 1676 524 1676 498 1745 498 1746 498 1676 499 1746 499 1675 499 1675 500 1746 500 1747 500 1675 525 1747 525 1724 525 1748 472 1667 472 1686 472 1748 473 1749 473 1667 473 1667 383 1749 383 1750 383 1667 526 1750 526 1666 526 1750 476 1751 476 1666 476 1666 351 1751 351 1752 351 1666 527 1752 527 1665 527 1752 528 1753 528 1665 528 1665 529 1753 529 1754 529 1665 530 1754 530 1664 530 1754 356 1755 356 1664 356 1664 481 1755 481 1756 481 1664 531 1756 531 1678 531 1756 392 1757 392 1678 392 1678 484 1757 484 1758 484 1678 485 1758 485 1679 485 1758 486 1759 486 1679 486 1679 487 1759 487 1760 487 1679 488 1760 488 1680 488 1760 489 1761 489 1680 489 1680 532 1761 532 1762 532 1680 533 1762 533 1683 533 1762 491 1763 491 1683 491 1683 369 1763 369 1764 369 1683 534 1764 534 1697 534 1764 535 1765 535 1697 535 1697 536 1765 536 1766 536 1697 537 1766 537 1684 537 1766 374 1767 374 1684 374 1684 496 1767 496 1768 496 1684 538 1768 538 1685 538 1768 539 1769 539 1685 539 1685 498 1769 498 1770 498 1685 499 1770 499 1686 499 1686 500 1770 500 1771 500 1686 501 1771 501 1748 501 1748 540 1505 540 1749 540 1749 541 1505 541 1504 541 1749 542 1504 542 1750 542 1750 543 1504 543 1503 543 1750 544 1503 544 1751 544 1751 545 1503 545 1502 545 1751 546 1502 546 1752 546 1752 547 1502 547 1512 547 1752 548 1512 548 1753 548 1753 549 1512 549 1511 549 1753 550 1511 550 1754 550 1754 551 1511 551 1510 551 1754 552 1510 552 1755 552 1755 553 1510 553 1509 553 1755 554 1509 554 1756 554 1756 555 1509 555 1508 555 1756 556 1508 556 1757 556 1757 557 1508 557 1507 557 1757 558 1507 558 1758 558 1758 559 1507 559 1506 559 1758 560 1506 560 1759 560 1759 561 1506 561 1491 561 1759 562 1491 562 1760 562 1760 563 1491 563 1490 563 1760 564 1490 564 1761 564 1761 565 1490 565 1501 565 1761 566 1501 566 1762 566 1762 567 1501 567 1500 567 1762 568 1500 568 1763 568 1763 569 1500 569 1499 569 1763 570 1499 570 1764 570 1764 571 1499 571 1496 571 1764 572 1496 572 1765 572 1765 573 1496 573 1497 573 1765 574 1497 574 1766 574 1766 575 1497 575 1498 575 1766 576 1498 576 1767 576 1767 577 1498 577 1495 577 1767 578 1495 578 1768 578 1768 579 1495 579 1494 579 1768 580 1494 580 1769 580 1769 581 1494 581 1493 581 1769 582 1493 582 1770 582 1770 583 1493 583 1487 583 1770 584 1487 584 1771 584 1771 585 1487 585 1488 585 1771 586 1488 586 1748 586 1748 587 1488 587 1505 587 1724 588 1472 588 1725 588 1725 589 1472 589 1483 589 1725 590 1483 590 1726 590 1726 591 1483 591 1482 591 1726 592 1482 592 1727 592 1727 593 1482 593 1481 593 1727 594 1481 594 1728 594 1728 595 1481 595 1480 595 1728 596 1480 596 1729 596 1729 597 1480 597 1479 597 1729 598 1479 598 1730 598 1730 599 1479 599 1477 599 1730 600 1477 600 1731 600 1731 601 1477 601 1476 601 1731 602 1476 602 1732 602 1732 603 1476 603 1475 603 1732 557 1475 557 1733 557 1733 604 1475 604 1474 604 1733 605 1474 605 1734 605 1734 606 1474 606 1486 606 1734 607 1486 607 1735 607 1735 608 1486 608 1485 608 1735 562 1485 562 1736 562 1736 609 1485 609 1484 609 1736 610 1484 610 1737 610 1737 611 1484 611 1466 611 1737 612 1466 612 1738 612 1738 567 1466 567 1465 567 1738 613 1465 613 1739 613 1739 614 1465 614 1464 614 1739 615 1464 615 1740 615 1740 616 1464 616 1469 616 1740 617 1469 617 1741 617 1741 618 1469 618 1468 618 1741 619 1468 619 1742 619 1742 620 1468 620 1467 620 1742 621 1467 621 1743 621 1743 622 1467 622 1463 622 1743 623 1463 623 1744 623 1744 624 1463 624 1462 624 1744 625 1462 625 1745 625 1745 626 1462 626 1461 626 1745 627 1461 627 1746 627 1746 628 1461 628 1460 628 1746 629 1460 629 1747 629 1747 629 1460 629 1473 629 1747 630 1473 630 1724 630 1724 630 1473 630 1472 630 1700 540 1435 540 1701 540 1701 631 1435 631 1455 631 1701 632 1455 632 1702 632 1702 633 1455 633 1454 633 1702 634 1454 634 1703 634 1703 635 1454 635 1452 635 1703 636 1452 636 1704 636 1704 637 1452 637 1451 637 1704 638 1451 638 1705 638 1705 639 1451 639 1458 639 1705 640 1458 640 1706 640 1706 641 1458 641 1457 641 1706 642 1457 642 1707 642 1707 643 1457 643 1456 643 1707 644 1456 644 1708 644 1708 645 1456 645 1450 645 1708 646 1450 646 1709 646 1709 647 1450 647 1449 647 1709 648 1449 648 1710 648 1710 649 1449 649 1448 649 1710 560 1448 560 1711 560 1711 561 1448 561 1447 561 1711 562 1447 562 1712 562 1712 563 1447 563 1445 563 1712 564 1445 564 1713 564 1713 650 1445 650 1444 650 1713 651 1444 651 1714 651 1714 652 1444 652 1443 652 1714 653 1443 653 1715 653 1715 654 1443 654 1442 654 1715 655 1442 655 1716 655 1716 656 1442 656 1441 656 1716 657 1441 657 1717 657 1717 658 1441 658 1440 658 1717 659 1440 659 1718 659 1718 660 1440 660 1439 660 1718 661 1439 661 1719 661 1719 662 1439 662 1438 662 1719 663 1438 663 1720 663 1720 664 1438 664 1437 664 1720 665 1437 665 1721 665 1721 666 1437 666 1436 666 1721 667 1436 667 1722 667 1722 668 1436 668 1432 668 1722 584 1432 584 1723 584 1723 585 1432 585 1433 585 1723 586 1433 586 1700 586 1700 587 1433 587 1435 587 1544 669 1412 669 1545 669 1545 670 1412 670 1424 670 1545 671 1424 671 1546 671 1546 672 1424 672 1423 672 1546 673 1423 673 1547 673 1547 674 1423 674 1421 674 1547 675 1421 675 1548 675 1548 676 1421 676 1420 676 1548 677 1420 677 1549 677 1549 596 1420 596 1431 596 1549 678 1431 678 1550 678 1550 679 1431 679 1430 679 1550 680 1430 680 1551 680 1551 681 1430 681 1429 681 1551 682 1429 682 1552 682 1552 683 1429 683 1428 683 1552 684 1428 684 1553 684 1553 685 1428 685 1427 685 1553 686 1427 686 1554 686 1554 687 1427 687 1426 687 1554 688 1426 688 1555 688 1555 689 1426 689 1425 689 1555 690 1425 690 1556 690 1556 691 1425 691 1419 691 1556 692 1419 692 1557 692 1557 693 1419 693 1418 693 1557 694 1418 694 1558 694 1558 695 1418 695 1417 695 1558 696 1417 696 1559 696 1559 697 1417 697 1416 697 1559 615 1416 615 1560 615 1560 698 1416 698 1409 698 1560 699 1409 699 1561 699 1561 700 1409 700 1410 700 1561 701 1410 701 1562 701 1562 702 1410 702 1411 702 1562 703 1411 703 1563 703 1563 704 1411 704 1408 704 1563 705 1408 705 1564 705 1564 706 1408 706 1407 706 1564 707 1407 707 1565 707 1565 708 1407 708 1415 708 1565 709 1415 709 1566 709 1566 709 1415 709 1414 709 1566 710 1414 710 1567 710 1567 585 1414 585 1413 585 1567 711 1413 711 1544 711 1544 712 1413 712 1412 712 1592 713 1406 713 1593 713 1593 713 1406 713 1405 713 1593 714 1405 714 1594 714 1594 715 1405 715 1404 715 1594 716 1404 716 1595 716 1595 717 1404 717 1403 717 1595 675 1403 675 1596 675 1596 718 1403 718 1402 718 1596 719 1402 719 1597 719 1597 720 1402 720 1401 720 1597 721 1401 721 1598 721 1598 722 1401 722 1400 722 1598 642 1400 642 1599 642 1599 723 1400 723 1396 723 1599 682 1396 682 1600 682 1600 724 1396 724 1395 724 1600 725 1395 725 1601 725 1601 726 1395 726 1399 726 1601 686 1399 686 1602 686 1602 727 1399 727 1398 727 1602 728 1398 728 1603 728 1603 729 1398 729 1397 729 1603 690 1397 690 1604 690 1604 730 1397 730 1385 730 1604 731 1385 731 1605 731 1605 732 1385 732 1394 732 1605 733 1394 733 1606 733 1606 734 1394 734 1393 734 1606 614 1393 614 1607 614 1607 735 1393 735 1391 735 1607 615 1391 615 1608 615 1608 736 1391 736 1390 736 1608 737 1390 737 1609 737 1609 658 1390 658 1389 658 1609 738 1389 738 1610 738 1610 739 1389 739 1388 739 1610 740 1388 740 1611 740 1611 741 1388 741 1387 741 1611 705 1387 705 1612 705 1612 742 1387 742 1386 742 1612 665 1386 665 1613 665 1613 626 1386 626 1392 626 1613 709 1392 709 1614 709 1614 743 1392 743 1384 743 1614 744 1384 744 1615 744 1615 745 1384 745 1383 745 1615 711 1383 711 1592 711 1592 746 1383 746 1406 746 1568 747 1382 747 1569 747 1569 748 1382 748 1380 748 1569 749 1380 749 1570 749 1570 750 1380 750 1379 750 1570 751 1379 751 1571 751 1571 752 1379 752 1378 752 1571 675 1378 675 1572 675 1572 676 1378 676 1377 676 1572 753 1377 753 1573 753 1573 549 1377 549 1375 549 1573 754 1375 754 1574 754 1574 755 1375 755 1374 755 1574 680 1374 680 1575 680 1575 681 1374 681 1373 681 1575 756 1373 756 1576 756 1576 757 1373 757 1372 757 1576 758 1372 758 1577 758 1577 759 1372 759 1370 759 1577 760 1370 760 1578 760 1578 761 1370 761 1369 761 1578 762 1369 762 1579 762 1579 763 1369 763 1362 763 1579 764 1362 764 1580 764 1580 765 1362 765 1361 765 1580 766 1361 766 1581 766 1581 766 1361 766 1365 766 1581 767 1365 767 1582 767 1582 768 1365 768 1364 768 1582 769 1364 769 1583 769 1583 770 1364 770 1363 770 1583 615 1363 615 1584 615 1584 698 1363 698 1368 698 1584 771 1368 771 1585 771 1585 772 1368 772 1367 772 1585 773 1367 773 1586 773 1586 774 1367 774 1366 774 1586 703 1366 703 1587 703 1587 704 1366 704 1360 704 1587 775 1360 775 1588 775 1588 776 1360 776 1359 776 1588 777 1359 777 1589 777 1589 778 1359 778 1358 778 1589 779 1358 779 1590 779 1590 780 1358 780 1356 780 1590 781 1356 781 1591 781 1591 782 1356 782 1355 782 1591 783 1355 783 1568 783 1568 784 1355 784 1382 784 1520 785 1350 785 1521 785 1521 786 1350 786 1348 786 1521 787 1348 787 1522 787 1522 788 1348 788 1346 788 1522 789 1346 789 1523 789 1523 790 1346 790 1345 790 1523 675 1345 675 1524 675 1524 718 1345 718 1354 718 1524 791 1354 791 1525 791 1525 792 1354 792 1353 792 1525 793 1353 793 1526 793 1526 794 1353 794 1352 794 1526 642 1352 642 1527 642 1527 723 1352 723 1341 723 1527 756 1341 756 1528 756 1528 795 1341 795 1340 795 1528 796 1340 796 1529 796 1529 797 1340 797 1344 797 1529 760 1344 760 1530 760 1530 760 1344 760 1343 760 1530 798 1343 798 1531 798 1531 799 1343 799 1342 799 1531 764 1342 764 1532 764 1532 800 1342 800 1339 800 1532 801 1339 801 1533 801 1533 802 1339 802 1335 802 1533 803 1335 803 1534 803 1534 804 1335 804 1334 804 1534 805 1334 805 1535 805 1535 806 1334 806 1333 806 1535 615 1333 615 1536 615 1536 736 1333 736 1338 736 1536 807 1338 807 1537 807 1537 808 1338 808 1337 808 1537 809 1337 809 1538 809 1538 810 1337 810 1336 810 1538 740 1336 740 1539 740 1539 741 1336 741 1332 741 1539 775 1332 775 1540 775 1540 811 1332 811 1331 811 1540 812 1331 812 1541 812 1541 813 1331 813 1329 813 1541 779 1329 779 1542 779 1542 814 1329 814 1328 814 1542 815 1328 815 1543 815 1543 816 1328 816 1351 816 1543 783 1351 783 1520 783 1520 817 1351 817 1350 817 1248 342 1241 342 1249 342 1249 342 1241 342 1237 342 1248 434 1247 434 1288 434 1272 434 1241 434 1283 434 1283 434 1241 434 1248 434 1283 434 1248 434 1287 434 1287 434 1248 434 1288 434 1272 434 1270 434 1241 434 1241 434 1270 434 1514 434 1241 434 1514 434 1240 434 1772 818 1773 818 1774 818 1775 818 1776 818 1777 818 1778 818 1779 818 1780 818 1775 818 1777 818 1781 818 1781 818 1777 818 1782 818 1781 818 1782 818 1783 818 1778 818 1780 818 1784 818 1784 818 1780 818 1785 818 1784 818 1785 818 1786 818 1786 818 1785 818 1787 818 1786 818 1787 818 1788 818 1788 818 1787 818 1789 818 1788 818 1789 818 1774 818 1774 818 1789 818 1790 818 1774 818 1790 818 1772 818 1791 818 1792 818 1793 818 1793 818 1792 818 1794 818 1793 818 1794 818 1795 818 1795 818 1794 818 1796 818 1795 819 1796 819 1797 819 1797 818 1796 818 1798 818 1797 818 1798 818 1799 818 1799 818 1798 818 1800 818 1799 818 1800 818 1801 818 1801 818 1800 818 1802 818 1801 819 1802 819 1803 819 1803 818 1802 818 1804 818 1803 818 1804 818 1805 818 1805 818 1804 818 1783 818 1805 818 1783 818 1806 818 1807 818 1808 818 1809 818 1782 818 1810 818 1783 818 1783 818 1810 818 1811 818 1783 819 1811 819 1806 819 1806 818 1811 818 1812 818 1806 818 1812 818 1807 818 1807 818 1812 818 1813 818 1807 818 1813 818 1808 818 1813 818 1814 818 1808 818 1808 818 1814 818 1815 818 1808 818 1815 818 1816 818 1816 818 1815 818 1817 818 1816 818 1817 818 1778 818 1778 818 1817 818 1818 818 1778 818 1818 818 1779 818 1779 818 1818 818 1819 818 1779 818 1819 818 1776 818 1776 818 1819 818 1820 818 1776 818 1820 818 1777 818 1809 818 1821 818 1807 818 1807 818 1821 818 1822 818 1807 819 1822 819 1823 819 1823 818 1822 818 1824 818 1823 818 1824 818 1825 818 1825 818 1824 818 1826 818 1825 818 1826 818 1791 818 1791 818 1826 818 1827 818 1791 818 1827 818 1792 818 1828 818 1774 818 1829 818 1829 818 1774 818 1830 818 1829 818 1830 818 1831 818 1831 818 1830 818 1832 818 1833 818 1834 818 1835 818 1835 818 1834 818 1836 818 1836 818 1837 818 1835 818 1835 819 1837 819 1838 819 1835 818 1838 818 1830 818 1830 818 1838 818 1839 818 1830 819 1839 819 1832 819 1828 818 1840 818 1774 818 1774 818 1840 818 1841 818 1774 818 1841 818 1788 818 1788 818 1841 818 1842 818 1788 818 1842 818 1843 818 1843 818 1842 818 1844 818 1843 818 1844 818 1836 818 1836 818 1844 818 1845 818 1836 818 1845 818 1837 818 1846 818 1847 818 1848 818 1848 818 1847 818 1849 818 1850 818 1851 818 1830 818 1830 818 1851 818 1852 818 1830 818 1852 818 1853 818 1848 818 1854 818 1846 818 1846 818 1854 818 1855 818 1846 818 1855 818 1856 818 1856 818 1855 818 1857 818 1856 818 1857 818 1858 818 1783 818 1859 818 1781 818 1781 819 1859 819 1860 819 1781 818 1860 818 1861 818 1861 818 1860 818 1862 818 1861 818 1862 818 1773 818 1773 818 1862 818 1848 818 1773 819 1848 819 1774 819 1774 818 1848 818 1849 818 1849 818 1863 818 1774 818 1774 818 1863 818 1864 818 1774 818 1864 818 1830 818 1830 818 1864 818 1865 818 1830 819 1865 819 1850 819 1852 818 1866 818 1853 818 1853 818 1866 818 1867 818 1853 819 1867 819 1868 819 1868 818 1867 818 1856 818 1868 818 1856 818 1869 818 1869 818 1856 818 1858 818 1870 820 1871 820 1872 820 1873 820 1874 820 1875 820 1875 820 1874 820 1876 820 1875 820 1876 820 1877 820 1878 820 1879 820 1880 820 1881 820 1882 820 1883 820 1884 820 1881 820 1885 820 1872 820 1871 820 1886 820 1886 820 1871 820 1887 820 1886 820 1887 820 1888 820 1888 820 1887 820 1889 820 1888 821 1889 821 1890 821 1890 820 1889 820 1891 820 1890 820 1891 820 1892 820 1892 820 1891 820 1893 820 1892 820 1893 820 1894 820 1876 820 1895 820 1877 820 1877 820 1895 820 1896 820 1877 820 1896 820 1897 820 1897 820 1896 820 1898 820 1897 820 1898 820 1899 820 1899 820 1898 820 1900 820 1900 820 1898 820 1901 820 1900 820 1901 820 1902 820 1870 820 1903 820 1904 820 1904 820 1903 820 1905 820 1904 820 1905 820 1906 820 1884 820 1885 820 1907 820 1883 820 1882 820 1908 820 1908 820 1882 820 1900 820 1908 820 1900 820 1909 820 1909 821 1900 821 1902 821 1909 820 1902 820 1910 820 1910 820 1902 820 1911 820 1910 820 1911 820 1880 820 1880 820 1911 820 1912 820 1880 820 1912 820 1878 820 1872 820 1913 820 1870 820 1870 820 1913 820 1914 820 1870 820 1914 820 1903 820 1903 820 1914 820 1915 820 1903 820 1915 820 1916 820 1916 820 1915 820 1885 820 1916 820 1885 820 1917 820 1917 820 1885 820 1881 820 1917 820 1881 820 1918 820 1918 821 1881 821 1883 821 1893 820 1919 820 1894 820 1894 820 1919 820 1920 820 1894 820 1920 820 1921 820 1921 820 1920 820 1922 820 1921 820 1922 820 1923 820 1923 820 1922 820 1924 820 1923 820 1924 820 1885 820 1885 821 1924 821 1925 821 1885 820 1925 820 1907 820 1926 821 1927 821 1878 821 1906 820 1879 820 1904 820 1904 820 1879 820 1878 820 1904 820 1878 820 1928 820 1928 821 1878 821 1927 821 1875 821 1929 821 1873 821 1873 820 1929 820 1926 820 1873 820 1926 820 1930 820 1930 821 1926 821 1878 821 1931 820 1932 820 1933 820 1933 820 1932 820 1934 820 1933 820 1934 820 1935 820 1931 820 1936 820 1932 820 1932 820 1936 820 1937 820 1932 820 1937 820 1938 820 1938 820 1937 820 1939 820 1938 820 1939 820 1940 820 1941 821 1942 821 1875 821 1875 820 1942 820 1943 820 1875 821 1943 821 1929 821 1943 820 1944 820 1929 820 1929 820 1944 820 1945 820 1929 820 1945 820 1946 820 1946 821 1945 821 1947 821 1946 820 1947 820 1948 820 1948 820 1947 820 1933 820 1948 820 1933 820 1949 820 1949 820 1933 820 1935 820 1949 820 1935 820 1950 820 1951 821 1952 821 1953 821 1875 820 1954 820 1955 820 1938 820 1956 820 1957 820 1958 820 1959 820 1960 820 1940 821 1941 821 1938 821 1938 820 1941 820 1875 820 1938 820 1875 820 1956 820 1956 820 1875 820 1955 820 1957 820 1961 820 1938 820 1938 821 1961 821 1962 821 1938 820 1962 820 1951 820 1951 821 1962 821 1963 821 1951 821 1963 821 1952 821 1960 821 1951 821 1958 821 1958 820 1951 820 1953 820 1958 820 1953 820 1964 820 1964 820 1953 820 1965 820 1964 821 1965 821 1877 821 1877 820 1965 820 1966 820 1877 820 1966 820 1875 820 1875 821 1966 821 1967 821 1875 820 1967 820 1954 820 1784 822 1899 822 1778 822 1778 822 1899 822 1900 822 1778 823 1900 823 1816 823 1816 823 1900 823 1882 823 1816 824 1882 824 1808 824 1808 824 1882 824 1881 824 1808 825 1881 825 1809 825 1809 825 1881 825 1884 825 1809 826 1884 826 1821 826 1821 826 1884 826 1907 826 1821 827 1907 827 1925 827 1821 827 1925 827 1822 827 1822 828 1925 828 1924 828 1822 828 1924 828 1824 828 1824 829 1924 829 1922 829 1824 829 1922 829 1826 829 1827 830 1826 830 1920 830 1920 830 1826 830 1922 830 1827 831 1920 831 1919 831 1827 831 1919 831 1792 831 1792 832 1919 832 1893 832 1792 832 1893 832 1794 832 1794 833 1893 833 1891 833 1794 833 1891 833 1796 833 1796 834 1891 834 1889 834 1796 834 1889 834 1798 834 1798 835 1889 835 1887 835 1798 835 1887 835 1800 835 1800 836 1887 836 1871 836 1800 836 1871 836 1802 836 1802 837 1871 837 1870 837 1802 837 1870 837 1804 837 1926 838 1860 838 1927 838 1927 839 1860 839 1859 839 1927 839 1859 839 1928 839 1928 840 1859 840 1783 840 1928 840 1783 840 1904 840 1904 841 1783 841 1804 841 1904 841 1804 841 1870 841 1946 842 1854 842 1929 842 1929 842 1854 842 1848 842 1929 843 1848 843 1926 843 1926 843 1848 843 1862 843 1926 838 1862 838 1860 838 1946 844 1948 844 1854 844 1854 844 1948 844 1855 844 1857 845 1855 845 1949 845 1949 845 1855 845 1948 845 1857 846 1949 846 1950 846 1857 846 1950 846 1858 846 1858 847 1950 847 1935 847 1858 847 1935 847 1869 847 1869 848 1935 848 1934 848 1869 848 1934 848 1868 848 1868 849 1934 849 1932 849 1868 849 1932 849 1853 849 1951 850 1835 850 1938 850 1938 850 1835 850 1830 850 1938 850 1830 850 1932 850 1932 850 1830 850 1853 850 1835 851 1951 851 1960 851 1835 851 1960 851 1833 851 1833 852 1960 852 1959 852 1833 852 1959 852 1834 852 1834 853 1959 853 1958 853 1834 853 1958 853 1836 853 1843 830 1836 830 1964 830 1964 830 1836 830 1958 830 1843 854 1964 854 1788 854 1788 854 1964 854 1877 854 1788 855 1877 855 1786 855 1877 855 1897 855 1786 855 1786 856 1897 856 1899 856 1786 856 1899 856 1784 856 1856 857 1933 857 1846 857 1846 857 1933 857 1947 857 1846 858 1947 858 1847 858 1847 858 1947 858 1945 858 1847 859 1945 859 1849 859 1849 859 1945 859 1944 859 1849 860 1944 860 1863 860 1863 860 1944 860 1943 860 1863 861 1943 861 1864 861 1864 861 1943 861 1942 861 1864 862 1942 862 1865 862 1865 862 1942 862 1941 862 1865 863 1941 863 1850 863 1850 863 1941 863 1940 863 1850 864 1940 864 1851 864 1851 864 1940 864 1939 864 1851 865 1939 865 1852 865 1852 865 1939 865 1937 865 1852 866 1937 866 1866 866 1866 866 1937 866 1936 866 1866 867 1936 867 1867 867 1867 867 1936 867 1931 867 1867 868 1931 868 1856 868 1856 868 1931 868 1933 868 1829 869 1956 869 1828 869 1828 869 1956 869 1955 869 1828 870 1955 870 1840 870 1840 870 1955 870 1954 870 1840 871 1954 871 1841 871 1841 871 1954 871 1967 871 1841 860 1967 860 1842 860 1842 860 1967 860 1966 860 1842 872 1966 872 1844 872 1844 872 1966 872 1965 872 1844 873 1965 873 1845 873 1845 873 1965 873 1953 873 1845 874 1953 874 1837 874 1837 874 1953 874 1952 874 1837 875 1952 875 1838 875 1838 875 1952 875 1963 875 1838 865 1963 865 1839 865 1839 865 1963 865 1962 865 1839 876 1962 876 1832 876 1832 876 1962 876 1961 876 1832 877 1961 877 1831 877 1831 877 1961 877 1957 877 1831 878 1957 878 1829 878 1829 878 1957 878 1956 878 1803 879 1913 879 1801 879 1801 879 1913 879 1872 879 1801 880 1872 880 1799 880 1799 880 1872 880 1886 880 1799 859 1886 859 1797 859 1797 859 1886 859 1888 859 1797 860 1888 860 1795 860 1795 860 1888 860 1890 860 1795 861 1890 861 1793 861 1793 861 1890 861 1892 861 1793 881 1892 881 1791 881 1791 881 1892 881 1894 881 1791 882 1894 882 1825 882 1825 882 1894 882 1921 882 1825 864 1921 864 1823 864 1823 864 1921 864 1923 864 1823 865 1923 865 1807 865 1807 865 1923 865 1885 865 1807 866 1885 866 1806 866 1806 866 1885 866 1915 866 1806 883 1915 883 1805 883 1805 883 1915 883 1914 883 1805 884 1914 884 1803 884 1803 884 1914 884 1913 884 1782 885 1879 885 1810 885 1810 885 1879 885 1906 885 1810 886 1906 886 1811 886 1811 886 1906 886 1905 886 1811 887 1905 887 1812 887 1812 887 1905 887 1903 887 1812 888 1903 888 1813 888 1813 888 1903 888 1916 888 1813 889 1916 889 1814 889 1814 889 1916 889 1917 889 1814 890 1917 890 1815 890 1815 890 1917 890 1918 890 1815 891 1918 891 1817 891 1817 891 1918 891 1883 891 1817 892 1883 892 1818 892 1818 892 1883 892 1908 892 1818 893 1908 893 1819 893 1819 893 1908 893 1909 893 1819 894 1909 894 1820 894 1820 894 1909 894 1910 894 1820 895 1910 895 1777 895 1777 895 1910 895 1880 895 1777 896 1880 896 1782 896 1782 896 1880 896 1879 896 1861 897 1930 897 1781 897 1781 897 1930 897 1878 897 1781 898 1878 898 1775 898 1775 898 1878 898 1912 898 1775 859 1912 859 1776 859 1776 859 1912 859 1911 859 1776 860 1911 860 1779 860 1779 860 1911 860 1902 860 1779 889 1902 889 1780 889 1780 889 1902 889 1901 889 1780 899 1901 899 1785 899 1785 899 1901 899 1898 899 1785 900 1898 900 1787 900 1787 900 1898 900 1896 900 1787 901 1896 901 1789 901 1789 901 1896 901 1895 901 1789 865 1895 865 1790 865 1790 865 1895 865 1876 865 1790 866 1876 866 1772 866 1772 866 1876 866 1874 866 1772 902 1874 902 1773 902 1773 902 1874 902 1873 902 1773 903 1873 903 1861 903 1861 903 1873 903 1930 903 1968 904 1969 904 1970 904 1971 904 1972 904 1973 904 1974 904 1975 904 1976 904 1971 904 1973 904 1977 904 1977 904 1973 904 1978 904 1977 904 1978 904 1979 904 1974 904 1976 904 1980 904 1980 904 1976 904 1981 904 1980 904 1981 904 1982 904 1982 904 1981 904 1983 904 1982 904 1983 904 1984 904 1984 904 1983 904 1985 904 1984 904 1985 904 1970 904 1970 904 1985 904 1986 904 1970 904 1986 904 1968 904 1987 904 1988 904 1989 904 1989 904 1988 904 1990 904 1989 904 1990 904 1991 904 1991 904 1990 904 1992 904 1991 904 1992 904 1993 904 1993 904 1992 904 1994 904 1993 904 1994 904 1995 904 1995 904 1994 904 1996 904 1995 904 1996 904 1997 904 1997 904 1996 904 1998 904 1997 904 1998 904 1999 904 1999 904 1998 904 2000 904 1999 904 2000 904 2001 904 2001 904 2000 904 1979 904 2001 904 1979 904 2002 904 2003 904 2004 904 2005 904 1978 904 2006 904 1979 904 1979 904 2006 904 2007 904 1979 904 2007 904 2002 904 2002 904 2007 904 2008 904 2002 904 2008 904 2003 904 2003 904 2008 904 2009 904 2003 904 2009 904 2004 904 2009 904 2010 904 2004 904 2004 904 2010 904 2011 904 2004 904 2011 904 2012 904 2012 904 2011 904 2013 904 2012 904 2013 904 1974 904 1974 904 2013 904 2014 904 1974 904 2014 904 1975 904 1975 904 2014 904 2015 904 1975 904 2015 904 1972 904 1972 904 2015 904 2016 904 1972 904 2016 904 1973 904 2005 904 2017 904 2003 904 2003 904 2017 904 2018 904 2003 904 2018 904 2019 904 2019 904 2018 904 2020 904 2019 904 2020 904 2021 904 2021 904 2020 904 2022 904 2021 904 2022 904 1987 904 1987 904 2022 904 2023 904 1987 904 2023 904 1988 904 2024 904 1970 904 2025 904 2025 904 1970 904 2026 904 2025 904 2026 904 2027 904 2027 904 2026 904 2028 904 2029 904 2030 904 2031 904 2031 904 2030 904 2032 904 2032 904 2033 904 2031 904 2031 904 2033 904 2034 904 2031 904 2034 904 2026 904 2026 904 2034 904 2035 904 2026 904 2035 904 2028 904 2024 904 2036 904 1970 904 1970 904 2036 904 2037 904 1970 904 2037 904 1984 904 1984 904 2037 904 2038 904 1984 904 2038 904 2039 904 2039 904 2038 904 2040 904 2039 904 2040 904 2032 904 2032 904 2040 904 2041 904 2032 904 2041 904 2033 904 2042 904 2043 904 2044 904 2044 904 2043 904 2045 904 2046 904 2047 904 2026 904 2026 904 2047 904 2048 904 2026 904 2048 904 2049 904 2044 904 2050 904 2042 904 2042 904 2050 904 2051 904 2042 904 2051 904 2052 904 2052 904 2051 904 2053 904 2052 904 2053 904 2054 904 1979 904 2055 904 1977 904 1977 904 2055 904 2056 904 1977 904 2056 904 2057 904 2057 904 2056 904 2058 904 2057 904 2058 904 1969 904 1969 904 2058 904 2044 904 1969 904 2044 904 1970 904 1970 904 2044 904 2045 904 2045 904 2059 904 1970 904 1970 904 2059 904 2060 904 1970 904 2060 904 2026 904 2026 904 2060 904 2061 904 2026 904 2061 904 2046 904 2048 904 2062 904 2049 904 2049 904 2062 904 2063 904 2049 904 2063 904 2064 904 2064 904 2063 904 2052 904 2064 904 2052 904 2065 904 2065 904 2052 904 2054 904 2066 905 2067 905 2068 905 2069 905 2070 905 2071 905 2071 905 2070 905 2072 905 2071 905 2072 905 2073 905 2074 905 2075 905 2076 905 2077 905 2078 905 2079 905 2080 905 2077 905 2081 905 2068 905 2067 905 2082 905 2082 905 2067 905 2083 905 2082 905 2083 905 2084 905 2084 905 2083 905 2085 905 2084 905 2085 905 2086 905 2086 905 2085 905 2087 905 2086 905 2087 905 2088 905 2088 905 2087 905 2089 905 2088 905 2089 905 2090 905 2072 905 2091 905 2073 905 2073 905 2091 905 2092 905 2073 905 2092 905 2093 905 2093 905 2092 905 2094 905 2093 905 2094 905 2095 905 2095 905 2094 905 2096 905 2096 905 2094 905 2097 905 2096 905 2097 905 2098 905 2066 905 2099 905 2100 905 2100 905 2099 905 2101 905 2100 905 2101 905 2102 905 2080 905 2081 905 2103 905 2079 905 2078 905 2104 905 2104 905 2078 905 2096 905 2104 905 2096 905 2105 905 2105 905 2096 905 2098 905 2105 905 2098 905 2106 905 2106 905 2098 905 2107 905 2106 905 2107 905 2076 905 2076 905 2107 905 2108 905 2076 905 2108 905 2074 905 2068 905 2109 905 2066 905 2066 905 2109 905 2110 905 2066 905 2110 905 2099 905 2099 905 2110 905 2111 905 2099 905 2111 905 2112 905 2112 905 2111 905 2081 905 2112 905 2081 905 2113 905 2113 905 2081 905 2077 905 2113 905 2077 905 2114 905 2114 905 2077 905 2079 905 2089 905 2115 905 2090 905 2090 905 2115 905 2116 905 2090 905 2116 905 2117 905 2117 905 2116 905 2118 905 2117 905 2118 905 2119 905 2119 905 2118 905 2120 905 2119 905 2120 905 2081 905 2081 905 2120 905 2121 905 2081 905 2121 905 2103 905 2122 905 2123 905 2074 905 2102 905 2075 905 2100 905 2100 905 2075 905 2074 905 2100 905 2074 905 2124 905 2124 905 2074 905 2123 905 2071 905 2125 905 2069 905 2069 905 2125 905 2122 905 2069 905 2122 905 2126 905 2126 905 2122 905 2074 905 2127 905 2128 905 2129 905 2129 905 2128 905 2130 905 2129 905 2130 905 2131 905 2127 905 2132 905 2128 905 2128 905 2132 905 2133 905 2128 905 2133 905 2134 905 2134 905 2133 905 2135 905 2134 905 2135 905 2136 905 2137 905 2138 905 2071 905 2071 905 2138 905 2139 905 2071 905 2139 905 2125 905 2139 905 2140 905 2125 905 2125 905 2140 905 2141 905 2125 905 2141 905 2142 905 2142 905 2141 905 2143 905 2142 905 2143 905 2144 905 2144 905 2143 905 2129 905 2144 905 2129 905 2145 905 2145 905 2129 905 2131 905 2145 905 2131 905 2146 905 2147 905 2148 905 2149 905 2071 905 2150 905 2151 905 2134 905 2152 905 2153 905 2154 905 2155 905 2156 905 2136 905 2137 905 2134 905 2134 905 2137 905 2071 905 2134 905 2071 905 2152 905 2152 905 2071 905 2151 905 2153 905 2157 905 2134 905 2134 905 2157 905 2158 905 2134 905 2158 905 2147 905 2147 905 2158 905 2159 905 2147 905 2159 905 2148 905 2156 905 2147 905 2154 905 2154 905 2147 905 2149 905 2154 905 2149 905 2160 905 2160 905 2149 905 2161 905 2160 905 2161 905 2073 905 2073 905 2161 905 2162 905 2073 905 2162 905 2071 905 2071 905 2162 905 2163 905 2071 905 2163 905 2150 905 1980 906 2095 906 1974 906 1974 906 2095 906 2096 906 1974 907 2096 907 2012 907 2012 907 2096 907 2078 907 2012 908 2078 908 2004 908 2004 908 2078 908 2077 908 2004 909 2077 909 2005 909 2005 909 2077 909 2080 909 2005 910 2080 910 2017 910 2017 910 2080 910 2103 910 2017 911 2103 911 2121 911 2017 911 2121 911 2018 911 2018 912 2121 912 2120 912 2018 912 2120 912 2020 912 2020 913 2120 913 2118 913 2020 913 2118 913 2022 913 2023 914 2022 914 2116 914 2116 914 2022 914 2118 914 2023 915 2116 915 2115 915 2023 915 2115 915 1988 915 1988 916 2115 916 2089 916 1988 916 2089 916 1990 916 1990 917 2089 917 2087 917 1990 917 2087 917 1992 917 1992 918 2087 918 2085 918 1992 918 2085 918 1994 918 1994 919 2085 919 2083 919 1994 919 2083 919 1996 919 1996 920 2083 920 2067 920 1996 920 2067 920 1998 920 1998 921 2067 921 2066 921 1998 921 2066 921 2000 921 2122 922 2056 922 2123 922 2123 923 2056 923 2055 923 2123 923 2055 923 2124 923 2124 924 2055 924 1979 924 2124 924 1979 924 2100 924 2100 925 1979 925 2000 925 2100 925 2000 925 2066 925 2142 926 2050 926 2125 926 2125 926 2050 926 2044 926 2125 927 2044 927 2122 927 2122 927 2044 927 2058 927 2122 922 2058 922 2056 922 2142 928 2144 928 2050 928 2050 928 2144 928 2051 928 2053 929 2051 929 2145 929 2145 929 2051 929 2144 929 2053 930 2145 930 2146 930 2053 930 2146 930 2054 930 2054 931 2146 931 2131 931 2054 931 2131 931 2065 931 2065 932 2131 932 2130 932 2065 932 2130 932 2064 932 2064 933 2130 933 2128 933 2064 933 2128 933 2049 933 2147 934 2031 934 2134 934 2134 934 2031 934 2026 934 2134 934 2026 934 2128 934 2128 934 2026 934 2049 934 2031 935 2147 935 2156 935 2031 935 2156 935 2029 935 2029 936 2156 936 2155 936 2029 936 2155 936 2030 936 2030 937 2155 937 2154 937 2030 937 2154 937 2032 937 2039 914 2032 914 2160 914 2160 914 2032 914 2154 914 2039 938 2160 938 1984 938 1984 938 2160 938 2073 938 1984 939 2073 939 1982 939 2073 939 2093 939 1982 939 1982 940 2093 940 2095 940 1982 940 2095 940 1980 940 2052 941 2129 941 2042 941 2042 941 2129 941 2143 941 2042 942 2143 942 2043 942 2043 942 2143 942 2141 942 2043 943 2141 943 2045 943 2045 943 2141 943 2140 943 2045 944 2140 944 2059 944 2059 944 2140 944 2139 944 2059 945 2139 945 2060 945 2060 945 2139 945 2138 945 2060 946 2138 946 2061 946 2061 946 2138 946 2137 946 2061 947 2137 947 2046 947 2046 947 2137 947 2136 947 2046 948 2136 948 2047 948 2047 948 2136 948 2135 948 2047 949 2135 949 2048 949 2048 949 2135 949 2133 949 2048 950 2133 950 2062 950 2062 950 2133 950 2132 950 2062 951 2132 951 2063 951 2063 951 2132 951 2127 951 2063 952 2127 952 2052 952 2052 952 2127 952 2129 952 2025 953 2152 953 2024 953 2024 953 2152 953 2151 953 2024 954 2151 954 2036 954 2036 954 2151 954 2150 954 2036 955 2150 955 2037 955 2037 955 2150 955 2163 955 2037 944 2163 944 2038 944 2038 944 2163 944 2162 944 2038 956 2162 956 2040 956 2040 956 2162 956 2161 956 2040 957 2161 957 2041 957 2041 957 2161 957 2149 957 2041 958 2149 958 2033 958 2033 958 2149 958 2148 958 2033 959 2148 959 2034 959 2034 959 2148 959 2159 959 2034 949 2159 949 2035 949 2035 949 2159 949 2158 949 2035 960 2158 960 2028 960 2028 960 2158 960 2157 960 2028 961 2157 961 2027 961 2027 961 2157 961 2153 961 2027 962 2153 962 2025 962 2025 962 2153 962 2152 962 1999 963 2109 963 1997 963 1997 963 2109 963 2068 963 1997 964 2068 964 1995 964 1995 964 2068 964 2082 964 1995 943 2082 943 1993 943 1993 943 2082 943 2084 943 1993 944 2084 944 1991 944 1991 944 2084 944 2086 944 1991 945 2086 945 1989 945 1989 945 2086 945 2088 945 1989 965 2088 965 1987 965 1987 965 2088 965 2090 965 1987 966 2090 966 2021 966 2021 966 2090 966 2117 966 2021 948 2117 948 2019 948 2019 948 2117 948 2119 948 2019 949 2119 949 2003 949 2003 949 2119 949 2081 949 2003 950 2081 950 2002 950 2002 950 2081 950 2111 950 2002 967 2111 967 2001 967 2001 967 2111 967 2110 967 2001 968 2110 968 1999 968 1999 968 2110 968 2109 968 1978 969 2075 969 2006 969 2006 969 2075 969 2102 969 2006 970 2102 970 2007 970 2007 970 2102 970 2101 970 2007 971 2101 971 2008 971 2008 971 2101 971 2099 971 2008 972 2099 972 2009 972 2009 972 2099 972 2112 972 2009 973 2112 973 2010 973 2010 973 2112 973 2113 973 2010 974 2113 974 2011 974 2011 974 2113 974 2114 974 2011 975 2114 975 2013 975 2013 975 2114 975 2079 975 2013 976 2079 976 2014 976 2014 976 2079 976 2104 976 2014 977 2104 977 2015 977 2015 977 2104 977 2105 977 2015 978 2105 978 2016 978 2016 978 2105 978 2106 978 2016 979 2106 979 1973 979 1973 979 2106 979 2076 979 1973 980 2076 980 1978 980 1978 980 2076 980 2075 980 2057 937 2126 937 1977 937 1977 937 2126 937 2074 937 1977 981 2074 981 1971 981 1971 981 2074 981 2108 981 1971 943 2108 943 1972 943 1972 943 2108 943 2107 943 1972 944 2107 944 1975 944 1975 944 2107 944 2098 944 1975 973 2098 973 1976 973 1976 973 2098 973 2097 973 1976 982 2097 982 1981 982 1981 982 2097 982 2094 982 1981 983 2094 983 1983 983 1983 983 2094 983 2092 983 1983 984 2092 984 1985 984 1985 984 2092 984 2091 984 1985 949 2091 949 1986 949 1986 949 2091 949 2072 949 1986 950 2072 950 1968 950 1968 950 2072 950 2070 950 1968 985 2070 985 1969 985 1969 985 2070 985 2069 985 1969 986 2069 986 2057 986 2057 986 2069 986 2126 986 2164 987 2165 987 2166 987 2166 987 2165 987 2167 987 2166 988 2167 988 2168 988 2168 988 2167 988 2169 988 2168 989 2169 989 2170 989 2170 989 2169 989 2171 989 2170 990 2171 990 2172 990 2172 990 2171 990 2173 990 2172 991 2173 991 2174 991 2174 991 2173 991 2175 991 2176 992 2174 992 2177 992 2177 992 2174 992 2175 992 2178 993 2176 993 2179 993 2179 993 2176 993 2177 993 2178 994 2179 994 2180 994 2180 994 2179 994 2181 994 2180 995 2181 995 2182 995 2182 995 2181 995 2183 995 2182 996 2183 996 2184 996 2184 996 2183 996 2185 996 2184 997 2185 997 2186 997 2184 997 2186 997 2187 997 2187 998 2186 998 2188 998 2187 998 2188 998 2189 998 2189 999 2188 999 2190 999 2189 999 2190 999 2191 999 2191 1000 2190 1000 2192 1000 2191 1000 2192 1000 2193 1000 2193 1001 2192 1001 2194 1001 2193 1001 2194 1001 2195 1001 2195 1002 2194 1002 2196 1002 2196 1002 2194 1002 2197 1002 2196 1003 2197 1003 2198 1003 2198 1003 2197 1003 2199 1003 2200 1004 2201 1004 2202 1004 2202 1004 2201 1004 2203 1004 2202 1005 2203 1005 2204 1005 2204 1005 2203 1005 2205 1005 2204 1006 2205 1006 2206 1006 2206 1006 2205 1006 2207 1006 2206 1007 2207 1007 2208 1007 2208 1007 2207 1007 2209 1007 2208 1008 2209 1008 2210 1008 2208 1008 2210 1008 2211 1008 2211 1009 2210 1009 2212 1009 2211 1009 2212 1009 2213 1009 2213 1010 2212 1010 2214 1010 2213 1010 2214 1010 2215 1010 2215 1011 2214 1011 2216 1011 2215 1011 2216 1011 2217 1011 2217 1012 2216 1012 2218 1012 2217 1012 2218 1012 2219 1012 2219 1013 2218 1013 2220 1013 2219 1013 2220 1013 2221 1013 2221 1014 2220 1014 2222 1014 2221 1014 2222 1014 2223 1014 2223 1015 2222 1015 2224 1015 2224 1015 2222 1015 2225 1015 2224 1016 2225 1016 2226 1016 2226 1016 2225 1016 2227 1016 2226 1017 2227 1017 2228 1017 2228 1017 2227 1017 2229 1017 2228 1018 2229 1018 2230 1018 2230 1018 2229 1018 2231 1018 2230 1019 2231 1019 2232 1019 2232 1019 2231 1019 2233 1019 2232 1020 2233 1020 2234 1020 2234 1020 2233 1020 2235 1020 2234 1021 2235 1021 2236 1021 2234 1021 2236 1021 2237 1021 2237 1022 2236 1022 2238 1022 2237 1022 2238 1022 2239 1022 2239 1023 2238 1023 2240 1023 2239 1023 2240 1023 2241 1023 2241 1024 2240 1024 2242 1024 2241 1024 2242 1024 2243 1024 2243 1025 2242 1025 2244 1025 2243 1025 2244 1025 2245 1025 2245 1026 2244 1026 2246 1026 2245 1026 2246 1026 2247 1026 2247 1027 2246 1027 2248 1027 2248 1027 2246 1027 2249 1027 2248 1028 2249 1028 2250 1028 2250 1028 2249 1028 2251 1028 2250 1029 2251 1029 2252 1029 2252 1029 2251 1029 2253 1029 2252 1030 2253 1030 2254 1030 2254 1030 2253 1030 2255 1030 2254 1031 2255 1031 2256 1031 2256 1031 2255 1031 2257 1031 2256 1032 2257 1032 2258 1032 2258 1032 2257 1032 2259 1032 2258 1033 2259 1033 2260 1033 2260 1033 2259 1033 2261 1033 2260 1034 2261 1034 2262 1034 2260 1034 2262 1034 2263 1034 2263 1035 2262 1035 2264 1035 2263 1035 2264 1035 2265 1035 2265 1036 2264 1036 2266 1036 2265 1036 2266 1036 2267 1036 2267 1037 2266 1037 2268 1037 2267 1037 2268 1037 2269 1037 2269 1038 2268 1038 2270 1038 2269 1038 2270 1038 2271 1038 2271 1039 2270 1039 2272 1039 2271 1039 2272 1039 2273 1039 2273 1040 2272 1040 2274 1040 2274 1040 2272 1040 2275 1040 2274 1041 2275 1041 2276 1041 2276 1041 2275 1041 2277 1041 2276 1042 2277 1042 2278 1042 2278 1042 2277 1042 2279 1042 2278 1043 2279 1043 2280 1043 2280 1043 2279 1043 2281 1043 2280 1044 2281 1044 2282 1044 2282 1044 2281 1044 2283 1044 2282 1045 2283 1045 2284 1045 2284 1045 2283 1045 2285 1045 2284 1046 2285 1046 2286 1046 2286 1046 2285 1046 2287 1046 2286 1047 2287 1047 2288 1047 2286 1047 2288 1047 2289 1047 2289 1048 2288 1048 2290 1048 2289 1048 2290 1048 2291 1048 2291 1049 2290 1049 2292 1049 2291 1049 2292 1049 2293 1049 2293 1050 2292 1050 2294 1050 2293 1050 2294 1050 2295 1050 2295 1051 2294 1051 2296 1051 2295 1051 2296 1051 2297 1051 2297 1052 2296 1052 2298 1052 2297 1052 2298 1052 2299 1052 2299 1053 2298 1053 2300 1053 2300 1053 2298 1053 2301 1053 2300 1054 2301 1054 2302 1054 2302 1054 2301 1054 2303 1054 2302 1055 2303 1055 2304 1055 2304 1055 2303 1055 2305 1055 2304 1056 2305 1056 2306 1056 2306 1056 2305 1056 2307 1056 2306 1057 2307 1057 2308 1057 2308 1057 2307 1057 2309 1057 2308 1058 2309 1058 2310 1058 2310 1058 2309 1058 2311 1058 2310 1059 2311 1059 2312 1059 2312 1059 2311 1059 2313 1059 2312 1060 2313 1060 2314 1060 2312 1060 2314 1060 2315 1060 2315 1061 2314 1061 2316 1061 2315 1061 2316 1061 2317 1061 2317 1062 2316 1062 2318 1062 2317 1062 2318 1062 2319 1062 2319 1063 2318 1063 2320 1063 2319 1063 2320 1063 2321 1063 2321 1064 2320 1064 2322 1064 2321 1064 2322 1064 2323 1064 2323 1065 2322 1065 2324 1065 2323 1065 2324 1065 2325 1065 2325 1066 2324 1066 2326 1066 2326 1066 2324 1066 2327 1066 2326 1067 2327 1067 2328 1067 2328 1067 2327 1067 2329 1067 2328 1068 2329 1068 2330 1068 2330 1068 2329 1068 2331 1068 2330 1069 2331 1069 2332 1069 2332 1069 2331 1069 2333 1069 2332 1070 2333 1070 2334 1070 2334 1070 2333 1070 2335 1070 2334 1071 2335 1071 2336 1071 2336 1071 2335 1071 2337 1071 2336 1072 2337 1072 2338 1072 2338 1072 2337 1072 2339 1072 2338 1073 2339 1073 2340 1073 2338 1073 2340 1073 2341 1073 2341 1074 2340 1074 2342 1074 2341 1074 2342 1074 2343 1074 2343 1075 2342 1075 2344 1075 2343 1075 2344 1075 2345 1075 2345 1076 2344 1076 2346 1076 2345 1076 2346 1076 2347 1076 2347 1077 2346 1077 2348 1077 2347 1077 2348 1077 2349 1077 2349 1078 2348 1078 2350 1078 2349 1078 2350 1078 2351 1078 2351 1079 2350 1079 2352 1079 2352 1079 2350 1079 2353 1079 2352 1080 2353 1080 2354 1080 2354 1080 2353 1080 2355 1080 2354 1081 2355 1081 2356 1081 2356 1081 2355 1081 2357 1081 2356 1082 2357 1082 2358 1082 2358 1082 2357 1082 2359 1082 2358 1083 2359 1083 2360 1083 2360 1083 2359 1083 2361 1083 2360 1084 2361 1084 2362 1084 2362 1084 2361 1084 2363 1084 2362 1085 2363 1085 2364 1085 2362 1085 2364 1085 2365 1085 2365 1086 2364 1086 2366 1086 2365 1086 2366 1086 2367 1086 2367 1087 2366 1087 2368 1087 2367 1087 2368 1087 2369 1087 2369 1088 2368 1088 2370 1088 2369 1088 2370 1088 2371 1088 2371 1089 2370 1089 2372 1089 2371 1089 2372 1089 2373 1089 2373 1090 2372 1090 2374 1090 2373 1090 2374 1090 2375 1090 2375 1091 2374 1091 2376 1091 2375 1091 2376 1091 2377 1091 2377 1092 2376 1092 2378 1092 2378 1092 2376 1092 2379 1092 2378 1093 2379 1093 2380 1093 2380 1093 2379 1093 2381 1093 2380 1094 2381 1094 2382 1094 2382 1094 2381 1094 2383 1094 2382 1095 2383 1095 2384 1095 2384 1095 2383 1095 2385 1095 2384 1096 2385 1096 2386 1096 2386 1096 2385 1096 2387 1096 2386 1097 2387 1097 2388 1097 2388 1097 2387 1097 2389 1097 2388 1098 2389 1098 2390 1098 2388 1098 2390 1098 2391 1098 2391 1099 2390 1099 2392 1099 2391 1099 2392 1099 2393 1099 2393 1100 2392 1100 2394 1100 2393 1100 2394 1100 2395 1100 2395 1101 2394 1101 2396 1101 2395 1101 2396 1101 2397 1101 2397 1102 2396 1102 2398 1102 2397 1102 2398 1102 2399 1102 2399 1103 2398 1103 2165 1103 2399 1103 2165 1103 2164 1103 2172 1104 2174 1104 2176 1104 2206 1104 2195 1104 2204 1104 2204 1104 2195 1104 2196 1104 2204 1104 2196 1104 2202 1104 2202 1104 2196 1104 2198 1104 2202 1105 2198 1105 2200 1105 2193 1104 2230 1104 2232 1104 2230 1104 2193 1104 2228 1104 2228 1104 2193 1104 2195 1104 2228 1104 2195 1104 2226 1104 2226 1104 2195 1104 2206 1104 2226 1104 2206 1104 2224 1104 2224 1105 2206 1105 2208 1105 2224 1105 2208 1105 2223 1105 2223 1104 2208 1104 2211 1104 2223 1104 2211 1104 2213 1104 2182 1104 2378 1104 2380 1104 2219 1104 2221 1104 2217 1104 2217 1104 2221 1104 2223 1104 2217 1104 2223 1104 2215 1104 2215 1104 2223 1104 2213 1104 2373 1105 2375 1105 2377 1105 2180 1104 2384 1104 2178 1104 2178 1104 2384 1104 2386 1104 2182 1104 2380 1104 2180 1104 2180 1104 2380 1104 2382 1104 2180 1104 2382 1104 2384 1104 2245 1104 2247 1104 2234 1104 2234 1104 2247 1104 2248 1104 2234 1104 2248 1104 2232 1104 2232 1104 2248 1104 2250 1104 2232 1104 2250 1104 2193 1104 2365 1104 2367 1104 2362 1104 2362 1104 2367 1104 2369 1104 2184 1104 2356 1104 2182 1104 2182 1105 2356 1105 2358 1105 2182 1104 2358 1104 2378 1104 2378 1104 2358 1104 2360 1104 2378 1104 2360 1104 2377 1104 2377 1104 2360 1104 2362 1104 2377 1104 2362 1104 2373 1104 2373 1104 2362 1104 2369 1104 2373 1104 2369 1104 2371 1104 2250 1104 2252 1104 2193 1104 2193 1104 2252 1104 2254 1104 2193 1104 2254 1104 2191 1104 2191 1105 2254 1105 2256 1105 2191 1104 2256 1104 2258 1104 2397 1104 2399 1104 2395 1104 2395 1104 2399 1104 2164 1104 2395 1105 2164 1105 2393 1105 2273 1104 2274 1104 2260 1104 2306 1104 2187 1104 2189 1104 2172 1105 2176 1105 2170 1105 2170 1104 2176 1104 2178 1104 2170 1104 2178 1104 2168 1104 2168 1104 2178 1104 2386 1104 2168 1104 2386 1104 2166 1104 2166 1104 2386 1104 2388 1104 2166 1104 2388 1104 2164 1104 2164 1104 2388 1104 2391 1104 2164 1105 2391 1105 2393 1105 2241 1105 2243 1105 2239 1105 2239 1104 2243 1104 2245 1104 2239 1104 2245 1104 2237 1104 2237 1104 2245 1104 2234 1104 2276 1104 2191 1104 2274 1104 2274 1104 2191 1104 2258 1104 2274 1104 2258 1104 2260 1104 2300 1104 2302 1104 2189 1104 2189 1104 2302 1104 2304 1104 2189 1104 2304 1104 2306 1104 2276 1104 2278 1104 2191 1104 2191 1104 2278 1104 2280 1104 2191 1105 2280 1105 2189 1105 2280 1104 2282 1104 2189 1104 2189 1105 2282 1105 2284 1105 2189 1105 2284 1105 2300 1105 2300 1104 2284 1104 2286 1104 2300 1105 2286 1105 2299 1105 2299 1104 2286 1104 2289 1104 2260 1104 2263 1104 2265 1104 2326 1105 2328 1105 2187 1105 2187 1104 2328 1104 2330 1104 2271 1104 2273 1104 2269 1104 2269 1105 2273 1105 2260 1105 2269 1104 2260 1104 2267 1104 2267 1105 2260 1105 2265 1105 2295 1104 2297 1104 2293 1104 2293 1104 2297 1104 2299 1104 2293 1104 2299 1104 2291 1104 2291 1104 2299 1104 2289 1104 2330 1104 2332 1104 2187 1104 2187 1105 2332 1105 2352 1105 2187 1105 2352 1105 2184 1105 2184 1104 2352 1104 2354 1104 2184 1104 2354 1104 2356 1104 2306 1104 2308 1104 2187 1104 2187 1105 2308 1105 2310 1105 2187 1104 2310 1104 2326 1104 2326 1104 2310 1104 2312 1104 2326 1104 2312 1104 2325 1104 2325 1104 2312 1104 2315 1104 2325 1104 2315 1104 2317 1104 2317 1105 2319 1105 2325 1105 2325 1104 2319 1104 2321 1104 2325 1105 2321 1105 2323 1105 2341 1104 2343 1104 2345 1104 2332 1104 2334 1104 2352 1104 2352 1104 2334 1104 2336 1104 2352 1104 2336 1104 2351 1104 2351 1105 2336 1105 2338 1105 2351 1104 2338 1104 2349 1104 2349 1104 2338 1104 2341 1104 2349 1104 2341 1104 2347 1104 2347 1105 2341 1105 2345 1105 2192 1106 2233 1106 2231 1106 2212 1106 2210 1106 2209 1106 2194 1107 2207 1107 2197 1107 2197 1106 2207 1106 2205 1106 2197 1106 2205 1106 2199 1106 2199 1107 2205 1107 2203 1107 2199 1107 2203 1107 2201 1107 2192 1106 2231 1106 2194 1106 2181 1106 2179 1106 2387 1106 2177 1106 2175 1106 2173 1106 2387 1107 2385 1107 2181 1107 2181 1106 2385 1106 2383 1106 2181 1106 2383 1106 2183 1106 2220 1107 2218 1107 2222 1107 2222 1106 2218 1106 2216 1106 2231 1106 2229 1106 2194 1106 2194 1106 2229 1106 2227 1106 2194 1106 2227 1106 2207 1106 2207 1106 2227 1106 2225 1106 2207 1107 2225 1107 2209 1107 2209 1107 2225 1107 2222 1107 2209 1106 2222 1106 2212 1106 2212 1106 2222 1106 2216 1106 2212 1106 2216 1106 2214 1106 2177 1106 2173 1106 2179 1106 2392 1106 2390 1106 2389 1106 2383 1106 2381 1106 2183 1106 2183 1106 2381 1106 2379 1106 2183 1106 2379 1106 2361 1106 2361 1106 2379 1106 2376 1106 2361 1106 2376 1106 2363 1106 2363 1107 2376 1107 2374 1107 2363 1106 2374 1106 2372 1106 2366 1106 2364 1106 2368 1106 2368 1106 2364 1106 2363 1106 2368 1107 2363 1107 2370 1107 2370 1106 2363 1106 2372 1106 2398 1106 2396 1106 2165 1106 2165 1107 2396 1107 2394 1107 2255 1106 2192 1106 2257 1106 2257 1106 2192 1106 2190 1106 2257 1106 2190 1106 2259 1106 2394 1107 2392 1107 2165 1107 2165 1106 2392 1106 2389 1106 2165 1106 2389 1106 2167 1106 2167 1106 2389 1106 2387 1106 2167 1106 2387 1106 2169 1106 2169 1106 2387 1106 2179 1106 2169 1106 2179 1106 2171 1106 2171 1106 2179 1106 2173 1106 2244 1106 2242 1106 2240 1106 2190 1106 2277 1106 2259 1106 2259 1107 2277 1107 2275 1107 2259 1106 2275 1106 2261 1106 2261 1106 2275 1106 2272 1106 2261 1106 2272 1106 2270 1106 2255 1106 2253 1106 2192 1106 2192 1106 2253 1106 2251 1106 2192 1106 2251 1106 2233 1106 2233 1106 2251 1106 2249 1106 2233 1106 2249 1106 2235 1106 2235 1106 2249 1106 2246 1106 2235 1106 2246 1106 2236 1106 2236 1106 2246 1106 2244 1106 2236 1106 2244 1106 2238 1106 2238 1106 2244 1106 2240 1106 2361 1106 2359 1106 2183 1106 2183 1107 2359 1107 2357 1107 2183 1106 2357 1106 2185 1106 2185 1106 2357 1106 2355 1106 2185 1106 2355 1106 2186 1106 2186 1106 2355 1106 2353 1106 2186 1107 2353 1107 2333 1107 2285 1107 2283 1107 2188 1107 2188 1106 2283 1106 2281 1106 2188 1107 2281 1107 2190 1107 2190 1106 2281 1106 2279 1106 2190 1106 2279 1106 2277 1106 2311 1107 2309 1107 2186 1107 2186 1106 2309 1106 2307 1106 2186 1106 2307 1106 2188 1106 2264 1106 2262 1106 2266 1106 2266 1106 2262 1106 2261 1106 2266 1106 2261 1106 2268 1106 2268 1106 2261 1106 2270 1106 2333 1106 2331 1106 2186 1106 2186 1106 2331 1106 2329 1106 2186 1107 2329 1107 2311 1107 2311 1106 2329 1106 2327 1106 2311 1106 2327 1106 2313 1106 2313 1106 2327 1106 2324 1106 2313 1106 2324 1106 2314 1106 2296 1106 2294 1106 2298 1106 2298 1107 2294 1107 2292 1107 2307 1106 2305 1106 2188 1106 2188 1106 2305 1106 2303 1106 2188 1106 2303 1106 2285 1106 2285 1106 2303 1106 2301 1106 2285 1106 2301 1106 2287 1106 2287 1107 2301 1107 2298 1107 2287 1106 2298 1106 2288 1106 2288 1106 2298 1106 2292 1106 2288 1106 2292 1106 2290 1106 2324 1107 2322 1107 2320 1107 2314 1106 2324 1106 2316 1106 2316 1107 2324 1107 2320 1107 2316 1106 2320 1106 2318 1106 2344 1106 2342 1106 2346 1106 2346 1107 2342 1107 2340 1107 2346 1106 2340 1106 2348 1106 2348 1106 2340 1106 2339 1106 2348 1106 2339 1106 2350 1106 2350 1107 2339 1107 2337 1107 2350 1106 2337 1106 2353 1106 2353 1106 2337 1106 2335 1106 2353 1106 2335 1106 2333 1106 2198 1108 2199 1108 2200 1108 2200 1108 2199 1108 2201 1108 2400 1109 2401 1109 2402 1109 2403 1109 2404 1109 2405 1109 2405 1109 2404 1109 2406 1109 2405 1109 2406 1109 2407 1109 2407 1109 2406 1109 2408 1109 2403 1109 2405 1109 2409 1109 2409 1109 2405 1109 2410 1109 2409 1109 2410 1109 2411 1109 2411 1109 2410 1109 2412 1109 2411 1109 2412 1109 2413 1109 2414 1109 2415 1109 2416 1109 2416 1109 2415 1109 2417 1109 2404 1109 2418 1109 2406 1109 2406 1109 2418 1109 2419 1109 2406 1109 2419 1109 2420 1109 2420 1109 2419 1109 2421 1109 2420 1109 2421 1109 2422 1109 2422 1109 2421 1109 2416 1109 2422 1109 2416 1109 2423 1109 2423 1109 2416 1109 2417 1109 2424 1109 2425 1109 2426 1109 2412 1109 2427 1109 2414 1109 2428 1109 2429 1109 2402 1109 2402 1109 2429 1109 2430 1109 2402 1109 2430 1109 2400 1109 2416 1109 2431 1109 2414 1109 2414 1109 2431 1109 2432 1109 2414 1109 2432 1109 2412 1109 2412 1109 2432 1109 2433 1109 2412 1109 2433 1109 2413 1109 2427 1109 2434 1109 2414 1109 2414 1109 2434 1109 2435 1109 2414 1109 2435 1109 2436 1109 2436 1109 2435 1109 2437 1109 2436 1109 2437 1109 2426 1109 2426 1109 2437 1109 2438 1109 2426 1109 2438 1109 2424 1109 2439 1109 2440 1109 2441 1109 2441 1109 2440 1109 2442 1109 2408 1109 2406 1109 2443 1109 2443 1109 2406 1109 2441 1109 2443 1109 2441 1109 2444 1109 2444 1109 2441 1109 2442 1109 2444 1109 2442 1109 2445 1109 2446 1109 2447 1109 2402 1109 2402 1109 2447 1109 2448 1109 2402 1109 2448 1109 2449 1109 2449 1109 2450 1109 2402 1109 2402 1109 2450 1109 2426 1109 2402 1109 2426 1109 2428 1109 2428 1109 2426 1109 2425 1109 2451 1109 2452 1109 2453 1109 2454 1109 2455 1109 2402 1109 2402 1109 2455 1109 2456 1109 2402 1109 2456 1109 2446 1109 2452 1109 2451 1109 2457 1109 2450 1109 2458 1109 2426 1109 2426 1109 2458 1109 2459 1109 2426 1109 2459 1109 2460 1109 2460 1109 2459 1109 2461 1109 2460 1109 2461 1109 2462 1109 2462 1109 2461 1109 2463 1109 2462 1109 2463 1109 2464 1109 2464 1109 2463 1109 2465 1109 2464 1109 2465 1109 2466 1109 2466 1109 2465 1109 2467 1109 2467 1109 2465 1109 2468 1109 2467 1109 2468 1109 2469 1109 2469 1109 2468 1109 2470 1109 2469 1109 2470 1109 2446 1109 2446 1109 2470 1109 2471 1109 2446 1109 2471 1109 2447 1109 2472 1109 2473 1109 2474 1109 2474 1109 2473 1109 2475 1109 2474 1109 2475 1109 2476 1109 2476 1109 2475 1109 2462 1109 2476 1109 2462 1109 2477 1109 2477 1109 2462 1109 2464 1109 2472 1109 2478 1109 2473 1109 2473 1109 2478 1109 2479 1109 2473 1109 2479 1109 2480 1109 2480 1109 2479 1109 2457 1109 2480 1109 2457 1109 2481 1109 2481 1109 2457 1109 2451 1109 2402 1109 2482 1109 2483 1109 2453 1109 2454 1109 2451 1109 2451 1109 2454 1109 2402 1109 2451 1109 2402 1109 2484 1109 2484 1109 2402 1109 2483 1109 2485 1109 2486 1109 2487 1109 2485 1109 2482 1109 2486 1109 2486 1109 2482 1109 2402 1109 2486 1109 2402 1109 2488 1109 2488 1109 2402 1109 2401 1109 2488 1109 2401 1109 2489 1109 2489 1109 2401 1109 2408 1109 2489 1109 2408 1109 2490 1109 2490 1109 2408 1109 2443 1109 2491 1109 2492 1109 2493 1109 2493 1109 2492 1109 2494 1109 2493 1109 2494 1109 2495 1109 2495 1109 2494 1109 2496 1109 2495 1109 2496 1109 2497 1109 2497 1109 2496 1109 2498 1109 2497 1109 2498 1109 2499 1109 2499 1109 2498 1109 2451 1109 2499 1109 2451 1109 2500 1109 2500 1109 2451 1109 2484 1109 2487 1109 2501 1109 2485 1109 2485 1109 2501 1109 2502 1109 2485 1109 2502 1109 2503 1109 2503 1109 2502 1109 2504 1109 2503 1109 2504 1109 2505 1109 2505 1109 2504 1109 2506 1109 2505 1109 2506 1109 2491 1109 2491 1109 2506 1109 2507 1109 2491 1109 2507 1109 2492 1109 1997 1110 1999 1110 2508 1110 2012 1110 1974 1110 2509 1110 2510 1110 2511 1110 2512 1110 2512 1110 2511 1110 2513 1110 2512 1110 2513 1110 1980 1110 2514 1110 2515 1110 2516 1110 2516 1110 2515 1110 2511 1110 2516 1110 2511 1110 2517 1110 2517 1110 2511 1110 2510 1110 2518 1110 2519 1110 2520 1110 1977 1110 2057 1110 2521 1110 1986 1110 1985 1110 2513 1110 2513 1110 1985 1110 1983 1110 2513 1110 1983 1110 2522 1110 1974 1110 1980 1110 2509 1110 2509 1110 1980 1110 2513 1110 2509 1110 2513 1110 2523 1110 2523 1110 2513 1110 2522 1110 2521 1110 2057 1110 2520 1110 2520 1110 2057 1110 1969 1110 2520 1110 1969 1110 2518 1110 1971 1110 2524 1110 1972 1110 1972 1110 2524 1110 1975 1110 2525 1110 2526 1110 2527 1110 2527 1110 2526 1110 2528 1110 1986 1110 2513 1110 1968 1110 1968 1110 2513 1110 2529 1110 1968 1110 2529 1110 1969 1110 1969 1110 2529 1110 2530 1110 1969 1110 2530 1110 2518 1110 1983 1110 1981 1110 2522 1110 2522 1110 1981 1110 1976 1110 2522 1110 1976 1110 2531 1110 2531 1110 1976 1110 1975 1110 2531 1110 1975 1110 2532 1110 2532 1110 1975 1110 2524 1110 2533 1110 2524 1110 2521 1110 2521 1110 2524 1110 1971 1110 2521 1110 1971 1110 1977 1110 2528 1110 2534 1110 2527 1110 2527 1110 2534 1110 2535 1110 2527 1110 2535 1110 2536 1110 2536 1110 2535 1110 2537 1110 2537 1110 2538 1110 2536 1110 2536 1110 2538 1110 2539 1110 2536 1110 2539 1110 2540 1110 2540 1110 2539 1110 2541 1110 2540 1110 2541 1110 2521 1110 2521 1110 2541 1110 2542 1110 2521 1110 2542 1110 2533 1110 2508 1110 1999 1110 2527 1110 1999 1110 2001 1110 2527 1110 2527 1110 2001 1110 2002 1110 2527 1110 2002 1110 2003 1110 1987 1110 1989 1110 1990 1110 2509 1110 2525 1110 2012 1110 2012 1110 2525 1110 2527 1110 2012 1110 2527 1110 2004 1110 2004 1110 2527 1110 2003 1110 2004 1110 2003 1110 2005 1110 2005 1110 2003 1110 2017 1110 1990 1110 1989 1110 1992 1110 1992 1110 1989 1110 1991 1110 1992 1110 1991 1110 1994 1110 1994 1110 1991 1110 1993 1110 1994 1110 1993 1110 2508 1110 2508 1110 1993 1110 1995 1110 2508 1110 1995 1110 1997 1110 1990 1110 1988 1110 1987 1110 1987 1110 1988 1110 2023 1110 1987 1110 2023 1110 2021 1110 2021 1110 2023 1110 2022 1110 2021 1110 2022 1110 2019 1110 2019 1110 2022 1110 2020 1110 2019 1110 2020 1110 2003 1110 2003 1110 2020 1110 2018 1110 2003 1110 2018 1110 2017 1110 1978 1110 1973 1110 2536 1110 2536 1110 2543 1110 1978 1110 1978 1110 2543 1110 2544 1110 1978 1110 2544 1110 2006 1110 2006 1110 2544 1110 2007 1110 2508 1110 2545 1110 2546 1110 2508 1110 2546 1110 1996 1110 1973 1110 2016 1110 2536 1110 2536 1110 2016 1110 2015 1110 2536 1110 2015 1110 2527 1110 2527 1110 2015 1110 2014 1110 2527 1110 2547 1110 2548 1110 2014 1110 2013 1110 2527 1110 2527 1110 2013 1110 2011 1110 2527 1110 2011 1110 2547 1110 2549 1110 2550 1110 2000 1110 2000 1110 2550 1110 2551 1110 2000 1110 2551 1110 2552 1110 2552 1110 2551 1110 2553 1110 2552 1110 2553 1110 2554 1110 2554 1110 2553 1110 2555 1110 2554 1110 2555 1110 2543 1110 2543 1110 2555 1110 2556 1110 2543 1110 2556 1110 2544 1110 2549 1110 2000 1110 2546 1110 2546 1110 2000 1110 1998 1110 2546 1110 1998 1110 1996 1110 2011 1110 2010 1110 2547 1110 2547 1110 2010 1110 2009 1110 2547 1110 2009 1110 2557 1110 2557 1110 2009 1110 2008 1110 2557 1110 2008 1110 2558 1110 2558 1110 2008 1110 2007 1110 2558 1110 2007 1110 2559 1110 2559 1110 2007 1110 2544 1110 2548 1110 2560 1110 2527 1110 2527 1110 2560 1110 2561 1110 2527 1110 2561 1110 2508 1110 2508 1110 2561 1110 2562 1110 2508 1110 2562 1110 2545 1110 2490 1111 1980 1111 2489 1111 2489 1111 1980 1111 1974 1111 2489 1112 1974 1112 2488 1112 2488 1112 1974 1112 2012 1112 2488 1113 2012 1113 2486 1113 2486 1113 2012 1113 2004 1113 2486 1114 2004 1114 2487 1114 2487 1114 2004 1114 2005 1114 2487 1115 2005 1115 2501 1115 2501 1115 2005 1115 2017 1115 2501 1116 2017 1116 2018 1116 2501 1116 2018 1116 2502 1116 2502 1117 2018 1117 2020 1117 2502 1117 2020 1117 2504 1117 2504 1118 2020 1118 2022 1118 2504 1118 2022 1118 2506 1118 2507 1119 2506 1119 2023 1119 2023 1119 2506 1119 2022 1119 2507 1120 2023 1120 1988 1120 2507 1120 1988 1120 2492 1120 2492 1121 1988 1121 1990 1121 2492 1121 1990 1121 2494 1121 2494 1122 1990 1122 1992 1122 2494 1122 1992 1122 2496 1122 2496 1123 1992 1123 1994 1123 2496 1123 1994 1123 2498 1123 2498 1124 1994 1124 2451 1124 2451 1124 1994 1124 2508 1124 2451 1125 2508 1125 2481 1125 2508 1125 1996 1125 2481 1125 2481 1126 1996 1126 1998 1126 2481 1126 1998 1126 2480 1126 2480 1127 1998 1127 2000 1127 2480 1127 2000 1127 2473 1127 2473 1128 2000 1128 2552 1128 2473 1128 2552 1128 2475 1128 2475 1129 2552 1129 2554 1129 2475 1129 2554 1129 2462 1129 2462 1130 2554 1130 2543 1130 2462 1130 2543 1130 2460 1130 2460 1131 2543 1131 2426 1131 2426 1131 2543 1131 2536 1131 2426 1132 2536 1132 2436 1132 2536 1132 2540 1132 2436 1132 2436 1133 2540 1133 2521 1133 2436 1133 2521 1133 2414 1133 2444 1134 2510 1134 2512 1134 2444 1134 2512 1134 2443 1134 2443 1135 2512 1135 1980 1135 2443 1135 1980 1135 2490 1135 2457 1136 2546 1136 2452 1136 2452 1136 2546 1136 2545 1136 2452 1137 2545 1137 2453 1137 2453 1137 2545 1137 2562 1137 2453 1138 2562 1138 2454 1138 2454 1138 2562 1138 2561 1138 2457 1139 2479 1139 2546 1139 2546 1139 2479 1139 2549 1139 2474 1140 2553 1140 2472 1140 2472 1140 2553 1140 2551 1140 2472 1141 2551 1141 2478 1141 2478 1141 2551 1141 2550 1141 2478 1142 2550 1142 2479 1142 2479 1142 2550 1142 2549 1142 2474 1143 2476 1143 2553 1143 2553 1143 2476 1143 2555 1143 2467 1144 2558 1144 2466 1144 2466 1144 2558 1144 2559 1144 2466 1145 2559 1145 2464 1145 2464 1145 2559 1145 2544 1145 2464 1146 2544 1146 2477 1146 2477 1146 2544 1146 2556 1146 2477 1147 2556 1147 2476 1147 2476 1147 2556 1147 2555 1147 2467 1148 2469 1148 2558 1148 2558 1148 2469 1148 2557 1148 2455 1149 2560 1149 2456 1149 2456 1149 2560 1149 2548 1149 2456 1150 2548 1150 2446 1150 2446 1150 2548 1150 2547 1150 2446 1151 2547 1151 2469 1151 2469 1151 2547 1151 2557 1151 2455 1152 2454 1152 2560 1152 2560 1152 2454 1152 2561 1152 2429 1153 2534 1153 2430 1153 2430 1153 2534 1153 2528 1153 2430 1154 2528 1154 2400 1154 2400 1154 2528 1154 2526 1154 2400 1155 2526 1155 2401 1155 2401 1155 2526 1155 2525 1155 2429 1139 2428 1139 2534 1139 2534 1139 2428 1139 2535 1139 2438 1156 2539 1156 2424 1156 2424 1156 2539 1156 2538 1156 2424 1157 2538 1157 2425 1157 2425 1157 2538 1157 2537 1157 2425 1158 2537 1158 2428 1158 2428 1158 2537 1158 2535 1158 2438 1159 2437 1159 2539 1159 2539 1159 2437 1159 2541 1159 2412 1160 2532 1160 2427 1160 2427 1160 2532 1160 2524 1160 2427 1161 2524 1161 2434 1161 2434 1161 2524 1161 2533 1161 2434 1162 2533 1162 2435 1162 2435 1162 2533 1162 2542 1162 2435 1163 2542 1163 2437 1163 2437 1163 2542 1163 2541 1163 2412 1148 2410 1148 2532 1148 2532 1148 2410 1148 2531 1148 2408 1164 2509 1164 2407 1164 2407 1164 2509 1164 2523 1164 2407 1165 2523 1165 2405 1165 2405 1165 2523 1165 2522 1165 2405 1166 2522 1166 2410 1166 2410 1166 2522 1166 2531 1166 2408 1152 2401 1152 2509 1152 2509 1152 2401 1152 2525 1152 2484 1167 1999 1167 2500 1167 2500 1167 1999 1167 1997 1167 2500 1168 1997 1168 2499 1168 2499 1168 1997 1168 1995 1168 2499 1169 1995 1169 2497 1169 2497 1169 1995 1169 1993 1169 2497 1170 1993 1170 2495 1170 2495 1170 1993 1170 1991 1170 2495 1171 1991 1171 2493 1171 2493 1171 1991 1171 1989 1171 2493 1172 1989 1172 2491 1172 2491 1172 1989 1172 1987 1172 2491 1173 1987 1173 2505 1173 2505 1173 1987 1173 2021 1173 2505 1174 2021 1174 2503 1174 2503 1174 2021 1174 2019 1174 2503 1175 2019 1175 2485 1175 2485 1175 2019 1175 2003 1175 2485 1176 2003 1176 2482 1176 2482 1176 2003 1176 2002 1176 2482 1177 2002 1177 2483 1177 2483 1177 2002 1177 2001 1177 2483 1178 2001 1178 2484 1178 2484 1178 2001 1178 1999 1178 2461 1179 1978 1179 2463 1179 2463 1179 1978 1179 2006 1179 2463 1180 2006 1180 2465 1180 2465 1180 2006 1180 2007 1180 2465 1181 2007 1181 2468 1181 2468 1181 2007 1181 2008 1181 2468 1182 2008 1182 2470 1182 2470 1182 2008 1182 2009 1182 2470 1183 2009 1183 2471 1183 2471 1183 2009 1183 2010 1183 2471 1184 2010 1184 2447 1184 2447 1184 2010 1184 2011 1184 2447 1185 2011 1185 2448 1185 2448 1185 2011 1185 2013 1185 2448 1186 2013 1186 2449 1186 2449 1186 2013 1186 2014 1186 2449 1187 2014 1187 2450 1187 2450 1187 2014 1187 2015 1187 2450 1188 2015 1188 2458 1188 2458 1188 2015 1188 2016 1188 2458 1189 2016 1189 2459 1189 2459 1189 2016 1189 1973 1189 2459 1190 1973 1190 2461 1190 2461 1190 1973 1190 1978 1190 2431 1191 2057 1191 2432 1191 2432 1191 2057 1191 1977 1191 2432 1192 1977 1192 2433 1192 2433 1192 1977 1192 1971 1192 2433 1169 1971 1169 2413 1169 2413 1169 1971 1169 1972 1169 2413 1170 1972 1170 2411 1170 2411 1170 1972 1170 1975 1170 2411 1193 1975 1193 2409 1193 2409 1193 1975 1193 1976 1193 2409 1138 1976 1138 2403 1138 2403 1138 1976 1138 1981 1138 2403 1194 1981 1194 2404 1194 2404 1194 1981 1194 1983 1194 2404 1195 1983 1195 2418 1195 2418 1195 1983 1195 1985 1195 2418 1175 1985 1175 2419 1175 2419 1175 1985 1175 1986 1175 2419 1176 1986 1176 2421 1176 2421 1176 1986 1176 1968 1176 2421 1196 1968 1196 2416 1196 2416 1196 1968 1196 1969 1196 2416 1197 1969 1197 2431 1197 2431 1197 1969 1197 2057 1197 2511 1139 2441 1139 2513 1139 2513 1139 2441 1139 2406 1139 2513 1139 2406 1139 2529 1139 2529 1139 2406 1139 2420 1139 2441 1198 2511 1198 2515 1198 2441 1198 2515 1198 2439 1198 2439 1199 2515 1199 2514 1199 2439 1199 2514 1199 2440 1199 2440 1200 2514 1200 2516 1200 2440 1200 2516 1200 2442 1200 2442 1201 2516 1201 2517 1201 2442 1201 2517 1201 2445 1201 2445 1202 2517 1202 2510 1202 2445 1202 2510 1202 2444 1202 2414 1203 2521 1203 2520 1203 2414 1203 2520 1203 2415 1203 2415 1204 2520 1204 2519 1204 2415 1204 2519 1204 2417 1204 2417 1205 2519 1205 2518 1205 2417 1205 2518 1205 2423 1205 2423 1206 2518 1206 2530 1206 2423 1206 2530 1206 2422 1206 2422 1207 2530 1207 2529 1207 2422 1207 2529 1207 2420 1207</p>
        </triangles>
      </mesh>
    </geometry>
  </library_geometries>
  <library_visual_scenes>
    <visual_scene id="DefaultScene">
      <node id="node_c0607d13_9e37_4af4_94de_51332effe08d" type="NODE">
        <matrix>1 0 0 0 0 1 0 0 0 0 1 0 0 0 0 1</matrix>
        <node id="node_b99474d9_c770_4954_af72_2a5ce29725f1" type="NODE">
          <matrix>1 0 0 0 0 1 0 0 0 0 1 0 0 0 0 1</matrix>
          <node id="node_b99474d9_c770_4954_af72_2a5ce29725f1_mesh0" type="NODE">
            <matrix>1 0 0 0 0 1 0 0 0 0 1 0 0 0 0 1</matrix>
            <instance_geometry url="#geometry_a242d011_35ec_4466_9a7f_69525d6dd426">
              <bind_material>
                <technique_common>
                  <instance_material symbol="mat_0" target="#mat_0"/>
                </technique_common>
              </bind_material>
            </instance_geometry>
          </node>
        </node>
      </node>
    </visual_scene>
  </library_visual_scenes>
  <scene>
    <instance_visual_scene url="#DefaultScene"/>
  </scene>
</COLLADA>
