<?xml version="1.0" encoding="UTF-8"?>
<COLLADA xmlns="http://www.collada.org/2005/11/COLLADASchema" version="1.4.1">
<!--
# File generated by ImageToStl.com - Free Image and 3D model conversion tools
-->
  <asset>
    <contributor>
      <author>ImageToStl.com</author>
      <authoring_tool>ImageToStl.com</authoring_tool>
    </contributor>
    <created>2026-04-08T11:06:30</created>
    <modified>2026-04-08T11:06:30</modified>
    <up_axis>Z_UP</up_axis>
  </asset>
  <library_effects>
    <effect id="effect_0">
        <profile_COMMON>
          <technique sid="common">
            <phong>
              <diffuse>
                <color>0.85 0.85 0.85 1</color>
              </diffuse>
              <specular>
                <color>0.05 0.05 0.05 1</color>
              </specular>
              <shininess>
                <float>64</float>
              </shininess>
            </phong>
          </technique>
        </profile_COMMON>
    </effect>
  </library_effects>
  <library_materials>
    <material id="mat_0">
      <instance_effect url="#effect_0"/>
    </material>
  </library_materials>
  <library_geometries>
    <geometry id="geometry_ff2401db_cb7b_40fd_b2da_5d054df14120">
      <mesh>
        <source id="pos_0">
          <float_array id="pos_0-array" count="7689">0.01966436 0.07380001 -0.003 0.01945 0.073 -0.003 0.0161 0.078 -0.003 0.02265 0.043 -0.003 0.02243564 0.0438 -0.003 0.02105 0.0514 -0.003 0.02185 0.04438564 -0.003 0.02025 0.05161436 -0.003 0.02105 0.0446 -0.003 0.02105 0.0414 -0.003 0.026 -0.01111504 -0.003 0.02025 0.04161436 -0.003 0.01966436 0.0422 -0.003 0.0161 0.03869154 -0.003 0.01945 0.043 -0.003 0.01884509 -0.01111504 -0.003 0.02005261 -0.01067554 -0.003 0.02015587 -0.01061184 -0.003 0.02022547 -0.01051246 -0.003 0.02025 0.07438564 -0.003 0.018 -0.0028407 -0.003 0.018 -0.00199785 -0.003 0.02005261 -0.00358779 -0.003 0.02005261 -0.00125076 -0.003 0.02015587 -0.00365149 -0.003 0.02015587 -0.00118707 -0.003 0.01966436 0.0638 -0.003 0.01945 0.063 -0.003 0.01966436 0.0722 -0.003 0.02025 -0.01039363 -0.003 0.02025 -0.01015288 -0.003 0.02022547 -0.01003406 -0.003 0.01966436 0.0622 -0.003 0.01945 0.053 -0.003 0.01966436 0.0438 -0.003 0.02025 0.04438564 -0.003 0.01966436 0.0522 -0.003 0.018 -0.00912389 -0.003 0.018 -0.00828103 -0.003 0.02005261 -0.00987098 -0.003 0.02005261 -0.00753394 -0.003 0.02015587 -0.00993467 -0.003 0.02015587 -0.00747025 -0.003 0.02265 0.073 -0.003 0.026 0.078 -0.003 0.02243564 0.0722 -0.003 0.02243564 0.07380001 -0.003 0.02185 0.07438564 -0.003 0.02105 0.0746 -0.003 0.02022547 0.0083371 -0.003 0.02025 0.00845592 -0.003 0.02015587 0.00577329 -0.003 0.02265 0.053 -0.003 0.02243564 0.0538 -0.003 0.02185 0.06161436 -0.003 0.02185 0.05438564 -0.003 0.02105 0.0614 -0.003 0.02105 0.0546 -0.003 0.02025 0.06161436 -0.003 0.02025 0.05438564 -0.003 0.01966436 0.0538 -0.003 0.02185 0.04161436 -0.003 0.02243564 0.0422 -0.003 0.02243564 0.0622 -0.003 0.02265 0.063 -0.003 0.02022547 0.03032825 -0.003 0.02025 0.03044707 -0.003 0.02015587 0.02776444 -0.003 0.02005261 0.01840336 -0.003 0.018 0.01915044 -0.003 0.018 0.0199933 -0.003 0.02025 0.02126304 -0.003 0.02022547 0.02138187 -0.003 0.02022547 0.02404506 -0.003 0.02015587 0.02148125 -0.003 0.02022547 0.03708983 -0.003 0.02015587 0.03718922 -0.003 0.02005261 0.03725291 -0.003 0.02022547 0.01824027 -0.003 0.02015587 0.01833966 -0.003 0.02015587 0.02080408 -0.003 0.02005261 0.02074039 -0.003 0.02243564 0.0638 -0.003 0.02185 0.06438564 -0.003 0.02015587 0.02708727 -0.003 0.02015587 0.02462285 -0.003 0.02005261 0.02468654 -0.003 0.018 0.00030089 -0.003 0.018 0.00114374 -0.003 0.02005261 -0.0004462 -0.003 0.02005261 0.00189083 -0.003 0.02015587 -0.00050989 -0.003 0.02015587 0.00195453 -0.003 0.02022547 -0.00060928 -0.003 0.02185 0.05161436 -0.003 0.02243564 0.0522 -0.003 0.02022547 -0.00108768 -0.003 0.02025 -0.00096885 -0.003 0.02022547 -0.00375088 -0.003 0.018 0.00344248 -0.003 0.018 0.00428534 -0.003 0.02005261 0.00269539 -0.003 0.02005261 0.00503242 -0.003 0.02015587 0.0026317 -0.003 0.02015587 0.00509612 -0.003 0.02022547 0.00253231 -0.003 0.02025 0.06438564 -0.003 0.02025 0.07161436 -0.003 0.02105 0.0646 -0.003 0.02105 0.0714 -0.003 0.02185 0.07161436 -0.003 0.02025 0.0210223 -0.003 0.018 0.02543363 -0.003 0.018 0.02627649 -0.003 0.02005261 0.02702357 -0.003 0.02005261 0.03411132 -0.003 0.018 0.03485841 -0.003 0.018 0.03570126 -0.003 0.02022547 0.0056739 -0.003 0.018 0.00658407 -0.003 0.018 0.00742693 -0.003 0.02005261 0.00583699 -0.003 0.02005261 0.00817402 -0.003 0.02015587 0.00823771 -0.003 0.02022547 0.01776188 -0.003 0.02025 0.0178807 -0.003 0.02025 0.01812145 -0.003 0.02022547 0.02090347 -0.003 0.018 0.02229204 -0.003 0.018 0.02313489 -0.003 0.02005261 0.02154495 -0.003 0.02005261 0.02388198 -0.003 0.02015587 0.02394568 -0.003 0.018 0.02857522 -0.003 0.018 0.02941808 -0.003 0.02005261 0.02782813 -0.003 0.02005261 0.03016517 -0.003 0.02015587 0.03022886 -0.003 0.02022547 0.03394824 -0.003 0.02015587 0.03404763 -0.003 0.02015587 0.03651205 -0.003 0.02005261 0.03644835 -0.003 0.02015587 -0.00432866 -0.003 0.02022547 -0.00422927 -0.003 0.02005261 0.01526176 -0.003 0.018 0.01600885 -0.003 0.018 0.01685171 -0.003 0.018 0.00972567 -0.003 0.018 0.01056852 -0.003 0.02005261 0.00897858 -0.003 0.02005261 0.01131561 -0.003 0.02015587 0.00891488 -0.003 0.02015587 0.01137931 -0.003 0.018 0.03171682 -0.003 0.018 0.03255967 -0.003 0.02005261 0.03096973 -0.003 0.02005261 0.03330676 -0.003 0.02015587 0.03090603 -0.003 0.02015587 0.03337045 -0.003 0.02022547 0.03080664 -0.003 0.02022547 0.03346984 -0.003 0.02022547 -0.00737086 -0.003 0.02025 -0.00725204 -0.003 0.02022547 0.01147869 -0.003 0.02025 0.01159752 -0.003 0.02022547 0.0088155 -0.003 0.018 0.01286726 -0.003 0.018 0.01371012 -0.003 0.02005261 0.01212017 -0.003 0.02005261 0.0144572 -0.003 0.02015587 0.01205648 -0.003 0.02015587 0.0145209 -0.003 0.02022547 0.02718666 -0.003 0.02025 0.02730548 -0.003 0.02022547 0.02452346 -0.003 0.02025 0.02440463 -0.003 0.02025 0.03697101 -0.003 0.02025 0.03673026 -0.003 0.02022547 0.01462029 -0.003 0.02025 0.01473911 -0.003 0.02022547 0.01195709 -0.003 0.02025 0.03358867 -0.003 0.02025 0.03382941 -0.003 0.02022547 0.03661143 -0.003 0.018 -0.0059823 -0.003 0.018 -0.00513944 -0.003 0.02005261 -0.00672939 -0.003 0.02005261 -0.00439236 -0.003 0.02015587 -0.00679308 -0.003 0.02022547 -0.00689247 -0.003 0.02025 -0.00701129 -0.003 0.02005261 0.01759879 -0.003 0.02015587 0.01766249 -0.003 0.02015587 0.01519807 -0.003 0.02022547 0.01509868 -0.003 0.02025 0.02416389 -0.003 0.02025 0.03068782 -0.003 0.02025 0.00869667 -0.003 0.02025 0.02754623 -0.003 0.02022547 0.02766505 -0.003 0.02025 0.00555508 -0.003 0.02025 0.00531433 -0.003 0.02025 -0.00411045 -0.003 0.02025 -0.0038697 -0.003 0.02025 -0.00072811 -0.003 0.02022547 0.00519551 -0.003 0.02025 0.00241349 -0.003 0.02025 0.00217274 -0.003 0.02022547 0.00205392 -0.003 0.02025 0.01497986 -0.003 0.02025 0.01183826 -0.003 0.018 0.03570126 -0 0.02005261 0.03644835 -0 0.02025 0.03673026 -0 0.02022547 0.03661143 -0 0.02015587 0.03651205 -0 0.018 -0.00199785 -0 0.02005261 -0.00125076 -0 0.02025 -0.00096885 -0 0.02022547 -0.00108768 -0 0.02015587 -0.00118707 -0 0.02005261 -0.0004462 -0 0.018 0.00030089 -0 0.018 0.00114374 -0 0.02005261 0.00189083 -0 0.02025 0.00217274 -0 0.02022547 0.00205392 -0 0.02015587 0.00195453 -0 0.02005261 0.00269539 -0 0.018 0.00344248 -0 0.018 0.00428534 -0 0.02005261 0.00503242 -0 0.02025 0.00531433 -0 0.02022547 0.00519551 -0 0.02015587 0.00509612 -0 0.02005261 0.00583699 -0 0.018 0.00658407 -0 0.018 0.00742693 -0 0.02005261 0.00817402 -0 0.02025 0.00845592 -0 0.02022547 0.0083371 -0 0.02015587 0.00823771 -0 0.02005261 0.00897858 -0 0.018 0.00972567 -0 0.018 0.01056852 -0 0.02005261 0.01131561 -0 0.02025 0.01159752 -0 0.02022547 0.01147869 -0 0.02015587 0.01137931 -0 0.02005261 0.01212017 -0 0.018 0.01286726 -0 0.018 0.01371012 -0 0.02005261 0.0144572 -0 0.02025 0.01473911 -0 0.02022547 0.01462029 -0 0.02015587 0.0145209 -0 0.02005261 0.01526176 -0 0.018 0.01600885 -0 0.018 0.01685171 -0 0.02005261 0.01759879 -0 0.02025 0.0178807 -0 0.02022547 0.01776188 -0 0.02015587 0.01766249 -0 0.02005261 0.01840336 -0 0.018 0.01915044 -0 0.018 0.0199933 -0 0.02005261 0.02074039 -0 0.02025 0.0210223 -0 0.02022547 0.02090347 -0 0.02015587 0.02080408 -0 0.02005261 0.02154495 -0 0.018 0.02229204 -0 0.018 0.02313489 -0 0.02005261 0.02388198 -0 0.02025 0.02416389 -0 0.02022547 0.02404506 -0 0.02015587 0.02394568 -0 0.02005261 0.02468654 -0 0.018 0.02543363 -0 0.018 0.02627649 -0 0.02005261 0.02702357 -0 0.02025 0.02730548 -0 0.02022547 0.02718666 -0 0.02015587 0.02708727 -0 0.02005261 0.02782813 -0 0.018 0.02857522 -0 0.018 0.02941808 -0 0.02005261 0.03016517 -0 0.02025 0.03044707 -0 0.02022547 0.03032825 -0 0.02015587 0.03022886 -0 0.02005261 0.03096973 -0 0.018 0.03171682 -0 0.018 0.03485841 -0 0.018 0.03255967 -0 0.02005261 0.03330676 -0 0.02025 0.03358867 -0 0.02022547 0.03346984 -0 0.02015587 0.03337045 -0 0.02005261 0.03411132 -0 0.02025 -0.00411045 -0 0.02025 -0.0038697 -0 0.02022547 -0.00422927 -0 0.02015587 -0.00432866 -0 0.02005261 -0.00439236 -0 0.018 -0.00513944 -0 0.018 -0.0059823 -0 0.02005261 -0.00672939 -0 0.02015587 -0.00679308 -0 0.02022547 -0.00689247 -0 0.02025 -0.00701129 -0 0.02025 -0.00725204 -0 0.02022547 -0.00737086 -0 0.02015587 -0.00747025 -0 0.02005261 -0.00753394 -0 0.018 -0.00828103 -0 0.018 -0.00912389 -0 0.02005261 -0.00987098 -0 0.02015587 -0.00993467 -0 0.02022547 -0.01003406 -0 0.02025 -0.01015288 -0 0.02025 -0.01039363 -0 0.02022547 -0.01051246 -0 0.02015587 -0.01061184 -0 0.02005261 -0.01067554 -0 0.01884509 -0.01111504 -0 0.018 -0.0028407 -0 0.0161 0.078 -0 0.026 0.078 -0 0.02243564 0.0438 -0 0.02265 0.043 -0 0.02243564 0.0538 -0 0.02265 0.053 -0 0.02185 0.06161436 -0 0.01945 0.073 -0 0.01966436 0.07380001 -0 0.026 -0.01111504 -0 0.02025 0.07438564 -0 0.02105 0.0746 -0 0.02185 0.07438564 -0 0.02243564 0.07380001 -0 0.01966436 0.0438 -0 0.02025 0.04438564 -0 0.02105 0.0514 -0 0.02105 0.0446 -0 0.02185 0.05161436 -0 0.02185 0.04438564 -0 0.02243564 0.0522 -0 0.02022547 0.00253231 -0 0.02025 0.00241349 -0 0.01945 0.043 -0 0.02025 0.05161436 -0 0.0161 0.03869154 -0 0.01966436 0.0522 -0 0.01945 0.053 -0 0.02243564 0.0422 -0 0.02185 0.04161436 -0 0.02105 0.0414 -0 0.01966436 0.0638 -0 0.02025 0.06438564 -0 0.01966436 0.0722 -0 0.02185 0.06438564 -0 0.02243564 0.0638 -0 0.02265 0.063 -0 0.02243564 0.0622 -0 0.02025 0.06161436 -0 0.01966436 0.0622 -0 0.02025 0.05438564 -0 0.01945 0.063 -0 0.01966436 0.0538 -0 0.02015587 -0.00050989 -0 0.02105 0.0614 -0 0.02105 0.0546 -0 0.02185 0.05438564 -0 0.02005261 -0.00358779 -0 0.02015587 -0.00365149 -0 0.02265 0.073 -0 0.02243564 0.0722 -0 0.02185 0.07161436 -0 0.02105 0.0646 -0 0.02105 0.0714 -0 0.02025 0.07161436 -0 0.02022547 -0.00375088 -0 0.02015587 0.0026317 -0 0.02022547 0.03394824 -0 0.02025 0.03382941 -0 0.02015587 0.03718922 -0 0.02005261 0.03725291 -0 0.02025 0.04161436 -0 0.01966436 0.0422 -0 0.02015587 0.03090603 -0 0.02022547 0.03080664 -0 0.02015587 0.02776444 -0 0.02022547 0.02766505 -0 0.02022547 0.0088155 -0 0.02025 0.00869667 -0 0.02015587 0.02462285 -0 0.02022547 0.02452346 -0 0.02015587 0.01833966 -0 0.02025 0.03068782 -0 0.02022547 0.01824027 -0 0.02025 0.01812145 -0 0.02025 0.02754623 -0 0.02025 0.02440463 -0 0.02015587 0.02148125 -0 0.02015587 0.03404763 -0 0.02022547 -0.00060928 -0 0.02025 -0.00072811 -0 0.02015587 0.00891488 -0 0.02025 0.01497986 -0 0.02022547 0.01509868 -0 0.02015587 0.01519807 -0 0.02022547 0.03708983 -0 0.02025 0.03697101 -0 0.02025 0.01183826 -0 0.02022547 0.01195709 -0 0.02015587 0.01205648 -0 0.02015587 0.00577329 -0 0.02022547 0.0056739 -0 0.02025 0.00555508 -0 0.02022547 0.02138187 -0 0.02025 0.02126304 -0 0.016 0.06970725 0.00633139 0.016 0.0695564 0.0068616 0.016 0.05305 0.004 0.016 0.07132562 0.00847446 0.016 0.07183965 0.00827533 0.016 0.07405 0.01 0.016 0.05305 0.01 0.016 0.05985298 0.00790395 0.016 0.06026035 0.00827533 0.016 0.07077438 0.00847446 0.016 0.07026035 0.00827533 0.016 0.0725436 0.0068616 0.016 0.07405 0.004 0.016 0.07249274 0.00741049 0.016 0.07224703 0.00790395 0.016 0.07239275 0.00633139 0.016 0.07206054 0.00589149 0.016 0.07159186 0.00560129 0.016 0.07105 0.0055 0.016 0.07050814 0.00560129 0.016 0.07003946 0.00589149 0.016 0.06077437 0.00847446 0.016 0.06132562 0.00847446 0.016 0.06183965 0.00827533 0.016 0.06239275 0.00633139 0.016 0.06206054 0.00589149 0.016 0.06960727 0.00741049 0.016 0.06249274 0.00741049 0.016 0.0625436 0.0068616 0.016 0.06224703 0.00790395 0.016 0.06985298 0.00790395 0.016 0.06159186 0.00560129 0.016 0.06105 0.0055 0.016 0.06050814 0.00560129 0.016 0.06003946 0.00589149 0.016 0.05970725 0.00633139 0.016 0.0595564 0.0068616 0.016 0.05960726 0.00741049 0.01 0.05305 0.01 0.0115 0.05605 0.01 0.01160129 0.05659186 0.01 0.01427533 0.05683965 0.01 0.01447446 0.05632563 0.01 0.01390395 0.06485298 0.01 0.01341049 0.06460726 0.01 0.01233139 0.05470726 0.01 0.01189149 0.05503946 0.01 0.01160129 0.05550814 0.01 0.0128616 0.0645564 0.01 0.01233139 0.06470726 0.01 0.01189149 0.06503946 0.01 0.01160129 0.06550813 0.01 0.0115 0.06605 0.01 0.01 0.07405 0.01 0.01160129 0.06659187 0.01 0.01189149 0.06706055 0.01 0.01233139 0.06739274 0.01 0.0128616 0.0675436 0.01 0.01341049 0.06749274 0.01 0.01390395 0.06724703 0.01 0.01427533 0.06526035 0.01 0.01447446 0.06577437 0.01 0.01189149 0.05706054 0.01 0.01233139 0.05739275 0.01 0.01447446 0.05577438 0.01 0.01427533 0.05526035 0.01 0.01427533 0.06683965 0.01 0.01447446 0.06632563 0.01 0.01390395 0.05485297 0.01 0.01341049 0.05460726 0.01 0.0128616 0.0545564 0.01 0.0128616 0.0575436 0.01 0.01341049 0.05749274 0.01 0.01390395 0.05724703 0.01 0.01 0.07405 0.004 0.01 0.05305 0.004 0.01 0.07050814 0.00560129 0.01 0.07224703 0.00790395 0.01 0.07183965 0.00827533 0.01 0.06132562 0.00847446 0.01 0.06077437 0.00847446 0.01 0.06026035 0.00827533 0.01 0.07003946 0.00589149 0.01 0.06105 0.0055 0.01 0.06159186 0.00560129 0.01 0.07105 0.0055 0.01 0.07159186 0.00560129 0.01 0.07206054 0.00589149 0.01 0.07239275 0.00633139 0.01 0.0725436 0.0068616 0.01 0.07249274 0.00741049 0.01 0.06224703 0.00790395 0.01 0.06183965 0.00827533 0.01 0.0695564 0.0068616 0.01 0.06960727 0.00741049 0.01 0.06985298 0.00790395 0.01 0.05985298 0.00790395 0.01 0.05960726 0.00741049 0.01 0.0595564 0.0068616 0.01 0.05970725 0.00633139 0.01 0.06003946 0.00589149 0.01 0.06050814 0.00560129 0.01 0.06206054 0.00589149 0.01 0.06239275 0.00633139 0.01 0.06970725 0.00633139 0.01 0.0625436 0.0068616 0.01 0.06249274 0.00741049 0.01 0.07132562 0.00847446 0.01 0.07077438 0.00847446 0.01 0.07026035 0.00827533 0.01390395 0.05485297 0.004 0.01427533 0.05526035 0.004 0.01447446 0.05577438 0.004 0.01447446 0.05632563 0.004 0.01447446 0.06632563 0.004 0.01427533 0.06683965 0.004 0.01447446 0.06577437 0.004 0.01427533 0.06526035 0.004 0.01427533 0.05683965 0.004 0.01341049 0.05749274 0.004 0.01160129 0.06550813 0.004 0.01189149 0.06503946 0.004 0.01390395 0.06724703 0.004 0.01341049 0.06749274 0.004 0.0128616 0.0675436 0.004 0.01233139 0.06739274 0.004 0.01189149 0.06706055 0.004 0.0128616 0.0545564 0.004 0.01341049 0.05460726 0.004 0.01233139 0.06470726 0.004 0.0128616 0.0645564 0.004 0.01390395 0.05724703 0.004 0.01341049 0.06460726 0.004 0.01390395 0.06485298 0.004 0.01233139 0.05739275 0.004 0.01189149 0.05706054 0.004 0.01160129 0.05659186 0.004 0.0115 0.05605 0.004 0.01160129 0.05550814 0.004 0.01189149 0.05503946 0.004 0.01233139 0.05470726 0.004 0.01160129 0.06659187 0.004 0.0115 0.06605 0.004 0.0128616 0.0575436 0.004 0.0006 0.0496 -0.0018 0.0006 0.0491 -0.0018 0.0006 0.0496 -0.0003 0.0006 0.0491 -0.0003 -0.0006 0.0496 -0.0003 -0.0006 0.0491 -0.0003 -0.0006 0.0496 -0.0018 -0.0006 0.0491 -0.0018 -0.0097 0.0491 -0.0005 -0.0097 0.0491 -0.0078 -0.0045 0.0491 -0.0065 -0.0095 0.0491 -0.008 -0.0045 0.0491 -0.008 -0.00357612 0.0491 -0.00511732 -0.00379289 0.0491 -0.00479289 -0.00411732 0.0491 -0.00457612 0.00411732 0.0491 -0.00642388 0.0045 0.0491 -0.0065 0.00379289 0.0491 -0.00620711 0.0045 0.0491 -0.0045 -0.0043 0.0491 -0.0035 -0.0095 0.0491 -0.0003 -0.0045 0.0491 -0.0037 -0.0045 0.0491 -0.0045 -0.00411732 0.0491 -0.00642388 -0.0035 0.0491 -0.0055 -0.00357612 0.0491 -0.00588268 -0.00379289 0.0491 -0.00620711 0.00051962 0.0491 -0.0021 0.0043 0.0491 -0.0035 0.00379289 0.0491 -0.00479289 0.00357612 0.0491 -0.00511732 0.0035 0.0491 -0.0055 0.00411732 0.0491 -0.00457612 0.00357612 0.0491 -0.00588268 0.0095 0.0491 -0.0003 0.0097 0.0491 -0.0005 0.0045 0.0491 -0.0037 0.0097 0.0491 -0.0078 0.0095 0.0491 -0.008 0.0045 0.0491 -0.008 0.0003 0.0491 -0.00231962 -0 0.0491 -0.0024 -0.0003 0.0491 -0.00231962 -0.00051962 0.0491 -0.0021 0.00051962 0.0496 -0.0015 -0.00051962 0.0496 -0.0015 -0.0003 0.0496 -0.00128038 -0 0.0496 -0.0012 0.0003 0.0496 -0.00128038 -0.0045 0.0501 -0.008 -0.0045 0.0501 -0.0065 -0.0045 0.0501 -0.0045 -0.00411732 0.0501 -0.00457612 -0.00379289 0.0501 -0.00479289 -0.00357612 0.0501 -0.00511732 -0.0035 0.0501 -0.0055 -0.00357612 0.0501 -0.00588268 -0.00379289 0.0501 -0.00620711 -0.00411732 0.0501 -0.00642388 -0.0045 0.0501 -0.0037 -0.0043 0.0501 -0.0035 0.0043 0.0501 -0.0035 0.0045 0.0501 -0.0037 0.0045 0.0501 -0.0045 0.0045 0.0501 -0.0065 0.00411732 0.0501 -0.00642388 0.00379289 0.0501 -0.00620711 0.00357612 0.0501 -0.00588268 0.0035 0.0501 -0.0055 0.00357612 0.0501 -0.00511732 0.00379289 0.0501 -0.00479289 0.00411732 0.0501 -0.00457612 0.0045 0.0501 -0.008 0.0095 0.0501 -0.008 0.0097 0.0501 -0.0078 0.0097 0.0501 -0.0005 0.0095 0.0501 -0.0003 -0.0095 0.0501 -0.0003 -0.0097 0.0501 -0.0005 -0.0097 0.0501 -0.0078 -0.0095 0.0501 -0.008 -0.0006 0.0501 -0.0018 -0.00051962 0.0501 -0.0015 -0.0003 0.0501 -0.00128038 -0 0.0501 -0.0012 0.0003 0.0501 -0.00128038 0.00051962 0.0501 -0.0015 0.0006 0.0501 -0.0018 0.00051962 0.0501 -0.0021 0.0003 0.0501 -0.00231962 -0 0.0501 -0.0024 -0.0003 0.0501 -0.00231962 -0.00051962 0.0501 -0.0021 0.0006 0.0775 -0.0003 0.0006 0.078 -0.0003 0.0006 0.0775 -0.0018 0.0006 0.078 -0.0018 -0.0006 0.0775 -0.0018 -0.0006 0.078 -0.0018 -0.0006 0.0775 -0.0003 -0.0006 0.078 -0.0003 0.0095 0.078 -0.008 0.0045 0.078 -0.008 0.0045 0.078 -0.0065 -0.0045 0.078 -0.0045 -0.0045 0.078 -0.0065 -0.0097 0.078 -0.0005 0.0045 0.078 -0.0045 0.00411732 0.078 -0.00642388 0.00379289 0.078 -0.00620711 -0.0097 0.078 -0.0078 -0.0095 0.078 -0.008 -0.0045 0.078 -0.008 -0.00411732 0.078 -0.00457612 -0.00379289 0.078 -0.00479289 -0.00357612 0.078 -0.00511732 0.0035 0.078 -0.0055 0.00357612 0.078 -0.00511732 0.00357612 0.078 -0.00588268 0.00379289 0.078 -0.00479289 0.00411732 0.078 -0.00457612 0.0043 0.078 -0.0035 0.0095 0.078 -0.0003 0.0045 0.078 -0.0037 0.0097 0.078 -0.0005 0.0097 0.078 -0.0078 -0.00051962 0.078 -0.0021 -0.0043 0.078 -0.0035 -0.00379289 0.078 -0.00620711 -0.00411732 0.078 -0.00642388 -0.00357612 0.078 -0.00588268 -0.0035 0.078 -0.0055 -0.0095 0.078 -0.0003 -0.0045 0.078 -0.0037 -0.0003 0.078 -0.00231962 -0 0.078 -0.0024 0.0003 0.078 -0.00231962 0.00051962 0.078 -0.0021 -0.00051962 0.0775 -0.0015 -0.0003 0.0775 -0.00128038 0.00051962 0.0775 -0.0015 0.0003 0.0775 -0.00128038 -0 0.0775 -0.0012 -0.0097 0.077 -0.0078 -0.0097 0.077 -0.0005 -0.0095 0.077 -0.008 -0.0045 0.077 -0.008 -0.0045 0.077 -0.0065 -0.0045 0.077 -0.0045 -0.00411732 0.077 -0.00457612 -0.00379289 0.077 -0.00479289 -0.00357612 0.077 -0.00511732 -0.0035 0.077 -0.0055 -0.00357612 0.077 -0.00588268 -0.00379289 0.077 -0.00620711 -0.00411732 0.077 -0.00642388 -0.0045 0.077 -0.0037 -0.0043 0.077 -0.0035 0.0043 0.077 -0.0035 0.0045 0.077 -0.0037 0.0045 0.077 -0.0045 0.0045 0.077 -0.0065 0.00411732 0.077 -0.00642388 0.00379289 0.077 -0.00620711 0.00357612 0.077 -0.00588268 0.0035 0.077 -0.0055 0.00357612 0.077 -0.00511732 0.00379289 0.077 -0.00479289 0.00411732 0.077 -0.00457612 0.0045 0.077 -0.008 0.0095 0.077 -0.008 0.0097 0.077 -0.0078 0.0097 0.077 -0.0005 0.0095 0.077 -0.0003 -0.0095 0.077 -0.0003 0.0006 0.077 -0.0018 0.00051962 0.077 -0.0015 0.0003 0.077 -0.00128038 -0 0.077 -0.0012 -0.0003 0.077 -0.00128038 -0.00051962 0.077 -0.0015 -0.0006 0.077 -0.0018 -0.00051962 0.077 -0.0021 -0.0003 0.077 -0.00231962 -0 0.077 -0.0024 0.0003 0.077 -0.00231962 0.00051962 0.077 -0.0021 -0.0095 0.0541 -0.008 -0.0097 0.0541 -0.0078 -0.0097 0.0541 -0.0005 -0.0095 0.0541 -0.0003 0.0095 0.0541 -0.0003 0.0097 0.0541 -0.0005 0.0097 0.0541 -0.0078 0.0095 0.0541 -0.008 0.0045 0.0541 -0.0045 0.0045 0.0541 -0.0037 0.0045 0.0541 -0.008 0.0045 0.0541 -0.0065 -0.0043 0.0541 -0.0035 -0.0045 0.0541 -0.0037 0.0043 0.0541 -0.0035 -0.0045 0.0541 -0.0065 -0.0045 0.0541 -0.008 -0.0045 0.0541 -0.0045 -0.00371817 0.0501 -0.00487651 -0.00406612 0.0501 -0.00459903 -0.00352507 0.0501 -0.00572252 -0.00352507 0.0501 -0.00527748 -0.00371817 0.0501 -0.00612349 -0.00406612 0.0501 -0.00640097 0.00406612 0.0501 -0.00459903 0.00371817 0.0501 -0.00487651 0.00371817 0.0501 -0.00612349 0.00406612 0.0501 -0.00640097 0.00352507 0.0501 -0.00572252 0.00352507 0.0501 -0.00527748 0.00406612 0.0541 -0.00640097 0.00371817 0.0541 -0.00612349 0.00352507 0.0541 -0.00572252 0.00352507 0.0541 -0.00527748 0.00371817 0.0541 -0.00487651 0.00406612 0.0541 -0.00459903 -0.00406612 0.0541 -0.00459903 -0.00371817 0.0541 -0.00487651 -0.00352507 0.0541 -0.00527748 -0.00352507 0.0541 -0.00572252 -0.00371817 0.0541 -0.00612349 -0.00406612 0.0541 -0.00640097 -0.0006 0.0541 -0.0018 -0.00051962 0.0541 -0.0021 -0.0003 0.0541 -0.00231962 -0 0.0541 -0.0024 0.0003 0.0541 -0.00231962 0.00051962 0.0541 -0.0021 0.0006 0.0541 -0.0018 0.00051962 0.0541 -0.0015 0.0003 0.0541 -0.00128038 -0 0.0541 -0.0012 -0.0003 0.0541 -0.00128038 -0.00051962 0.0541 -0.0015 0.0075 0.05855 -0.00373876 0.0062705 0.05855 -0.003 0.00639226 0.05801654 -0.003 0.00722641 0.05735132 -0.003 0.00777359 0.05735132 -0.003 0.00673342 0.05758874 -0.003 0.00860774 0.05801654 -0.003 0.0087295 0.05855 -0.003 0.00826658 0.05758874 -0.003 0.00826658 0.05951126 -0.003 0.00777359 0.05974868 -0.003 0.00860774 0.05908346 -0.003 0.00673342 0.05951126 -0.003 0.00639226 0.05908346 -0.003 0.00722641 0.05974868 -0.003 0.0075 0.06855 -0.00373876 0.0062705 0.06855 -0.003 0.00639226 0.06801654 -0.003 0.00722641 0.06735133 -0.003 0.00777359 0.06735133 -0.003 0.00673342 0.06758874 -0.003 0.00860774 0.06801654 -0.003 0.0087295 0.06855 -0.003 0.00826658 0.06758874 -0.003 0.00826658 0.06951126 -0.003 0.00777359 0.06974868 -0.003 0.00860774 0.06908346 -0.003 0.00673342 0.06951126 -0.003 0.00639226 0.06908346 -0.003 0.00722641 0.06974868 -0.003 -0.0075 0.05855 -0.00373876 -0.0087295 0.05855 -0.003 -0.00860774 0.05801654 -0.003 -0.00777359 0.05735132 -0.003 -0.00722641 0.05735132 -0.003 -0.00826658 0.05758874 -0.003 -0.00639226 0.05801654 -0.003 -0.0062705 0.05855 -0.003 -0.00673342 0.05758874 -0.003 -0.00673342 0.05951126 -0.003 -0.00722641 0.05974868 -0.003 -0.00639226 0.05908346 -0.003 -0.00826658 0.05951126 -0.003 -0.00860774 0.05908346 -0.003 -0.00777359 0.05974868 -0.003 -0.0075 0.06855 -0.00373876 -0.0087295 0.06855 -0.003 -0.00860774 0.06801654 -0.003 -0.00777359 0.06735133 -0.003 -0.00722641 0.06735133 -0.003 -0.00826658 0.06758874 -0.003 -0.00639226 0.06801654 -0.003 -0.0062705 0.06855 -0.003 -0.00673342 0.06758874 -0.003 -0.00673342 0.06951126 -0.003 -0.00722641 0.06974868 -0.003 -0.00639226 0.06908346 -0.003 -0.00826658 0.06951126 -0.003 -0.00860774 0.06908346 -0.003 -0.00777359 0.06974868 -0.003 0.0098 0.073 0 0.0098 0.0541 0 0.01 0.073 -0.0002 0.01 0.0541 -0.0002 0.0062705 0.05855 0 0.00639226 0.05801654 0 0.00673342 0.05758874 0 0.00722641 0.05735132 0 0.00777359 0.05735132 0 0.00826658 0.05758874 0 0.00860774 0.05801654 0 0.0087295 0.05855 0 0.00860774 0.05908346 0 0.00826658 0.05951126 0 0.00777359 0.05974868 0 0.00722641 0.05974868 0 0.00673342 0.05951126 0 0.00639226 0.05908346 0 0.0062705 0.06855 0 0.00639226 0.06801654 0 0.00673342 0.06758874 0 0.00722641 0.06735133 0 0.00777359 0.06735133 0 0.00826658 0.06758874 0 0.00860774 0.06801654 0 0.0087295 0.06855 0 0.00860774 0.06908346 0 0.00826658 0.06951126 0 0.00777359 0.06974868 0 0.00722641 0.06974868 0 0.00673342 0.06951126 0 0.00639226 0.06908346 0 -0.0087295 0.05855 0 -0.00860774 0.05801654 0 -0.00826658 0.05758874 0 -0.00777359 0.05735132 0 -0.00722641 0.05735132 0 -0.00673342 0.05758874 0 -0.00639226 0.05801654 0 -0.0062705 0.05855 0 -0.00639226 0.05908346 0 -0.00673342 0.05951126 0 -0.00722641 0.05974868 0 -0.00777359 0.05974868 0 -0.00826658 0.05951126 0 -0.00860774 0.05908346 0 -0.0087295 0.06855 0 -0.00860774 0.06801654 0 -0.00826658 0.06758874 0 -0.00777359 0.06735133 0 -0.00722641 0.06735133 0 -0.00673342 0.06758874 0 -0.00639226 0.06801654 0 -0.0062705 0.06855 0 -0.00639226 0.06908346 0 -0.00673342 0.06951126 0 -0.00722641 0.06974868 0 -0.00777359 0.06974868 0 -0.00826658 0.06951126 0 -0.00860774 0.06908346 0 -0.01 0.073 -0.0002 -0.01 0.0541 -0.0002 -0.0098 0.073 0 -0.0098 0.0541 0 -0.01 0.073 -0.0053 -0.01 0.0541 -0.0053 -0.00985 0.073 -0.00525981 -0.00985 0.0541 -0.00525981 -0.00974019 0.073 -0.00515 -0.00974019 0.0541 -0.00515 -0.0097 0.073 -0.005 -0.0097 0.0541 -0.005 -0.00974019 0.073 -0.00485 -0.00974019 0.0541 -0.00485 -0.00985 0.073 -0.00474019 -0.00985 0.0541 -0.00474019 -0.01 0.073 -0.0047 -0.01 0.0541 -0.0047 -0.0098 0.073 -0.008 -0.0098 0.0541 -0.008 -0.01 0.073 -0.0078 -0.01 0.0541 -0.0078 -0.0045 0.073 -0.0045 -0.0045 0.073 -0.0037 -0.0045 0.073 -0.008 -0.0045 0.073 -0.0065 0.0043 0.073 -0.0035 0.0045 0.073 -0.0037 -0.0043 0.073 -0.0035 0.0045 0.073 -0.0045 0.01 0.073 -0.0078 0.01 0.0541 -0.0078 0.0098 0.073 -0.008 0.0098 0.0541 -0.008 0.0045 0.073 -0.0065 0.0045 0.073 -0.008 0.005 0.073 0 0.005 0.0541 0 -0.005 0.073 0 -0.005 0.0541 0 -0.004 0.0541 -0.00463397 -0.004 0.073 -0.00463397 -0.00363397 0.0541 -0.005 -0.00363397 0.073 -0.005 -0.0035 0.0541 -0.0055 -0.0035 0.073 -0.0055 -0.00363397 0.0541 -0.006 -0.00363397 0.073 -0.006 -0.004 0.0541 -0.00636603 -0.004 0.073 -0.00636603 0.004 0.0541 -0.00636603 0.004 0.073 -0.00636603 0.00363397 0.0541 -0.006 0.00363397 0.073 -0.006 0.0035 0.0541 -0.0055 0.0035 0.073 -0.0055 0.00363397 0.0541 -0.005 0.00363397 0.073 -0.005 0.004 0.0541 -0.00463397 0.004 0.073 -0.00463397 -0.005 0.073 -0.00015 -0.005 0.0541 -0.00015 0.005 0.0541 -0.00015 0.005 0.073 -0.00015 -0.0097 0.073 -0.0078 -0.0095 0.073 -0.008 0.0095 0.073 -0.008 0.0097 0.073 -0.0078 -0.0095 0.073 -0.0003 -0.0097 0.073 -0.0005 0.0097 0.073 -0.0005 0.0095 0.073 -0.0003 0.00406612 0.077 -0.00640097 0.00371817 0.077 -0.00487651 0.00406612 0.077 -0.00459903 0.00352507 0.077 -0.00527748 0.00352507 0.077 -0.00572252 0.00371817 0.077 -0.00612349 -0.00406612 0.077 -0.00459903 -0.00371817 0.077 -0.00487651 -0.00406612 0.077 -0.00640097 -0.00352507 0.077 -0.00527748 -0.00352507 0.077 -0.00572252 -0.00371817 0.077 -0.00612349 -0.00406612 0.073 -0.00459903 -0.00371817 0.073 -0.00487651 -0.00352507 0.073 -0.00527748 -0.00352507 0.073 -0.00572252 -0.00371817 0.073 -0.00612349 -0.00406612 0.073 -0.00640097 0.00406612 0.073 -0.00640097 0.00371817 0.073 -0.00612349 0.00352507 0.073 -0.00572252 0.00352507 0.073 -0.00527748 0.00371817 0.073 -0.00487651 0.00406612 0.073 -0.00459903 0.0006 0.073 -0.0018 0.00051962 0.073 -0.0021 0.0003 0.073 -0.00231962 -0 0.073 -0.0024 -0.0003 0.073 -0.00231962 -0.00051962 0.073 -0.0021 -0.0006 0.073 -0.0018 -0.00051962 0.073 -0.0015 -0.0003 0.073 -0.00128038 -0 0.073 -0.0012 0.0003 0.073 -0.00128038 0.00051962 0.073 -0.0015 -0.00892894 0.069375 -0 -0.00915 0.06855 -0 -0.0102 0.078 -0 -0.00892894 0.057725 -0 -0.0102 0.0491 -0 -0.00915 0.05855 -0 -0.00892894 0.059375 -0 0.00892894 0.069375 -0 0.0102 0.078 -0 0.00915 0.06855 -0 0.0102 0.0491 -0 0.00892894 0.067725 -0 0.0075 0.0569 -0 0.008325 0.05712106 -0 -0.008325 0.05712106 -0 -0.0075 0.0569 -0 -0.006675 0.05712106 -0 -0.00607106 0.057725 -0 0.008325 0.06997894 -0 0.0075 0.0702 -0 0.006675 0.06997894 -0 0.00607106 0.069375 -0 -0.00607106 0.059375 -0 0.00607106 0.059375 -0 -0.00585 0.05855 -0 0.00585 0.05855 -0 0.00607106 0.057725 -0 0.006675 0.05712106 -0 -0.006675 0.06997894 -0 -0.0075 0.0702 -0 -0.008325 0.06997894 -0 -0.008325 0.06712106 -0 -0.0075 0.0669 -0 0.006675 0.05997894 -0 -0.006675 0.06712106 -0 0.0075 0.0602 -0 -0.00607106 0.067725 -0 -0.008325 0.05997894 -0 -0.0075 0.0602 -0 -0.00892894 0.067725 -0 -0.006675 0.05997894 -0 0.0075 0.0669 -0 0.008325 0.05997894 -0 0.008325 0.06712106 -0 0.00892894 0.059375 -0 0.00915 0.05855 -0 0.00892894 0.057725 -0 -0.00607106 0.069375 -0 -0.00585 0.06855 -0 0.00585 0.06855 -0 0.00607106 0.067725 -0 0.006675 0.06712106 -0 0.016 0.078 -0.003 0.0102 0.078 -0.003 0.016 0.078 -0 -0.0102 0.078 -0.003 -0.016 0.078 -0.003 -0.016 0.078 0.0005 -0 0.078 0.004 -0.011 0.078 0.004 -0.019 0.078 0.004 -0.019 0.078 0.0005 0.026 0.078 0.004 0.026 0.078 -0 0.0251 0.078 0.004 0.016275 0.078 0.004 0.011 0.078 0.004 -0.019 0.0491 0.004 -0.019 0.0491 0.0005 -0.016 0.0491 0.0005 -0.016 0.0491 -0.003 -0.0102 0.0491 -0.003 0.011 0.0491 0.004 -0 0.0491 0.004 0.0102 0.0491 -0.003 0.016 0.0491 -0.003 0.016 0.0491 -0 -0.011 0.0491 0.004 0.016275 0.0491 0.004 0.0251 0.0491 0.004 0.026 0.0491 -0 0.026 0.0491 0.004 0.026 0.0549 0.004 0.01442894 0.055225 0.004 0.013825 0.05462106 0.004 0.016275 0.0549 0.004 -0.011 0.0649 0.004 -0.01135 0.06605 0.004 -0.01157106 0.065225 0.004 -0.01442894 0.066875 0.004 -0.019 0.068775 0.004 -0.01465 0.06605 0.004 -0.019 0.0649 0.004 -0.01442894 0.065225 0.004 -0.013825 0.06747894 0.004 -0.013 0.0677 0.004 -0.011 0.068775 0.004 -0.012175 0.06747894 0.004 -0.01157106 0.066875 0.004 -0.012175 0.06462106 0.004 -0.013 0.0644 0.004 -0.011 0.06305 0.004 -0.013825 0.06462106 0.004 -0.019 0.06305 0.004 -0.011 0.0549 0.004 -0.01135 0.05605 0.004 -0.01157106 0.055225 0.004 -0.019 0.058775 0.004 -0.019 0.0549 0.004 -0.01465 0.05605 0.004 -0.011 0.058775 0.004 -0.012175 0.05747894 0.004 -0.01157106 0.056875 0.004 -0.01442894 0.056875 0.004 -0.013825 0.05747894 0.004 -0.013 0.0577 0.004 -0.012175 0.05462106 0.004 -0.013 0.0544 0.004 -0.013825 0.05462106 0.004 -0.01442894 0.055225 0.004 0.013 0.0577 0.004 0.013825 0.05747894 0.004 0.016275 0.058775 0.004 0.01442894 0.056875 0.004 0.01465 0.05605 0.004 0.012175 0.05462106 0.004 0.01157106 0.055225 0.004 0.011 0.0549 0.004 0.01135 0.05605 0.004 0.011 0.058775 0.004 0.01157106 0.056875 0.004 0.012175 0.05747894 0.004 0.01157106 0.066875 0.004 0.011 0.068775 0.004 0.01135 0.06605 0.004 0.011 0.0649 0.004 0.01157106 0.065225 0.004 0.012175 0.06462106 0.004 0.01442894 0.066875 0.004 0.01465 0.06605 0.004 0.016275 0.0649 0.004 0.012175 0.06747894 0.004 0.013 0.0677 0.004 0.016275 0.068775 0.004 0.013825 0.06747894 0.004 0.013825 0.06462106 0.004 0.013 0.0644 0.004 0.011 0.06305 0.004 -0.00445733 0.05773472 0.004 -0.00477202 0.056975 0.004 -0 0.0549 0.004 -0.00527261 0.05632261 0.004 -0.005925 0.05582202 0.004 -0.009075 0.05582202 0.004 -0.00972739 0.05632261 0.004 -0.01022798 0.056975 0.004 -0.00668472 0.05550733 0.004 -0.0075 0.0554 0.004 -0.00831528 0.05550733 0.004 -0.01054267 0.05773472 0.004 -0.00972739 0.06077738 0.004 -0.009075 0.06127798 0.004 -0.01065 0.05855 0.004 -0.01054267 0.05936528 0.004 -0.01022798 0.060125 0.004 -0.005925 0.06127798 0.004 -0.00527261 0.06077738 0.004 -0 0.06305 0.004 -0.00477202 0.060125 0.004 -0 0.058775 0.004 -0.00445733 0.05936528 0.004 -0.00435 0.05855 0.004 -0.00831528 0.06159266 0.004 -0.0075 0.0617 0.004 -0.00668472 0.06159266 0.004 -0.00435 0.06855 0.004 -0.00445733 0.06773472 0.004 -0 0.0649 0.004 -0.00477202 0.066975 0.004 -0.00527261 0.06632262 0.004 -0.005925 0.06582202 0.004 -0.01054267 0.06773472 0.004 -0.01065 0.06855 0.004 -0.009075 0.06582202 0.004 -0.00972739 0.06632262 0.004 -0.01022798 0.066975 0.004 -0.00668472 0.06550733 0.004 -0.0075 0.0654 0.004 -0.00831528 0.06550733 0.004 -0.01054267 0.06936528 0.004 -0.01022798 0.070125 0.004 -0.011 0.073925 0.004 -0.00972739 0.07077739 0.004 -0.009075 0.07127798 0.004 -0.00831528 0.07159267 0.004 -0.0075 0.0717 0.004 -0 0.073925 0.004 -0.00668472 0.07159267 0.004 -0.005925 0.07127798 0.004 -0.00527261 0.07077739 0.004 -0.00477202 0.070125 0.004 -0 0.068775 0.004 -0.00445733 0.06936528 0.004 0.01065 0.05855 0.004 0.01054267 0.05773472 0.004 0.00445733 0.05773472 0.004 0.00972739 0.05632261 0.004 0.009075 0.05582202 0.004 0.00831528 0.05550733 0.004 0.0075 0.0554 0.004 0.00668472 0.05550733 0.004 0.005925 0.05582202 0.004 0.01022798 0.056975 0.004 0.00527261 0.05632261 0.004 0.00477202 0.056975 0.004 0.00527261 0.06077738 0.004 0.005925 0.06127798 0.004 0.00435 0.05855 0.004 0.00445733 0.05936528 0.004 0.00477202 0.060125 0.004 0.00668472 0.06159266 0.004 0.0075 0.0617 0.004 0.00831528 0.06159266 0.004 0.009075 0.06127798 0.004 0.00972739 0.06077738 0.004 0.01022798 0.060125 0.004 0.01054267 0.05936528 0.004 0.00972739 0.06632262 0.004 0.009075 0.06582202 0.004 0.00668472 0.06550733 0.004 0.0075 0.0654 0.004 0.00831528 0.06550733 0.004 0.01054267 0.06936528 0.004 0.01065 0.06855 0.004 0.01054267 0.06773472 0.004 0.01022798 0.066975 0.004 0.005925 0.06582202 0.004 0.00527261 0.06632262 0.004 0.00477202 0.066975 0.004 0.00445733 0.06773472 0.004 0.00831528 0.07159267 0.004 0.009075 0.07127798 0.004 0.011 0.073925 0.004 0.00972739 0.07077739 0.004 0.01022798 0.070125 0.004 0.00435 0.06855 0.004 0.00445733 0.06936528 0.004 0.00477202 0.070125 0.004 0.00527261 0.07077739 0.004 0.005925 0.07127798 0.004 0.00668472 0.07159267 0.004 0.0075 0.0717 0.004 0.02409267 0.05218472 0.004 0.0242 0.053 0.004 0.0251 0.0549 0.004 0.02409267 0.05381528 0.004 0.02377798 0.051425 0.004 0.02327739 0.05077261 0.004 0.022625 0.05027202 0.004 0.02186528 0.04995733 0.004 0.02105 0.04985 0.004 0.02023472 0.04995733 0.004 0.019475 0.05027202 0.004 0.01882261 0.05077261 0.004 0.01832202 0.051425 0.004 0.01800733 0.05218472 0.004 0.013 0.0544 0.004 0.0179 0.053 0.004 0.01800733 0.05381528 0.004 0.01832202 0.054575 0.004 0.01882261 0.05522739 0.004 0.02186528 0.05604267 0.004 0.022625 0.05572798 0.004 0.0251 0.058775 0.004 0.02327739 0.05522739 0.004 0.02377798 0.054575 0.004 0.019475 0.05572798 0.004 0.02023472 0.05604267 0.004 0.02105 0.05615 0.004 0.0251 0.06305 0.004 0.02409267 0.06218472 0.004 0.02377798 0.061425 0.004 0.02327739 0.06077261 0.004 0.022625 0.06027202 0.004 0.019475 0.06027202 0.004 0.01882261 0.06077261 0.004 0.01832202 0.061425 0.004 0.02186528 0.05995733 0.004 0.02105 0.05985 0.004 0.02023472 0.05995733 0.004 0.016275 0.06305 0.004 0.0251 0.0649 0.004 0.02409267 0.06381528 0.004 0.0242 0.063 0.004 0.01832202 0.064575 0.004 0.01882261 0.06522739 0.004 0.019475 0.06572798 0.004 0.02023472 0.06604267 0.004 0.0251 0.068775 0.004 0.02105 0.06615 0.004 0.02186528 0.06604267 0.004 0.022625 0.06572798 0.004 0.02327739 0.06522739 0.004 0.02377798 0.064575 0.004 0.01800733 0.06218472 0.004 0.0179 0.063 0.004 0.01800733 0.06381528 0.004 0.02409267 0.07218472 0.004 0.0242 0.073 0.004 0.0251 0.073925 0.004 0.01800733 0.07218472 0.004 0.0179 0.073 0.004 0.016275 0.073925 0.004 0.02377798 0.071425 0.004 0.02327739 0.07077261 0.004 0.022625 0.07027202 0.004 0.02023472 0.06995733 0.004 0.02105 0.06985 0.004 0.02186528 0.06995733 0.004 0.019475 0.07027202 0.004 0.01882261 0.07077261 0.004 0.01832202 0.071425 0.004 0.022625 0.07572798 0.004 0.02327739 0.07522739 0.004 0.02377798 0.074575 0.004 0.02409267 0.07381528 0.004 0.01800733 0.07381528 0.004 0.01832202 0.074575 0.004 0.01882261 0.07522739 0.004 0.019475 0.07572798 0.004 0.02023472 0.07604267 0.004 0.02105 0.07615 0.004 0.02186528 0.07604267 0.004 0.01442894 0.065225 0.004 -0.019 0.073925 0.004 0.026 0.058775 0.004 0.026 0.06305 0.004 0.026 0.0649 0.004 0.026 0.068775 0.004 0.026 0.073925 0.004 -0.00590622 0.05897705 0.0025 -0.00607106 0.059375 0.0025 -0.00633327 0.05971673 0.0025 -0.006675 0.05997894 0.0025 -0.00707295 0.06014378 0.0025 -0.0075 0.0602 0.0025 -0.00792705 0.06014378 0.0025 -0.008325 0.05997894 0.0025 -0.00866673 0.05971673 0.0025 -0.00892894 0.059375 0.0025 -0.00909378 0.05897705 0.0025 -0.00915 0.05855 0.0025 -0.00909378 0.05812295 0.0025 -0.00892894 0.057725 0.0025 -0.00866673 0.05738327 0.0025 -0.008325 0.05712106 0.0025 -0.00792705 0.05695622 0.0025 -0.0075 0.0569 0.0025 -0.00707295 0.05695622 0.0025 -0.006675 0.05712106 0.0025 -0.00633327 0.05738327 0.0025 -0.00607106 0.057725 0.0025 -0.00590622 0.05812295 0.0025 -0.00585 0.05855 0.0025 0.00909378 0.06897705 0.0025 0.00892894 0.069375 0.0025 0.00866673 0.06971673 0.0025 0.008325 0.06997894 0.0025 0.00792705 0.07014377 0.0025 0.0075 0.0702 0.0025 0.00707295 0.07014377 0.0025 0.006675 0.06997894 0.0025 0.00633327 0.06971673 0.0025 0.00607106 0.069375 0.0025 0.00590622 0.06897705 0.0025 0.00585 0.06855 0.0025 0.00590622 0.06812295 0.0025 0.00607106 0.067725 0.0025 0.00633327 0.06738327 0.0025 0.006675 0.06712106 0.0025 0.00707295 0.06695622 0.0025 0.0075 0.0669 0.0025 0.00792705 0.06695622 0.0025 0.008325 0.06712106 0.0025 0.00866673 0.06738327 0.0025 0.00892894 0.067725 0.0025 0.00909378 0.06812295 0.0025 0.00915 0.06855 0.0025 -0.00590622 0.06897705 0.0025 -0.00607106 0.069375 0.0025 -0.00633327 0.06971673 0.0025 -0.006675 0.06997894 0.0025 -0.00707295 0.07014377 0.0025 -0.0075 0.0702 0.0025 -0.00792705 0.07014377 0.0025 -0.008325 0.06997894 0.0025 -0.00866673 0.06971673 0.0025 -0.00892894 0.069375 0.0025 -0.00909378 0.06897705 0.0025 -0.00915 0.06855 0.0025 -0.00909378 0.06812295 0.0025 -0.00892894 0.067725 0.0025 -0.00866673 0.06738327 0.0025 -0.008325 0.06712106 0.0025 -0.00792705 0.06695622 0.0025 -0.0075 0.0669 0.0025 -0.00707295 0.06695622 0.0025 -0.006675 0.06712106 0.0025 -0.00633327 0.06738327 0.0025 -0.00607106 0.067725 0.0025 -0.00590622 0.06812295 0.0025 -0.00585 0.06855 0.0025 0.00909378 0.05897705 0.0025 0.00892894 0.059375 0.0025 0.00866673 0.05971673 0.0025 0.008325 0.05997894 0.0025 0.00792705 0.06014378 0.0025 0.0075 0.0602 0.0025 0.00707295 0.06014378 0.0025 0.006675 0.05997894 0.0025 0.00633327 0.05971673 0.0025 0.00607106 0.059375 0.0025 0.00590622 0.05897705 0.0025 0.00585 0.05855 0.0025 0.00590622 0.05812295 0.0025 0.00607106 0.057725 0.0025 0.00633327 0.05738327 0.0025 0.006675 0.05712106 0.0025 0.00707295 0.05695622 0.0025 0.0075 0.0569 0.0025 0.00792705 0.05695622 0.0025 0.008325 0.05712106 0.0025 0.00866673 0.05738327 0.0025 0.00892894 0.057725 0.0025 0.00909378 0.05812295 0.0025 0.00915 0.05855 0.0025 0.01135 0.06605 -0.003 0.01157106 0.065225 -0.003 0.012175 0.06462106 -0.003 0.01157106 0.055225 -0.003 0.01135 0.05605 -0.003 0.01157106 0.056875 -0.003 0.013825 0.06747894 -0.003 0.013 0.0677 -0.003 0.012175 0.06747894 -0.003 0.01157106 0.066875 -0.003 0.013825 0.05462106 -0.003 0.013 0.0544 -0.003 0.012175 0.05462106 -0.003 0.01442894 0.055225 -0.003 0.01465 0.05605 -0.003 0.01442894 0.056875 -0.003 0.013825 0.05747894 -0.003 0.013 0.0577 -0.003 0.013825 0.06462106 -0.003 0.013 0.0644 -0.003 0.012175 0.05747894 -0.003 0.01442894 0.065225 -0.003 0.01465 0.06605 -0.003 0.01442894 0.066875 -0.003 -0.01135 0.06605 -0.003 -0.01157106 0.066875 -0.003 -0.012175 0.05462106 -0.003 -0.01157106 0.055225 -0.003 -0.01135 0.05605 -0.003 -0.01157106 0.056875 -0.003 -0.012175 0.05747894 -0.003 -0.01157106 0.065225 -0.003 -0.013825 0.05462106 -0.003 -0.013 0.0544 -0.003 -0.013825 0.05747894 -0.003 -0.01442894 0.056875 -0.003 -0.01465 0.05605 -0.003 -0.01442894 0.055225 -0.003 -0.013825 0.06747894 -0.003 -0.013 0.0677 -0.003 -0.012175 0.06747894 -0.003 -0.01442894 0.066875 -0.003 -0.01465 0.06605 -0.003 -0.01442894 0.065225 -0.003 -0.013825 0.06462106 -0.003 -0.013 0.0577 -0.003 -0.013 0.0644 -0.003 -0.012175 0.06462106 -0.003 0.020225 0.07442894 -0 0.02105 0.07465 -0 0.021875 0.07442894 -0 0.02247894 0.073825 -0 0.01962106 0.052175 -0 0.020225 0.05157106 -0 0.02105 0.05135 -0 0.021875 0.05157106 -0 0.02247894 0.052175 -0 0.0227 0.053 -0 0.02247894 0.053825 -0 0.0227 0.063 -0 0.02247894 0.062175 -0 0.021875 0.05442894 -0 0.01962106 0.073825 -0 0.0194 0.073 -0 0.01962106 0.072175 -0 0.0194 0.063 -0 0.01962106 0.063825 -0 0.020225 0.07157106 -0 0.021875 0.07157106 -0 0.02247894 0.072175 -0 0.0227 0.073 -0 0.01962106 0.062175 -0 0.02105 0.05465 -0 0.020225 0.05442894 -0 0.01962106 0.053825 -0 0.0194 0.053 -0 0.020225 0.06157106 -0 0.02105 0.06135 -0 0.021875 0.06157106 -0 0.02247894 0.063825 -0 0.021875 0.06442894 -0 0.02105 0.07135 -0 0.02105 0.06465 -0 0.020225 0.06442894 -0 0.02264378 0.05342705 0.0025 0.02247894 0.053825 0.0025 0.02221673 0.05416673 0.0025 0.021875 0.05442894 0.0025 0.02147705 0.05459378 0.0025 0.02105 0.05465 0.0025 0.02062295 0.05459378 0.0025 0.020225 0.05442894 0.0025 0.01988327 0.05416673 0.0025 0.01962106 0.053825 0.0025 0.01945622 0.05342705 0.0025 0.0194 0.053 0.0025 0.01945622 0.05257295 0.0025 0.01962106 0.052175 0.0025 0.01988327 0.05183327 0.0025 0.020225 0.05157106 0.0025 0.02062295 0.05140622 0.0025 0.02105 0.05135 0.0025 0.02147705 0.05140622 0.0025 0.021875 0.05157106 0.0025 0.02221673 0.05183327 0.0025 0.02247894 0.052175 0.0025 0.02264378 0.05257295 0.0025 0.0227 0.053 0.0025 0.02264378 0.06342705 0.0025 0.02247894 0.063825 0.0025 0.02221673 0.06416672 0.0025 0.021875 0.06442894 0.0025 0.02147705 0.06459378 0.0025 0.02105 0.06465 0.0025 0.02062295 0.06459378 0.0025 0.020225 0.06442894 0.0025 0.01988327 0.06416672 0.0025 0.01962106 0.063825 0.0025 0.01945622 0.06342705 0.0025 0.0194 0.063 0.0025 0.01945622 0.06257295 0.0025 0.01962106 0.062175 0.0025 0.01988327 0.06183327 0.0025 0.020225 0.06157106 0.0025 0.02062295 0.06140622 0.0025 0.02105 0.06135 0.0025 0.02147705 0.06140622 0.0025 0.021875 0.06157106 0.0025 0.02221673 0.06183327 0.0025 0.02247894 0.062175 0.0025 0.02264378 0.06257295 0.0025 0.0227 0.063 0.0025 0.02264378 0.07342705 0.0025 0.02247894 0.073825 0.0025 0.02221673 0.07416672 0.0025 0.021875 0.07442894 0.0025 0.02147705 0.07459377 0.0025 0.02105 0.07465 0.0025 0.02062295 0.07459377 0.0025 0.020225 0.07442894 0.0025 0.01988327 0.07416672 0.0025 0.01962106 0.073825 0.0025 0.01945622 0.07342705 0.0025 0.0194 0.073 0.0025 0.01945622 0.07257295 0.0025 0.01962106 0.072175 0.0025 0.01988327 0.07183328 0.0025 0.020225 0.07157106 0.0025 0.02062295 0.07140622 0.0025 0.02105 0.07135 0.0025 0.02147705 0.07140622 0.0025 0.021875 0.07157106 0.0025 0.02221673 0.07183328 0.0025 0.02247894 0.072175 0.0025 0.02264378 0.07257295 0.0025 0.0227 0.073 0.0025 -0.01 0.06970725 0.00633139 -0.01 0.0695564 0.0068616 -0.01 0.05305 0.004 -0.01 0.07132562 0.00847446 -0.01 0.07183965 0.00827533 -0.01 0.07405 0.01 -0.01 0.05305 0.01 -0.01 0.05985298 0.00790395 -0.01 0.06026035 0.00827533 -0.01 0.07077438 0.00847446 -0.01 0.07026035 0.00827533 -0.01 0.0725436 0.0068616 -0.01 0.07405 0.004 -0.01 0.07249274 0.00741049 -0.01 0.07224703 0.00790395 -0.01 0.07239275 0.00633139 -0.01 0.07206054 0.00589149 -0.01 0.07159186 0.00560129 -0.01 0.07105 0.0055 -0.01 0.07050814 0.00560129 -0.01 0.07003946 0.00589149 -0.01 0.06077437 0.00847446 -0.01 0.06132562 0.00847446 -0.01 0.06183965 0.00827533 -0.01 0.06239275 0.00633139 -0.01 0.06206054 0.00589149 -0.01 0.06960727 0.00741049 -0.01 0.06249274 0.00741049 -0.01 0.0625436 0.0068616 -0.01 0.06224703 0.00790395 -0.01 0.06985298 0.00790395 -0.01 0.06159186 0.00560129 -0.01 0.06105 0.0055 -0.01 0.06050814 0.00560129 -0.01 0.06003946 0.00589149 -0.01 0.05970725 0.00633139 -0.01 0.0595564 0.0068616 -0.01 0.05960726 0.00741049 -0.016 0.05305 0.01 -0.0145 0.05605 0.01 -0.01439871 0.05659186 0.01 -0.01172467 0.05683965 0.01 -0.01152554 0.05632563 0.01 -0.01209605 0.06485298 0.01 -0.01258951 0.06460726 0.01 -0.01366861 0.05470726 0.01 -0.01410851 0.05503946 0.01 -0.01439871 0.05550814 0.01 -0.0131384 0.0645564 0.01 -0.01366861 0.06470726 0.01 -0.01410851 0.06503946 0.01 -0.01439871 0.06550813 0.01 -0.0145 0.06605 0.01 -0.016 0.07405 0.01 -0.01439871 0.06659187 0.01 -0.01410851 0.06706055 0.01 -0.01366861 0.06739274 0.01 -0.0131384 0.0675436 0.01 -0.01258951 0.06749274 0.01 -0.01209605 0.06724703 0.01 -0.01172467 0.06526035 0.01 -0.01152554 0.06577437 0.01 -0.01410851 0.05706054 0.01 -0.01366861 0.05739275 0.01 -0.01152554 0.05577438 0.01 -0.01172467 0.05526035 0.01 -0.01172467 0.06683965 0.01 -0.01152554 0.06632563 0.01 -0.01209605 0.05485297 0.01 -0.01258951 0.05460726 0.01 -0.0131384 0.0545564 0.01 -0.0131384 0.0575436 0.01 -0.01258951 0.05749274 0.01 -0.01209605 0.05724703 0.01 -0.016 0.07405 0.004 -0.016 0.05305 0.004 -0.016 0.07050814 0.00560129 -0.016 0.07224703 0.00790395 -0.016 0.07183965 0.00827533 -0.016 0.06132562 0.00847446 -0.016 0.06077437 0.00847446 -0.016 0.06026035 0.00827533 -0.016 0.07003946 0.00589149 -0.016 0.06105 0.0055 -0.016 0.06159186 0.00560129 -0.016 0.07105 0.0055 -0.016 0.07159186 0.00560129 -0.016 0.07206054 0.00589149 -0.016 0.07239275 0.00633139 -0.016 0.0725436 0.0068616 -0.016 0.07249274 0.00741049 -0.016 0.06224703 0.00790395 -0.016 0.06183965 0.00827533 -0.016 0.0695564 0.0068616 -0.016 0.06960727 0.00741049 -0.016 0.06985298 0.00790395 -0.016 0.05985298 0.00790395 -0.016 0.05960726 0.00741049 -0.016 0.0595564 0.0068616 -0.016 0.05970725 0.00633139 -0.016 0.06003946 0.00589149 -0.016 0.06050814 0.00560129 -0.016 0.06206054 0.00589149 -0.016 0.06239275 0.00633139 -0.016 0.06970725 0.00633139 -0.016 0.0625436 0.0068616 -0.016 0.06249274 0.00741049 -0.016 0.07132562 0.00847446 -0.016 0.07077438 0.00847446 -0.016 0.07026035 0.00827533 -0.01209605 0.05485297 0.004 -0.01172467 0.05526035 0.004 -0.01152554 0.05577438 0.004 -0.01152554 0.05632563 0.004 -0.01152554 0.06632563 0.004 -0.01172467 0.06683965 0.004 -0.01152554 0.06577437 0.004 -0.01172467 0.06526035 0.004 -0.01172467 0.05683965 0.004 -0.01258951 0.05749274 0.004 -0.01439871 0.06550813 0.004 -0.01410851 0.06503946 0.004 -0.01209605 0.06724703 0.004 -0.01258951 0.06749274 0.004 -0.0131384 0.0675436 0.004 -0.01366861 0.06739274 0.004 -0.01410851 0.06706055 0.004 -0.0131384 0.0545564 0.004 -0.01258951 0.05460726 0.004 -0.01366861 0.06470726 0.004 -0.0131384 0.0645564 0.004 -0.01209605 0.05724703 0.004 -0.01258951 0.06460726 0.004 -0.01209605 0.06485298 0.004 -0.01366861 0.05739275 0.004 -0.01410851 0.05706054 0.004 -0.01439871 0.05659186 0.004 -0.0145 0.05605 0.004 -0.01439871 0.05550814 0.004 -0.01410851 0.05503946 0.004 -0.01366861 0.05470726 0.004 -0.01439871 0.06659187 0.004 -0.0145 0.06605 0.004 -0.0131384 0.0575436 0.004 -0.0188 0.06263836 0.02407106 -0.0188 0.0632423 0.024675 -0.0188 0.06308168 0.01625 -0.0188 0.06263836 0.02692894 -0.0188 0.06181336 0.02715 -0.0188 0.06014582 0.046175 -0.0188 0.05207993 0.03492025 -0.0188 0.06098836 0.02692894 -0.0188 0.06038442 0.026325 -0.0188 0.0632423 0.026325 -0.0188 0.06036688 0.047 -0.0188 0.06367721 0.07185103 -0.0188 0.05069007 0.0275612 -0.0188 0.06016336 0.0255 -0.0188 0.04949884 0.02074635 -0.0188 0.06038442 0.024675 -0.0188 0.04914864 0.01625523 -0.0188 0.06098836 0.02407106 -0.0188 0.06181336 0.02385 -0.0188 0.05145 0.086 -0.0188 0.04946071 0.08686467 -0.0188 0.05167106 0.086825 -0.0188 0.05049079 0.0884603 -0.0188 0.052275 0.08742894 -0.0188 0.05204163 0.08955666 -0.0188 0.0531 0.08765 -0.0188 0.05388945 0.08999556 -0.0188 0.053925 0.08742894 -0.0188 0.0557623 0.08954526 -0.0188 0.05452894 0.086825 -0.0188 0.05732595 0.08842039 -0.0188 0.05475 0.086 -0.0188 0.05834832 0.08678788 -0.0188 0.05452894 0.085175 -0.0188 0.053925 0.08457106 -0.0188 0.0531 0.08435 -0.0188 0.05289447 0.04986182 -0.0188 0.05231283 0.05732835 -0.0188 0.06014582 0.047825 -0.0188 0.05954187 0.04842894 -0.0188 0.05871687 0.04865 -0.0188 0.05789188 0.04842894 -0.0188 0.05728793 0.047825 -0.0188 0.05706688 0.047 -0.0188 0.05281664 0.04237308 -0.0188 0.05728793 0.046175 -0.0188 0.05789188 0.04557106 -0.0188 0.05871687 0.04535 -0.0188 0.05954187 0.04557106 -0.0188 0.05107623 0.0647147 -0.0188 0.04998012 0.0709157 -0.0188 0.052275 0.08457106 -0.0188 0.0493203 0.07717817 -0.0188 0.05167106 0.085175 -0.0188 0.0491 0.08347145 -0.0188 0.0491 0.085 -0.0188 0.06247894 0.007825 -0.0188 0.0627 0.007 -0.0188 0.06308168 0.004 -0.0188 0.06247894 0.006175 -0.0188 0.061875 0.00557106 -0.0188 0.0501 0.00426795 -0.0188 0.04936795 0.005 -0.0188 0.0511 0.004 -0.0188 0.0491 0.006 -0.0188 0.05962106 0.006175 -0.0188 0.060225 0.00557106 -0.0188 0.06105 0.00535 -0.0188 0.061875 0.00842894 -0.0188 0.06105 0.00865 -0.0188 0.060225 0.00842894 -0.0188 0.0491 0.01383969 -0.0188 0.05962106 0.007825 -0.0188 0.0594 0.007 -0.0188 0.07247894 0.007825 -0.0188 0.071875 0.00842894 -0.0188 0.07708796 0.01626372 -0.0188 0.07105 0.00865 -0.0188 0.06962106 0.006175 -0.0188 0.070225 0.00557106 -0.0188 0.07105 0.00535 -0.0188 0.076 0.004 -0.0188 0.07798158 0.01013497 -0.0188 0.078 0.00986418 -0.0188 0.0727 0.007 -0.0188 0.078 0.006 -0.0188 0.07784776 0.00523463 -0.0188 0.06831405 0.05668506 -0.0188 0.07224901 0.04132203 -0.0188 0.06346336 0.0255 -0.0188 0.07547379 0.02579439 -0.0188 0.070225 0.00842894 -0.0188 0.06962106 0.007825 -0.0188 0.0694 0.007 -0.0188 0.071875 0.00557106 -0.0188 0.07247894 0.006175 -0.0188 0.07676537 0.00415224 -0.0188 0.07741421 0.00458579 -0.0158 0.05834832 0.08678788 -0.0158 0.05732595 0.08842039 -0.0158 0.05452894 0.086825 -0.0158 0.0632423 0.024675 -0.0158 0.06263836 0.02407106 -0.0158 0.06308168 0.01625 -0.0158 0.06181336 0.02385 -0.0158 0.04914864 0.01625523 -0.0158 0.0632423 0.026325 -0.0158 0.06036688 0.047 -0.0158 0.06014582 0.046175 -0.0158 0.05289447 0.04986182 -0.0158 0.05281664 0.04237308 -0.0158 0.05728793 0.046175 -0.0158 0.05231283 0.05732835 -0.0158 0.0531 0.08435 -0.0158 0.053925 0.08742894 -0.0158 0.0557623 0.08954526 -0.0158 0.0531 0.08765 -0.0158 0.05388945 0.08999556 -0.0158 0.052275 0.08742894 -0.0158 0.05204163 0.08955666 -0.0158 0.05167106 0.086825 -0.0158 0.05049079 0.0884603 -0.0158 0.05145 0.086 -0.0158 0.06098836 0.02407106 -0.0158 0.06038442 0.024675 -0.0158 0.04949884 0.02074635 -0.0158 0.06016336 0.0255 -0.0158 0.05069007 0.0275612 -0.0158 0.05207993 0.03492025 -0.0158 0.06038442 0.026325 -0.0158 0.06098836 0.02692894 -0.0158 0.05871687 0.04865 -0.0158 0.06367721 0.07185103 -0.0158 0.05954187 0.04842894 -0.0158 0.06014582 0.047825 -0.0158 0.05107623 0.0647147 -0.0158 0.05789188 0.04557106 -0.0158 0.05871687 0.04535 -0.0158 0.05954187 0.04557106 -0.0158 0.06181336 0.02715 -0.0158 0.06263836 0.02692894 -0.0158 0.05475 0.086 -0.0158 0.05452894 0.085175 -0.0158 0.053925 0.08457106 -0.0158 0.05789188 0.04842894 -0.0158 0.05728793 0.047825 -0.0158 0.05706688 0.047 -0.0158 0.04946071 0.08686467 -0.0158 0.0491 0.085 -0.0158 0.05167106 0.085175 -0.0158 0.0491 0.08347145 -0.0158 0.052275 0.08457106 -0.0158 0.0493203 0.07717817 -0.0158 0.04998012 0.0709157 -0.0158 0.07547379 0.02579439 -0.0158 0.07224901 0.04132203 -0.0158 0.06831405 0.05668506 -0.0158 0.07708796 0.01626372 -0.0158 0.06346336 0.0255 -0.0158 0.07247894 0.006175 -0.0158 0.076 0.004 -0.0158 0.0727 0.007 -0.0158 0.07676537 0.00415224 -0.0158 0.07741421 0.00458579 -0.0158 0.071875 0.00557106 -0.0158 0.07105 0.00535 -0.0158 0.06308168 0.004 -0.0158 0.070225 0.00557106 -0.0158 0.06962106 0.006175 -0.0158 0.0694 0.007 -0.0158 0.06962106 0.007825 -0.0158 0.070225 0.00842894 -0.0158 0.07105 0.00865 -0.0158 0.071875 0.00842894 -0.0158 0.07798158 0.01013497 -0.0158 0.07247894 0.007825 -0.0158 0.078 0.00986418 -0.0158 0.078 0.006 -0.0158 0.07784776 0.00523463 -0.0158 0.0511 0.004 -0.0158 0.05962106 0.006175 -0.0158 0.0594 0.007 -0.0158 0.061875 0.00842894 -0.0158 0.06247894 0.007825 -0.0158 0.0627 0.007 -0.0158 0.06247894 0.006175 -0.0158 0.0491 0.006 -0.0158 0.04936795 0.005 -0.0158 0.0501 0.00426795 -0.0158 0.061875 0.00557106 -0.0158 0.06105 0.00535 -0.0158 0.060225 0.00557106 -0.0158 0.0491 0.01383969 -0.0158 0.05962106 0.007825 -0.0158 0.060225 0.00842894 -0.0158 0.06105 0.00865 0.016 0.06263836 0.02407106 0.016 0.0632423 0.024675 0.016 0.06308168 0.01625 0.016 0.06263836 0.02692894 0.016 0.06181336 0.02715 0.016 0.06014582 0.046175 0.016 0.05207993 0.03492025 0.016 0.06098836 0.02692894 0.016 0.06038442 0.026325 0.016 0.0632423 0.026325 0.016 0.06036688 0.047 0.016 0.06367721 0.07185103 0.016 0.05069007 0.0275612 0.016 0.06016336 0.0255 0.016 0.04949884 0.02074635 0.016 0.06038442 0.024675 0.016 0.04914864 0.01625523 0.016 0.06098836 0.02407106 0.016 0.06181336 0.02385 0.016 0.05145 0.086 0.016 0.04946071 0.08686467 0.016 0.05167106 0.086825 0.016 0.05049079 0.0884603 0.016 0.052275 0.08742894 0.016 0.05204163 0.08955666 0.016 0.0531 0.08765 0.016 0.05388945 0.08999556 0.016 0.053925 0.08742894 0.016 0.0557623 0.08954526 0.016 0.05452894 0.086825 0.016 0.05732595 0.08842039 0.016 0.05475 0.086 0.016 0.05834832 0.08678788 0.016 0.05452894 0.085175 0.016 0.053925 0.08457106 0.016 0.0531 0.08435 0.016 0.05289447 0.04986182 0.016 0.05231283 0.05732835 0.016 0.06014582 0.047825 0.016 0.05954187 0.04842894 0.016 0.05871687 0.04865 0.016 0.05789188 0.04842894 0.016 0.05728793 0.047825 0.016 0.05706688 0.047 0.016 0.05281664 0.04237308 0.016 0.05728793 0.046175 0.016 0.05789188 0.04557106 0.016 0.05871687 0.04535 0.016 0.05954187 0.04557106 0.016 0.05107623 0.0647147 0.016 0.04998012 0.0709157 0.016 0.052275 0.08457106 0.016 0.0493203 0.07717817 0.016 0.05167106 0.085175 0.016 0.0491 0.08347145 0.016 0.0491 0.085 0.016 0.06247894 0.007825 0.016 0.0627 0.007 0.016 0.06308168 0.004 0.016 0.06247894 0.006175 0.016 0.061875 0.00557106 0.016 0.0501 0.00426795 0.016 0.04936795 0.005 0.016 0.0511 0.004 0.016 0.0491 0.006 0.016 0.05962106 0.006175 0.016 0.060225 0.00557106 0.016 0.06105 0.00535 0.016 0.061875 0.00842894 0.016 0.06105 0.00865 0.016 0.060225 0.00842894 0.016 0.0491 0.01383969 0.016 0.05962106 0.007825 0.016 0.0594 0.007 0.016 0.07247894 0.007825 0.016 0.071875 0.00842894 0.016 0.07708796 0.01626372 0.016 0.07105 0.00865 0.016 0.06962106 0.006175 0.016 0.070225 0.00557106 0.016 0.07105 0.00535 0.016 0.076 0.004 0.016 0.07798158 0.01013497 0.016 0.078 0.00986418 0.016 0.0727 0.007 0.016 0.078 0.006 0.016 0.07784776 0.00523463 0.016 0.06831405 0.05668506 0.016 0.07224901 0.04132203 0.016 0.06346336 0.0255 0.016 0.07547379 0.02579439 0.016 0.070225 0.00842894 0.016 0.06962106 0.007825 0.016 0.0694 0.007 0.016 0.071875 0.00557106 0.016 0.07247894 0.006175 0.016 0.07676537 0.00415224 0.016 0.07741421 0.00458579 0.019 0.05834832 0.08678788 0.019 0.05732595 0.08842039 0.019 0.05452894 0.086825 0.019 0.0632423 0.024675 0.019 0.06263836 0.02407106 0.019 0.06308168 0.01625 0.019 0.06181336 0.02385 0.019 0.04914864 0.01625523 0.019 0.0632423 0.026325 0.019 0.06036688 0.047 0.019 0.06014582 0.046175 0.019 0.05289447 0.04986182 0.019 0.05281664 0.04237308 0.019 0.05728793 0.046175 0.019 0.05231283 0.05732835 0.019 0.0531 0.08435 0.019 0.053925 0.08742894 0.019 0.0557623 0.08954526 0.019 0.0531 0.08765 0.019 0.05388945 0.08999556 0.019 0.052275 0.08742894 0.019 0.05204163 0.08955666 0.019 0.05167106 0.086825 0.019 0.05049079 0.0884603 0.019 0.05145 0.086 0.019 0.06098836 0.02407106 0.019 0.06038442 0.024675 0.019 0.04949884 0.02074635 0.019 0.06016336 0.0255 0.019 0.05069007 0.0275612 0.019 0.05207993 0.03492025 0.019 0.06038442 0.026325 0.019 0.06098836 0.02692894 0.019 0.05871687 0.04865 0.019 0.06367721 0.07185103 0.019 0.05954187 0.04842894 0.019 0.06014582 0.047825 0.019 0.05107623 0.0647147 0.019 0.05789188 0.04557106 0.019 0.05871687 0.04535 0.019 0.05954187 0.04557106 0.019 0.06181336 0.02715 0.019 0.06263836 0.02692894 0.019 0.05475 0.086 0.019 0.05452894 0.085175 0.019 0.053925 0.08457106 0.019 0.05789188 0.04842894 0.019 0.05728793 0.047825 0.019 0.05706688 0.047 0.019 0.04946071 0.08686467 0.019 0.0491 0.085 0.019 0.05167106 0.085175 0.019 0.0491 0.08347145 0.019 0.052275 0.08457106 0.019 0.0493203 0.07717817 0.019 0.04998012 0.0709157 0.019 0.07547379 0.02579439 0.019 0.07224901 0.04132203 0.019 0.06831405 0.05668506 0.019 0.07708796 0.01626372 0.019 0.06346336 0.0255 0.019 0.07247894 0.006175 0.019 0.076 0.004 0.019 0.0727 0.007 0.019 0.07676537 0.00415224 0.019 0.07741421 0.00458579 0.019 0.071875 0.00557106 0.019 0.07105 0.00535 0.019 0.06308168 0.004 0.019 0.070225 0.00557106 0.019 0.06962106 0.006175 0.019 0.0694 0.007 0.019 0.06962106 0.007825 0.019 0.070225 0.00842894 0.019 0.07105 0.00865 0.019 0.071875 0.00842894 0.019 0.07798158 0.01013497 0.019 0.07247894 0.007825 0.019 0.078 0.00986418 0.019 0.078 0.006 0.019 0.07784776 0.00523463 0.019 0.0511 0.004 0.019 0.05962106 0.006175 0.019 0.0594 0.007 0.019 0.061875 0.00842894 0.019 0.06247894 0.007825 0.019 0.0627 0.007 0.019 0.06247894 0.006175 0.019 0.0491 0.006 0.019 0.04936795 0.005 0.019 0.0501 0.00426795 0.019 0.061875 0.00557106 0.019 0.06105 0.00535 0.019 0.060225 0.00557106 0.019 0.0491 0.01383969 0.019 0.05962106 0.007825 0.019 0.060225 0.00842894 0.019 0.06105 0.00865 -0.016 0.0459589 0.08142408 0.016 0.0459589 0.08142408 -0.016 0.04683831 0.0817531 0.016 0.04683831 0.0817531 -0.016 0.04747083 0.0824469 0.016 0.04747083 0.0824469 -0.016 0.04771712 0.08335289 0.016 0.04771712 0.08335289 -0.016 0.04752281 0.08427127 0.016 0.04752281 0.08427127 -0.016 0.04693082 0.08499988 0.016 0.04693082 0.08499988 -0.016 0.04909995 0.08499988 0.016 0.04909995 0.08499988 -0.016 0.04909995 0.08347162 0.016 0.04909995 0.08347162 -0.016 0.04932025 0.07717832 0.016 0.04932025 0.07717832 -0.016 0.04998007 0.07091554 0.016 0.04998007 0.07091554 -0.016 0.0510762 0.06471475 0.016 0.0510762 0.06471475 0.016 0.05231288 0.05732854 -0.016 0.05231288 0.05732854 0.016 0.0528945 0.04986175 -0.016 0.0528945 0.04986175 0.016 0.05281666 0.04237302 -0.016 0.05281666 0.04237302 0.016 0.05207994 0.03492006 -0.016 0.05207994 0.03492006 0.016 0.05069008 0.02756103 -0.016 0.05069008 0.02756103 -0.016 0.04982271 0.02312454 0.016 0.04982271 0.02312454 -0.016 0.04929199 0.01863511 0.016 0.04929199 0.01863511 -0.016 0.04796734 0.01878675 0.016 0.04796734 0.01878675 -0.016 0.0483599 0.01974281 0.016 0.0483599 0.01974281 -0.016 0.04822293 0.02076705 0.016 0.04822293 0.02076705 -0.016 0.04759302 0.02158626 0.016 0.04759302 0.02158626 -0.016 0.04663828 0.02198156 0.016 0.04663828 0.02198156 0.016 0.04578879 0.02230152 -0.016 0.04578879 0.02230152 0.016 0.04516831 0.02296432 -0.016 0.04516831 0.02296432 0.016 0.04490462 0.02383312 -0.016 0.04490462 0.02383312 0.016 0.04505208 0.02472862 -0.016 0.04505208 0.02472862 0.016 0.04558029 0.02546676 -0.016 0.04558029 0.02546676 0.016 0.04638055 0.02589544 -0.016 0.04638055 0.02589544 0.016 0.04728773 0.02592643 -0.016 0.04728773 0.02592643 -0.016 0.0483146 0.02599367 0.016 0.0483146 0.02599367 -0.016 0.04917219 0.02656206 0.016 0.04917219 0.02656206 -0.016 0.04963353 0.02748187 0.016 0.04963353 0.02748187 -0.016 0.04957643 0.02850946 0.016 0.04957643 0.02850946 -0.016 0.04901614 0.02937253 0.016 0.04901614 0.02937253 -0.016 0.04810086 0.0298427 0.016 0.04810086 0.0298427 0.016 0.04719331 0.03030618 -0.016 0.04719331 0.03030618 0.016 0.04663184 0.03115638 -0.016 0.04663184 0.03115638 0.016 0.04656198 0.03217252 -0.016 0.04656198 0.03217252 0.016 0.04700198 0.03309186 -0.016 0.04700198 0.03309186 0.016 0.04783764 0.03367456 -0.016 0.04783764 0.03367456 0.016 0.04885199 0.0337704 -0.016 0.04885199 0.0337704 -0.016 0.04975381 0.03382858 0.016 0.04975381 0.03382858 -0.016 0.05053809 0.03427776 0.016 0.05053809 0.03427776 -0.016 0.05104449 0.03502639 0.016 0.05104449 0.03502639 -0.016 0.05116966 0.03592141 0.016 0.05116966 0.03592141 -0.016 0.05088809 0.0367802 0.016 0.05088809 0.0367802 -0.016 0.05025723 0.03742727 0.016 0.05025723 0.03742727 -0.016 0.04940596 0.03773053 0.016 0.04940596 0.03773053 0.016 0.04845622 0.03810104 -0.016 0.04845622 0.03810104 0.016 0.04781249 0.03889211 -0.016 0.04781249 0.03889211 0.016 0.04764226 0.03989728 -0.016 0.04764226 0.03989728 0.016 0.04798975 0.04085572 -0.016 0.04798975 0.04085572 0.016 0.04876449 0.04151853 -0.016 0.04876449 0.04151853 0.016 0.04976526 0.04171308 -0.016 0.04976526 0.04171308 -0.016 0.05065694 0.04185947 0.016 0.05065694 0.04185947 -0.016 0.05139342 0.04238303 0.016 0.05139342 0.04238303 -0.016 0.05182424 0.04317744 0.016 0.05182424 0.04317744 -0.016 0.05186143 0.0440801 0.016 0.05186143 0.0440801 -0.016 0.05149737 0.04490741 0.016 0.05149737 0.04490741 -0.016 0.05080631 0.04548963 0.016 0.05080631 0.04548963 -0.016 0.04992953 0.0457085 0.016 0.04992953 0.0457085 0.016 0.04894819 0.04598506 -0.016 0.04894819 0.04598506 0.016 0.04823044 0.0467089 -0.016 0.04823044 0.0467089 0.016 0.04796305 0.04769309 -0.016 0.04796305 0.04769309 0.016 0.0482153 0.04868062 -0.016 0.0482153 0.04868062 0.016 0.04892161 0.04941591 -0.016 0.04892161 0.04941591 0.016 0.04989865 0.04970725 -0.016 0.04989865 0.04970725 -0.016 0.05077198 0.04993947 0.016 0.05077198 0.04993947 -0.016 0.05145385 0.05053266 0.016 0.05145385 0.05053266 -0.016 0.05180505 0.05136522 0.016 0.05180505 0.05136522 -0.016 0.05175402 0.05226739 0.016 0.05175402 0.05226739 -0.016 0.05131104 0.05305513 0.016 0.05131104 0.05305513 -0.016 0.05056658 0.05356725 0.016 0.05056658 0.05356725 -0.016 0.04967263 0.05369981 0.016 0.04967263 0.05369981 0.016 0.04866889 0.0538791 -0.016 0.04866889 0.0538791 0.016 0.04788401 0.05452951 -0.016 0.04788401 0.05452951 0.016 0.04752186 0.0554827 -0.016 0.04752186 0.0554827 0.016 0.04767659 0.05649026 -0.016 0.04767659 0.05649026 0.016 0.04830792 0.05729087 -0.016 0.04830792 0.05729087 0.016 0.04925194 0.05767616 -0.016 0.04925194 0.05767616 -0.016 0.05009845 0.05799277 0.016 0.05009845 0.05799277 -0.016 0.05071917 0.05864938 0.016 0.05071917 0.05864938 -0.016 0.05098763 0.05951246 0.016 0.05098763 0.05951246 -0.016 0.05084875 0.06040509 0.016 0.05084875 0.06040509 -0.016 0.05033102 0.0611461 0.016 0.05033102 0.0611461 -0.016 0.04954019 0.06158336 0.016 0.04954019 0.06158336 -0.016 0.04863765 0.0616277 0.016 0.04863765 0.0616277 0.016 0.04761317 0.06171115 -0.016 0.04761317 0.06171115 0.016 0.04676535 0.06229242 -0.016 0.04676535 0.06229242 0.016 0.04631832 0.06321796 -0.016 0.04631832 0.06321796 0.016 0.04638984 0.06424316 -0.016 0.04638984 0.06424316 0.016 0.04696121 0.06509765 -0.016 0.04696121 0.06509765 0.016 0.04788151 0.06555542 -0.016 0.04788151 0.06555542 -0.016 0.04879453 0.0660065 0.016 0.04879453 0.0660065 -0.016 0.04936674 0.06684908 0.016 0.04936674 0.06684908 -0.016 0.04945007 0.06786426 0.016 0.04945007 0.06786426 -0.016 0.0490227 0.06878837 0.016 0.0490227 0.06878837 -0.016 0.04819551 0.06938251 0.016 0.04819551 0.06938251 -0.016 0.04718294 0.06949266 0.016 0.04718294 0.06949266 0.016 0.04628387 0.06956276 -0.016 0.04628387 0.06956276 0.016 0.04550698 0.07002052 -0.016 0.04550698 0.07002052 0.016 0.04501035 0.07077345 -0.016 0.04501035 0.07077345 0.016 0.04489496 0.07166799 -0.016 0.04489496 0.07166799 0.016 0.04518404 0.07252201 -0.016 0.04518404 0.07252201 0.016 0.04581907 0.0731624 -0.016 0.04581907 0.0731624 0.016 0.04667082 0.07345852 -0.016 0.04667082 0.07345852 -0.016 0.04762473 0.07382377 0.016 0.04762473 0.07382377 -0.016 0.04827395 0.07461198 0.016 0.04827395 0.07461198 -0.016 0.04844918 0.07561859 0.016 0.04844918 0.07561859 -0.016 0.04810479 0.07657989 0.016 0.04810479 0.07657989 -0.016 0.04733052 0.07724603 0.016 0.04733052 0.07724603 -0.016 0.04632821 0.07744297 0.016 0.04632821 0.07744297 0.016 0.04533007 0.07763799 -0.016 0.04533007 0.07763799 0.016 0.04455676 0.07829841 -0.016 0.04455676 0.07829841 0.016 0.04420843 0.07925399 -0.016 0.04420843 0.07925399 0.016 0.04437509 0.08025726 -0.016 0.04437509 0.08025726 0.016 0.04501357 0.08104929 -0.016 0.04501357 0.08104929 -0.0158 0.05546824 0.042424 -0.0158 0.05533427 0.041924 -0.0158 0.05540669 0.044137 -0.0158 0.06016336 0.0255 -0.0158 0.06038442 0.024675 -0.0158 0.05583427 0.02978316 -0.0158 0.05540669 0.01383969 -0.0158 0.05546824 0.03014919 -0.0158 0.05533427 0.03064919 -0.0158 0.06038442 0.026325 -0.0158 0.05633427 0.02964919 -0.0158 0.06098836 0.02692894 -0.0158 0.07025605 0.02964919 -0.0158 0.06181336 0.02715 -0.0158 0.07654512 0.01965462 -0.0158 0.07652832 0.01792887 -0.0158 0.0632423 0.024675 -0.0158 0.07592579 0.01631164 -0.0158 0.06098836 0.02407106 -0.0158 0.06181336 0.02385 -0.0158 0.07161198 0.01383969 -0.0158 0.06263836 0.02407106 -0.0158 0.07331191 0.01413754 -0.0158 0.07480932 0.0149956 -0.0158 0.06830676 0.04255414 -0.0158 0.06796031 0.04282681 -0.0158 0.07158165 0.04414725 -0.0158 0.07069282 0.02974961 -0.0158 0.06753027 0.042924 -0.0158 0.05633427 0.042924 -0.0158 0.05583427 0.04279003 -0.0158 0.06346336 0.0255 -0.0158 0.0632423 0.026325 -0.0158 0.06263836 0.02692894 -0.0158 0.07104187 0.03003072 -0.0158 0.07123308 0.03043604 -0.0158 0.07399692 0.0333535 -0.0158 0.07122806 0.03088417 -0.0158 0.06850228 0.04215899 -0.0158 0.05269634 0.01411332 -0.0158 0.0512435 0.01490428 -0.0158 0.05432774 0.01383969 -0.0158 0.05012824 0.01612598 -0.0158 0.04987484 0.02345115 -0.0158 0.04934845 0.01929423 -0.0158 0.04947264 0.01764471 -0.0158 0.05587645 0.05551049 -0.0158 0.05706688 0.047 -0.0158 0.05728793 0.046175 -0.0158 0.05789188 0.04557106 -0.0158 0.05871687 0.04535 -0.0158 0.0554202 0.08968699 -0.0158 0.05587645 0.07651193 -0.0158 0.05558557 0.07622106 -0.0158 0.0554791 0.07582372 -0.0158 0.0554791 0.0561987 -0.0158 0.05558557 0.05580137 -0.0158 0.05627378 0.0766184 -0.0158 0.05954187 0.04557106 -0.0158 0.06014582 0.046175 -0.0158 0.07089764 0.04693831 -0.0158 0.06036688 0.047 -0.0158 0.06725234 0.06038689 -0.0158 0.06014582 0.047825 -0.0158 0.06353378 0.0557261 -0.0158 0.05954187 0.04842894 -0.0158 0.06325264 0.0554891 -0.0158 0.06289492 0.05540403 -0.0158 0.05871687 0.04865 -0.0158 0.05627378 0.05540403 -0.0158 0.05789188 0.04842894 -0.0158 0.05728793 0.047825 -0.0158 0.05748607 0.07634865 -0.0158 0.05834832 0.08678788 -0.0158 0.05764934 0.07605625 -0.0158 0.06306696 0.07367731 -0.0158 0.06365481 0.05643124 -0.0158 0.06367815 0.05606428 -0.0158 0.05721683 0.07654782 -0.0158 0.05688945 0.0766184 -0.0158 0.05732595 0.08842039 -0.0158 0.0557623 0.08954526 -0.0158 0.053925 0.08457106 -0.0158 0.05452894 0.085175 -0.0158 0.05475 0.086 -0.0158 0.0531 0.08435 -0.0158 0.05289447 0.04986182 -0.0158 0.05231283 0.05732835 -0.0158 0.05281664 0.04237308 -0.0158 0.05207993 0.03492025 -0.0158 0.05069007 0.0275612 -0.0158 0.05145 0.086 -0.0158 0.04946071 0.08686467 -0.0158 0.05167106 0.086825 -0.0158 0.05049079 0.0884603 -0.0158 0.052275 0.08742894 -0.0158 0.05204163 0.08955666 -0.0158 0.0531 0.08765 -0.0158 0.05388945 0.08999556 -0.0158 0.053925 0.08742894 -0.0158 0.05452894 0.086825 -0.0158 0.05107623 0.0647147 -0.0158 0.04998012 0.0709157 -0.0158 0.052275 0.08457106 -0.0158 0.0493203 0.07717817 -0.0158 0.05167106 0.085175 -0.0158 0.0491 0.08347145 -0.0158 0.0491 0.085 0.016 0.0554202 0.08968699 0.016 0.05533427 0.03064919 0.016 0.04934845 0.01929423 0.016 0.05432774 0.01383969 0.016 0.04987484 0.02345115 0.016 0.05540669 0.01383969 0.016 0.0512435 0.01490428 0.016 0.05269634 0.01411332 0.016 0.05012824 0.01612598 0.016 0.04947264 0.01764471 0.016 0.07480932 0.0149956 0.016 0.07592579 0.01631164 0.016 0.07652832 0.01792887 0.016 0.07654512 0.01965462 0.016 0.05583427 0.02978316 0.016 0.05546824 0.03014919 0.016 0.07069282 0.02974961 0.016 0.05533427 0.041924 0.016 0.05546824 0.042424 0.016 0.05540669 0.044137 0.016 0.05583427 0.04279003 0.016 0.07161198 0.01383969 0.016 0.07331191 0.01413754 0.016 0.05633427 0.02964919 0.016 0.07025605 0.02964919 0.016 0.07104187 0.03003072 0.016 0.05633427 0.042924 0.016 0.06753027 0.042924 0.016 0.07158165 0.04414725 0.016 0.06796031 0.04282681 0.016 0.06830676 0.04255414 0.016 0.06850228 0.04215899 0.016 0.07399692 0.0333535 0.016 0.07122806 0.03088417 0.016 0.07123308 0.03043604 0.016 0.07089764 0.04693831 0.016 0.06353378 0.0557261 0.016 0.05587645 0.07651193 0.016 0.05627378 0.0766184 0.016 0.05587645 0.05551049 0.016 0.05558557 0.05580137 0.016 0.05688945 0.0766184 0.016 0.05721683 0.07654782 0.016 0.05748607 0.07634865 0.016 0.06306696 0.07367731 0.016 0.05764934 0.07605625 0.016 0.06725234 0.06038689 0.016 0.06365481 0.05643124 0.016 0.06367815 0.05606428 0.016 0.05627378 0.05540403 0.016 0.06289492 0.05540403 0.016 0.06325264 0.0554891 0.016 0.0554791 0.0561987 0.016 0.0554791 0.07582372 0.016 0.05558557 0.07622106</float_array>
          <technique_common>
            <accessor source="#pos_0-array" count="7689" stride="3">
              <param name="X" type="float"/>
              <param name="Y" type="float"/>
              <param name="Z" type="float"/>
            </accessor>
          </technique_common>
        </source>
        <source id="norm_0">
          <float_array id="norm_0-array" count="3624">-0 0 -1 -0.34202 0.93969 0 -0.97934 0.20222 0 -0.81915 0.57358 0 -0.52498 0.85112 0 -0.34202 0.93969 0 -0.97934 0.20222 0 -0.81916 0.57357 0 -0.52497 0.85112 0 -0.34202 -0.93969 0 -1 -0 0 -0.97934 0.20221 0 -0.81915 0.57358 0 -0.34202 -0.93969 0 -0.97934 0.20222 0 -0.81915 0.57357 0 -0.34202 0.93969 0 -0.52498 0.85111 0 -0.34202 -0.93969 0 -0.34202 0.93969 0 -0.97934 0.20222 0 -0.81915 0.57358 0 -0.52498 0.85112 0 -0.34202 0.93969 0 -0.81915 0.57358 0 -0.52498 0.85112 0 -0.34202 0.93969 0 -0.97934 0.20222 0 -0.81915 0.57358 0 -0.52498 0.85112 0 -0.52499 0.85111 0 -0.34202 0.93969 0 -0.52497 -0.85112 0 -0.81915 -0.57358 0 -0.97934 -0.20221 0 -0.34202 -0.93969 0 -0.52499 -0.85111 0 -0.97934 -0.20222 0 -0.34202 0.93969 0 -0 1 0 0 -0 1 -0.34202 -0.93969 0 1 0 -0 -0.52498 -0.85112 0 -0.81915 -0.57358 0 -0.97934 -0.20222 0 -0.52498 -0.85112 0 -0.81915 -0.57358 0 -0.97934 -0.20222 0 -0.97934 -0.20222 0 -0.52498 -0.85111 0 -0.81915 -0.57357 0 -0.52498 -0.85112 0 -0.81915 -0.57358 0 -0.97934 -0.20222 0 0.96593 -0.25882 -0 0.70711 -0.70711 -0 0.25882 -0.96593 -0 -0.25882 -0.96593 0 -0.70711 -0.70711 0 -0.96593 -0.25882 0 -0.96593 0.25882 0 -0.70711 0.70711 0 -0.25882 0.96593 0 0.25882 0.96593 -0 0.70711 0.70711 -0 0.96593 0.25882 -0 0.96593 -0.25882 -0 0.70711 -0.70711 -0 -0.70711 -0.70711 0 -0.96593 -0.25882 0 -0.25882 0.96593 0 0.25882 0.96593 -0 -0.96593 0.25882 0 -0.70711 0.70711 0 -0.25882 0.96593 0 0.25882 0.96593 -0 0.70711 0.70711 -0 0.96593 0.25882 -0 0.96593 -0.25882 -0 0.70711 -0.70711 -0 0.25882 -0.96593 -0 -0.25882 -0.96593 0 -0.70711 -0.70711 0 -0.96593 -0.25882 0 -0.96593 0.25882 0 -0.25882 0.96593 0 0.25882 0.96593 -0 0.96593 0.25882 -0 0 -1 -0 1 0 -0 1 0 -0 0 -0 1 0 -0 1 -1 -0 0 -1 -0 0 -0 0 -1 -0 0 -1 0 -1 -0 -0 1 0 0.98297 0.18375 -0 0.85022 0.52643 -0 0.60264 0.79802 -0 0.27366 0.96183 0 -0.09227 0.99573 0 -0.44574 0.89516 0 -0.73901 0.6737 0 -0.93247 0.36124 0 -0.93247 -0.36124 0 -0.73901 -0.6737 0 -0.44574 -0.89516 -0 -0.09227 -0.99573 -0 0.27366 -0.96183 -0 0.60264 -0.79802 -0 0.85022 -0.52643 -0 0.98297 -0.18375 -0 0.98297 0.18375 -0 0.60263 0.79802 -0 0.27366 0.96183 0 -0.09227 0.99573 0 -0.93247 0.36124 0 -0.93247 -0.36124 0 -0.09227 -0.99573 -0 0.27366 -0.96183 -0 0.60263 -0.79802 -0 0.98297 -0.18375 -0 -0 0.18375 0.98297 -0 0.52643 0.85022 -0 0.79802 0.60264 -0 0.96183 0.27366 -0 0.99573 -0.09227 -0 0.89516 -0.44574 -0 0.6737 -0.73901 -0 0.36124 -0.93247 0 -0.36124 -0.93247 0 -0.6737 -0.73901 0 -0.89516 -0.44574 0 -0.99573 -0.09227 0 -0.96183 0.27366 0 -0.79802 0.60264 0 -0.52643 0.85022 0 -0.18375 0.98297 -0 0.18375 0.98297 -0 0.52643 0.85022 -0 0.79802 0.60263 -0 0.96183 0.27366 -0 0.99573 -0.09227 -0 0.6737 -0.73901 0 -0.6737 -0.73901 0 -0.89516 -0.44574 0 -0.99573 -0.09227 0 -0.96183 0.27366 0 -0.79802 0.60263 0 -0.52643 0.85022 0 -0.18375 0.98297 -1 0 0 1 -0 -0 -0 -1 0 0.19509 -0 0.98079 0.55557 -0 0.83147 0.83147 -0 0.55557 0.98079 -0 0.19509 0.98079 -0 -0.19509 0.83147 -0 -0.55557 0.55557 -0 -0.83147 0.19509 -0 -0.98079 0.70711 -0 -0.70711 -0 -0 -1 -0.70711 0 -0.70711 -0.19509 0 -0.98079 -0.55557 0 -0.83147 -0.83147 0 -0.55557 -0.98079 0 -0.19509 -0.98079 0 0.19509 -0.83147 0 0.55557 -0.55557 0 0.83147 -0.19509 0 0.98079 0.70711 -0 -0.70711 0.70711 -0 0.70711 0 0 1 -0.70711 0 0.70711 -0.70711 0 -0.70711 0.96593 -0 0.25882 0.96593 -0 -0.25882 0.70711 -0 -0.70711 0.25882 -0 -0.96593 -0.25882 0 -0.96593 -0.70711 0 -0.70711 -0.96593 0 -0.25882 -0.96593 0 0.25882 -0.70711 0 0.70711 -0.25882 0 0.96593 0.25882 -0 0.96593 0.70711 -0 0.70711 0 1 -0 -0.22252 0 -0.97493 -0.62349 0 -0.78183 -0.90097 0 -0.43388 -0.90097 0 0.43388 -0.62349 0 0.78183 -0.22252 0 0.97493 0.22252 -0 0.97493 0.62349 -0 0.78183 0.90097 -0 0.43388 0.90097 -0 -0.43388 0.62349 -0 -0.78183 0.22252 -0 -0.97493 0.51152 0.11675 0.85131 0 0.52467 0.85131 0.22765 0.47271 0.85131 0.4102 0.32713 0.85131 -0.51152 0.11675 0.85131 -0.4102 0.32713 0.85131 -0.22765 0.47271 0.85131 -0.22765 -0.47271 0.85131 -0.4102 -0.32713 0.85131 -0.51152 -0.11675 0.85131 0.4102 -0.32713 0.85131 0.22765 -0.47271 0.85131 -0 -0.52467 0.85131 0.51152 -0.11675 0.85131 0 0.52467 0.85131 0.22765 0.47271 0.85131 -0.22765 0.47271 0.85131 -0.22765 -0.47271 0.85131 0.22765 -0.47271 0.85131 -0 -0.52467 0.85131 0.51152 0.11675 0.85131 0.4102 0.32713 0.85131 -0.51152 0.11675 0.85131 -0.4102 0.32713 0.85131 -0.4102 -0.32713 0.85131 -0.51152 -0.11675 0.85131 0.4102 -0.32713 0.85131 0.51152 -0.11675 0.85131 0.70711 -0 0.70711 0.97493 0.22252 -0 0.78183 0.62349 -0 0.43388 0.90097 -0 -0.43388 0.90097 -0 -0.78183 0.62349 0 -0.97493 0.22252 0 -0.97493 -0.22252 0 -0.78183 -0.62349 0 -0.43388 -0.90097 0 0.43388 -0.90097 0 0.78183 -0.62349 -0 0.97493 -0.22252 -0 0.43388 0.90097 -0 -0.43388 0.90097 -0 -0.43388 -0.90097 0 0.43388 -0.90097 0 0.97493 0.22252 -0 0.78183 0.62349 -0 -0.78183 0.62349 0 -0.97493 0.22252 0 -0.97493 -0.22252 0 -0.78183 -0.62349 0 0.78183 -0.62349 -0 0.97493 -0.22252 -0 -0.70711 0 0.70711 -0.25882 0 0.96593 -0.70711 0 0.70711 -0.96593 0 0.25882 -0.96593 0 -0.25882 -0.70711 0 -0.70711 -0.25882 0 -0.96593 -0.70711 0 -0.70711 0.70711 -0 -0.70711 0.25882 -0 0.96593 0.70711 -0 0.70711 0.96593 -0 0.25882 0.96593 -0 -0.25882 0.70711 -0 -0.70711 0.25882 -0 -0.96593 -0.25882 0 -0.96593 -0.70711 0 -0.70711 -0.96593 0 -0.25882 -0.96593 0 0.25882 -0.70711 0 0.70711 -0.25882 0 0.96593 -0 0 -1 -0 1 0 0 -1 -0 0 -0 1 -0.96568 -0.25875 0.02248 -0.92388 -0.38268 0 -0.79335 -0.60876 0 -0.70693 -0.70693 0.02248 -0.60876 -0.79335 -0 -0.38268 -0.92388 -0 -0.25875 -0.96568 0.02248 -0.13053 -0.99144 -0 0.13053 -0.99144 -0 0.25875 -0.96568 0.02248 0.38268 -0.92388 -0 0.60876 -0.79335 -0 0.70693 -0.70693 0.02248 0.79335 -0.60876 -0 0.92388 -0.38268 -0 0.96568 -0.25875 0.02248 0.99144 -0.13053 -0 0.99144 0.13053 -0 0.96568 0.25875 0.02248 0.92388 0.38268 -0 0.79335 0.60876 -0 0.70693 0.70693 0.02248 0.60876 0.79335 0 0.38268 0.92388 0 0.25875 0.96568 0.02248 0.13053 0.99144 0 -0.13053 0.99144 0 -0.25875 0.96568 0.02248 -0.38268 0.92388 0 -0.60876 0.79335 0 -0.70693 0.70693 0.02248 -0.79335 0.60876 0 -0.92388 0.38268 0 -0.96568 0.25875 0.02248 -0.99144 0.13053 0 -0.99144 -0.13053 0 -0.96568 -0.25875 0.02248 -0.79335 -0.60876 0 -0.70693 -0.70693 0.02248 -0.60876 -0.79335 -0 -0.25875 -0.96568 0.02248 -0.13053 -0.99144 -0 0.13053 -0.99144 -0 0.25875 -0.96568 0.02248 0.60876 -0.79335 -0 0.70693 -0.70693 0.02248 0.79335 -0.60876 -0 0.96568 -0.25875 0.02248 0.99144 -0.13053 -0 0.99144 0.13053 -0 0.96568 0.25875 0.02248 0.79335 0.60876 -0 0.70693 0.70693 0.02248 0.60876 0.79335 0 0.25875 0.96568 0.02248 0.13053 0.99144 0 -0.13053 0.99144 0 -0.25875 0.96568 0.02248 -0.60876 0.79335 0 -0.70693 0.70693 0.02248 -0.79335 0.60876 0 -0.96568 0.25875 0.02248 -0.99144 0.13053 0 -0.99144 -0.13053 0 -0.70693 -0.70693 0.02248 -0.25875 -0.96568 0.02248 -0.13053 -0.99144 -0 0.13053 -0.99144 -0 0.25875 -0.96568 0.02248 0.70693 -0.70693 0.02248 0.70693 0.70693 0.02248 0.25875 0.96568 0.02248 0.13053 0.99144 0 -0.13053 0.99144 0 -0.25875 0.96568 0.02248 -0.70693 0.70693 0.02248 -0.70693 -0.70693 0.02248 -0.25875 -0.96568 0.02248 -0.13053 -0.99144 -0 0.13053 -0.99144 -0 0.25875 -0.96568 0.02248 0.70693 -0.70693 0.02248 0.70693 0.70693 0.02248 0.25875 0.96568 0.02248 0.13053 0.99144 0 -0.13053 0.99144 0 -0.25875 0.96568 0.02248 -0.70693 0.70693 0.02248 -1 -0 0 1 0 -0 -0.96593 -0.25882 0 -0.70711 -0.70711 -0 -0.25882 -0.96593 -0 0.25882 -0.96593 -0 0.70711 -0.70711 -0 0.96593 -0.25882 -0 0.96593 0.25882 -0 0.70711 0.70711 0 0.25882 0.96593 0 -0.25882 0.96593 0 -0.70711 0.70711 0 -0.96593 0.25882 0 -0.70711 -0.70711 -0 -0.25882 -0.96593 -0 0.25882 -0.96593 -0 0.70711 -0.70711 -0 0.96593 0.25882 -0 0.70711 0.70711 0 0.25882 0.96593 0 -0.25882 0.96593 0 -0.70711 0.70711 0 -0.96593 0.25882 0 -0.96593 -0.25882 0 -0.70711 -0.70711 -0 0.70711 -0.70711 -0 0.96593 -0.25882 -0 0.96593 0.25882 -0 0.70711 0.70711 0 -0.70711 0.70711 0 -0.96593 0.25882 0 -0.70711 -0.70711 -0 0.70711 -0.70711 -0 0.96593 0.25882 -0 0.70711 0.70711 0 -0.70711 0.70711 0 -0.96593 0.25882 0 -0.96568 -0.25875 0.02248 -0.92388 -0.38269 0 -0.79335 -0.60876 0 -0.70693 -0.70693 0.02248 -0.60876 -0.79335 -0 -0.25875 -0.96568 0.02248 -0.13053 -0.99144 -0 0.13053 -0.99144 -0 0.25875 -0.96568 0.02248 0.60876 -0.79335 -0 0.70693 -0.70693 0.02248 0.79335 -0.60876 -0 0.92388 -0.38268 -0 0.96568 -0.25875 0.02248 0.99144 -0.13053 -0 0.99144 0.13053 -0 0.96568 0.25875 0.02248 0.92388 0.38268 -0 0.70693 0.70693 0.02248 0.60876 0.79335 0 0.25875 0.96568 0.02248 0.13053 0.99145 0 -0.13053 0.99144 0 -0.25875 0.96568 0.02248 -0.60876 0.79335 0 -0.70693 0.70693 0.02248 -0.92388 0.38269 0 -0.96568 0.25875 0.02248 -0.99144 0.13053 0 -0.99144 -0.13053 0 -0.96568 -0.25875 0.02248 -0.92388 -0.38269 0 -0.79335 -0.60876 0 -0.70693 -0.70693 0.02248 -0.38268 -0.92388 -0 -0.25875 -0.96568 0.02248 -0.13053 -0.99144 -0 0.13053 -0.99144 -0 0.25875 -0.96568 0.02248 0.38268 -0.92388 -0 0.70693 -0.70693 0.02248 0.79335 -0.60876 -0 0.92388 -0.38268 -0 0.96568 -0.25875 0.02248 0.99144 -0.13053 -0 0.79335 0.60876 -0 0.70693 0.70693 0.02248 0.25875 0.96568 0.02248 0.13053 0.99144 0 -0.13053 0.99144 0 -0.25875 0.96568 0.02248 -0.70693 0.70693 0.02248 -0.79335 0.60876 0 -0.99144 -0.13053 0 -0.70693 -0.70693 0.02248 -0.25875 -0.96568 0.02248 -0.13053 -0.99144 -0 0.13053 -0.99145 -0 0.25875 -0.96568 0.02248 0.70693 -0.70693 0.02248 0.79335 0.60876 -0 0.70693 0.70693 0.02248 0.25875 0.96568 0.02248 0.13053 0.99144 0 -0.13053 0.99144 0 -0.25875 0.96568 0.02248 -0.70693 0.70693 0.02248 -0.79335 0.60876 0 -0.65608 -0.27176 0.70406 -0.65608 -0.27176 0.70406 -0.56339 -0.4323 0.70406 -0.56339 -0.4323 0.70406 -0.4323 -0.56339 0.70406 -0.4323 -0.56339 0.70406 -0.27176 -0.65608 0.70406 -0.27176 -0.65608 0.70406 -0.09269 -0.70406 0.70406 -0.09269 -0.70406 0.70406 0.09269 -0.70406 0.70406 0.09269 -0.70406 0.70406 0.27176 -0.65608 0.70406 0.27176 -0.65608 0.70406 0.4323 -0.56339 0.70406 0.4323 -0.56339 0.70406 0.56339 -0.4323 0.70406 0.56339 -0.4323 0.70406 0.65608 -0.27176 0.70406 0.65608 -0.27176 0.70406 0.70406 -0.09269 0.70406 0.70406 -0.09269 0.70406 0.70406 0.09269 0.70406 0.70406 0.09269 0.70406 0.65608 0.27176 0.70406 0.65608 0.27176 0.70406 0.56339 0.43231 0.70406 0.56339 0.4323 0.70406 0.4323 0.56339 0.70406 0.4323 0.56339 0.70406 0.27176 0.65608 0.70406 0.27176 0.65608 0.70406 0.09269 0.70406 0.70406 0.09269 0.70406 0.70406 -0.09269 0.70406 0.70406 -0.09269 0.70406 0.70406 -0.27176 0.65608 0.70406 -0.27176 0.65608 0.70406 -0.4323 0.56339 0.70406 -0.4323 0.56339 0.70406 -0.56339 0.43231 0.70406 -0.56339 0.4323 0.70406 -0.65608 0.27176 0.70406 -0.65608 0.27176 0.70406 -0.70406 0.09269 0.70406 -0.70406 0.09269 0.70406 -0.70406 -0.09269 0.70406 -0.70406 -0.09269 0.70406 -0.65608 -0.27176 0.70406 -0.65608 -0.27176 0.70406 -0.56339 -0.4323 0.70406 -0.56339 -0.4323 0.70406 -0.4323 -0.56339 0.70406 -0.4323 -0.56339 0.70406 -0.27176 -0.65608 0.70406 -0.27176 -0.65608 0.70406 -0.09269 -0.70406 0.70406 -0.09269 -0.70406 0.70406 0.09269 -0.70406 0.70406 0.09269 -0.70406 0.70406 0.27176 -0.65608 0.70406 0.27176 -0.65608 0.70406 0.4323 -0.56339 0.70406 0.4323 -0.56339 0.70406 0.56339 -0.4323 0.70406 0.65608 -0.27176 0.70406 0.65608 -0.27176 0.70406 0.70406 -0.09269 0.70406 0.70406 -0.09269 0.70406 0.70406 0.09269 0.70406 0.65608 0.27176 0.70406 0.65608 0.27176 0.70406 0.56339 0.4323 0.70406 0.4323 0.56339 0.70406 0.4323 0.56339 0.70406 0.27176 0.65608 0.70406 0.27176 0.65608 0.70406 0.09269 0.70406 0.70406 0.09269 0.70406 0.70406 -0.09269 0.70406 0.70406 -0.09269 0.70406 0.70406 -0.27176 0.65608 0.70406 -0.27176 0.65608 0.70406 -0.4323 0.56339 0.70406 -0.4323 0.56339 0.70406 -0.56339 0.4323 0.70406 -0.56339 0.4323 0.70406 -0.65608 0.27176 0.70406 -0.65608 0.27176 0.70406 -0.70406 0.09269 0.70406 -0.70406 -0.09269 0.70406 -0.65608 -0.27176 0.70406 -0.56339 -0.43231 0.70406 -0.56339 -0.4323 0.70406 -0.4323 -0.56339 0.70406 -0.4323 -0.56339 0.70406 -0.27176 -0.65608 0.70406 -0.27176 -0.65608 0.70406 -0.09269 -0.70406 0.70406 -0.09269 -0.70406 0.70406 0.09269 -0.70406 0.70406 0.09269 -0.70406 0.70406 0.27176 -0.65608 0.70406 0.27176 -0.65608 0.70406 0.4323 -0.56339 0.70406 0.4323 -0.56339 0.70406 0.56339 -0.43231 0.70406 0.56339 -0.4323 0.70406 0.65608 -0.27176 0.70406 0.65608 -0.27176 0.70406 0.65608 0.27176 0.70406 0.56339 0.4323 0.70406 0.56339 0.4323 0.70406 0.4323 0.56339 0.70406 0.4323 0.56339 0.70406 0.27176 0.65608 0.70406 0.27176 0.65608 0.70406 0.09269 0.70406 0.70406 0.09269 0.70406 0.70406 -0.09269 0.70406 0.70406 -0.09269 0.70406 0.70406 -0.27176 0.65608 0.70406 -0.27176 0.65608 0.70406 -0.4323 0.56339 0.70406 -0.4323 0.56339 0.70406 -0.56339 0.4323 0.70406 -0.56339 0.4323 0.70406 -0.65608 0.27176 0.70406 -0.65608 0.27176 0.70406 -0.65608 -0.27176 0.70406 -0.65608 -0.27176 0.70406 -0.56339 -0.4323 0.70406 -0.56339 -0.4323 0.70406 -0.43231 -0.56339 0.70406 -0.4323 -0.56339 0.70406 -0.27176 -0.65608 0.70406 -0.27176 -0.65608 0.70406 -0.09269 -0.70406 0.70406 0.09269 -0.70406 0.70406 0.09269 -0.70406 0.70406 0.27176 -0.65608 0.70406 0.27176 -0.65608 0.70406 0.4323 -0.56339 0.70406 0.4323 -0.56339 0.70406 0.56339 -0.4323 0.70406 0.56339 -0.4323 0.70406 0.65608 -0.27176 0.70406 0.65608 -0.27176 0.70406 0.70406 -0.09269 0.70406 0.70406 -0.09269 0.70406 0.70406 0.09269 0.70406 0.70406 0.09269 0.70406 0.65608 0.27176 0.70406 0.65608 0.27176 0.70406 0.56339 0.4323 0.70406 0.56339 0.4323 0.70406 0.4323 0.56339 0.70406 0.4323 0.56339 0.70406 0.27176 0.65608 0.70406 0.09269 0.70406 0.70406 0.09269 0.70406 0.70406 -0.09269 0.70406 0.70406 -0.09269 0.70406 0.70406 -0.27176 0.65608 0.70406 -0.27176 0.65608 0.70406 -0.43231 0.56339 0.70406 -0.4323 0.56339 0.70406 -0.56339 0.4323 0.70406 -0.56339 0.4323 0.70406 -0.65608 0.27176 0.70406 -0.70406 0.09269 0.70406 -0.70406 -0.09269 0.70406 -0.70406 -0.09269 0.70406 -0.65608 -0.27176 0.70406 -0.56339 -0.4323 0.70406 -0.56339 -0.4323 0.70406 -0.43231 -0.56339 0.70406 -0.4323 -0.56339 0.70406 -0.27176 -0.65608 0.70406 -0.09269 -0.70406 0.70406 -0.09269 -0.70406 0.70406 0.09269 -0.70406 0.70406 0.09269 -0.70406 0.70406 0.27176 -0.65608 0.70406 0.4323 -0.56339 0.70406 0.56339 -0.4323 0.70406 0.56339 -0.4323 0.70406 0.65608 -0.27176 0.70406 0.70406 -0.09269 0.70406 0.70406 -0.09269 0.70406 0.70406 0.09269 0.70406 0.65608 0.27176 0.70406 0.65608 0.27176 0.70406 0.56339 0.4323 0.70406 0.56339 0.4323 0.70406 0.4323 0.56339 0.70406 0.27176 0.65608 0.70406 0.09269 0.70406 0.70406 -0.09269 0.70406 0.70406 -0.09269 0.70406 0.70406 -0.27176 0.65608 0.70406 -0.27176 0.65608 0.70406 -0.4323 0.56339 0.70406 -0.65608 0.27176 0.70406 -0.70406 0.09269 0.70406 -0.70406 0.09269 0.70406 -0.70406 -0.09269 0.70406 -0.65608 -0.27176 0.70406 -0.65608 -0.27176 0.70406 -0.56339 -0.4323 0.70406 -0.56339 -0.4323 0.70406 -0.4323 -0.56339 0.70406 -0.4323 -0.56339 0.70406 -0.09269 -0.70406 0.70406 0.09269 -0.70406 0.70406 0.09269 -0.70406 0.70406 0.43231 -0.56339 0.70406 0.4323 -0.56339 0.70406 0.56339 -0.4323 0.70406 0.56339 -0.4323 0.70406 0.65608 -0.27176 0.70406 0.65608 -0.27176 0.70406 0.70406 -0.09269 0.70406 0.70406 -0.09269 0.70406 0.70406 0.09269 0.70406 0.70406 0.09269 0.70406 0.65608 0.27176 0.70406 0.56339 0.4323 0.70406 0.56339 0.4323 0.70406 0.43231 0.56339 0.70406 0.4323 0.56339 0.70406 0.09269 0.70406 0.70406 0.09269 0.70406 0.70406 -0.09269 0.70406 0.70406 -0.09269 0.70406 0.70406 -0.4323 0.56339 0.70406 -0.4323 0.56339 0.70406 -0.56339 0.4323 0.70406 -0.56339 0.4323 0.70406 -0.65608 0.27176 0.70406 -0.65608 0.27176 0.70406 -0.70406 0.09269 0.70406 -0.70406 0.09269 0.70406 -0.70406 -0.09269 0.70406 -0.70406 -0.09269 0.70406 -0.65608 -0.27176 0.70406 -0.65608 -0.27176 0.70406 -0.56339 -0.4323 0.70406 -0.56339 -0.4323 0.70406 -0.4323 -0.56339 0.70406 -0.4323 -0.56339 0.70406 -0.09269 -0.70406 0.70406 -0.09269 -0.70406 0.70406 0.09269 -0.70406 0.70406 0.09269 -0.70406 0.70406 0.4323 -0.56339 0.70406 0.56339 -0.4323 0.70406 0.56339 -0.4323 0.70406 0.70406 -0.09269 0.70406 0.70406 -0.09269 0.70406 0.70406 0.09269 0.70406 0.65608 0.27176 0.70406 0.65608 0.27176 0.70406 0.56339 0.4323 0.70406 0.56339 0.4323 0.70406 0.43231 0.56339 0.70406 0.4323 0.56339 0.70406 0.09269 0.70406 0.70406 0.09269 0.70406 0.70406 -0.09269 0.70406 0.70406 -0.09269 0.70406 0.70406 -0.4323 0.56339 0.70406 -0.56339 0.4323 0.70406 -0.56339 0.4323 0.70406 -0.65608 0.27176 0.70406 -0.70406 0.09269 0.70406 -0.70406 0.09269 0.70406 -0.70406 -0.09269 0.70406 1 0 -0 0 0 1 -1 -0 0 -0 -0 -1 0 -1 0 -0 1 -0 0.98297 0.18375 -0 0.85022 0.52643 -0 0.60264 0.79802 -0 0.27366 0.96183 -0 -0.09227 0.99573 -0 -0.44574 0.89516 0 -0.73901 0.6737 0 -0.93247 0.36124 0 -0.93247 -0.36124 0 -0.73901 -0.6737 0 -0.44574 -0.89516 0 -0.09227 -0.99573 0 0.27366 -0.96183 0 0.60264 -0.79802 -0 0.85022 -0.52643 -0 0.98297 -0.18375 -0 0.98297 0.18375 -0 0.60263 0.79802 -0 0.27366 0.96183 -0 -0.09227 0.99573 -0 -0.93247 0.36124 0 -0.93247 -0.36124 0 -0.09227 -0.99573 0 0.27366 -0.96183 0 0.60263 -0.79802 -0 0.98297 -0.18375 -0 -0 0.18375 0.98297 -0 0.52643 0.85022 -0 0.79802 0.60264 -0 0.96183 0.27366 -0 0.99573 -0.09227 -0 0.89516 -0.44574 -0 0.6737 -0.73901 -0 0.36124 -0.93247 0 -0.36124 -0.93247 0 -0.6737 -0.73901 0 -0.89516 -0.44574 0 -0.99573 -0.09227 0 -0.96183 0.27366 0 -0.79802 0.60264 0 -0.52643 0.85022 0 -0.18375 0.98297 -0 0.18375 0.98297 -0 0.52643 0.85022 -0 0.79802 0.60263 -0 0.96183 0.27366 -0 0.99573 -0.09227 -0 0.6737 -0.73901 0 -0.6737 -0.73901 0 -0.89516 -0.44574 0 -0.99573 -0.09227 0 -0.96183 0.27366 0 -0.79802 0.60263 0 -0.52643 0.85022 0 -0.18375 0.98297 -1 -0 0 -1 -0 0 1 0 -0 1 0 -0 0 -0.98263 0.18558 0 -0.99515 0.09837 0 -0.99995 0.01039 0 -0.99698 -0.07766 0 -0.98627 -0.16512 0 -0.98473 -0.17406 0 -0.9945 -0.10478 0 -0.99939 -0.03498 0 -1 0 0 -0.9818 0.18992 0 -0.84014 0.54237 0 -0.57726 0.81656 0 -0.2311 0.97293 -0 0.23377 0.97229 -0 0.58398 0.81177 -0 0.84752 0.53077 -0 0.97911 0.20334 -0 0.96873 0.24812 -0 0.9563 0.29238 -0 0.94186 0.33602 -0 0.98954 0.14428 -0 0.98596 0.16699 -0 0.99769 0.06786 -0 1 -0 -0 0.98079 -0.19509 -0 0.83147 -0.55557 -0 0.55557 -0.83147 -0 0.19509 -0.98079 -0 -0 -1 0 -0.25882 -0.96593 0 -0.70711 -0.70711 0 -0.96593 -0.25882 0 -0.9998 0.02013 0 -0.99697 0.07774 0 -0.98506 0.17219 0 -0.96593 -0.25882 0 -0.70711 -0.70711 0 -0.25882 -0.96593 -0 0.25882 -0.96593 -0 0.70711 -0.70711 -0 0.96593 -0.25882 -0 0.96593 0.25882 -0 0.70711 0.70711 -0 0.25882 0.96593 0 -0.25882 0.96593 0 -0.70711 0.70711 0 -0.96593 0.25882 0 -0.96593 -0.25882 0 -0.70711 -0.70711 0 -0.25882 -0.96593 -0 0.70711 -0.70711 -0 0.96593 -0.25882 -0 0.96593 0.25882 -0 0.70711 0.70711 0 -0.25882 0.96593 0 -0.70711 0.70711 0 -0.96593 0.25882 0 -0.96593 -0.25882 0 -0.70711 -0.70711 -0 0.96593 -0.25882 -0 0.96593 0.25882 0 -0.70711 0.70711 0 -0.96593 0.25882 0 -0.96593 -0.25882 0 -0.70711 -0.70711 0 -0.25882 -0.96593 -0 0.25882 -0.96593 -0 0.70711 -0.70711 -0 0.96593 -0.25882 -0 0.96593 0.25882 -0 0.70711 0.70711 -0 0.25882 0.96593 0 -0.25882 0.96593 0 -0.70711 0.70711 0 -0.96593 0.25882 0 -0.96593 -0.25882 0 -0.70711 -0.70711 -0 0.96593 -0.25882 -0 0.96593 0.25882 -0 0.70711 0.70711 0 -0.70711 0.70711 0 -0.96593 0.25882 -1 -0 0 1 0 -0 0 -0.98263 0.18558 0 -0.99515 0.09837 0 -0.99995 0.01039 0 -0.99698 -0.07766 0 -0.98627 -0.16512 0 -0.98473 -0.17406 0 -0.9945 -0.10478 0 -0.99939 -0.03498 0 -1 0 0 -0.9818 0.18992 0 -0.84014 0.54237 0 -0.57726 0.81656 0 -0.2311 0.97293 -0 0.23377 0.97229 -0 0.58398 0.81177 -0 0.84752 0.53077 -0 0.97911 0.20334 -0 0.96873 0.24812 -0 0.9563 0.29238 -0 0.94186 0.33602 -0 0.98954 0.14428 -0 0.98596 0.16699 -0 0.99769 0.06786 -0 1 -0 -0 0.98079 -0.19509 -0 0.83147 -0.55557 -0 0.55557 -0.83147 -0 0.19509 -0.98079 -0 -0 -1 0 -0.25882 -0.96593 0 -0.70711 -0.70711 0 -0.96593 -0.25882 0 -0.9998 0.02013 0 -0.99697 0.07774 0 -0.98506 0.17219 0 -0.96593 -0.25882 0 -0.70711 -0.70711 0 -0.25882 -0.96593 -0 0.25882 -0.96593 -0 0.70711 -0.70711 -0 0.96593 -0.25882 -0 0.96593 0.25882 -0 0.70711 0.70711 -0 0.25882 0.96593 0 -0.25882 0.96593 0 -0.70711 0.70711 0 -0.96593 0.25882 0 -0.96593 -0.25882 0 -0.70711 -0.70711 0 -0.25882 -0.96593 -0 0.70711 -0.70711 -0 0.96593 -0.25882 -0 0.96593 0.25882 -0 0.70711 0.70711 0 -0.25882 0.96593 0 -0.70711 0.70711 0 -0.96593 0.25882 0 -0.96593 -0.25882 0 -0.70711 -0.70711 -0 0.96593 -0.25882 -0 0.96593 0.25882 0 -0.70711 0.70711 0 -0.96593 0.25882 0 -0.96593 -0.25882 0 -0.70711 -0.70711 0 -0.25882 -0.96593 -0 0.25882 -0.96593 -0 0.70711 -0.70711 -0 0.96593 -0.25882 -0 0.96593 0.25882 -0 0.70711 0.70711 -0 0.25882 0.96593 0 -0.25882 0.96593 0 -0.70711 0.70711 0 -0.96593 0.25882 0 -0.70711 -0.70711 -0 0.96593 -0.25882 -0 0.96593 0.25882 -0 0.70711 0.70711 0 -0.70711 0.70711 0 -0.96593 0.25882 -0 -0.35041 0.9366 -0 -0.73899 0.67372 -0 -0.96498 0.26232 -0 -0.97834 -0.207 -0 -0.77611 -0.63059 0 0 1 0 1 -0 0 0.99939 0.03498 0 0.9945 0.10478 0 0.98473 0.17407 0 0.98627 0.16513 0 0.99698 0.07766 0 0.99995 -0.01039 0 0.99515 -0.09837 0 0.98263 -0.18558 0 0.98142 -0.19187 0 0.99308 -0.1174 -0 -0.92506 0.37983 -0 -0.99118 -0.13255 -0 -0.79274 -0.60955 -0 -0.38254 -0.92394 -0 -0.35248 -0.93582 -0 -0.73003 -0.68342 -0 -0.9569 -0.29043 -0 -0.98671 0.16248 -0 -0.81323 0.58195 -0 -0.4722 0.88149 0 -0.03415 0.99942 0 -0.06533 0.99786 -0 -0.55245 0.83354 -0 -0.89387 0.44833 -0 -0.99846 -0.05548 -0 -0.83876 -0.5445 -0 -0.45692 -0.88951 -0 -0.45482 -0.89058 -0 -0.83445 -0.55108 -0 -0.99765 -0.06859 -0 -0.90201 0.43171 -0 -0.57197 0.82028 -0 -0.09407 0.99557 0 -0.06437 0.99793 -0 -0.49699 0.86776 -0 -0.8283 0.56029 -0 -0.99036 0.1385 -0 -0.95023 -0.31155 -0 -0.71602 -0.69808 -0 -0.33559 -0.94201 -0 -0.36343 -0.93162 -0 -0.77564 -0.63117 -0 -0.98596 -0.16698 -0 -0.94012 0.34085 -0 -0.65008 0.75987 -0 -0.19083 0.98162 -0 -0.162 0.98679 -0 -0.57941 0.81503 -0 -0.87905 0.47673 -0 -0.99915 0.04117 -0 -0.9153 -0.40278 -0 -0.64431 -0.76476 -0 -0.24219 -0.97023 -0 -0.27126 -0.96251 -0 -0.71008 -0.70412 -0 -0.96502 -0.26218 -0 -0.96889 0.24749 -0 -0.72117 0.69276 -0 -0.28576 0.9583 -0 -0.25697 0.96642 -0 -0.65634 0.75447 -0 -0.92138 0.38866 -0 -0.9984 -0.05646 -0 -0.87163 -0.49016 -0 -0.56676 -0.82388 -0 -0.14668 -0.98918 -0 -0.17584 -0.98442 -0 -0.63807 -0.76998 -0 -0.9348 -0.35517 -0 -0.98841 0.15179 -0 -0.78523 0.6192 -0 -0.37787 0.92586 -0 -0.35033 0.93663 -0 -0.72668 0.68697 -0 -0.95487 0.29701 -0 -0.98811 -0.15373 -0 -0.81974 -0.57274 -0 -0.48387 -0.87514 -0 -0.04908 -0.9988 -0 -0.08118 -0.9967 -0 -0.56547 -0.82477 -0 -0.90047 -0.43492 -0 -0.99758 0.0696 -0 -0.83128 0.55585 -0 -0.44536 0.89535 -0 -0.44295 0.89655 -0 -0.82727 0.56181 -0 -0.99665 0.08181 -0 -0.90764 -0.41975 -0 -0.58337 -0.8122 -0 -0.10814 -0.99414 -0 -0.07773 -0.99697 -0 -0.50766 -0.86156 -0 -0.83476 -0.55061 -0 -0.99178 -0.12794 -0 -0.94721 0.32063 -0 -0.71007 0.70413 -0 -0.32838 0.94455 -0 -0.35759 0.93388 -0 -0.77188 0.63576 -0 -0.98518 0.17151 -0 -0.94141 -0.33727 -0 -0.65219 -0.75805 -0 -0.19279 -0.98124 -0 -0.19176 -0.98144 -0 -0.64942 -0.76043 -0 -0.93953 -0.34248 -0 -0.98648 0.16387 -0 -0.77853 0.62761 -0 -0.36856 0.9296 -1 0 0 -1 0 0 1 -0 -0 1 -0 -0 -0 -0.11373 -0.99351 -1 0 0 1 -0 -0 -0 -0.98263 0.18558 -0 -0.99515 0.09837 -0 -0.99995 0.01039 -0 -0.99698 -0.07766 -0 -0.98627 -0.16512 -0 -0.98473 -0.17406 -0 -0.9945 -0.10478 -0 -0.99939 -0.03498 -0 -1 0 -0 -0.9818 0.18992 -0 -0.84014 0.54237 -0 -0.57726 0.81656 -0 -0.2311 0.97293 0 0.19761 0.98028 0 0.38274 0.92386 0 0.58398 0.81177 0 0.84752 0.53077 0 0.94091 0.33864 0 0.95382 0.30037 0 0.96517 0.26161 0 0.97126 0.23803 0 0.97587 0.21837 0 0.98314 0.18288 -0 -0.99208 0.12563 -0 -0.98089 0.19456 0 0.25882 -0.96593 0 0.70711 -0.70711 0 0.96593 -0.25882 -0 -0 -1 -0 -0.8731 -0.48754 -0 -0.59472 -0.80393 -0 -0.21071 -0.97755 -0 -0.95623 -0.29262 -0 -0.23136 0.97287 -0 -0.64453 0.76458 -0 -0.91971 0.39259 -0 -0.99799 -0.06345 0 0 1 0 0.96593 0.25882 0 0.70711 0.70711 0 0.25882 0.96593 0 1 -0 0 0.25882 -0.96593 0 0.70711 -0.70711 0 0.96593 -0.25882 -0 -0.89629 -0.44347 -0 -0.61847 -0.78581 -0 -0.22044 -0.9754 -0 -0.972 -0.23499 -0 -0.22408 0.97457 -0 -0.62724 0.77883 -0 -0.90441 0.42666 -0 -0.99994 -0.01121 0 0.96593 0.25882 0 0.70711 0.70711 0 0.25882 0.96593 -0 -0.96593 -0.25882 -0 -0.70711 -0.70711 -0 -0.25882 -0.96593 0 0.25882 -0.96593 0 0.70711 -0.70711 0 0.96593 -0.25882 0 0.96593 0.25882 0 0.70711 0.70711 0 0.25882 0.96593 -0 -0.25882 0.96593 -0 -0.70711 0.70711 -0 -0.96593 0.25882 -0 -0.96593 -0.25882 -0 -0.70711 -0.70711 -0 -0.25882 -0.96593 0 0.25882 -0.96593 0 0.70711 -0.70711 0 0.96593 -0.25882 0 0.96593 0.25882 0 0.70711 0.70711 0 0.25882 0.96593 -0 -0.25882 0.96593 -0 -0.70711 0.70711 -0 -0.96593 0.25882 -0 -0.96593 -0.25882 -0 -0.70711 -0.70711 0 0.70711 -0.70711 0 0.96593 0.25882 0 0.70711 0.70711 -0 -0.70711 0.70711 -0 -0.96593 0.25882 -0 -0.16542 -0.98622 -0 -0.47815 -0.87828 -0 -0.73855 -0.6742 -0 -0.91811 -0.39633 -0 -0.99718 -0.07508 0 0.99995 -0.00973 0 0.93708 -0.34912 0 0.76256 -0.64692 0 0.49719 -0.86764 0 0.17258 -0.985</float_array>
          <technique_common>
            <accessor source="#norm_0-array" count="3624" stride="3">
              <param name="X" type="float"/>
              <param name="Y" type="float"/>
              <param name="Z" type="float"/>
            </accessor>
          </technique_common>
        </source>
        <vertices id="vert_0">
          <input semantic="POSITION" source="#pos_0"/>
        </vertices>
        <triangles count="5508" material="mat_0">
          <input semantic="VERTEX" source="#vert_0" offset="0"/>
          <input semantic="NORMAL" source="#norm_0" offset="1"/>
          <p>0 0 1 0 2 0 3 0 4 0 5 0 5 0 4 0 6 0 5 0 6 0 7 0 7 0 6 0 8 0 9 0 10 0 11 0 11 0 10 0 12 0 13 0 14 0 12 0 15 0 16 0 10 0 10 0 16 0 17 0 10 0 17 0 18 0 0 0 2 0 19 0 20 0 21 0 22 0 22 0 21 0 23 0 22 0 23 0 24 0 24 0 23 0 25 0 26 0 27 0 28 0 18 0 29 0 10 0 10 0 29 0 30 0 10 0 30 0 31 0 32 0 33 0 27 0 27 0 33 0 2 0 27 0 2 0 28 0 28 0 2 0 1 0 14 0 13 0 34 0 34 0 13 0 2 0 34 0 2 0 35 0 35 0 2 0 33 0 35 0 33 0 8 0 8 0 33 0 36 0 8 0 36 0 7 0 37 0 38 0 39 0 39 0 38 0 40 0 39 0 40 0 41 0 41 0 40 0 42 0 41 0 42 0 31 0 43 0 44 0 45 0 45 0 44 0 10 0 43 0 46 0 44 0 44 0 46 0 47 0 44 0 47 0 2 0 2 0 47 0 48 0 2 0 48 0 19 0 49 0 50 0 51 0 52 0 53 0 54 0 54 0 53 0 55 0 54 0 55 0 56 0 56 0 55 0 57 0 56 0 57 0 58 0 58 0 57 0 59 0 58 0 59 0 32 0 32 0 59 0 60 0 32 0 60 0 33 0 9 0 61 0 10 0 10 0 61 0 62 0 10 0 62 0 3 0 63 0 64 0 10 0 65 0 66 0 67 0 68 0 69 0 70 0 71 0 72 0 73 0 73 0 72 0 74 0 75 0 76 0 12 0 12 0 76 0 77 0 12 0 77 0 13 0 78 0 79 0 80 0 80 0 79 0 68 0 80 0 68 0 81 0 81 0 68 0 70 0 10 0 64 0 45 0 45 0 64 0 82 0 45 0 82 0 83 0 84 0 85 0 86 0 87 0 88 0 89 0 89 0 88 0 90 0 89 0 90 0 91 0 91 0 90 0 92 0 91 0 92 0 93 0 5 0 94 0 3 0 3 0 94 0 95 0 3 0 95 0 10 0 10 0 95 0 52 0 10 0 52 0 63 0 63 0 52 0 54 0 25 0 96 0 24 0 24 0 96 0 97 0 24 0 97 0 98 0 99 0 100 0 101 0 101 0 100 0 102 0 101 0 102 0 103 0 103 0 102 0 104 0 103 0 104 0 105 0 26 0 28 0 106 0 106 0 28 0 107 0 106 0 107 0 108 0 108 0 107 0 109 0 108 0 109 0 83 0 83 0 109 0 110 0 83 0 110 0 45 0 10 0 111 0 71 0 112 0 113 0 86 0 86 0 113 0 114 0 86 0 114 0 84 0 115 0 116 0 117 0 51 0 50 0 118 0 119 0 120 0 121 0 121 0 120 0 122 0 121 0 122 0 51 0 51 0 122 0 123 0 51 0 123 0 49 0 124 0 125 0 10 0 10 0 125 0 126 0 10 0 126 0 111 0 111 0 126 0 78 0 111 0 78 0 127 0 127 0 78 0 80 0 128 0 129 0 130 0 130 0 129 0 131 0 130 0 131 0 74 0 74 0 131 0 132 0 74 0 132 0 73 0 133 0 134 0 135 0 135 0 134 0 136 0 135 0 136 0 67 0 67 0 136 0 137 0 67 0 137 0 65 0 138 0 139 0 140 0 140 0 139 0 115 0 140 0 115 0 141 0 141 0 115 0 117 0 10 0 142 0 143 0 144 0 145 0 146 0 147 0 148 0 149 0 149 0 148 0 150 0 149 0 150 0 151 0 151 0 150 0 152 0 153 0 154 0 155 0 155 0 154 0 156 0 155 0 156 0 157 0 157 0 156 0 158 0 157 0 158 0 159 0 10 0 158 0 160 0 31 0 42 0 10 0 10 0 42 0 161 0 10 0 161 0 162 0 152 0 163 0 151 0 151 0 163 0 164 0 151 0 164 0 165 0 166 0 167 0 168 0 168 0 167 0 169 0 168 0 169 0 170 0 170 0 169 0 171 0 84 0 172 0 85 0 85 0 172 0 173 0 85 0 173 0 174 0 174 0 173 0 175 0 75 0 12 0 176 0 176 0 12 0 10 0 176 0 10 0 177 0 171 0 178 0 170 0 170 0 178 0 179 0 170 0 179 0 180 0 160 0 181 0 10 0 10 0 181 0 182 0 10 0 182 0 177 0 177 0 182 0 138 0 177 0 138 0 183 0 183 0 138 0 140 0 184 0 185 0 186 0 186 0 185 0 187 0 186 0 187 0 188 0 188 0 187 0 142 0 188 0 142 0 189 0 189 0 142 0 10 0 189 0 10 0 190 0 190 0 10 0 162 0 146 0 191 0 144 0 144 0 191 0 192 0 144 0 192 0 193 0 193 0 192 0 124 0 193 0 124 0 194 0 71 0 73 0 10 0 10 0 73 0 195 0 10 0 195 0 175 0 159 0 158 0 196 0 196 0 158 0 10 0 196 0 10 0 66 0 50 0 197 0 10 0 175 0 173 0 10 0 10 0 173 0 198 0 10 0 198 0 66 0 66 0 198 0 199 0 66 0 199 0 67 0 118 0 50 0 200 0 200 0 50 0 10 0 200 0 10 0 201 0 143 0 202 0 10 0 10 0 202 0 203 0 10 0 203 0 98 0 98 0 97 0 10 0 10 0 97 0 204 0 10 0 204 0 93 0 104 0 205 0 105 0 105 0 205 0 201 0 105 0 201 0 206 0 206 0 201 0 10 0 206 0 10 0 207 0 207 0 10 0 93 0 207 0 93 0 208 0 208 0 93 0 92 0 194 0 124 0 209 0 209 0 124 0 10 0 209 0 10 0 179 0 180 0 179 0 210 0 210 0 179 0 10 0 210 0 10 0 164 0 164 0 10 0 197 0 164 0 197 0 165 0 211 1 212 1 117 1 117 1 212 1 141 1 213 2 177 2 214 2 214 2 177 2 183 2 214 3 183 3 215 3 215 3 183 3 140 3 215 4 140 4 212 4 212 4 140 4 141 4 216 5 217 5 21 5 21 5 217 5 23 5 218 6 97 6 219 6 219 6 97 6 96 6 219 7 96 7 220 7 220 7 96 7 25 7 220 8 25 8 217 8 217 8 25 8 23 8 221 9 222 9 89 9 89 9 222 9 87 9 222 10 223 10 87 10 87 10 223 10 88 10 223 5 224 5 88 5 88 5 224 5 90 5 225 6 207 6 226 6 226 6 207 6 208 6 226 7 208 7 227 7 227 7 208 7 92 7 227 8 92 8 224 8 224 8 92 8 90 8 228 9 229 9 101 9 101 9 229 9 99 9 229 10 230 10 99 10 99 10 230 10 100 10 230 5 231 5 100 5 100 5 231 5 102 5 232 11 201 11 233 11 233 11 201 11 205 11 233 12 205 12 234 12 234 12 205 12 104 12 234 8 104 8 231 8 231 8 104 8 102 8 235 13 236 13 121 13 121 13 236 13 119 13 236 10 237 10 119 10 119 10 237 10 120 10 237 5 238 5 120 5 120 5 238 5 122 5 239 14 50 14 240 14 240 14 50 14 49 14 240 15 49 15 241 15 241 15 49 15 123 15 241 8 123 8 238 8 238 8 123 8 122 8 242 9 243 9 149 9 149 9 243 9 147 9 243 10 244 10 147 10 147 10 244 10 148 10 244 16 245 16 148 16 148 16 245 16 150 16 246 14 164 14 247 14 247 14 164 14 163 14 247 12 163 12 248 12 248 12 163 12 152 12 248 17 152 17 245 17 245 17 152 17 150 17 249 9 250 9 168 9 168 9 250 9 166 9 250 10 251 10 166 10 166 10 251 10 167 10 251 16 252 16 167 16 167 16 252 16 169 16 253 14 179 14 254 14 254 14 179 14 178 14 254 15 178 15 255 15 255 15 178 15 171 15 255 8 171 8 252 8 252 8 171 8 169 8 256 13 257 13 144 13 144 13 257 13 145 13 257 10 258 10 145 10 145 10 258 10 146 10 258 5 259 5 146 5 146 5 259 5 191 5 260 14 125 14 261 14 261 14 125 14 124 14 261 15 124 15 262 15 262 15 124 15 192 15 262 8 192 8 259 8 259 8 192 8 191 8 263 13 264 13 68 13 68 13 264 13 69 13 264 10 265 10 69 10 69 10 265 10 70 10 265 5 266 5 70 5 70 5 266 5 81 5 267 14 111 14 268 14 268 14 111 14 127 14 268 15 127 15 269 15 269 15 127 15 80 15 269 8 80 8 266 8 266 8 80 8 81 8 270 18 271 18 130 18 130 18 271 18 128 18 271 10 272 10 128 10 128 10 272 10 129 10 272 19 273 19 129 19 129 19 273 19 131 19 274 20 195 20 275 20 275 20 195 20 73 20 275 21 73 21 276 21 276 21 73 21 132 21 276 22 132 22 273 22 273 22 132 22 131 22 277 18 278 18 86 18 86 18 278 18 112 18 278 10 279 10 112 10 112 10 279 10 113 10 279 19 280 19 113 19 113 19 280 19 114 19 281 14 173 14 282 14 282 14 173 14 172 14 282 21 172 21 283 21 283 21 172 21 84 21 283 22 84 22 280 22 280 22 84 22 114 22 284 18 285 18 135 18 135 18 285 18 133 18 285 10 286 10 133 10 133 10 286 10 134 10 286 23 287 23 134 23 134 23 287 23 136 23 288 14 66 14 289 14 289 14 66 14 65 14 289 24 65 24 290 24 290 24 65 24 137 24 290 25 137 25 287 25 287 25 137 25 136 25 291 18 292 18 155 18 155 18 292 18 153 18 293 10 211 10 116 10 116 10 211 10 117 10 292 10 294 10 153 10 153 10 294 10 154 10 294 26 295 26 154 26 154 26 295 26 156 26 296 27 181 27 297 27 297 27 181 27 160 27 297 28 160 28 298 28 298 28 160 28 158 28 298 29 158 29 295 29 295 29 158 29 156 29 299 18 293 18 115 18 115 18 293 18 116 18 300 10 301 10 202 10 202 10 301 10 203 10 300 6 202 6 302 6 302 6 202 6 143 6 302 12 143 12 303 12 303 12 143 12 142 12 303 30 142 30 304 30 304 30 142 30 187 30 305 31 304 31 185 31 185 31 304 31 187 31 184 10 306 10 185 10 185 10 306 10 305 10 307 9 306 9 186 9 186 9 306 9 184 9 307 32 186 32 308 32 308 32 186 32 188 32 308 33 188 33 309 33 309 33 188 33 189 33 309 34 189 34 310 34 310 34 189 34 190 34 311 10 310 10 162 10 162 10 310 10 190 10 311 11 162 11 312 11 312 11 162 11 161 11 312 12 161 12 313 12 313 12 161 12 42 12 313 8 42 8 314 8 314 8 42 8 40 8 315 5 314 5 38 5 38 5 314 5 40 5 37 10 316 10 38 10 38 10 316 10 315 10 317 35 316 35 39 35 39 35 316 35 37 35 317 36 39 36 318 36 318 36 39 36 41 36 318 33 41 33 319 33 319 33 41 33 31 33 319 37 31 37 320 37 320 37 31 37 30 37 321 10 320 10 29 10 29 10 320 10 30 10 321 11 29 11 322 11 322 11 29 11 18 11 322 12 18 12 323 12 323 12 18 12 17 12 323 8 17 8 324 8 324 8 17 8 16 8 324 38 16 38 325 38 325 38 16 38 15 38 326 10 216 10 20 10 20 10 216 10 21 10 327 39 328 39 2 39 2 39 328 39 44 39 329 40 330 40 328 40 331 40 332 40 333 40 334 40 335 40 327 40 328 40 330 40 336 40 309 40 310 40 303 40 335 40 337 40 327 40 327 40 337 40 338 40 327 40 338 40 328 40 328 40 338 40 339 40 328 40 339 40 340 40 341 40 342 40 343 40 343 40 342 40 344 40 343 40 344 40 345 40 345 40 344 40 346 40 345 40 346 40 347 40 347 40 346 40 329 40 347 40 329 40 332 40 332 40 329 40 328 40 348 40 349 40 234 40 341 40 343 40 350 40 350 40 343 40 351 40 350 40 351 40 352 40 352 40 351 40 353 40 352 40 353 40 354 40 330 40 355 40 336 40 336 40 355 40 356 40 336 40 356 40 357 40 358 40 359 40 360 40 361 40 362 40 328 40 328 40 362 40 363 40 328 40 363 40 332 40 332 40 363 40 364 40 332 40 364 40 333 40 365 40 366 40 367 40 367 40 366 40 368 40 367 40 368 40 369 40 325 40 336 40 324 40 324 40 336 40 323 40 358 40 360 40 368 40 370 40 225 40 226 40 365 40 367 40 371 40 371 40 367 40 372 40 371 40 372 40 333 40 333 40 372 40 373 40 333 40 373 40 331 40 224 40 223 40 222 40 303 40 310 40 302 40 305 40 306 40 304 40 304 40 306 40 307 40 304 40 307 40 303 40 303 40 307 40 308 40 303 40 308 40 309 40 216 40 326 40 217 40 217 40 326 40 374 40 217 40 374 40 220 40 220 40 374 40 375 40 340 40 376 40 328 40 328 40 376 40 377 40 328 40 377 40 361 40 361 40 377 40 378 40 361 40 378 40 379 40 379 40 378 40 380 40 379 40 380 40 359 40 359 40 380 40 381 40 359 40 381 40 360 40 226 40 227 40 370 40 370 40 227 40 224 40 370 40 224 40 221 40 221 40 224 40 222 40 318 40 311 40 312 40 319 40 320 40 357 40 357 40 320 40 321 40 357 40 321 40 336 40 336 40 321 40 322 40 336 40 322 40 323 40 334 40 327 40 360 40 360 40 327 40 352 40 360 40 352 40 368 40 368 40 352 40 354 40 368 40 354 40 369 40 314 40 315 40 316 40 375 40 382 40 220 40 220 40 382 40 301 40 220 40 301 40 219 40 230 40 229 40 231 40 231 40 229 40 228 40 231 40 228 40 234 40 234 40 228 40 383 40 234 40 383 40 348 40 312 40 313 40 318 40 318 40 313 40 314 40 318 40 314 40 317 40 317 40 314 40 316 40 384 40 385 40 215 40 386 40 357 40 387 40 387 40 357 40 388 40 387 40 388 40 352 40 352 40 388 40 389 40 352 40 389 40 350 40 357 40 390 40 391 40 357 40 392 40 393 40 215 40 385 40 214 40 394 40 395 40 248 40 287 40 286 40 285 40 357 40 396 40 397 40 265 40 264 40 266 40 266 40 264 40 263 40 266 40 263 40 269 40 269 40 263 40 398 40 391 40 399 40 357 40 357 40 399 40 288 40 357 40 288 40 392 40 392 40 288 40 289 40 289 40 290 40 392 40 392 40 290 40 287 40 392 40 287 40 284 40 284 40 287 40 285 40 398 40 400 40 269 40 269 40 400 40 401 40 269 40 401 40 268 40 295 40 294 40 292 40 393 40 402 40 357 40 357 40 402 40 281 40 357 40 281 40 396 40 396 40 281 40 282 40 280 40 279 40 278 40 397 40 403 40 357 40 357 40 403 40 274 40 357 40 274 40 404 40 404 40 274 40 275 40 318 40 319 40 311 40 311 40 319 40 357 40 311 40 357 40 310 40 297 40 298 40 390 40 390 40 298 40 295 40 390 40 295 40 291 40 291 40 295 40 292 40 211 40 293 40 212 40 212 40 293 40 299 40 212 40 299 40 215 40 215 40 299 40 405 40 215 40 405 40 384 40 282 40 283 40 396 40 396 40 283 40 280 40 396 40 280 40 277 40 277 40 280 40 278 40 273 40 272 40 271 40 406 40 407 40 357 40 357 40 407 40 218 40 275 40 276 40 404 40 404 40 276 40 273 40 404 40 273 40 270 40 270 40 273 40 271 40 248 40 395 40 247 40 244 40 243 40 245 40 245 40 243 40 242 40 245 40 242 40 248 40 248 40 242 40 408 40 248 40 408 40 394 40 302 40 310 40 300 40 300 40 310 40 357 40 300 40 357 40 301 40 301 40 357 40 218 40 301 40 218 40 219 40 409 40 261 40 410 40 410 40 261 40 411 40 386 40 412 40 357 40 357 40 412 40 413 40 357 40 413 40 213 40 414 40 254 40 415 40 415 40 254 40 416 40 297 40 390 40 296 40 296 40 390 40 357 40 296 40 357 40 385 40 385 40 357 40 213 40 385 40 213 40 214 40 259 40 258 40 257 40 252 40 251 40 250 40 261 40 262 40 411 40 411 40 262 40 259 40 411 40 259 40 256 40 256 40 259 40 257 40 254 40 255 40 416 40 416 40 255 40 252 40 416 40 252 40 249 40 249 40 252 40 250 40 417 40 418 40 240 40 240 40 418 40 419 40 240 40 419 40 239 40 238 40 237 40 236 40 240 40 241 40 417 40 417 40 241 40 238 40 417 40 238 40 235 40 235 40 238 40 236 40 404 40 420 40 357 40 357 40 420 40 421 40 357 40 421 40 267 40 370 40 406 40 225 40 225 40 406 40 357 40 225 40 357 40 349 40 260 40 357 40 401 40 401 40 357 40 267 40 401 40 267 40 268 40 253 40 357 40 409 40 409 40 357 40 260 40 409 40 260 40 261 40 246 40 357 40 414 40 414 40 357 40 253 40 414 40 253 40 254 40 239 40 357 40 395 40 395 40 357 40 246 40 395 40 246 40 247 40 239 40 419 40 357 40 357 40 419 40 232 40 357 40 232 40 349 40 349 40 232 40 233 40 349 40 233 40 234 40 387 41 352 41 77 41 77 41 352 41 13 41 352 10 327 10 13 10 13 10 327 10 2 10 10 42 44 42 336 42 336 42 44 42 328 42 374 32 22 32 375 32 375 32 22 32 24 32 375 33 24 33 382 33 382 33 24 33 98 33 382 34 98 34 301 34 301 34 98 34 203 34 374 9 326 9 22 9 22 9 326 9 20 9 296 10 385 10 181 10 181 10 385 10 182 10 299 43 115 43 405 43 405 43 115 43 139 43 405 44 139 44 384 44 384 44 139 44 138 44 384 45 138 45 385 45 385 45 138 45 182 45 288 10 399 10 66 10 66 10 399 10 196 10 291 46 155 46 390 46 390 46 155 46 157 46 390 47 157 47 391 47 391 47 157 47 159 47 391 48 159 48 399 48 399 48 159 48 196 48 281 10 402 10 173 10 173 10 402 10 198 10 284 46 135 46 392 46 392 46 135 46 67 46 392 47 67 47 393 47 393 47 67 47 199 47 393 49 199 49 402 49 402 49 199 49 198 49 274 10 403 10 195 10 195 10 403 10 175 10 277 46 86 46 396 46 396 46 86 46 85 46 396 47 85 47 397 47 397 47 85 47 174 47 397 48 174 48 403 48 403 48 174 48 175 48 267 10 421 10 111 10 111 10 421 10 71 10 270 46 130 46 404 46 404 46 130 46 74 46 404 47 74 47 420 47 420 47 74 47 72 47 420 48 72 48 421 48 421 48 72 48 71 48 260 10 401 10 125 10 125 10 401 10 126 10 263 50 68 50 398 50 398 50 68 50 79 50 398 33 79 33 400 33 400 33 79 33 78 33 400 48 78 48 401 48 401 48 78 48 126 48 253 10 409 10 179 10 179 10 409 10 209 10 256 32 144 32 411 32 411 32 144 32 193 32 411 51 193 51 410 51 410 51 193 51 194 51 410 48 194 48 409 48 409 48 194 48 209 48 246 10 414 10 164 10 164 10 414 10 210 10 249 32 168 32 416 32 416 32 168 32 170 32 416 51 170 51 415 51 415 51 170 51 180 51 415 48 180 48 414 48 414 48 180 48 210 48 239 10 395 10 50 10 50 10 395 10 197 10 242 32 149 32 408 32 408 32 149 32 151 32 408 33 151 33 394 33 394 33 151 33 165 33 394 34 165 34 395 34 395 34 165 34 197 34 232 10 419 10 201 10 201 10 419 10 200 10 235 50 121 50 417 50 417 50 121 50 51 50 417 33 51 33 418 33 418 33 51 33 118 33 418 48 118 48 419 48 419 48 118 48 200 48 225 10 349 10 207 10 207 10 349 10 206 10 228 32 101 32 383 32 383 32 101 32 103 32 383 33 103 33 348 33 348 33 103 33 105 33 348 34 105 34 349 34 349 34 105 34 206 34 218 10 407 10 97 10 97 10 407 10 204 10 221 32 89 32 370 32 370 32 89 32 91 32 370 33 91 33 406 33 406 33 91 33 93 33 406 34 93 34 407 34 407 34 93 34 204 34 213 10 413 10 177 10 177 10 413 10 176 10 387 52 77 52 386 52 386 52 77 52 76 52 386 53 76 53 412 53 412 53 76 53 75 53 412 54 75 54 413 54 413 54 75 54 176 54 334 55 1 55 335 55 335 55 1 55 0 55 335 56 0 56 337 56 337 56 0 56 19 56 337 57 19 57 338 57 338 57 19 57 48 57 338 58 48 58 339 58 339 58 48 58 47 58 339 59 47 59 340 59 340 59 47 59 46 59 340 60 46 60 376 60 376 60 46 60 43 60 376 61 43 61 377 61 377 61 43 61 45 61 377 62 45 62 378 62 378 62 45 62 110 62 378 63 110 63 380 63 380 63 110 63 109 63 380 64 109 64 381 64 381 64 109 64 107 64 381 65 107 65 360 65 360 65 107 65 28 65 360 66 28 66 334 66 334 66 28 66 1 66 368 67 27 67 358 67 358 67 27 67 26 67 358 68 26 68 359 68 359 68 26 68 106 68 359 57 106 57 379 57 379 57 106 57 108 57 379 58 108 58 361 58 361 58 108 58 83 58 361 69 83 69 362 69 362 69 83 69 82 69 362 70 82 70 363 70 363 70 82 70 64 70 363 61 64 61 364 61 364 61 64 61 63 61 364 62 63 62 333 62 333 62 63 62 54 62 333 71 54 71 371 71 371 71 54 71 56 71 371 72 56 72 365 72 365 72 56 72 58 72 365 65 58 65 366 65 366 65 58 65 32 65 366 66 32 66 368 66 368 66 32 66 27 66 354 67 33 67 369 67 369 67 33 67 60 67 369 68 60 68 367 68 367 68 60 68 59 68 367 57 59 57 372 57 372 57 59 57 57 57 372 58 57 58 373 58 373 58 57 58 55 58 373 69 55 69 331 69 331 69 55 69 53 69 331 70 53 70 332 70 332 70 53 70 52 70 332 73 52 73 347 73 347 73 52 73 95 73 347 74 95 74 345 74 345 74 95 74 94 74 345 75 94 75 343 75 343 75 94 75 5 75 343 76 5 76 351 76 351 76 5 76 7 76 351 77 7 77 353 77 353 77 7 77 36 77 353 78 36 78 354 78 354 78 36 78 33 78 350 79 14 79 341 79 341 79 14 79 34 79 341 80 34 80 342 80 342 80 34 80 35 80 342 81 35 81 344 81 344 81 35 81 8 81 344 82 8 82 346 82 346 82 8 82 6 82 346 83 6 83 329 83 329 83 6 83 4 83 329 84 4 84 330 84 330 84 4 84 3 84 330 85 3 85 355 85 355 85 3 85 62 85 355 74 62 74 356 74 356 74 62 74 61 74 356 86 61 86 357 86 357 86 61 86 9 86 357 87 9 87 388 87 388 87 9 87 11 87 388 77 11 77 389 77 389 77 11 77 12 77 389 88 12 88 350 88 350 88 12 88 14 88 325 89 15 89 336 89 336 89 15 89 10 89 422 90 423 90 424 90 425 90 426 90 427 90 428 91 429 91 430 91 425 91 427 91 431 91 431 90 427 90 428 90 431 90 428 90 432 90 433 91 434 91 435 91 435 90 434 90 427 90 435 90 427 90 436 90 436 90 427 90 426 90 433 91 437 91 434 91 434 90 437 90 438 90 434 90 438 90 439 90 439 90 440 90 434 90 434 90 440 90 441 90 434 90 441 90 424 90 424 90 441 90 442 90 424 90 442 90 422 90 430 90 443 90 428 90 428 90 443 90 444 90 428 91 444 91 432 91 432 90 444 90 445 90 423 91 446 91 447 91 448 90 449 90 423 90 423 90 449 90 450 90 423 90 450 90 446 90 445 90 451 90 432 90 432 90 451 90 449 90 432 90 449 90 452 90 452 90 449 90 448 90 447 90 453 90 423 90 423 90 453 90 454 90 423 90 454 90 424 90 424 90 454 90 455 90 424 90 455 90 456 90 456 91 457 91 424 91 424 90 457 90 458 90 424 90 458 90 428 90 428 91 458 91 459 91 428 90 459 90 429 90 460 92 461 92 462 92 427 92 463 92 464 92 465 93 466 93 460 93 467 92 468 92 460 92 460 92 468 92 469 92 460 92 469 92 461 92 466 93 470 93 460 93 460 92 470 92 471 92 460 92 471 92 472 92 472 92 473 92 460 92 460 92 473 92 474 92 460 92 474 92 475 92 475 92 474 92 476 92 475 92 476 92 477 92 477 92 478 92 475 92 475 92 478 92 479 92 475 92 479 92 427 92 427 93 479 93 480 93 427 92 480 92 481 92 465 92 460 92 482 92 482 92 460 92 462 92 482 92 462 92 483 92 483 92 462 92 484 92 483 92 484 92 485 92 427 92 464 92 428 92 428 92 464 92 486 92 428 92 486 92 487 92 481 92 488 92 427 92 427 92 488 92 489 92 427 93 489 93 483 93 487 92 490 92 428 92 428 92 490 92 491 92 428 92 491 92 460 92 460 92 491 92 492 92 460 92 492 92 467 92 485 92 493 92 483 92 483 92 493 92 494 92 483 92 494 92 427 92 427 92 494 92 495 92 427 92 495 92 463 92 496 94 497 94 498 94 475 94 499 94 500 94 501 94 502 94 460 94 460 94 502 94 503 94 498 94 497 94 504 94 504 94 497 94 505 94 504 94 505 94 506 94 498 95 507 95 496 95 496 94 507 94 508 94 496 94 508 94 509 94 509 94 510 94 496 94 496 94 510 94 511 94 496 94 511 94 475 94 475 94 511 94 512 94 475 94 512 94 499 94 513 94 514 94 515 94 515 94 514 94 501 94 515 94 501 94 516 94 516 94 501 94 460 94 516 94 460 94 517 94 503 95 518 95 460 95 460 94 518 94 519 94 460 94 519 94 497 94 497 95 519 95 520 95 497 94 520 94 521 94 521 95 522 95 497 95 497 94 522 94 523 94 497 94 523 94 505 94 506 94 524 94 504 94 504 94 524 94 525 94 504 94 525 94 526 94 526 94 525 94 527 94 526 94 527 94 515 94 515 94 527 94 528 94 515 94 528 94 513 94 500 94 529 94 475 94 475 95 529 95 530 95 475 94 530 94 460 94 460 94 530 94 531 94 460 95 531 95 517 95 532 96 533 96 424 96 424 96 533 96 534 96 424 96 534 96 535 96 434 96 536 96 537 96 536 97 434 97 538 97 538 96 434 96 424 96 538 97 424 97 539 97 539 96 424 96 535 96 539 96 535 96 540 96 541 96 542 96 543 96 537 97 544 97 434 97 434 96 544 96 545 96 434 96 545 96 496 96 545 96 546 96 496 96 496 96 546 96 547 96 496 96 547 96 548 96 497 96 549 96 424 96 424 96 549 96 550 96 424 96 550 96 532 96 543 96 551 96 541 96 541 97 551 97 552 97 541 96 552 96 553 96 553 96 552 96 554 96 553 97 554 97 540 97 540 96 554 96 555 96 540 96 555 96 539 96 556 96 557 96 496 96 496 96 557 96 558 96 496 96 558 96 497 96 497 96 558 96 559 96 497 96 559 96 560 96 560 96 561 96 497 96 497 96 561 96 562 96 497 96 562 96 549 96 548 96 563 96 496 96 496 96 563 96 564 96 496 97 564 97 556 97 556 96 564 96 542 96 556 96 542 96 565 96 565 96 542 96 541 96 460 98 497 98 428 98 428 98 497 98 424 98 496 99 475 99 434 99 434 99 475 99 427 99 564 100 474 100 542 100 542 100 474 100 473 100 542 101 473 101 543 101 543 101 473 101 472 101 543 102 472 102 551 102 551 102 472 102 471 102 551 103 471 103 552 103 552 103 471 103 470 103 552 104 470 104 554 104 554 104 470 104 466 104 554 105 466 105 555 105 555 105 466 105 465 105 555 106 465 106 539 106 539 106 465 106 482 106 539 107 482 107 538 107 538 107 482 107 483 107 538 94 483 94 536 94 536 94 483 94 489 94 536 108 489 108 537 108 537 108 489 108 488 108 537 109 488 109 544 109 544 109 488 109 481 109 544 110 481 110 545 110 545 110 481 110 480 110 545 111 480 111 546 111 546 111 480 111 479 111 546 112 479 112 547 112 547 112 479 112 478 112 547 113 478 113 548 113 548 113 478 113 477 113 548 114 477 114 563 114 563 114 477 114 476 114 563 115 476 115 564 115 564 115 476 115 474 115 559 116 461 116 560 116 560 116 461 116 469 116 560 101 469 101 561 101 561 101 469 101 468 101 561 117 468 117 562 117 562 117 468 117 467 117 562 118 467 118 549 118 549 118 467 118 492 118 549 119 492 119 550 119 550 119 492 119 491 119 550 105 491 105 532 105 532 105 491 105 490 105 532 106 490 106 533 106 533 106 490 106 487 106 533 120 487 120 534 120 534 120 487 120 486 120 534 94 486 94 535 94 535 94 486 94 464 94 535 121 464 121 540 121 540 121 464 121 463 121 540 109 463 109 553 109 553 109 463 109 495 109 553 110 495 110 541 110 541 110 495 110 494 110 541 122 494 122 565 122 565 122 494 122 493 122 565 123 493 123 556 123 556 123 493 123 485 123 556 124 485 124 557 124 557 124 485 124 484 124 557 114 484 114 558 114 558 114 484 114 462 114 558 125 462 125 559 125 559 125 462 125 461 125 454 126 505 126 455 126 455 126 505 126 523 126 455 127 523 127 456 127 456 127 523 127 522 127 456 128 522 128 457 128 457 128 522 128 521 128 457 129 521 129 458 129 458 129 521 129 520 129 458 130 520 130 459 130 459 130 520 130 519 130 459 131 519 131 429 131 429 131 519 131 518 131 429 132 518 132 430 132 430 132 518 132 503 132 430 133 503 133 443 133 443 133 503 133 502 133 443 96 502 96 444 96 444 96 502 96 501 96 444 134 501 134 445 134 445 134 501 134 514 134 445 135 514 135 451 135 451 135 514 135 513 135 451 136 513 136 449 136 449 136 513 136 528 136 449 137 528 137 450 137 450 137 528 137 527 137 450 138 527 138 446 138 446 138 527 138 525 138 446 139 525 139 447 139 447 139 525 139 524 139 447 140 524 140 453 140 453 140 524 140 506 140 453 141 506 141 454 141 454 141 506 141 505 141 440 142 507 142 441 142 441 142 507 142 498 142 441 143 498 143 442 143 442 143 498 143 504 143 442 144 504 144 422 144 422 144 504 144 526 144 422 145 526 145 423 145 423 145 526 145 515 145 423 146 515 146 448 146 448 146 515 146 516 146 448 131 516 131 452 131 452 131 516 131 517 131 452 147 517 147 432 147 432 147 517 147 531 147 432 133 531 133 431 133 431 133 531 133 530 133 431 96 530 96 425 96 425 96 530 96 529 96 425 134 529 134 426 134 426 134 529 134 500 134 426 148 500 148 436 148 436 148 500 148 499 148 436 149 499 149 435 149 435 149 499 149 512 149 435 150 512 150 433 150 433 150 512 150 511 150 433 151 511 151 437 151 437 151 511 151 510 151 437 152 510 152 438 152 438 152 510 152 509 152 438 153 509 153 439 153 439 153 509 153 508 153 439 154 508 154 440 154 440 154 508 154 507 154 566 155 567 155 568 155 568 155 567 155 569 155 570 156 571 156 572 156 572 156 571 156 573 156 574 157 575 157 576 157 576 157 575 157 577 157 576 157 577 157 578 157 579 157 580 157 581 157 582 157 583 157 584 157 584 157 583 157 585 157 586 157 587 157 588 157 588 157 587 157 574 157 588 157 574 157 589 157 589 157 574 157 576 157 589 157 576 157 581 157 581 157 576 157 590 157 591 157 579 157 592 157 592 157 579 157 581 157 592 157 581 157 593 157 593 157 581 157 590 157 567 157 594 157 595 157 596 157 597 157 598 157 585 157 599 157 584 157 584 157 599 157 596 157 584 157 596 157 600 157 600 157 596 157 598 157 569 157 567 157 601 157 601 157 567 157 595 157 601 157 595 157 602 157 602 157 595 157 603 157 602 157 603 157 604 157 604 157 603 157 585 157 604 157 585 157 605 157 605 157 585 157 583 157 605 157 583 157 606 157 594 157 607 157 595 157 595 157 607 157 608 157 595 157 608 157 586 157 608 157 609 157 586 157 586 157 609 157 610 157 586 157 610 157 587 157 587 157 610 157 573 157 587 157 573 157 571 157 611 157 566 157 568 157 570 157 572 157 612 157 612 157 613 157 570 157 570 157 613 157 614 157 570 157 614 157 568 157 568 157 614 157 615 157 568 157 615 157 611 157 616 156 617 156 578 156 578 156 617 156 576 156 618 158 589 158 581 158 618 158 581 158 619 158 619 159 581 159 580 159 619 159 580 159 620 159 620 160 580 160 579 160 620 160 579 160 621 160 621 161 579 161 591 161 621 161 591 161 622 161 622 162 591 162 592 162 622 162 592 162 623 162 623 163 592 163 593 163 623 163 593 163 624 163 624 164 593 164 590 164 624 164 590 164 625 164 625 165 590 165 576 165 625 165 576 165 617 165 618 156 626 156 589 156 589 156 626 156 588 156 626 166 627 166 588 166 588 166 627 166 586 166 627 167 628 167 586 167 586 167 628 167 595 167 628 168 629 168 595 168 595 168 629 168 603 168 629 155 630 155 603 155 603 155 630 155 585 155 631 169 583 169 582 169 631 169 582 169 632 169 632 170 582 170 584 170 632 170 584 170 633 170 633 171 584 171 600 171 633 171 600 171 634 171 634 172 600 172 598 172 634 172 598 172 635 172 635 173 598 173 597 173 635 173 597 173 636 173 636 174 597 174 596 174 636 174 596 174 637 174 637 175 596 175 599 175 637 175 599 175 638 175 638 176 599 176 585 176 638 176 585 176 630 176 631 155 639 155 583 155 583 155 639 155 606 155 639 167 640 167 606 167 606 167 640 167 605 167 640 177 641 177 605 177 605 177 641 177 604 177 641 156 642 156 604 156 604 156 642 156 602 156 642 178 643 178 602 178 602 178 643 178 601 178 569 179 601 179 568 179 568 179 601 179 643 179 568 179 643 179 570 179 570 179 643 179 644 179 570 179 644 179 571 179 571 179 644 179 587 179 644 180 645 180 587 180 587 180 645 180 574 180 645 155 646 155 574 155 574 155 646 155 575 155 646 181 647 181 575 181 575 181 647 181 577 181 647 167 616 167 577 167 577 167 616 167 578 167 573 182 610 182 572 182 572 182 610 182 648 182 572 183 648 183 612 183 612 183 648 183 649 183 612 184 649 184 613 184 613 184 649 184 650 184 613 185 650 185 614 185 614 185 650 185 651 185 614 186 651 186 615 186 615 186 651 186 652 186 615 187 652 187 611 187 611 187 652 187 653 187 611 188 653 188 566 188 566 188 653 188 654 188 566 189 654 189 655 189 567 189 566 189 594 189 594 189 566 189 655 189 594 190 655 190 607 190 607 190 655 190 656 190 607 191 656 191 608 191 608 191 656 191 657 191 608 192 657 192 609 192 609 192 657 192 658 192 609 193 658 193 610 193 610 193 658 193 659 193 610 182 659 182 648 182 637 194 638 194 630 194 630 194 640 194 631 194 631 194 640 194 639 194 647 194 646 194 645 194 617 194 618 194 619 194 635 194 636 194 634 194 634 194 636 194 637 194 634 194 637 194 633 194 633 194 637 194 630 194 633 194 630 194 632 194 632 194 630 194 631 194 642 194 629 194 628 194 629 194 642 194 630 194 630 194 642 194 641 194 630 194 641 194 640 194 644 194 627 194 645 194 645 194 627 194 626 194 616 194 647 194 617 194 617 194 647 194 645 194 617 194 645 194 618 194 618 194 645 194 626 194 628 194 627 194 657 194 657 194 627 194 658 194 621 194 622 194 623 194 653 194 643 194 654 194 654 194 643 194 642 194 654 194 642 194 655 194 655 194 642 194 628 194 655 194 628 194 656 194 656 194 628 194 657 194 619 194 620 194 617 194 617 194 620 194 621 194 617 194 621 194 625 194 625 194 621 194 623 194 625 194 623 194 624 194 650 194 644 194 651 194 651 194 644 194 643 194 651 194 643 194 652 194 652 194 643 194 653 194 650 194 649 194 644 194 644 194 649 194 648 194 644 194 648 194 627 194 627 194 648 194 659 194 627 194 659 194 658 194 660 155 661 155 662 155 662 155 661 155 663 155 664 156 665 156 666 156 666 156 665 156 667 156 668 194 669 194 670 194 671 194 672 194 673 194 668 194 670 194 674 194 674 194 670 194 675 194 674 194 675 194 676 194 677 194 673 194 678 194 678 194 673 194 672 194 678 194 672 194 679 194 671 194 680 194 672 194 672 194 680 194 681 194 672 194 681 194 682 194 683 194 684 194 685 194 685 194 684 194 686 194 685 194 686 194 676 194 676 194 686 194 687 194 676 194 687 194 674 194 688 194 689 194 690 194 690 194 689 194 691 194 690 194 691 194 674 194 674 194 691 194 692 194 674 194 692 194 668 194 665 194 693 194 694 194 695 194 696 194 697 194 697 194 696 194 672 194 697 194 672 194 698 194 698 194 672 194 682 194 667 194 665 194 699 194 699 194 665 194 694 194 699 194 694 194 673 194 673 194 694 194 700 194 673 194 700 194 671 194 693 194 701 194 694 194 694 194 701 194 702 194 694 194 702 194 688 194 702 194 703 194 688 194 688 194 703 194 704 194 688 194 704 194 689 194 689 194 704 194 663 194 689 194 663 194 661 194 705 194 664 194 666 194 705 194 666 194 706 194 662 194 707 194 660 194 660 194 707 194 708 194 660 194 708 194 666 194 666 194 708 194 709 194 666 194 709 194 706 194 710 155 711 155 677 155 677 155 711 155 673 155 712 181 710 181 678 181 678 181 710 181 677 181 713 167 712 167 679 167 679 167 712 167 678 167 714 156 713 156 672 156 672 156 713 156 679 156 671 158 715 158 716 158 671 158 716 158 680 158 680 159 716 159 717 159 680 159 717 159 681 159 681 160 717 160 718 160 681 160 718 160 682 160 682 161 718 161 719 161 682 161 719 161 698 161 698 162 719 162 720 162 698 162 720 162 697 162 697 163 720 163 721 163 697 163 721 163 695 163 695 164 721 164 722 164 695 164 722 164 696 164 696 165 722 165 714 165 696 165 714 165 672 165 723 156 715 156 700 156 700 156 715 156 671 156 724 166 723 166 694 166 694 166 723 166 700 166 725 167 724 167 688 167 688 167 724 167 694 167 726 168 725 168 690 168 690 168 725 168 688 168 727 155 726 155 674 155 674 155 726 155 690 155 670 169 728 169 729 169 670 169 729 169 675 169 675 170 729 170 730 170 675 170 730 170 676 170 676 171 730 171 731 171 676 171 731 171 685 171 685 172 731 172 732 172 685 172 732 172 683 172 683 173 732 173 733 173 683 173 733 173 684 173 684 174 733 174 734 174 684 174 734 174 686 174 686 175 734 175 735 175 686 175 735 175 687 175 687 176 735 176 727 176 687 176 727 176 674 176 736 155 728 155 669 155 669 155 728 155 670 155 737 167 736 167 668 167 668 167 736 167 669 167 738 177 737 177 692 177 692 177 737 177 668 177 739 156 738 156 691 156 691 156 738 156 692 156 740 178 739 178 689 178 689 178 739 178 691 178 667 179 699 179 666 179 666 179 699 179 741 179 666 179 741 179 660 179 660 179 741 179 740 179 660 179 740 179 661 179 661 179 740 179 689 179 711 180 741 180 673 180 673 180 741 180 699 180 663 189 704 189 662 189 662 189 704 189 742 189 662 188 742 188 707 188 707 188 742 188 743 188 707 187 743 187 708 187 708 187 743 187 744 187 708 186 744 186 709 186 709 186 744 186 745 186 709 185 745 185 706 185 706 185 745 185 746 185 706 184 746 184 705 184 705 184 746 184 747 184 705 183 747 183 664 183 664 183 747 183 748 183 664 182 748 182 749 182 665 182 664 182 693 182 693 182 664 182 749 182 693 193 749 193 701 193 701 193 749 193 750 193 701 192 750 192 702 192 702 192 750 192 751 192 702 191 751 191 703 191 703 191 751 191 752 191 703 190 752 190 704 190 704 190 752 190 753 190 704 189 753 189 742 189 712 157 713 157 714 157 710 157 712 157 715 157 727 157 735 157 728 157 728 157 735 157 734 157 734 157 733 157 732 157 715 157 712 157 716 157 716 157 712 157 714 157 716 157 714 157 717 157 729 157 728 157 730 157 730 157 728 157 734 157 730 157 734 157 731 157 731 157 734 157 732 157 721 157 720 157 722 157 722 157 720 157 719 157 722 157 719 157 714 157 714 157 719 157 718 157 714 157 718 157 717 157 710 157 715 157 711 157 711 157 715 157 723 157 711 157 723 157 724 157 740 157 725 157 739 157 739 157 725 157 726 157 739 157 726 157 738 157 738 157 726 157 727 157 738 157 727 157 737 157 737 157 727 157 728 157 737 157 728 157 736 157 743 157 742 157 740 157 724 157 725 157 751 157 751 157 725 157 752 157 747 157 741 157 748 157 748 157 741 157 711 157 748 157 711 157 749 157 749 157 711 157 724 157 749 157 724 157 750 157 750 157 724 157 751 157 740 157 742 157 725 157 725 157 742 157 753 157 725 157 753 157 752 157 747 157 746 157 741 157 741 157 746 157 745 157 741 157 745 157 740 157 740 157 745 157 744 157 740 157 744 157 743 157 647 181 646 181 754 181 754 181 646 181 755 181 645 180 644 180 756 180 756 180 644 180 757 180 643 178 642 178 758 178 758 178 642 178 759 178 641 177 640 177 760 177 760 177 640 177 761 177 630 155 629 155 762 155 762 155 629 155 763 155 639 155 631 155 764 155 764 155 631 155 765 155 627 166 626 166 766 166 766 166 626 166 767 166 629 168 628 168 763 168 763 168 628 168 768 168 617 156 616 156 769 156 769 156 616 156 770 156 626 156 618 156 767 156 767 156 618 156 771 156 631 157 639 157 640 157 647 157 616 157 617 157 647 157 617 157 618 157 618 157 617 157 772 157 618 157 772 157 773 157 774 157 775 157 776 157 776 157 775 157 772 157 776 157 772 157 777 157 777 157 772 157 617 157 645 157 626 157 627 157 643 157 628 157 642 157 642 157 628 157 629 157 642 157 629 157 641 157 641 157 629 157 630 157 641 157 630 157 640 157 640 157 630 157 631 157 631 157 630 157 778 157 631 157 778 157 779 157 780 157 781 157 782 157 782 157 781 157 631 157 782 157 631 157 783 157 783 157 631 157 779 157 626 157 645 157 618 157 618 157 645 157 646 157 618 157 646 157 647 157 652 157 643 157 651 157 651 157 643 157 644 157 651 157 644 157 650 157 627 157 628 157 657 157 657 157 628 157 656 157 657 157 658 157 627 157 627 157 658 157 659 157 627 157 659 157 645 157 645 157 659 157 648 157 645 157 648 157 644 157 644 157 648 157 649 157 644 157 649 157 650 157 652 157 653 157 643 157 643 157 653 157 654 157 643 157 654 157 628 157 628 157 654 157 655 157 628 157 655 157 656 157 616 167 647 167 770 167 770 167 647 167 754 167 646 155 645 155 755 155 755 155 645 155 756 155 644 179 643 179 757 179 757 179 643 179 758 179 642 156 641 156 759 156 759 156 641 156 760 156 640 167 639 167 761 167 761 167 639 167 764 167 765 195 631 195 781 195 765 195 781 195 784 195 784 196 781 196 780 196 784 196 780 196 785 196 785 197 780 197 782 197 785 197 782 197 786 197 786 155 782 155 783 155 786 155 783 155 787 155 787 198 783 198 779 198 787 198 779 198 788 198 788 199 779 199 778 199 788 199 778 199 789 199 789 200 778 200 630 200 789 200 630 200 762 200 628 167 627 167 768 167 768 167 627 167 766 167 771 201 618 201 773 201 771 201 773 201 790 201 790 202 773 202 772 202 790 202 772 202 791 202 791 203 772 203 775 203 791 203 775 203 792 203 792 156 775 156 774 156 792 156 774 156 793 156 793 204 774 204 776 204 793 204 776 204 794 204 794 205 776 205 777 205 794 205 777 205 795 205 795 206 777 206 617 206 795 206 617 206 769 206 796 182 648 182 797 182 797 182 648 182 659 182 797 193 659 193 798 193 798 193 659 193 658 193 798 192 658 192 799 192 799 192 658 192 657 192 799 191 657 191 800 191 800 191 657 191 656 191 800 190 656 190 801 190 801 190 656 190 655 190 801 189 655 189 802 189 802 189 655 189 654 189 802 188 654 188 803 188 803 188 654 188 653 188 803 187 653 187 804 187 804 187 653 187 652 187 804 186 652 186 805 186 805 186 652 186 651 186 805 185 651 185 806 185 806 185 651 185 650 185 806 184 650 184 807 184 807 184 650 184 649 184 807 183 649 183 796 183 796 183 649 183 648 183 761 194 764 194 765 194 785 194 786 194 784 194 784 194 786 194 787 194 771 194 790 194 769 194 769 194 790 194 791 194 795 194 769 194 794 194 794 194 769 194 791 194 794 194 791 194 793 194 793 194 791 194 792 194 789 194 762 194 788 194 788 194 762 194 761 194 788 194 761 194 787 194 787 194 761 194 765 194 787 194 765 194 784 194 759 194 763 194 768 194 763 194 759 194 762 194 762 194 759 194 760 194 762 194 760 194 761 194 757 194 766 194 756 194 756 194 766 194 767 194 756 194 767 194 755 194 755 194 767 194 771 194 755 194 771 194 754 194 754 194 771 194 769 194 754 194 769 194 770 194 803 194 758 194 802 194 802 194 758 194 759 194 802 194 759 194 801 194 801 194 759 194 768 194 801 194 768 194 800 194 806 194 757 194 805 194 805 194 757 194 758 194 805 194 758 194 804 194 804 194 758 194 803 194 800 194 768 194 799 194 799 194 768 194 766 194 799 194 766 194 798 194 806 194 807 194 757 194 757 194 807 194 796 194 757 194 796 194 766 194 766 194 796 194 797 194 766 194 797 194 798 194 808 207 809 207 810 207 808 208 811 208 812 208 813 209 811 209 808 209 810 210 813 210 808 210 808 211 814 211 815 211 816 212 814 212 808 212 812 213 816 213 808 213 808 214 817 214 818 214 819 215 817 215 808 215 815 216 819 216 808 216 808 217 820 217 821 217 822 218 820 218 808 218 818 219 822 219 808 219 821 220 809 220 808 220 823 207 824 207 825 207 823 221 826 221 827 221 828 222 826 222 823 222 825 210 828 210 823 210 823 211 829 211 830 211 831 212 829 212 823 212 827 223 831 223 823 223 823 224 832 224 833 224 834 215 832 215 823 215 830 216 834 216 823 216 823 217 835 217 836 217 837 225 835 225 823 225 833 226 837 226 823 226 836 220 824 220 823 220 838 227 839 227 840 227 838 208 841 208 842 208 843 209 841 209 838 209 840 228 843 228 838 228 838 229 844 229 845 229 846 230 844 230 838 230 842 213 846 213 838 213 838 214 847 214 848 214 849 231 847 231 838 231 845 232 849 232 838 232 838 233 850 233 851 233 852 218 850 218 838 218 848 219 852 219 838 219 851 234 839 234 838 234 853 227 854 227 855 227 853 221 856 221 857 221 858 222 856 222 853 222 855 228 858 228 853 228 853 229 859 229 860 229 861 230 859 230 853 230 857 223 861 223 853 223 853 224 862 224 863 224 864 231 862 231 853 231 860 232 864 232 853 232 853 233 865 233 866 233 867 225 865 225 853 225 863 226 867 226 853 226 866 234 854 234 853 234 868 235 869 235 870 235 870 235 869 235 871 235 809 236 872 236 810 236 810 236 872 236 873 236 810 237 873 237 813 237 813 237 873 237 874 237 813 238 874 238 811 238 811 238 874 238 875 238 811 194 875 194 812 194 812 194 875 194 876 194 812 239 876 239 816 239 816 239 876 239 877 239 816 240 877 240 814 240 814 240 877 240 878 240 814 241 878 241 815 241 815 241 878 241 879 241 815 242 879 242 819 242 819 242 879 242 880 242 819 243 880 243 817 243 817 243 880 243 881 243 817 244 881 244 818 244 818 244 881 244 882 244 818 157 882 157 822 157 822 157 882 157 883 157 822 245 883 245 820 245 820 245 883 245 884 245 820 246 884 246 821 246 821 246 884 246 885 246 821 247 885 247 809 247 809 247 885 247 872 247 824 236 886 236 825 236 825 236 886 236 887 236 825 237 887 237 828 237 828 237 887 237 888 237 828 248 888 248 826 248 826 248 888 248 889 248 826 194 889 194 827 194 827 194 889 194 890 194 827 249 890 249 831 249 831 249 890 249 891 249 831 240 891 240 829 240 829 240 891 240 892 240 829 241 892 241 830 241 830 241 892 241 893 241 830 242 893 242 834 242 834 242 893 242 894 242 834 243 894 243 832 243 832 243 894 243 895 243 832 250 895 250 833 250 833 250 895 250 896 250 833 157 896 157 837 157 837 157 896 157 897 157 837 251 897 251 835 251 835 251 897 251 898 251 835 246 898 246 836 246 836 246 898 246 899 246 836 247 899 247 824 247 824 247 899 247 886 247 839 252 900 252 840 252 840 252 900 252 901 252 840 253 901 253 843 253 843 253 901 253 902 253 843 238 902 238 841 238 841 238 902 238 903 238 841 194 903 194 842 194 842 194 903 194 904 194 842 239 904 239 846 239 846 239 904 239 905 239 846 254 905 254 844 254 844 254 905 254 906 254 844 255 906 255 845 255 845 255 906 255 907 255 845 256 907 256 849 256 849 256 907 256 908 256 849 257 908 257 847 257 847 257 908 257 909 257 847 244 909 244 848 244 848 244 909 244 910 244 848 157 910 157 852 157 852 157 910 157 911 157 852 245 911 245 850 245 850 245 911 245 912 245 850 258 912 258 851 258 851 258 912 258 913 258 851 259 913 259 839 259 839 259 913 259 900 259 854 252 914 252 855 252 855 252 914 252 915 252 855 253 915 253 858 253 858 253 915 253 916 253 858 248 916 248 856 248 856 248 916 248 917 248 856 194 917 194 857 194 857 194 917 194 918 194 857 249 918 249 861 249 861 249 918 249 919 249 861 254 919 254 859 254 859 254 919 254 920 254 859 255 920 255 860 255 860 255 920 255 921 255 860 256 921 256 864 256 864 256 921 256 922 256 864 257 922 257 862 257 862 257 922 257 923 257 862 250 923 250 863 250 863 250 923 250 924 250 863 157 924 157 867 157 867 157 924 157 925 157 867 251 925 251 865 251 865 251 925 251 926 251 865 258 926 258 866 258 866 258 926 258 927 258 866 259 927 259 854 259 854 259 927 259 914 259 928 260 929 260 930 260 930 260 929 260 931 260 932 261 933 261 934 261 934 261 933 261 935 261 934 262 935 262 936 262 936 262 935 262 937 262 936 263 937 263 938 263 938 263 937 263 939 263 938 264 939 264 940 264 940 264 939 264 941 264 940 265 941 265 942 265 942 265 941 265 943 265 942 266 943 266 944 266 944 266 943 266 945 266 946 267 947 267 948 267 948 267 947 267 949 267 950 156 951 156 771 156 771 156 951 156 767 156 952 156 953 156 770 156 770 156 953 156 769 156 954 168 955 168 768 168 768 168 955 168 763 168 951 166 956 166 767 166 767 166 956 166 766 166 955 155 957 155 763 155 763 155 957 155 762 155 958 268 959 268 960 268 960 268 959 268 961 268 962 155 963 155 765 155 765 155 963 155 764 155 870 156 871 156 958 156 958 156 871 156 959 156 964 179 898 179 897 179 869 179 891 179 890 179 869 179 877 179 876 179 964 179 897 179 868 179 868 179 897 179 896 179 868 179 896 179 895 179 895 179 894 179 868 179 868 179 894 179 893 179 868 179 893 179 869 179 869 179 893 179 892 179 869 179 892 179 891 179 888 179 887 179 965 179 965 179 887 179 886 179 965 179 886 179 964 179 964 179 886 179 899 179 964 179 899 179 898 179 869 179 876 179 965 179 965 179 876 179 875 179 965 179 875 179 874 179 874 179 873 179 965 179 965 179 873 179 872 179 965 179 872 179 888 179 881 179 880 179 890 179 890 179 880 179 879 179 890 179 879 179 869 179 869 179 879 179 878 179 869 179 878 179 877 179 872 179 885 179 888 179 888 179 885 179 884 179 888 179 884 179 889 179 889 179 884 179 883 179 889 179 883 179 890 179 890 179 883 179 882 179 890 179 882 179 881 179 930 179 926 179 925 179 930 179 925 179 966 179 966 179 925 179 924 179 966 179 924 179 923 179 966 179 910 179 909 179 916 179 912 179 911 179 916 179 915 179 931 179 931 179 915 179 914 179 931 179 914 179 930 179 930 179 914 179 927 179 930 179 927 179 926 179 920 179 910 179 921 179 921 179 910 179 966 179 921 179 966 179 922 179 922 179 966 179 923 179 902 179 901 179 931 179 931 179 901 179 900 179 931 179 900 179 916 179 916 179 900 179 913 179 916 179 913 179 912 179 909 179 908 179 966 179 966 179 908 179 907 179 966 179 907 179 967 179 967 179 907 179 906 179 906 179 905 179 967 179 967 179 905 179 904 179 967 179 904 179 931 179 931 179 904 179 903 179 931 179 903 179 902 179 920 179 919 179 910 179 910 179 919 179 918 179 910 179 918 179 911 179 911 179 918 179 917 179 911 179 917 179 916 179 944 155 945 155 928 155 928 155 945 155 929 155 948 155 949 155 932 155 932 155 949 155 933 155 946 167 952 167 947 167 947 167 952 167 770 167 950 269 771 269 968 269 950 269 968 269 969 269 969 270 968 270 970 270 969 270 970 270 971 270 971 271 970 271 972 271 971 271 972 271 973 271 973 272 972 272 974 272 973 272 974 272 975 272 975 273 974 273 976 273 975 273 976 273 977 273 977 274 976 274 769 274 977 274 769 274 953 274 956 167 954 167 766 167 766 167 954 167 768 167 962 275 765 275 978 275 962 275 978 275 979 275 979 276 978 276 980 276 979 276 980 276 981 276 981 277 980 277 982 277 981 277 982 277 983 277 983 278 982 278 984 278 983 278 984 278 985 278 985 279 984 279 986 279 985 279 986 279 987 279 987 280 986 280 762 280 987 280 762 280 957 280 963 167 960 167 764 167 764 167 960 167 961 167 966 156 967 156 988 156 988 156 967 156 989 156 943 157 941 157 989 157 765 157 764 157 961 157 869 157 965 157 990 157 929 157 945 157 931 157 931 157 945 157 943 157 931 157 943 157 967 157 967 157 943 157 989 157 947 157 770 157 769 157 970 157 968 157 972 157 972 157 968 157 771 157 972 157 771 157 974 157 947 157 769 157 771 157 771 157 769 157 976 157 771 157 976 157 974 157 771 157 767 157 941 157 941 157 767 157 989 157 989 157 767 157 766 157 989 157 766 157 990 157 990 157 766 157 768 157 990 157 768 157 763 157 986 157 765 157 762 157 762 157 765 157 961 157 762 157 961 157 763 157 763 157 961 157 959 157 763 157 959 157 990 157 990 157 959 157 871 157 990 157 871 157 869 157 980 157 978 157 982 157 982 157 978 157 765 157 982 157 765 157 984 157 984 157 765 157 986 157 933 157 949 157 935 157 935 157 949 157 947 157 935 157 947 157 937 157 937 157 947 157 771 157 937 157 771 157 939 157 939 157 771 157 941 157 991 155 990 155 964 155 964 155 990 155 965 155 953 194 952 194 946 194 988 194 940 194 966 194 966 194 940 194 942 194 942 194 944 194 966 194 966 194 944 194 928 194 966 194 928 194 930 194 870 194 958 194 868 194 868 194 958 194 991 194 868 194 991 194 964 194 962 194 979 194 981 194 987 194 957 194 985 194 985 194 957 194 962 194 985 194 962 194 983 194 983 194 962 194 981 194 946 194 948 194 932 194 975 194 977 194 973 194 973 194 977 194 953 194 973 194 953 194 971 194 932 194 934 194 946 194 946 194 934 194 950 194 946 194 950 194 953 194 953 194 950 194 969 194 953 194 969 194 971 194 963 194 962 194 960 194 960 194 962 194 957 194 960 194 957 194 958 194 958 194 957 194 955 194 958 194 955 194 991 194 991 194 955 194 954 194 991 194 954 194 988 194 988 194 954 194 956 194 988 194 956 194 940 194 940 194 956 194 951 194 940 194 951 194 938 194 938 194 951 194 950 194 938 194 950 194 936 194 936 194 950 194 934 194 988 179 989 179 991 179 991 179 989 179 990 179 710 181 712 181 992 181 992 181 712 181 993 181 715 156 723 156 950 156 950 156 723 156 951 156 713 156 714 156 952 156 952 156 714 156 953 156 725 168 726 168 954 168 954 168 726 168 955 168 723 166 724 166 951 166 951 166 724 166 956 166 726 155 727 155 955 155 955 155 727 155 957 155 728 155 736 155 962 155 962 155 736 155 963 155 737 177 738 177 994 177 994 177 738 177 995 177 741 180 711 180 996 180 996 180 711 180 997 180 739 178 740 178 998 178 998 178 740 178 999 178 1000 194 727 194 728 194 728 194 727 194 737 194 728 194 737 194 736 194 1001 194 1002 194 1003 194 1003 194 1002 194 727 194 1003 194 727 194 1004 194 1004 194 727 194 1000 194 1004 194 1000 194 1005 194 739 194 726 194 725 194 715 194 1006 194 714 194 714 194 1006 194 1007 194 714 194 1007 194 1008 194 726 194 739 194 727 194 727 194 739 194 738 194 727 194 738 194 737 194 1009 194 1010 194 1007 194 1007 194 1010 194 1011 194 1007 194 1011 194 1008 194 725 194 753 194 739 194 739 194 753 194 742 194 739 194 742 194 740 194 740 194 742 194 743 194 743 194 744 194 740 194 740 194 744 194 745 194 740 194 745 194 741 194 741 194 745 194 746 194 741 194 746 194 747 194 748 194 749 194 724 194 749 194 750 194 724 194 724 194 750 194 751 194 724 194 751 194 725 194 725 194 751 194 752 194 725 194 752 194 753 194 747 194 748 194 741 194 741 194 748 194 724 194 741 194 724 194 711 194 711 194 724 194 723 194 711 194 723 194 710 194 710 194 723 194 715 194 710 194 715 194 712 194 712 194 715 194 714 194 712 194 714 194 713 194 711 155 710 155 997 155 997 155 710 155 992 155 712 167 713 167 993 167 993 167 713 167 952 167 715 201 950 201 1012 201 715 201 1012 201 1006 201 1006 202 1012 202 1013 202 1006 202 1013 202 1007 202 1007 203 1013 203 1014 203 1007 203 1014 203 1009 203 1009 156 1014 156 1015 156 1009 156 1015 156 1010 156 1010 204 1015 204 1016 204 1010 204 1016 204 1011 204 1011 205 1016 205 1017 205 1011 205 1017 205 1008 205 1008 206 1017 206 953 206 1008 206 953 206 714 206 724 167 725 167 956 167 956 167 725 167 954 167 728 195 962 195 1018 195 728 195 1018 195 1000 195 1000 196 1018 196 1019 196 1000 196 1019 196 1005 196 1005 197 1019 197 1020 197 1005 197 1020 197 1004 197 1004 155 1020 155 1021 155 1004 155 1021 155 1003 155 1003 198 1021 198 1022 198 1003 198 1022 198 1001 198 1001 199 1022 199 1023 199 1001 199 1023 199 1002 199 1002 200 1023 200 957 200 1002 200 957 200 727 200 736 167 737 167 963 167 963 167 737 167 994 167 738 156 739 156 995 156 995 156 739 156 998 156 740 179 741 179 999 179 999 179 741 179 996 179 1024 189 742 189 1025 189 1025 189 742 189 753 189 1025 190 753 190 1026 190 1026 190 753 190 752 190 1026 191 752 191 1027 191 1027 191 752 191 751 191 1027 192 751 192 1028 192 1028 192 751 192 750 192 1028 193 750 193 1029 193 1029 193 750 193 749 193 1029 182 749 182 1030 182 1030 182 749 182 748 182 1030 183 748 183 1031 183 1031 183 748 183 747 183 1031 184 747 184 1032 184 1032 184 747 184 746 184 1032 185 746 185 1033 185 1033 185 746 185 745 185 1033 186 745 186 1034 186 1034 186 745 186 744 186 1034 187 744 187 1035 187 1035 187 744 187 743 187 1035 188 743 188 1024 188 1024 188 743 188 742 188 993 157 952 157 953 157 1027 157 956 157 954 157 993 157 953 157 950 157 950 157 953 157 1013 157 950 157 1013 157 1012 157 1015 157 1014 157 1016 157 1016 157 1014 157 1013 157 1016 157 1013 157 1017 157 1017 157 1013 157 953 157 957 157 1023 157 962 157 962 157 1023 157 1022 157 997 157 951 157 956 157 1018 157 962 157 1019 157 1019 157 962 157 1022 157 1019 157 1022 157 1020 157 1020 157 1022 157 1021 157 951 157 997 157 950 157 950 157 997 157 992 157 950 157 992 157 993 157 1024 157 1025 157 954 157 954 157 1025 157 1026 157 954 157 1026 157 1027 157 1031 157 996 157 1030 157 1030 157 996 157 997 157 1030 157 997 157 1029 157 1029 157 997 157 956 157 1029 157 956 157 1028 157 1028 157 956 157 1027 157 1031 157 1032 157 996 157 996 157 1032 157 1033 157 996 157 1033 157 999 157 999 157 1033 157 1034 157 999 157 1034 157 1035 157 1035 157 1024 157 999 157 999 157 1024 157 954 157 999 157 954 157 998 157 998 157 954 157 955 157 998 157 955 157 995 157 995 157 955 157 957 157 995 157 957 157 994 157 994 157 957 157 962 157 994 157 962 157 963 157 1036 281 1037 281 1038 281 1039 281 1040 281 1041 281 1041 281 1040 281 1038 281 1041 281 1038 281 1042 281 1043 281 1044 281 1045 281 1045 281 1044 281 1046 281 1045 281 1046 281 1047 281 1046 281 1048 281 1049 281 1039 281 1050 281 1040 281 1040 281 1050 281 1051 281 1040 281 1051 281 1046 281 1046 281 1051 281 1052 281 1046 281 1052 281 1053 281 1043 281 1054 281 1044 281 1044 281 1054 281 1055 281 1044 281 1055 281 1038 281 1038 281 1055 281 1056 281 1038 281 1056 281 1057 281 1058 281 1059 281 1060 281 1060 281 1059 281 1061 281 1060 281 1061 281 1053 281 1053 281 1061 281 1062 281 1053 281 1062 281 1046 281 1046 281 1062 281 1063 281 1046 281 1063 281 1048 281 1064 281 1065 281 1038 281 1038 281 1065 281 1066 281 1038 281 1066 281 1036 281 1067 281 1068 281 1069 281 1069 281 1068 281 1070 281 1069 281 1070 281 1071 281 1071 281 1070 281 1072 281 1042 281 1038 281 1073 281 1073 281 1038 281 1037 281 1073 281 1037 281 1074 281 1074 281 1037 281 1075 281 1074 281 1075 281 1076 281 1076 281 1075 281 1067 281 1076 281 1067 281 1058 281 1058 281 1067 281 1069 281 1058 281 1069 281 1059 281 1071 281 1077 281 1078 281 1078 281 1077 281 1079 281 1078 281 1079 281 1080 281 1080 281 1079 281 1047 281 1080 281 1047 281 1081 281 1081 281 1047 281 1046 281 1081 281 1046 281 1082 281 1082 281 1046 281 1049 281 1064 281 1038 281 1083 281 1083 281 1038 281 1057 281 1083 281 1057 281 1084 281 1084 281 1057 281 1085 281 1084 281 1085 281 1072 281 1072 281 1085 281 1086 281 1072 281 1086 281 1071 281 1071 281 1086 281 1087 281 1071 281 1087 281 1077 281 1088 282 1089 282 1090 282 1090 282 1089 282 1044 282 1091 282 1092 282 1038 282 1038 282 1092 282 1093 282 1094 282 1044 282 1095 282 1095 282 1044 282 1038 282 1095 282 1038 282 1096 282 1096 282 1038 282 1093 282 1096 282 1093 282 1097 282 1098 282 1099 282 1100 282 1100 282 1099 282 1090 282 1100 282 1090 282 1101 282 1101 282 1090 282 1044 282 1101 282 1044 282 1102 282 1102 282 1044 282 1094 282 1103 283 1104 283 1105 283 1106 283 1107 283 1105 283 1105 283 1107 283 1040 283 1105 283 1040 283 1103 283 1046 283 1108 283 1109 283 1110 283 1111 283 1046 283 1046 283 1111 283 1112 283 1046 283 1109 283 1040 283 1040 283 1109 283 1113 283 1040 283 1113 283 1103 283 1108 283 1046 283 1114 283 1114 283 1046 283 1112 283 1114 283 1112 283 1115 283 1115 283 1112 283 1116 283 1115 283 1116 283 1117 283 1115 284 1117 284 1118 284 1119 284 1120 284 1121 284 1122 284 1123 284 1124 284 1125 284 1126 284 1127 284 1127 284 1126 284 1128 284 1127 284 1128 284 1129 284 1125 284 1130 284 1126 284 1126 284 1130 284 1131 284 1126 284 1131 284 1132 284 1131 284 1133 284 1132 284 1132 284 1133 284 1134 284 1132 284 1134 284 1123 284 1135 284 1136 284 1137 284 1129 284 1128 284 1138 284 1138 284 1128 284 1139 284 1138 284 1139 284 1136 284 1140 284 1141 284 1142 284 1143 284 1144 284 1145 284 1146 284 1147 284 1148 284 1145 284 1149 284 1143 284 1143 284 1149 284 1150 284 1143 284 1150 284 1151 284 1152 284 1153 284 1113 284 1113 284 1153 284 1103 284 1103 284 1153 284 1154 284 1103 284 1154 284 1144 284 1144 284 1154 284 1155 284 1144 284 1155 284 1145 284 1156 284 1157 284 1158 284 1158 284 1157 284 1159 284 1158 284 1159 284 1121 284 1121 284 1159 284 1160 284 1121 284 1160 284 1119 284 1161 284 1162 284 1163 284 1163 284 1162 284 1164 284 1163 284 1164 284 1165 284 1165 284 1164 284 1166 284 1165 284 1166 284 1167 284 1168 284 1169 284 1170 284 1170 284 1169 284 1171 284 1170 284 1171 284 1172 284 1172 284 1171 284 1173 284 1174 284 1175 284 1176 284 1168 284 1177 284 1169 284 1169 284 1177 284 1178 284 1169 284 1178 284 1179 284 1179 284 1178 284 1180 284 1179 284 1180 284 1174 284 1181 284 1182 284 1183 284 1184 284 1185 284 1186 284 1186 284 1185 284 1187 284 1186 284 1187 284 1188 284 1189 284 1190 284 1140 284 1140 284 1190 284 1191 284 1188 284 1192 284 1186 284 1186 284 1192 284 1193 284 1186 284 1193 284 1140 284 1140 284 1193 284 1194 284 1140 284 1194 284 1189 284 1191 284 1195 284 1140 284 1140 284 1195 284 1146 284 1140 284 1146 284 1141 284 1141 284 1146 284 1148 284 1137 284 1196 284 1197 284 1195 284 1198 284 1146 284 1146 284 1198 284 1199 284 1146 284 1199 284 1137 284 1137 284 1199 284 1200 284 1137 284 1200 284 1196 284 1201 284 1202 284 1203 284 1203 284 1202 284 1204 284 1203 284 1204 284 1205 284 1205 284 1204 284 1206 284 1205 284 1206 284 1207 284 1197 284 1208 284 1137 284 1137 284 1208 284 1209 284 1137 284 1209 284 1203 284 1203 284 1209 284 1210 284 1203 284 1210 284 1201 284 1211 284 1212 284 1213 284 1212 284 1214 284 1213 284 1213 284 1214 284 1215 284 1213 284 1215 284 1216 284 1123 284 1122 284 1132 284 1132 284 1122 284 1217 284 1132 284 1217 284 1218 284 1219 284 1220 284 1122 284 1122 284 1220 284 1221 284 1122 284 1221 284 1217 284 1216 284 1222 284 1213 284 1213 284 1222 284 1223 284 1213 284 1223 284 1122 284 1122 284 1223 284 1224 284 1122 284 1224 284 1219 284 1225 284 1226 284 1227 284 1227 284 1226 284 1228 284 1227 284 1228 284 1229 284 1229 284 1230 284 1227 284 1227 284 1230 284 1231 284 1227 284 1231 284 1232 284 1232 284 1231 284 1233 284 1232 284 1233 284 1234 284 1234 284 1235 284 1232 284 1232 284 1235 284 1236 284 1232 284 1236 284 1237 284 1237 284 1236 284 1238 284 1165 284 1239 284 1240 284 1241 284 1205 284 1186 284 1186 284 1205 284 1207 284 1186 284 1207 284 1184 284 1242 284 1243 284 1163 284 1243 284 1244 284 1163 284 1163 284 1244 284 1245 284 1163 284 1245 284 1186 284 1186 284 1245 284 1246 284 1186 284 1246 284 1247 284 1165 284 1240 284 1163 284 1163 284 1240 284 1248 284 1163 284 1248 284 1242 284 1247 284 1249 284 1186 284 1186 284 1249 284 1250 284 1186 284 1250 284 1241 284 1251 284 1252 284 1203 284 1241 284 1253 284 1205 284 1205 284 1253 284 1254 284 1205 284 1254 284 1203 284 1203 284 1254 284 1255 284 1203 284 1255 284 1251 284 1252 284 1256 284 1203 284 1203 284 1256 284 1257 284 1203 284 1257 284 1183 284 1183 284 1257 284 1258 284 1183 284 1258 284 1259 284 1259 284 1260 284 1183 284 1183 284 1260 284 1261 284 1183 284 1261 284 1262 284 1263 284 1264 284 1171 284 1265 284 1213 284 1266 284 1266 284 1213 284 1171 284 1266 284 1171 284 1267 284 1267 284 1171 284 1264 284 1268 284 1269 284 1169 284 1169 284 1269 284 1270 284 1169 284 1270 284 1171 284 1171 284 1270 284 1271 284 1171 284 1271 284 1263 284 1265 284 1272 284 1213 284 1213 284 1272 284 1273 284 1213 284 1273 284 1274 284 1274 284 1275 284 1213 284 1213 284 1275 284 1237 284 1213 284 1237 284 1211 284 1211 284 1237 284 1238 284 1276 284 1277 284 1278 284 1278 284 1277 284 1279 284 1278 284 1279 284 1280 284 1275 284 1281 284 1237 284 1237 284 1281 284 1282 284 1237 284 1282 284 1232 284 1232 284 1282 284 1283 284 1232 284 1283 284 1284 284 1284 284 1285 284 1232 284 1232 284 1285 284 1286 284 1232 284 1286 284 1278 284 1278 284 1286 284 1287 284 1278 284 1287 284 1276 284 1288 284 1115 284 1289 284 1289 284 1115 284 1290 284 1289 284 1290 284 1291 284 1288 284 1292 284 1115 284 1115 284 1292 284 1293 284 1115 284 1293 284 1294 284 1294 284 1295 284 1115 284 1115 284 1295 284 1296 284 1115 284 1296 284 1114 284 1114 284 1296 284 1297 284 1114 284 1297 284 1298 284 1298 284 1299 284 1114 284 1114 284 1299 284 1300 284 1114 284 1300 284 1301 284 1302 284 1108 284 1120 284 1120 284 1108 284 1114 284 1120 284 1114 284 1121 284 1121 284 1114 284 1301 284 1121 284 1301 284 1303 284 1303 284 1304 284 1121 284 1121 284 1304 284 1305 284 1121 284 1305 284 1158 284 1158 284 1305 284 1306 284 1307 284 1308 284 1309 284 1309 284 1308 284 1310 284 1309 284 1310 284 1290 284 1290 284 1310 284 1311 284 1290 284 1311 284 1291 284 1306 284 1312 284 1158 284 1158 284 1312 284 1313 284 1158 284 1313 284 1309 284 1309 284 1313 284 1314 284 1309 284 1314 284 1307 284 1309 284 1315 284 1316 284 1316 284 1317 284 1309 284 1309 284 1317 284 1318 284 1309 284 1318 284 1319 284 1320 284 1321 284 1158 284 1158 284 1321 284 1322 284 1319 284 1323 284 1309 284 1309 284 1323 284 1324 284 1309 284 1324 284 1158 284 1158 284 1324 284 1325 284 1158 284 1325 284 1320 284 1167 284 1156 284 1165 284 1165 284 1156 284 1158 284 1165 284 1158 284 1326 284 1326 284 1158 284 1322 284 1327 284 1328 284 1315 284 1315 284 1328 284 1329 284 1315 284 1329 284 1316 284 1174 284 1176 284 1179 284 1179 284 1176 284 1330 284 1179 284 1330 284 1331 284 1331 284 1332 284 1179 284 1179 284 1332 284 1333 284 1179 284 1333 284 1334 284 1334 284 1333 284 1335 284 1334 284 1335 284 1336 284 1336 284 1337 284 1334 284 1334 284 1337 284 1338 284 1334 284 1338 284 1327 284 1327 284 1338 284 1339 284 1327 284 1339 284 1328 284 1322 284 1340 284 1326 284 1326 284 1340 284 1341 284 1326 284 1341 284 1176 284 1176 284 1341 284 1342 284 1176 284 1342 284 1330 284 1343 284 1334 284 1344 284 1344 284 1334 284 1345 284 1346 284 1347 284 1348 284 1343 284 1349 284 1334 284 1334 284 1349 284 1350 284 1334 284 1350 284 1351 284 1352 284 1179 284 1353 284 1353 284 1179 284 1334 284 1353 284 1334 284 1354 284 1354 284 1334 284 1351 284 1352 284 1355 284 1179 284 1179 284 1355 284 1356 284 1179 284 1356 284 1357 284 1358 284 1359 284 1100 284 1100 284 1359 284 1360 284 1100 284 1360 284 1345 284 1345 284 1360 284 1361 284 1345 284 1361 284 1344 284 1362 284 1363 284 1101 284 1101 284 1363 284 1364 284 1101 284 1364 284 1365 284 1365 284 1366 284 1101 284 1101 284 1366 284 1367 284 1101 284 1367 284 1100 284 1100 284 1367 284 1368 284 1100 284 1368 284 1358 284 1302 284 1161 284 1108 284 1108 284 1161 284 1163 284 1108 284 1163 284 1109 284 1109 284 1163 284 1186 284 1109 284 1186 284 1113 284 1113 284 1186 284 1140 284 1113 284 1140 284 1152 284 1152 284 1140 284 1142 284 1136 284 1139 284 1137 284 1137 284 1139 284 1143 284 1137 284 1143 284 1146 284 1146 284 1143 284 1151 284 1146 284 1151 284 1147 284 1175 284 1369 284 1176 284 1176 284 1369 284 1181 284 1176 284 1181 284 1326 284 1326 284 1181 284 1183 284 1326 284 1183 284 1165 284 1165 284 1183 284 1262 284 1165 284 1262 284 1239 284 1182 284 1173 284 1183 284 1183 284 1173 284 1171 284 1183 284 1171 284 1203 284 1203 284 1171 284 1213 284 1203 284 1213 284 1137 284 1137 284 1213 284 1122 284 1137 284 1122 284 1135 284 1135 284 1122 284 1124 284 1218 284 1225 284 1132 284 1132 284 1225 284 1227 284 1132 284 1227 284 1126 284 1126 284 1227 284 1370 284 1357 284 1346 284 1179 284 1179 284 1346 284 1348 284 1179 284 1348 284 1169 284 1169 284 1348 284 1278 284 1169 284 1278 284 1268 284 1268 284 1278 284 1280 284 1347 284 1362 284 1348 284 1348 284 1362 284 1101 284 1348 284 1101 284 1278 284 1278 284 1101 284 1102 284 1278 284 1102 284 1232 284 1232 284 1102 284 1094 284 1232 284 1094 284 1227 284 1227 284 1094 284 1095 284 1227 284 1095 284 1370 284 1370 284 1095 284 1096 284 1115 284 1118 284 1290 284 1290 284 1118 284 1371 284 1290 284 1371 284 1309 284 1309 284 1371 284 1372 284 1309 284 1372 284 1315 284 1315 284 1372 284 1373 284 1315 284 1373 284 1327 284 1327 284 1373 284 1374 284 1327 284 1374 284 1334 284 1334 284 1374 284 1375 284 1334 284 1375 284 1345 284 1345 284 1375 284 1098 284 1345 284 1098 284 1100 284 1058 285 1060 285 1376 285 1376 286 1377 286 1058 286 1058 287 1377 287 1378 287 1058 288 1378 288 1076 288 1378 289 1379 289 1076 289 1076 290 1379 290 1380 290 1076 291 1380 291 1074 291 1380 292 1381 292 1074 292 1074 293 1381 293 1382 293 1074 294 1382 294 1073 294 1382 295 1383 295 1073 295 1073 296 1383 296 1384 296 1073 297 1384 297 1042 297 1384 298 1385 298 1042 298 1042 299 1385 299 1386 299 1042 300 1386 300 1041 300 1386 301 1387 301 1041 301 1041 302 1387 302 1388 302 1041 303 1388 303 1039 303 1388 304 1389 304 1039 304 1039 305 1389 305 1390 305 1039 306 1390 306 1050 306 1390 307 1391 307 1050 307 1050 308 1391 308 1392 308 1050 309 1392 309 1051 309 1392 310 1393 310 1051 310 1051 311 1393 311 1394 311 1051 312 1394 312 1052 312 1394 313 1395 313 1052 313 1052 314 1395 314 1396 314 1052 315 1396 315 1053 315 1396 316 1397 316 1053 316 1053 317 1397 317 1398 317 1053 318 1398 318 1060 318 1060 319 1398 319 1399 319 1060 320 1399 320 1376 320 1043 321 1045 321 1400 321 1400 286 1401 286 1043 286 1043 322 1401 322 1402 322 1043 323 1402 323 1054 323 1402 324 1403 324 1054 324 1054 290 1403 290 1404 290 1054 325 1404 325 1055 325 1404 326 1405 326 1055 326 1055 327 1405 327 1406 327 1055 328 1406 328 1056 328 1406 295 1407 295 1056 295 1056 329 1407 329 1408 329 1056 330 1408 330 1057 330 1408 331 1409 331 1057 331 1057 299 1409 299 1410 299 1057 332 1410 332 1085 332 1410 333 1411 333 1085 333 1085 334 1411 334 1412 334 1085 335 1412 335 1086 335 1412 304 1413 304 1086 304 1086 336 1413 336 1414 336 1086 337 1414 337 1087 337 1414 338 1415 338 1087 338 1087 308 1415 308 1416 308 1087 339 1416 339 1077 339 1416 340 1417 340 1077 340 1077 341 1417 341 1418 341 1077 342 1418 342 1079 342 1418 313 1419 313 1079 313 1079 343 1419 343 1420 343 1079 344 1420 344 1047 344 1420 345 1421 345 1047 345 1047 317 1421 317 1422 317 1047 346 1422 346 1045 346 1045 347 1422 347 1423 347 1045 348 1423 348 1400 348 1083 285 1084 285 1424 285 1424 286 1425 286 1083 286 1083 322 1425 322 1426 322 1083 349 1426 349 1064 349 1426 289 1427 289 1064 289 1064 290 1427 290 1428 290 1064 350 1428 350 1065 350 1428 351 1429 351 1065 351 1065 352 1429 352 1430 352 1065 353 1430 353 1066 353 1430 295 1431 295 1066 295 1066 296 1431 296 1432 296 1066 354 1432 354 1036 354 1432 331 1433 331 1036 331 1036 299 1433 299 1434 299 1036 300 1434 300 1037 300 1434 301 1435 301 1037 301 1037 302 1435 302 1436 302 1037 303 1436 303 1075 303 1436 304 1437 304 1075 304 1075 336 1437 336 1438 336 1075 355 1438 355 1067 355 1438 307 1439 307 1067 307 1067 308 1439 308 1440 308 1067 356 1440 356 1068 356 1440 357 1441 357 1068 357 1068 358 1441 358 1442 358 1068 359 1442 359 1070 359 1442 313 1443 313 1070 313 1070 314 1443 314 1444 314 1070 360 1444 360 1072 360 1444 345 1445 345 1072 345 1072 317 1445 317 1446 317 1072 318 1446 318 1084 318 1084 319 1446 319 1447 319 1084 320 1447 320 1424 320 1080 321 1081 321 1448 321 1448 286 1449 286 1080 286 1080 287 1449 287 1450 287 1080 361 1450 361 1078 361 1450 324 1451 324 1078 324 1078 290 1451 290 1452 290 1078 362 1452 362 1071 362 1452 363 1453 363 1071 363 1071 364 1453 364 1454 364 1071 365 1454 365 1069 365 1454 295 1455 295 1069 295 1069 329 1455 329 1456 329 1069 366 1456 366 1059 366 1456 298 1457 298 1059 298 1059 299 1457 299 1458 299 1059 332 1458 332 1061 332 1458 333 1459 333 1061 333 1061 334 1459 334 1460 334 1061 335 1460 335 1062 335 1460 304 1461 304 1062 304 1062 305 1461 305 1462 305 1062 367 1462 367 1063 367 1462 338 1463 338 1063 338 1063 308 1463 308 1464 308 1063 368 1464 368 1048 368 1464 369 1465 369 1048 369 1048 370 1465 370 1466 370 1048 371 1466 371 1049 371 1466 313 1467 313 1049 313 1049 343 1467 343 1468 343 1049 372 1468 372 1082 372 1468 316 1469 316 1082 316 1082 317 1469 317 1470 317 1082 346 1470 346 1081 346 1081 347 1470 347 1471 347 1081 348 1471 348 1448 348 1092 373 1106 373 1093 373 1093 373 1106 373 1105 373 1111 374 1088 374 1112 374 1112 374 1088 374 1090 374 1089 373 1110 373 1044 373 1044 373 1110 373 1046 373 1089 281 1472 281 1110 281 1110 281 1472 281 1473 281 1110 281 1473 281 1474 281 1475 281 1110 281 1476 281 1476 281 1110 281 1474 281 1476 281 1474 281 1477 281 1088 281 1478 281 1089 281 1089 281 1478 281 1479 281 1479 281 1480 281 1089 281 1089 281 1480 281 1481 281 1089 281 1481 281 1472 281 1482 281 1111 281 1483 281 1483 281 1111 281 1110 281 1483 281 1110 281 1484 281 1484 281 1110 281 1475 281 1482 281 1485 281 1111 281 1111 281 1485 281 1486 281 1111 281 1486 281 1088 281 1088 281 1486 281 1487 281 1088 281 1487 281 1488 281 1488 281 1489 281 1490 281 1474 281 1491 281 1477 281 1477 281 1491 281 1490 281 1477 281 1490 281 1492 281 1492 281 1490 281 1489 281 1490 281 1493 281 1488 281 1488 281 1493 281 1494 281 1488 281 1494 281 1088 281 1088 281 1494 281 1495 281 1088 281 1495 281 1478 281 1107 374 1091 374 1040 374 1040 374 1091 374 1038 374 1091 281 1496 281 1497 281 1498 281 1499 281 1107 281 1107 281 1499 281 1500 281 1107 281 1500 281 1091 281 1091 281 1500 281 1501 281 1091 281 1501 281 1496 281 1496 281 1501 281 1502 281 1496 281 1502 281 1503 281 1106 281 1504 281 1107 281 1107 281 1504 281 1505 281 1107 281 1505 281 1498 281 1506 281 1507 281 1092 281 1092 281 1507 281 1508 281 1092 281 1508 281 1106 281 1106 281 1508 281 1509 281 1106 281 1509 281 1504 281 1510 281 1092 281 1511 281 1511 281 1092 281 1091 281 1511 281 1091 281 1512 281 1512 281 1091 281 1497 281 1510 281 1513 281 1092 281 1092 281 1513 281 1514 281 1092 281 1514 281 1506 281 1514 281 1515 281 1506 281 1506 281 1515 281 1516 281 1506 281 1516 281 1517 281 1517 281 1516 281 1518 281 1517 281 1518 281 1502 281 1502 281 1518 281 1519 281 1502 281 1519 281 1503 281 1496 375 1123 375 1497 375 1497 375 1123 375 1134 375 1497 376 1134 376 1512 376 1512 376 1134 376 1133 376 1512 377 1133 377 1511 377 1511 377 1133 377 1131 377 1511 378 1131 378 1510 378 1510 378 1131 378 1130 378 1510 379 1130 379 1513 379 1513 379 1130 379 1125 379 1513 380 1125 380 1514 380 1514 380 1125 380 1127 380 1514 381 1127 381 1515 381 1515 381 1127 381 1129 381 1515 382 1129 382 1516 382 1516 382 1129 382 1138 382 1516 383 1138 383 1518 383 1518 383 1138 383 1136 383 1518 384 1136 384 1519 384 1519 384 1136 384 1135 384 1519 385 1135 385 1503 385 1503 385 1135 385 1124 385 1503 386 1124 386 1496 386 1496 386 1124 386 1123 386 1500 375 1141 375 1501 375 1501 375 1141 375 1148 375 1501 387 1148 387 1502 387 1502 387 1148 387 1147 387 1502 388 1147 388 1517 388 1517 388 1147 388 1151 388 1517 389 1151 389 1506 389 1506 389 1151 389 1150 389 1506 390 1150 390 1507 390 1507 390 1150 390 1149 390 1507 380 1149 380 1508 380 1508 380 1149 380 1145 380 1508 391 1145 391 1509 391 1509 391 1145 391 1155 391 1509 392 1155 392 1504 392 1504 392 1155 392 1154 392 1504 393 1154 393 1505 393 1505 393 1154 393 1153 393 1505 394 1153 394 1498 394 1498 394 1153 394 1152 394 1498 395 1152 395 1499 395 1499 395 1152 395 1142 395 1499 396 1142 396 1500 396 1500 396 1142 396 1141 396 1486 397 1160 397 1487 397 1487 397 1160 397 1159 397 1487 398 1159 398 1488 398 1488 398 1159 398 1157 398 1488 388 1157 388 1489 388 1489 388 1157 388 1156 388 1489 389 1156 389 1492 389 1492 389 1156 389 1167 389 1492 399 1167 399 1477 399 1477 399 1167 399 1166 399 1477 400 1166 400 1476 400 1476 400 1166 400 1164 400 1476 401 1164 401 1475 401 1475 401 1164 401 1162 401 1475 402 1162 402 1484 402 1484 402 1162 402 1161 402 1484 393 1161 393 1483 393 1483 393 1161 393 1302 393 1483 394 1302 394 1482 394 1482 394 1302 394 1120 394 1482 403 1120 403 1485 403 1485 403 1120 403 1119 403 1485 404 1119 404 1486 404 1486 404 1119 404 1160 404 1494 397 1175 397 1495 397 1495 397 1175 397 1174 397 1495 405 1174 405 1478 405 1478 405 1174 405 1180 405 1478 377 1180 377 1479 377 1479 377 1180 377 1178 377 1479 378 1178 378 1480 378 1480 378 1178 378 1177 378 1480 406 1177 406 1481 406 1481 406 1177 406 1168 406 1481 400 1168 400 1472 400 1472 400 1168 400 1170 400 1472 407 1170 407 1473 407 1473 407 1170 407 1172 407 1473 408 1172 408 1474 408 1474 408 1172 408 1173 408 1474 383 1173 383 1491 383 1491 383 1173 383 1182 383 1491 384 1182 384 1490 384 1490 384 1182 384 1181 384 1490 409 1181 409 1493 409 1493 409 1181 409 1369 409 1493 410 1369 410 1494 410 1494 410 1369 410 1175 410 1520 281 1090 281 1521 281 1521 281 1090 281 1099 281 1521 281 1099 281 1522 281 1522 281 1099 281 1523 281 1524 281 1525 281 1112 281 1112 281 1525 281 1526 281 1112 281 1526 281 1116 281 1116 281 1526 281 1527 281 1527 281 1528 281 1116 281 1116 281 1528 281 1529 281 1116 281 1529 281 1530 281 1531 281 1116 281 1532 281 1532 281 1116 281 1530 281 1532 281 1530 281 1533 281 1520 281 1534 281 1090 281 1090 281 1534 281 1535 281 1090 281 1535 281 1536 281 1537 281 1090 281 1538 281 1538 281 1090 281 1536 281 1538 281 1536 281 1539 281 1531 281 1540 281 1116 281 1116 281 1540 281 1541 281 1116 281 1541 281 1099 281 1099 281 1541 281 1542 281 1099 281 1542 281 1523 281 1543 281 1544 281 1537 281 1537 281 1544 281 1545 281 1537 281 1545 281 1090 281 1090 281 1545 281 1546 281 1090 281 1546 281 1112 281 1112 281 1546 281 1547 281 1112 281 1547 281 1524 281 1543 281 1548 281 1544 281 1544 281 1548 281 1549 281 1544 281 1549 281 1533 281 1533 281 1549 281 1550 281 1533 281 1550 281 1532 281 1531 281 1551 281 1540 281 1540 281 1551 281 1552 281 1540 281 1552 281 1553 281 1553 281 1552 281 1554 281 1553 281 1554 281 1539 281 1539 281 1554 281 1555 281 1539 281 1555 281 1538 281 1118 374 1117 374 1116 374 1098 374 1375 374 1099 374 1099 374 1375 374 1374 374 1374 374 1373 374 1099 374 1099 374 1373 374 1372 374 1099 374 1372 374 1116 374 1116 374 1372 374 1371 374 1116 374 1371 374 1118 374 1556 411 1530 411 1529 411 1556 412 1557 412 1530 412 1530 413 1557 413 1558 413 1530 414 1558 414 1533 414 1558 415 1559 415 1533 415 1533 290 1559 290 1560 290 1533 416 1560 416 1544 416 1560 417 1561 417 1544 417 1544 418 1561 418 1562 418 1544 419 1562 419 1545 419 1562 295 1563 295 1545 295 1545 420 1563 420 1564 420 1545 421 1564 421 1546 421 1564 422 1565 422 1546 422 1546 423 1565 423 1566 423 1546 424 1566 424 1547 424 1566 425 1567 425 1547 425 1547 426 1567 426 1568 426 1547 427 1568 427 1524 427 1568 428 1569 428 1524 428 1524 305 1569 305 1570 305 1524 429 1570 429 1525 429 1570 430 1571 430 1525 430 1525 308 1571 308 1572 308 1525 431 1572 431 1526 431 1572 432 1573 432 1526 432 1526 433 1573 433 1574 433 1526 434 1574 434 1527 434 1574 313 1575 313 1527 313 1527 435 1575 435 1576 435 1527 436 1576 436 1528 436 1576 316 1577 316 1528 316 1528 437 1577 437 1578 437 1528 438 1578 438 1529 438 1529 439 1578 439 1579 439 1529 440 1579 440 1556 440 1580 441 1551 441 1531 441 1580 442 1581 442 1551 442 1551 443 1581 443 1582 443 1551 444 1582 444 1552 444 1582 415 1583 415 1552 415 1552 445 1583 445 1584 445 1552 446 1584 446 1554 446 1584 447 1585 447 1554 447 1554 448 1585 448 1586 448 1554 449 1586 449 1555 449 1586 450 1587 450 1555 450 1555 420 1587 420 1588 420 1555 451 1588 451 1538 451 1588 452 1589 452 1538 452 1538 453 1589 453 1590 453 1538 454 1590 454 1537 454 1590 455 1591 455 1537 455 1537 426 1591 426 1592 426 1537 427 1592 427 1543 427 1592 428 1593 428 1543 428 1543 456 1593 456 1594 456 1543 457 1594 457 1548 457 1594 430 1595 430 1548 430 1548 308 1595 308 1596 308 1548 458 1596 458 1549 458 1596 459 1597 459 1549 459 1549 460 1597 460 1598 460 1549 461 1598 461 1550 461 1598 313 1599 313 1550 313 1550 435 1599 435 1600 435 1550 462 1600 462 1532 462 1600 463 1601 463 1532 463 1532 437 1601 437 1602 437 1532 438 1602 438 1531 438 1531 439 1602 439 1603 439 1531 464 1603 464 1580 464 1604 411 1523 411 1542 411 1604 412 1605 412 1523 412 1523 322 1605 322 1606 322 1523 465 1606 465 1522 465 1606 415 1607 415 1522 415 1522 290 1607 290 1608 290 1522 466 1608 466 1521 466 1608 467 1609 467 1521 467 1521 468 1609 468 1610 468 1521 469 1610 469 1520 469 1610 295 1611 295 1520 295 1520 420 1611 420 1612 420 1520 470 1612 470 1534 470 1612 331 1613 331 1534 331 1534 423 1613 423 1614 423 1534 424 1614 424 1535 424 1614 425 1615 425 1535 425 1535 426 1615 426 1616 426 1535 427 1616 427 1536 427 1616 428 1617 428 1536 428 1536 471 1617 471 1618 471 1536 472 1618 472 1539 472 1618 430 1619 430 1539 430 1539 308 1619 308 1620 308 1539 473 1620 473 1553 473 1620 474 1621 474 1553 474 1553 475 1621 475 1622 475 1553 476 1622 476 1540 476 1622 313 1623 313 1540 313 1540 435 1623 435 1624 435 1540 477 1624 477 1541 477 1624 478 1625 478 1541 478 1541 437 1625 437 1626 437 1541 438 1626 438 1542 438 1542 439 1626 439 1627 439 1542 440 1627 440 1604 440 1604 479 1361 479 1605 479 1605 480 1361 480 1360 480 1605 481 1360 481 1606 481 1606 482 1360 482 1359 482 1606 483 1359 483 1607 483 1607 484 1359 484 1358 484 1607 485 1358 485 1608 485 1608 486 1358 486 1368 486 1608 487 1368 487 1609 487 1609 488 1368 488 1367 488 1609 489 1367 489 1610 489 1610 490 1367 490 1366 490 1610 491 1366 491 1611 491 1611 492 1366 492 1365 492 1611 493 1365 493 1612 493 1612 494 1365 494 1364 494 1612 495 1364 495 1613 495 1613 496 1364 496 1363 496 1613 497 1363 497 1614 497 1614 498 1363 498 1362 498 1614 499 1362 499 1615 499 1615 500 1362 500 1347 500 1615 501 1347 501 1616 501 1616 502 1347 502 1346 502 1616 503 1346 503 1617 503 1617 504 1346 504 1357 504 1617 505 1357 505 1618 505 1618 506 1357 506 1356 506 1618 507 1356 507 1619 507 1619 508 1356 508 1355 508 1619 509 1355 509 1620 509 1620 510 1355 510 1352 510 1620 511 1352 511 1621 511 1621 512 1352 512 1353 512 1621 513 1353 513 1622 513 1622 514 1353 514 1354 514 1622 515 1354 515 1623 515 1623 516 1354 516 1351 516 1623 517 1351 517 1624 517 1624 518 1351 518 1350 518 1624 519 1350 519 1625 519 1625 520 1350 520 1349 520 1625 521 1349 521 1626 521 1626 522 1349 522 1343 522 1626 523 1343 523 1627 523 1627 524 1343 524 1344 524 1627 525 1344 525 1604 525 1604 526 1344 526 1361 526 1580 527 1328 527 1581 527 1581 528 1328 528 1339 528 1581 529 1339 529 1582 529 1582 530 1339 530 1338 530 1582 531 1338 531 1583 531 1583 532 1338 532 1337 532 1583 533 1337 533 1584 533 1584 534 1337 534 1336 534 1584 535 1336 535 1585 535 1585 536 1336 536 1335 536 1585 537 1335 537 1586 537 1586 538 1335 538 1333 538 1586 539 1333 539 1587 539 1587 540 1333 540 1332 540 1587 541 1332 541 1588 541 1588 542 1332 542 1331 542 1588 496 1331 496 1589 496 1589 543 1331 543 1330 543 1589 544 1330 544 1590 544 1590 545 1330 545 1342 545 1590 546 1342 546 1591 546 1591 547 1342 547 1341 547 1591 501 1341 501 1592 501 1592 548 1341 548 1340 548 1592 549 1340 549 1593 549 1593 550 1340 550 1322 550 1593 551 1322 551 1594 551 1594 506 1322 506 1321 506 1594 552 1321 552 1595 552 1595 553 1321 553 1320 553 1595 554 1320 554 1596 554 1596 555 1320 555 1325 555 1596 556 1325 556 1597 556 1597 557 1325 557 1324 557 1597 558 1324 558 1598 558 1598 559 1324 559 1323 559 1598 560 1323 560 1599 560 1599 561 1323 561 1319 561 1599 562 1319 562 1600 562 1600 563 1319 563 1318 563 1600 564 1318 564 1601 564 1601 565 1318 565 1317 565 1601 566 1317 566 1602 566 1602 567 1317 567 1316 567 1602 568 1316 568 1603 568 1603 568 1316 568 1329 568 1603 569 1329 569 1580 569 1580 569 1329 569 1328 569 1556 479 1291 479 1557 479 1557 570 1291 570 1311 570 1557 571 1311 571 1558 571 1558 572 1311 572 1310 572 1558 573 1310 573 1559 573 1559 574 1310 574 1308 574 1559 575 1308 575 1560 575 1560 576 1308 576 1307 576 1560 577 1307 577 1561 577 1561 578 1307 578 1314 578 1561 579 1314 579 1562 579 1562 580 1314 580 1313 580 1562 581 1313 581 1563 581 1563 582 1313 582 1312 582 1563 583 1312 583 1564 583 1564 584 1312 584 1306 584 1564 585 1306 585 1565 585 1565 586 1306 586 1305 586 1565 587 1305 587 1566 587 1566 588 1305 588 1304 588 1566 499 1304 499 1567 499 1567 500 1304 500 1303 500 1567 501 1303 501 1568 501 1568 502 1303 502 1301 502 1568 503 1301 503 1569 503 1569 589 1301 589 1300 589 1569 590 1300 590 1570 590 1570 591 1300 591 1299 591 1570 592 1299 592 1571 592 1571 593 1299 593 1298 593 1571 594 1298 594 1572 594 1572 595 1298 595 1297 595 1572 596 1297 596 1573 596 1573 597 1297 597 1296 597 1573 598 1296 598 1574 598 1574 599 1296 599 1295 599 1574 600 1295 600 1575 600 1575 601 1295 601 1294 601 1575 602 1294 602 1576 602 1576 603 1294 603 1293 603 1576 604 1293 604 1577 604 1577 605 1293 605 1292 605 1577 606 1292 606 1578 606 1578 607 1292 607 1288 607 1578 523 1288 523 1579 523 1579 524 1288 524 1289 524 1579 525 1289 525 1556 525 1556 526 1289 526 1291 526 1400 608 1268 608 1401 608 1401 609 1268 609 1280 609 1401 610 1280 610 1402 610 1402 611 1280 611 1279 611 1402 612 1279 612 1403 612 1403 613 1279 613 1277 613 1403 614 1277 614 1404 614 1404 615 1277 615 1276 615 1404 616 1276 616 1405 616 1405 535 1276 535 1287 535 1405 617 1287 617 1406 617 1406 618 1287 618 1286 618 1406 619 1286 619 1407 619 1407 620 1286 620 1285 620 1407 621 1285 621 1408 621 1408 622 1285 622 1284 622 1408 623 1284 623 1409 623 1409 624 1284 624 1283 624 1409 625 1283 625 1410 625 1410 626 1283 626 1282 626 1410 627 1282 627 1411 627 1411 628 1282 628 1281 628 1411 629 1281 629 1412 629 1412 630 1281 630 1275 630 1412 631 1275 631 1413 631 1413 632 1275 632 1274 632 1413 633 1274 633 1414 633 1414 634 1274 634 1273 634 1414 635 1273 635 1415 635 1415 636 1273 636 1272 636 1415 554 1272 554 1416 554 1416 637 1272 637 1265 637 1416 638 1265 638 1417 638 1417 639 1265 639 1266 639 1417 640 1266 640 1418 640 1418 641 1266 641 1267 641 1418 642 1267 642 1419 642 1419 643 1267 643 1264 643 1419 644 1264 644 1420 644 1420 645 1264 645 1263 645 1420 646 1263 646 1421 646 1421 647 1263 647 1271 647 1421 648 1271 648 1422 648 1422 648 1271 648 1270 648 1422 649 1270 649 1423 649 1423 524 1270 524 1269 524 1423 650 1269 650 1400 650 1400 651 1269 651 1268 651 1448 652 1262 652 1449 652 1449 652 1262 652 1261 652 1449 653 1261 653 1450 653 1450 654 1261 654 1260 654 1450 655 1260 655 1451 655 1451 656 1260 656 1259 656 1451 614 1259 614 1452 614 1452 657 1259 657 1258 657 1452 658 1258 658 1453 658 1453 659 1258 659 1257 659 1453 660 1257 660 1454 660 1454 661 1257 661 1256 661 1454 581 1256 581 1455 581 1455 662 1256 662 1252 662 1455 621 1252 621 1456 621 1456 663 1252 663 1251 663 1456 664 1251 664 1457 664 1457 665 1251 665 1255 665 1457 625 1255 625 1458 625 1458 666 1255 666 1254 666 1458 667 1254 667 1459 667 1459 668 1254 668 1253 668 1459 629 1253 629 1460 629 1460 669 1253 669 1241 669 1460 670 1241 670 1461 670 1461 671 1241 671 1250 671 1461 672 1250 672 1462 672 1462 673 1250 673 1249 673 1462 553 1249 553 1463 553 1463 674 1249 674 1247 674 1463 554 1247 554 1464 554 1464 675 1247 675 1246 675 1464 676 1246 676 1465 676 1465 597 1246 597 1245 597 1465 677 1245 677 1466 677 1466 678 1245 678 1244 678 1466 679 1244 679 1467 679 1467 680 1244 680 1243 680 1467 644 1243 644 1468 644 1468 681 1243 681 1242 681 1468 604 1242 604 1469 604 1469 565 1242 565 1248 565 1469 648 1248 648 1470 648 1470 682 1248 682 1240 682 1470 683 1240 683 1471 683 1471 684 1240 684 1239 684 1471 650 1239 650 1448 650 1448 685 1239 685 1262 685 1424 686 1238 686 1425 686 1425 687 1238 687 1236 687 1425 688 1236 688 1426 688 1426 689 1236 689 1235 689 1426 690 1235 690 1427 690 1427 691 1235 691 1234 691 1427 614 1234 614 1428 614 1428 615 1234 615 1233 615 1428 692 1233 692 1429 692 1429 488 1233 488 1231 488 1429 693 1231 693 1430 693 1430 694 1231 694 1230 694 1430 619 1230 619 1431 619 1431 620 1230 620 1229 620 1431 695 1229 695 1432 695 1432 696 1229 696 1228 696 1432 697 1228 697 1433 697 1433 698 1228 698 1226 698 1433 699 1226 699 1434 699 1434 700 1226 700 1225 700 1434 701 1225 701 1435 701 1435 702 1225 702 1218 702 1435 703 1218 703 1436 703 1436 704 1218 704 1217 704 1436 705 1217 705 1437 705 1437 705 1217 705 1221 705 1437 706 1221 706 1438 706 1438 707 1221 707 1220 707 1438 708 1220 708 1439 708 1439 709 1220 709 1219 709 1439 554 1219 554 1440 554 1440 637 1219 637 1224 637 1440 710 1224 710 1441 710 1441 711 1224 711 1223 711 1441 712 1223 712 1442 712 1442 713 1223 713 1222 713 1442 642 1222 642 1443 642 1443 643 1222 643 1216 643 1443 714 1216 714 1444 714 1444 715 1216 715 1215 715 1444 716 1215 716 1445 716 1445 717 1215 717 1214 717 1445 718 1214 718 1446 718 1446 719 1214 719 1212 719 1446 720 1212 720 1447 720 1447 721 1212 721 1211 721 1447 722 1211 722 1424 722 1424 723 1211 723 1238 723 1376 724 1206 724 1377 724 1377 725 1206 725 1204 725 1377 726 1204 726 1378 726 1378 727 1204 727 1202 727 1378 728 1202 728 1379 728 1379 729 1202 729 1201 729 1379 614 1201 614 1380 614 1380 657 1201 657 1210 657 1380 730 1210 730 1381 730 1381 731 1210 731 1209 731 1381 732 1209 732 1382 732 1382 733 1209 733 1208 733 1382 581 1208 581 1383 581 1383 662 1208 662 1197 662 1383 695 1197 695 1384 695 1384 734 1197 734 1196 734 1384 735 1196 735 1385 735 1385 736 1196 736 1200 736 1385 699 1200 699 1386 699 1386 699 1200 699 1199 699 1386 737 1199 737 1387 737 1387 738 1199 738 1198 738 1387 703 1198 703 1388 703 1388 739 1198 739 1195 739 1388 740 1195 740 1389 740 1389 741 1195 741 1191 741 1389 742 1191 742 1390 742 1390 743 1191 743 1190 743 1390 744 1190 744 1391 744 1391 745 1190 745 1189 745 1391 554 1189 554 1392 554 1392 675 1189 675 1194 675 1392 746 1194 746 1393 746 1393 747 1194 747 1193 747 1393 748 1193 748 1394 748 1394 749 1193 749 1192 749 1394 679 1192 679 1395 679 1395 680 1192 680 1188 680 1395 714 1188 714 1396 714 1396 750 1188 750 1187 750 1396 751 1187 751 1397 751 1397 752 1187 752 1185 752 1397 718 1185 718 1398 718 1398 753 1185 753 1184 753 1398 754 1184 754 1399 754 1399 755 1184 755 1207 755 1399 722 1207 722 1376 722 1376 756 1207 756 1206 756 1104 281 1097 281 1105 281 1105 281 1097 281 1093 281 1104 373 1103 373 1144 373 1128 373 1097 373 1139 373 1139 373 1097 373 1104 373 1139 373 1104 373 1143 373 1143 373 1104 373 1144 373 1128 373 1126 373 1097 373 1097 373 1126 373 1370 373 1097 373 1370 373 1096 373 1628 757 1629 757 1630 757 1631 757 1632 757 1633 757 1634 757 1635 757 1636 757 1631 757 1633 757 1637 757 1637 757 1633 757 1634 757 1637 757 1634 757 1638 757 1639 757 1640 757 1641 757 1641 757 1640 757 1633 757 1641 757 1633 757 1642 757 1642 757 1633 757 1632 757 1639 757 1643 757 1640 757 1640 757 1643 757 1644 757 1640 757 1644 757 1645 757 1645 757 1646 757 1640 757 1640 757 1646 757 1647 757 1640 757 1647 757 1630 757 1630 757 1647 757 1648 757 1630 757 1648 757 1628 757 1636 757 1649 757 1634 757 1634 757 1649 757 1650 757 1634 757 1650 757 1638 757 1638 757 1650 757 1651 757 1629 757 1652 757 1653 757 1654 757 1655 757 1629 757 1629 757 1655 757 1656 757 1629 757 1656 757 1652 757 1651 757 1657 757 1638 757 1638 757 1657 757 1655 757 1638 757 1655 757 1658 757 1658 757 1655 757 1654 757 1653 757 1659 757 1629 757 1629 757 1659 757 1660 757 1629 757 1660 757 1630 757 1630 757 1660 757 1661 757 1630 757 1661 757 1662 757 1662 757 1663 757 1630 757 1630 757 1663 757 1664 757 1630 757 1664 757 1634 757 1634 757 1664 757 1665 757 1634 757 1665 757 1635 757 1666 758 1667 758 1668 758 1633 758 1669 758 1670 758 1671 758 1672 758 1666 758 1673 758 1674 758 1666 758 1666 758 1674 758 1675 758 1666 758 1675 758 1667 758 1672 758 1676 758 1666 758 1666 758 1676 758 1677 758 1666 758 1677 758 1678 758 1678 758 1679 758 1666 758 1666 758 1679 758 1680 758 1666 758 1680 758 1681 758 1681 758 1680 758 1682 758 1681 758 1682 758 1683 758 1683 758 1684 758 1681 758 1681 758 1684 758 1685 758 1681 758 1685 758 1633 758 1633 758 1685 758 1686 758 1633 758 1686 758 1687 758 1671 758 1666 758 1688 758 1688 758 1666 758 1668 758 1688 758 1668 758 1689 758 1689 758 1668 758 1690 758 1689 758 1690 758 1691 758 1633 758 1670 758 1634 758 1634 758 1670 758 1692 758 1634 758 1692 758 1693 758 1687 758 1694 758 1633 758 1633 758 1694 758 1695 758 1633 758 1695 758 1689 758 1693 758 1696 758 1634 758 1634 758 1696 758 1697 758 1634 758 1697 758 1666 758 1666 758 1697 758 1698 758 1666 758 1698 758 1673 758 1691 758 1699 758 1689 758 1689 758 1699 758 1700 758 1689 758 1700 758 1633 758 1633 758 1700 758 1701 758 1633 758 1701 758 1669 758 1702 759 1703 759 1704 759 1681 759 1705 759 1706 759 1707 759 1708 759 1666 759 1666 759 1708 759 1709 759 1704 759 1703 759 1710 759 1710 759 1703 759 1711 759 1710 759 1711 759 1712 759 1704 759 1713 759 1702 759 1702 759 1713 759 1714 759 1702 759 1714 759 1715 759 1715 759 1716 759 1702 759 1702 759 1716 759 1717 759 1702 759 1717 759 1681 759 1681 759 1717 759 1718 759 1681 759 1718 759 1705 759 1719 759 1720 759 1721 759 1721 759 1720 759 1707 759 1721 759 1707 759 1722 759 1722 759 1707 759 1666 759 1722 759 1666 759 1723 759 1709 759 1724 759 1666 759 1666 759 1724 759 1725 759 1666 759 1725 759 1703 759 1703 759 1725 759 1726 759 1703 759 1726 759 1727 759 1727 759 1728 759 1703 759 1703 759 1728 759 1729 759 1703 759 1729 759 1711 759 1712 759 1730 759 1710 759 1710 759 1730 759 1731 759 1710 759 1731 759 1732 759 1732 759 1731 759 1733 759 1732 759 1733 759 1721 759 1721 759 1733 759 1734 759 1721 759 1734 759 1719 759 1706 759 1735 759 1681 759 1681 759 1735 759 1736 759 1681 759 1736 759 1666 759 1666 759 1736 759 1737 759 1666 759 1737 759 1723 759 1738 760 1739 760 1630 760 1630 760 1739 760 1740 760 1630 760 1740 760 1741 760 1640 760 1742 760 1743 760 1742 760 1640 760 1744 760 1744 760 1640 760 1630 760 1744 760 1630 760 1745 760 1745 760 1630 760 1741 760 1745 760 1741 760 1746 760 1747 760 1748 760 1749 760 1743 760 1750 760 1640 760 1640 760 1750 760 1751 760 1640 760 1751 760 1702 760 1751 760 1752 760 1702 760 1702 760 1752 760 1753 760 1702 760 1753 760 1754 760 1703 760 1755 760 1630 760 1630 760 1755 760 1756 760 1630 760 1756 760 1738 760 1749 760 1757 760 1747 760 1747 760 1757 760 1758 760 1747 760 1758 760 1759 760 1759 760 1758 760 1760 760 1759 760 1760 760 1746 760 1746 760 1760 760 1761 760 1746 760 1761 760 1745 760 1762 760 1763 760 1702 760 1702 760 1763 760 1764 760 1702 760 1764 760 1703 760 1703 760 1764 760 1765 760 1703 760 1765 760 1766 760 1766 760 1767 760 1703 760 1703 760 1767 760 1768 760 1703 760 1768 760 1755 760 1754 760 1769 760 1702 760 1702 760 1769 760 1770 760 1702 760 1770 760 1762 760 1762 760 1770 760 1748 760 1762 760 1748 760 1771 760 1771 760 1748 760 1747 760 1666 761 1703 761 1634 761 1634 761 1703 761 1630 761 1702 762 1681 762 1640 762 1640 762 1681 762 1633 762 1770 763 1680 763 1748 763 1748 763 1680 763 1679 763 1748 764 1679 764 1749 764 1749 764 1679 764 1678 764 1749 765 1678 765 1757 765 1757 765 1678 765 1677 765 1757 766 1677 766 1758 766 1758 766 1677 766 1676 766 1758 767 1676 767 1760 767 1760 767 1676 767 1672 767 1760 768 1672 768 1761 768 1761 768 1672 768 1671 768 1761 769 1671 769 1745 769 1745 769 1671 769 1688 769 1745 770 1688 770 1744 770 1744 770 1688 770 1689 770 1744 759 1689 759 1742 759 1742 759 1689 759 1695 759 1742 771 1695 771 1743 771 1743 771 1695 771 1694 771 1743 772 1694 772 1750 772 1750 772 1694 772 1687 772 1750 773 1687 773 1751 773 1751 773 1687 773 1686 773 1751 774 1686 774 1752 774 1752 774 1686 774 1685 774 1752 775 1685 775 1753 775 1753 775 1685 775 1684 775 1753 776 1684 776 1754 776 1754 776 1684 776 1683 776 1754 777 1683 777 1769 777 1769 777 1683 777 1682 777 1769 778 1682 778 1770 778 1770 778 1682 778 1680 778 1765 779 1667 779 1766 779 1766 779 1667 779 1675 779 1766 764 1675 764 1767 764 1767 764 1675 764 1674 764 1767 780 1674 780 1768 780 1768 780 1674 780 1673 780 1768 781 1673 781 1755 781 1755 781 1673 781 1698 781 1755 782 1698 782 1756 782 1756 782 1698 782 1697 782 1756 768 1697 768 1738 768 1738 768 1697 768 1696 768 1738 769 1696 769 1739 769 1739 769 1696 769 1693 769 1739 783 1693 783 1740 783 1740 783 1693 783 1692 783 1740 759 1692 759 1741 759 1741 759 1692 759 1670 759 1741 784 1670 784 1746 784 1746 784 1670 784 1669 784 1746 772 1669 772 1759 772 1759 772 1669 772 1701 772 1759 773 1701 773 1747 773 1747 773 1701 773 1700 773 1747 785 1700 785 1771 785 1771 785 1700 785 1699 785 1771 786 1699 786 1762 786 1762 786 1699 786 1691 786 1762 787 1691 787 1763 787 1763 787 1691 787 1690 787 1763 777 1690 777 1764 777 1764 777 1690 777 1668 777 1764 788 1668 788 1765 788 1765 788 1668 788 1667 788 1660 789 1711 789 1661 789 1661 789 1711 789 1729 789 1661 790 1729 790 1662 790 1662 790 1729 790 1728 790 1662 791 1728 791 1663 791 1663 791 1728 791 1727 791 1663 792 1727 792 1664 792 1664 792 1727 792 1726 792 1664 793 1726 793 1665 793 1665 793 1726 793 1725 793 1665 794 1725 794 1635 794 1635 794 1725 794 1724 794 1635 795 1724 795 1636 795 1636 795 1724 795 1709 795 1636 796 1709 796 1649 796 1649 796 1709 796 1708 796 1649 760 1708 760 1650 760 1650 760 1708 760 1707 760 1650 797 1707 797 1651 797 1651 797 1707 797 1720 797 1651 798 1720 798 1657 798 1657 798 1720 798 1719 798 1657 799 1719 799 1655 799 1655 799 1719 799 1734 799 1655 800 1734 800 1656 800 1656 800 1734 800 1733 800 1656 801 1733 801 1652 801 1652 801 1733 801 1731 801 1652 802 1731 802 1653 802 1653 802 1731 802 1730 802 1653 803 1730 803 1659 803 1659 803 1730 803 1712 803 1659 804 1712 804 1660 804 1660 804 1712 804 1711 804 1646 805 1713 805 1647 805 1647 805 1713 805 1704 805 1647 806 1704 806 1648 806 1648 806 1704 806 1710 806 1648 807 1710 807 1628 807 1628 807 1710 807 1732 807 1628 808 1732 808 1629 808 1629 808 1732 808 1721 808 1629 809 1721 809 1654 809 1654 809 1721 809 1722 809 1654 794 1722 794 1658 794 1658 794 1722 794 1723 794 1658 810 1723 810 1638 810 1638 810 1723 810 1737 810 1638 796 1737 796 1637 796 1637 796 1737 796 1736 796 1637 760 1736 760 1631 760 1631 760 1736 760 1735 760 1631 797 1735 797 1632 797 1632 797 1735 797 1706 797 1632 811 1706 811 1642 811 1642 811 1706 811 1705 811 1642 812 1705 812 1641 812 1641 812 1705 812 1718 812 1641 813 1718 813 1639 813 1639 813 1718 813 1717 813 1639 814 1717 814 1643 814 1643 814 1717 814 1716 814 1643 815 1716 815 1644 815 1644 815 1716 815 1715 815 1644 816 1715 816 1645 816 1645 816 1715 816 1714 816 1645 817 1714 817 1646 817 1646 817 1714 817 1713 817 1772 818 1773 818 1774 818 1775 818 1776 818 1777 818 1778 818 1779 818 1780 818 1775 818 1777 818 1781 818 1781 818 1777 818 1782 818 1781 818 1782 818 1783 818 1778 818 1780 818 1784 818 1784 818 1780 818 1785 818 1784 818 1785 818 1786 818 1786 818 1785 818 1787 818 1786 818 1787 818 1788 818 1788 818 1787 818 1789 818 1788 818 1789 818 1774 818 1774 818 1789 818 1790 818 1774 818 1790 818 1772 818 1791 818 1792 818 1793 818 1793 818 1792 818 1794 818 1793 818 1794 818 1795 818 1795 818 1794 818 1796 818 1795 819 1796 819 1797 819 1797 818 1796 818 1798 818 1797 818 1798 818 1799 818 1799 818 1798 818 1800 818 1799 818 1800 818 1801 818 1801 818 1800 818 1802 818 1801 819 1802 819 1803 819 1803 818 1802 818 1804 818 1803 818 1804 818 1805 818 1805 818 1804 818 1783 818 1805 818 1783 818 1806 818 1807 818 1808 818 1809 818 1782 818 1810 818 1783 818 1783 818 1810 818 1811 818 1783 819 1811 819 1806 819 1806 818 1811 818 1812 818 1806 818 1812 818 1807 818 1807 818 1812 818 1813 818 1807 818 1813 818 1808 818 1813 818 1814 818 1808 818 1808 818 1814 818 1815 818 1808 818 1815 818 1816 818 1816 818 1815 818 1817 818 1816 818 1817 818 1778 818 1778 818 1817 818 1818 818 1778 818 1818 818 1779 818 1779 818 1818 818 1819 818 1779 818 1819 818 1776 818 1776 818 1819 818 1820 818 1776 818 1820 818 1777 818 1809 818 1821 818 1807 818 1807 818 1821 818 1822 818 1807 819 1822 819 1823 819 1823 818 1822 818 1824 818 1823 818 1824 818 1825 818 1825 818 1824 818 1826 818 1825 818 1826 818 1791 818 1791 818 1826 818 1827 818 1791 818 1827 818 1792 818 1828 818 1774 818 1829 818 1829 818 1774 818 1830 818 1829 818 1830 818 1831 818 1831 818 1830 818 1832 818 1833 818 1834 818 1835 818 1835 818 1834 818 1836 818 1836 818 1837 818 1835 818 1835 819 1837 819 1838 819 1835 818 1838 818 1830 818 1830 818 1838 818 1839 818 1830 819 1839 819 1832 819 1828 818 1840 818 1774 818 1774 818 1840 818 1841 818 1774 818 1841 818 1788 818 1788 818 1841 818 1842 818 1788 818 1842 818 1843 818 1843 818 1842 818 1844 818 1843 818 1844 818 1836 818 1836 818 1844 818 1845 818 1836 818 1845 818 1837 818 1846 818 1847 818 1848 818 1848 818 1847 818 1849 818 1850 818 1851 818 1830 818 1830 818 1851 818 1852 818 1830 818 1852 818 1853 818 1848 818 1854 818 1846 818 1846 818 1854 818 1855 818 1846 818 1855 818 1856 818 1856 818 1855 818 1857 818 1856 818 1857 818 1858 818 1783 818 1859 818 1781 818 1781 819 1859 819 1860 819 1781 818 1860 818 1861 818 1861 818 1860 818 1862 818 1861 818 1862 818 1773 818 1773 818 1862 818 1848 818 1773 819 1848 819 1774 819 1774 818 1848 818 1849 818 1849 818 1863 818 1774 818 1774 818 1863 818 1864 818 1774 818 1864 818 1830 818 1830 818 1864 818 1865 818 1830 819 1865 819 1850 819 1852 818 1866 818 1853 818 1853 818 1866 818 1867 818 1853 819 1867 819 1868 819 1868 818 1867 818 1856 818 1868 818 1856 818 1869 818 1869 818 1856 818 1858 818 1870 820 1871 820 1872 820 1873 820 1874 820 1875 820 1875 820 1874 820 1876 820 1875 820 1876 820 1877 820 1878 820 1879 820 1880 820 1881 820 1882 820 1883 820 1884 820 1881 820 1885 820 1872 820 1871 820 1886 820 1886 820 1871 820 1887 820 1886 820 1887 820 1888 820 1888 820 1887 820 1889 820 1888 821 1889 821 1890 821 1890 820 1889 820 1891 820 1890 820 1891 820 1892 820 1892 820 1891 820 1893 820 1892 820 1893 820 1894 820 1876 820 1895 820 1877 820 1877 820 1895 820 1896 820 1877 820 1896 820 1897 820 1897 820 1896 820 1898 820 1897 820 1898 820 1899 820 1899 820 1898 820 1900 820 1900 820 1898 820 1901 820 1900 820 1901 820 1902 820 1870 820 1903 820 1904 820 1904 820 1903 820 1905 820 1904 820 1905 820 1906 820 1884 820 1885 820 1907 820 1883 820 1882 820 1908 820 1908 820 1882 820 1900 820 1908 820 1900 820 1909 820 1909 821 1900 821 1902 821 1909 820 1902 820 1910 820 1910 820 1902 820 1911 820 1910 820 1911 820 1880 820 1880 820 1911 820 1912 820 1880 820 1912 820 1878 820 1872 820 1913 820 1870 820 1870 820 1913 820 1914 820 1870 820 1914 820 1903 820 1903 820 1914 820 1915 820 1903 820 1915 820 1916 820 1916 820 1915 820 1885 820 1916 820 1885 820 1917 820 1917 820 1885 820 1881 820 1917 820 1881 820 1918 820 1918 821 1881 821 1883 821 1893 820 1919 820 1894 820 1894 820 1919 820 1920 820 1894 820 1920 820 1921 820 1921 820 1920 820 1922 820 1921 820 1922 820 1923 820 1923 820 1922 820 1924 820 1923 820 1924 820 1885 820 1885 821 1924 821 1925 821 1885 820 1925 820 1907 820 1926 821 1927 821 1878 821 1906 820 1879 820 1904 820 1904 820 1879 820 1878 820 1904 820 1878 820 1928 820 1928 821 1878 821 1927 821 1875 821 1929 821 1873 821 1873 820 1929 820 1926 820 1873 820 1926 820 1930 820 1930 821 1926 821 1878 821 1931 820 1932 820 1933 820 1933 820 1932 820 1934 820 1933 820 1934 820 1935 820 1931 820 1936 820 1932 820 1932 820 1936 820 1937 820 1932 820 1937 820 1938 820 1938 820 1937 820 1939 820 1938 820 1939 820 1940 820 1941 821 1942 821 1875 821 1875 820 1942 820 1943 820 1875 821 1943 821 1929 821 1943 820 1944 820 1929 820 1929 820 1944 820 1945 820 1929 820 1945 820 1946 820 1946 821 1945 821 1947 821 1946 820 1947 820 1948 820 1948 820 1947 820 1933 820 1948 820 1933 820 1949 820 1949 820 1933 820 1935 820 1949 820 1935 820 1950 820 1951 821 1952 821 1953 821 1875 820 1954 820 1955 820 1938 820 1956 820 1957 820 1958 820 1959 820 1960 820 1940 821 1941 821 1938 821 1938 820 1941 820 1875 820 1938 820 1875 820 1956 820 1956 820 1875 820 1955 820 1957 820 1961 820 1938 820 1938 821 1961 821 1962 821 1938 820 1962 820 1951 820 1951 821 1962 821 1963 821 1951 821 1963 821 1952 821 1960 821 1951 821 1958 821 1958 820 1951 820 1953 820 1958 820 1953 820 1964 820 1964 820 1953 820 1965 820 1964 821 1965 821 1877 821 1877 820 1965 820 1966 820 1877 820 1966 820 1875 820 1875 821 1966 821 1967 821 1875 820 1967 820 1954 820 1784 822 1899 822 1778 822 1778 822 1899 822 1900 822 1778 823 1900 823 1816 823 1816 823 1900 823 1882 823 1816 824 1882 824 1808 824 1808 824 1882 824 1881 824 1808 825 1881 825 1809 825 1809 825 1881 825 1884 825 1809 826 1884 826 1821 826 1821 826 1884 826 1907 826 1821 827 1907 827 1925 827 1821 827 1925 827 1822 827 1822 828 1925 828 1924 828 1822 828 1924 828 1824 828 1824 829 1924 829 1922 829 1824 829 1922 829 1826 829 1827 830 1826 830 1920 830 1920 830 1826 830 1922 830 1827 831 1920 831 1919 831 1827 831 1919 831 1792 831 1792 832 1919 832 1893 832 1792 832 1893 832 1794 832 1794 833 1893 833 1891 833 1794 833 1891 833 1796 833 1796 834 1891 834 1889 834 1796 834 1889 834 1798 834 1798 835 1889 835 1887 835 1798 835 1887 835 1800 835 1800 836 1887 836 1871 836 1800 836 1871 836 1802 836 1802 837 1871 837 1870 837 1802 837 1870 837 1804 837 1926 838 1860 838 1927 838 1927 839 1860 839 1859 839 1927 839 1859 839 1928 839 1928 840 1859 840 1783 840 1928 840 1783 840 1904 840 1904 841 1783 841 1804 841 1904 841 1804 841 1870 841 1946 842 1854 842 1929 842 1929 842 1854 842 1848 842 1929 843 1848 843 1926 843 1926 843 1848 843 1862 843 1926 838 1862 838 1860 838 1946 844 1948 844 1854 844 1854 844 1948 844 1855 844 1857 845 1855 845 1949 845 1949 845 1855 845 1948 845 1857 846 1949 846 1950 846 1857 846 1950 846 1858 846 1858 847 1950 847 1935 847 1858 847 1935 847 1869 847 1869 848 1935 848 1934 848 1869 848 1934 848 1868 848 1868 849 1934 849 1932 849 1868 849 1932 849 1853 849 1951 850 1835 850 1938 850 1938 850 1835 850 1830 850 1938 850 1830 850 1932 850 1932 850 1830 850 1853 850 1835 851 1951 851 1960 851 1835 851 1960 851 1833 851 1833 852 1960 852 1959 852 1833 852 1959 852 1834 852 1834 853 1959 853 1958 853 1834 853 1958 853 1836 853 1843 830 1836 830 1964 830 1964 830 1836 830 1958 830 1843 854 1964 854 1788 854 1788 854 1964 854 1877 854 1788 855 1877 855 1786 855 1877 855 1897 855 1786 855 1786 856 1897 856 1899 856 1786 856 1899 856 1784 856 1856 857 1933 857 1846 857 1846 857 1933 857 1947 857 1846 858 1947 858 1847 858 1847 858 1947 858 1945 858 1847 859 1945 859 1849 859 1849 859 1945 859 1944 859 1849 860 1944 860 1863 860 1863 860 1944 860 1943 860 1863 861 1943 861 1864 861 1864 861 1943 861 1942 861 1864 862 1942 862 1865 862 1865 862 1942 862 1941 862 1865 863 1941 863 1850 863 1850 863 1941 863 1940 863 1850 864 1940 864 1851 864 1851 864 1940 864 1939 864 1851 865 1939 865 1852 865 1852 865 1939 865 1937 865 1852 866 1937 866 1866 866 1866 866 1937 866 1936 866 1866 867 1936 867 1867 867 1867 867 1936 867 1931 867 1867 868 1931 868 1856 868 1856 868 1931 868 1933 868 1829 869 1956 869 1828 869 1828 869 1956 869 1955 869 1828 870 1955 870 1840 870 1840 870 1955 870 1954 870 1840 871 1954 871 1841 871 1841 871 1954 871 1967 871 1841 860 1967 860 1842 860 1842 860 1967 860 1966 860 1842 872 1966 872 1844 872 1844 872 1966 872 1965 872 1844 873 1965 873 1845 873 1845 873 1965 873 1953 873 1845 874 1953 874 1837 874 1837 874 1953 874 1952 874 1837 875 1952 875 1838 875 1838 875 1952 875 1963 875 1838 865 1963 865 1839 865 1839 865 1963 865 1962 865 1839 876 1962 876 1832 876 1832 876 1962 876 1961 876 1832 877 1961 877 1831 877 1831 877 1961 877 1957 877 1831 878 1957 878 1829 878 1829 878 1957 878 1956 878 1803 879 1913 879 1801 879 1801 879 1913 879 1872 879 1801 880 1872 880 1799 880 1799 880 1872 880 1886 880 1799 859 1886 859 1797 859 1797 859 1886 859 1888 859 1797 860 1888 860 1795 860 1795 860 1888 860 1890 860 1795 861 1890 861 1793 861 1793 861 1890 861 1892 861 1793 881 1892 881 1791 881 1791 881 1892 881 1894 881 1791 882 1894 882 1825 882 1825 882 1894 882 1921 882 1825 864 1921 864 1823 864 1823 864 1921 864 1923 864 1823 865 1923 865 1807 865 1807 865 1923 865 1885 865 1807 866 1885 866 1806 866 1806 866 1885 866 1915 866 1806 883 1915 883 1805 883 1805 883 1915 883 1914 883 1805 884 1914 884 1803 884 1803 884 1914 884 1913 884 1782 885 1879 885 1810 885 1810 885 1879 885 1906 885 1810 886 1906 886 1811 886 1811 886 1906 886 1905 886 1811 887 1905 887 1812 887 1812 887 1905 887 1903 887 1812 888 1903 888 1813 888 1813 888 1903 888 1916 888 1813 889 1916 889 1814 889 1814 889 1916 889 1917 889 1814 890 1917 890 1815 890 1815 890 1917 890 1918 890 1815 891 1918 891 1817 891 1817 891 1918 891 1883 891 1817 892 1883 892 1818 892 1818 892 1883 892 1908 892 1818 893 1908 893 1819 893 1819 893 1908 893 1909 893 1819 894 1909 894 1820 894 1820 894 1909 894 1910 894 1820 895 1910 895 1777 895 1777 895 1910 895 1880 895 1777 896 1880 896 1782 896 1782 896 1880 896 1879 896 1861 897 1930 897 1781 897 1781 897 1930 897 1878 897 1781 898 1878 898 1775 898 1775 898 1878 898 1912 898 1775 859 1912 859 1776 859 1776 859 1912 859 1911 859 1776 860 1911 860 1779 860 1779 860 1911 860 1902 860 1779 889 1902 889 1780 889 1780 889 1902 889 1901 889 1780 899 1901 899 1785 899 1785 899 1901 899 1898 899 1785 900 1898 900 1787 900 1787 900 1898 900 1896 900 1787 901 1896 901 1789 901 1789 901 1896 901 1895 901 1789 865 1895 865 1790 865 1790 865 1895 865 1876 865 1790 866 1876 866 1772 866 1772 866 1876 866 1874 866 1772 902 1874 902 1773 902 1773 902 1874 902 1873 902 1773 903 1873 903 1861 903 1861 903 1873 903 1930 903 1968 904 1969 904 1970 904 1971 904 1972 904 1973 904 1974 904 1975 904 1976 904 1971 904 1973 904 1977 904 1977 904 1973 904 1978 904 1977 904 1978 904 1979 904 1974 904 1976 904 1980 904 1980 904 1976 904 1981 904 1980 904 1981 904 1982 904 1982 904 1981 904 1983 904 1982 904 1983 904 1984 904 1984 904 1983 904 1985 904 1984 904 1985 904 1970 904 1970 904 1985 904 1986 904 1970 904 1986 904 1968 904 1987 904 1988 904 1989 904 1989 904 1988 904 1990 904 1989 904 1990 904 1991 904 1991 904 1990 904 1992 904 1991 904 1992 904 1993 904 1993 904 1992 904 1994 904 1993 904 1994 904 1995 904 1995 904 1994 904 1996 904 1995 904 1996 904 1997 904 1997 904 1996 904 1998 904 1997 904 1998 904 1999 904 1999 904 1998 904 2000 904 1999 904 2000 904 2001 904 2001 904 2000 904 1979 904 2001 904 1979 904 2002 904 2003 904 2004 904 2005 904 1978 904 2006 904 1979 904 1979 904 2006 904 2007 904 1979 904 2007 904 2002 904 2002 904 2007 904 2008 904 2002 904 2008 904 2003 904 2003 904 2008 904 2009 904 2003 904 2009 904 2004 904 2009 904 2010 904 2004 904 2004 904 2010 904 2011 904 2004 904 2011 904 2012 904 2012 904 2011 904 2013 904 2012 904 2013 904 1974 904 1974 904 2013 904 2014 904 1974 904 2014 904 1975 904 1975 904 2014 904 2015 904 1975 904 2015 904 1972 904 1972 904 2015 904 2016 904 1972 904 2016 904 1973 904 2005 904 2017 904 2003 904 2003 904 2017 904 2018 904 2003 904 2018 904 2019 904 2019 904 2018 904 2020 904 2019 904 2020 904 2021 904 2021 904 2020 904 2022 904 2021 904 2022 904 1987 904 1987 904 2022 904 2023 904 1987 904 2023 904 1988 904 2024 904 1970 904 2025 904 2025 904 1970 904 2026 904 2025 904 2026 904 2027 904 2027 904 2026 904 2028 904 2029 904 2030 904 2031 904 2031 904 2030 904 2032 904 2032 904 2033 904 2031 904 2031 904 2033 904 2034 904 2031 904 2034 904 2026 904 2026 904 2034 904 2035 904 2026 904 2035 904 2028 904 2024 904 2036 904 1970 904 1970 904 2036 904 2037 904 1970 904 2037 904 1984 904 1984 904 2037 904 2038 904 1984 904 2038 904 2039 904 2039 904 2038 904 2040 904 2039 904 2040 904 2032 904 2032 904 2040 904 2041 904 2032 904 2041 904 2033 904 2042 904 2043 904 2044 904 2044 904 2043 904 2045 904 2046 904 2047 904 2026 904 2026 904 2047 904 2048 904 2026 904 2048 904 2049 904 2044 904 2050 904 2042 904 2042 904 2050 904 2051 904 2042 904 2051 904 2052 904 2052 904 2051 904 2053 904 2052 904 2053 904 2054 904 1979 904 2055 904 1977 904 1977 904 2055 904 2056 904 1977 904 2056 904 2057 904 2057 904 2056 904 2058 904 2057 904 2058 904 1969 904 1969 904 2058 904 2044 904 1969 904 2044 904 1970 904 1970 904 2044 904 2045 904 2045 904 2059 904 1970 904 1970 904 2059 904 2060 904 1970 904 2060 904 2026 904 2026 904 2060 904 2061 904 2026 904 2061 904 2046 904 2048 904 2062 904 2049 904 2049 904 2062 904 2063 904 2049 904 2063 904 2064 904 2064 904 2063 904 2052 904 2064 904 2052 904 2065 904 2065 904 2052 904 2054 904 2066 905 2067 905 2068 905 2069 905 2070 905 2071 905 2071 905 2070 905 2072 905 2071 905 2072 905 2073 905 2074 905 2075 905 2076 905 2077 905 2078 905 2079 905 2080 905 2077 905 2081 905 2068 905 2067 905 2082 905 2082 905 2067 905 2083 905 2082 905 2083 905 2084 905 2084 905 2083 905 2085 905 2084 905 2085 905 2086 905 2086 905 2085 905 2087 905 2086 905 2087 905 2088 905 2088 905 2087 905 2089 905 2088 905 2089 905 2090 905 2072 905 2091 905 2073 905 2073 905 2091 905 2092 905 2073 905 2092 905 2093 905 2093 905 2092 905 2094 905 2093 905 2094 905 2095 905 2095 905 2094 905 2096 905 2096 905 2094 905 2097 905 2096 905 2097 905 2098 905 2066 905 2099 905 2100 905 2100 905 2099 905 2101 905 2100 905 2101 905 2102 905 2080 905 2081 905 2103 905 2079 905 2078 905 2104 905 2104 905 2078 905 2096 905 2104 905 2096 905 2105 905 2105 905 2096 905 2098 905 2105 905 2098 905 2106 905 2106 905 2098 905 2107 905 2106 905 2107 905 2076 905 2076 905 2107 905 2108 905 2076 905 2108 905 2074 905 2068 905 2109 905 2066 905 2066 905 2109 905 2110 905 2066 905 2110 905 2099 905 2099 905 2110 905 2111 905 2099 905 2111 905 2112 905 2112 905 2111 905 2081 905 2112 905 2081 905 2113 905 2113 905 2081 905 2077 905 2113 905 2077 905 2114 905 2114 905 2077 905 2079 905 2089 905 2115 905 2090 905 2090 905 2115 905 2116 905 2090 905 2116 905 2117 905 2117 905 2116 905 2118 905 2117 905 2118 905 2119 905 2119 905 2118 905 2120 905 2119 905 2120 905 2081 905 2081 905 2120 905 2121 905 2081 905 2121 905 2103 905 2122 905 2123 905 2074 905 2102 905 2075 905 2100 905 2100 905 2075 905 2074 905 2100 905 2074 905 2124 905 2124 905 2074 905 2123 905 2071 905 2125 905 2069 905 2069 905 2125 905 2122 905 2069 905 2122 905 2126 905 2126 905 2122 905 2074 905 2127 905 2128 905 2129 905 2129 905 2128 905 2130 905 2129 905 2130 905 2131 905 2127 905 2132 905 2128 905 2128 905 2132 905 2133 905 2128 905 2133 905 2134 905 2134 905 2133 905 2135 905 2134 905 2135 905 2136 905 2137 905 2138 905 2071 905 2071 905 2138 905 2139 905 2071 905 2139 905 2125 905 2139 905 2140 905 2125 905 2125 905 2140 905 2141 905 2125 905 2141 905 2142 905 2142 905 2141 905 2143 905 2142 905 2143 905 2144 905 2144 905 2143 905 2129 905 2144 905 2129 905 2145 905 2145 905 2129 905 2131 905 2145 905 2131 905 2146 905 2147 905 2148 905 2149 905 2071 905 2150 905 2151 905 2134 905 2152 905 2153 905 2154 905 2155 905 2156 905 2136 905 2137 905 2134 905 2134 905 2137 905 2071 905 2134 905 2071 905 2152 905 2152 905 2071 905 2151 905 2153 905 2157 905 2134 905 2134 905 2157 905 2158 905 2134 905 2158 905 2147 905 2147 905 2158 905 2159 905 2147 905 2159 905 2148 905 2156 905 2147 905 2154 905 2154 905 2147 905 2149 905 2154 905 2149 905 2160 905 2160 905 2149 905 2161 905 2160 905 2161 905 2073 905 2073 905 2161 905 2162 905 2073 905 2162 905 2071 905 2071 905 2162 905 2163 905 2071 905 2163 905 2150 905 1980 906 2095 906 1974 906 1974 906 2095 906 2096 906 1974 907 2096 907 2012 907 2012 907 2096 907 2078 907 2012 908 2078 908 2004 908 2004 908 2078 908 2077 908 2004 909 2077 909 2005 909 2005 909 2077 909 2080 909 2005 910 2080 910 2017 910 2017 910 2080 910 2103 910 2017 911 2103 911 2121 911 2017 911 2121 911 2018 911 2018 912 2121 912 2120 912 2018 912 2120 912 2020 912 2020 913 2120 913 2118 913 2020 913 2118 913 2022 913 2023 914 2022 914 2116 914 2116 914 2022 914 2118 914 2023 915 2116 915 2115 915 2023 915 2115 915 1988 915 1988 916 2115 916 2089 916 1988 916 2089 916 1990 916 1990 917 2089 917 2087 917 1990 917 2087 917 1992 917 1992 918 2087 918 2085 918 1992 918 2085 918 1994 918 1994 919 2085 919 2083 919 1994 919 2083 919 1996 919 1996 920 2083 920 2067 920 1996 920 2067 920 1998 920 1998 921 2067 921 2066 921 1998 921 2066 921 2000 921 2122 922 2056 922 2123 922 2123 923 2056 923 2055 923 2123 923 2055 923 2124 923 2124 924 2055 924 1979 924 2124 924 1979 924 2100 924 2100 925 1979 925 2000 925 2100 925 2000 925 2066 925 2142 926 2050 926 2125 926 2125 926 2050 926 2044 926 2125 927 2044 927 2122 927 2122 927 2044 927 2058 927 2122 922 2058 922 2056 922 2142 928 2144 928 2050 928 2050 928 2144 928 2051 928 2053 929 2051 929 2145 929 2145 929 2051 929 2144 929 2053 930 2145 930 2146 930 2053 930 2146 930 2054 930 2054 931 2146 931 2131 931 2054 931 2131 931 2065 931 2065 932 2131 932 2130 932 2065 932 2130 932 2064 932 2064 933 2130 933 2128 933 2064 933 2128 933 2049 933 2147 934 2031 934 2134 934 2134 934 2031 934 2026 934 2134 934 2026 934 2128 934 2128 934 2026 934 2049 934 2031 935 2147 935 2156 935 2031 935 2156 935 2029 935 2029 936 2156 936 2155 936 2029 936 2155 936 2030 936 2030 937 2155 937 2154 937 2030 937 2154 937 2032 937 2039 914 2032 914 2160 914 2160 914 2032 914 2154 914 2039 938 2160 938 1984 938 1984 938 2160 938 2073 938 1984 939 2073 939 1982 939 2073 939 2093 939 1982 939 1982 940 2093 940 2095 940 1982 940 2095 940 1980 940 2052 941 2129 941 2042 941 2042 941 2129 941 2143 941 2042 942 2143 942 2043 942 2043 942 2143 942 2141 942 2043 943 2141 943 2045 943 2045 943 2141 943 2140 943 2045 944 2140 944 2059 944 2059 944 2140 944 2139 944 2059 945 2139 945 2060 945 2060 945 2139 945 2138 945 2060 946 2138 946 2061 946 2061 946 2138 946 2137 946 2061 947 2137 947 2046 947 2046 947 2137 947 2136 947 2046 948 2136 948 2047 948 2047 948 2136 948 2135 948 2047 949 2135 949 2048 949 2048 949 2135 949 2133 949 2048 950 2133 950 2062 950 2062 950 2133 950 2132 950 2062 951 2132 951 2063 951 2063 951 2132 951 2127 951 2063 952 2127 952 2052 952 2052 952 2127 952 2129 952 2025 953 2152 953 2024 953 2024 953 2152 953 2151 953 2024 954 2151 954 2036 954 2036 954 2151 954 2150 954 2036 955 2150 955 2037 955 2037 955 2150 955 2163 955 2037 944 2163 944 2038 944 2038 944 2163 944 2162 944 2038 956 2162 956 2040 956 2040 956 2162 956 2161 956 2040 957 2161 957 2041 957 2041 957 2161 957 2149 957 2041 958 2149 958 2033 958 2033 958 2149 958 2148 958 2033 959 2148 959 2034 959 2034 959 2148 959 2159 959 2034 949 2159 949 2035 949 2035 949 2159 949 2158 949 2035 960 2158 960 2028 960 2028 960 2158 960 2157 960 2028 961 2157 961 2027 961 2027 961 2157 961 2153 961 2027 962 2153 962 2025 962 2025 962 2153 962 2152 962 1999 963 2109 963 1997 963 1997 963 2109 963 2068 963 1997 964 2068 964 1995 964 1995 964 2068 964 2082 964 1995 943 2082 943 1993 943 1993 943 2082 943 2084 943 1993 944 2084 944 1991 944 1991 944 2084 944 2086 944 1991 945 2086 945 1989 945 1989 945 2086 945 2088 945 1989 965 2088 965 1987 965 1987 965 2088 965 2090 965 1987 966 2090 966 2021 966 2021 966 2090 966 2117 966 2021 948 2117 948 2019 948 2019 948 2117 948 2119 948 2019 949 2119 949 2003 949 2003 949 2119 949 2081 949 2003 950 2081 950 2002 950 2002 950 2081 950 2111 950 2002 967 2111 967 2001 967 2001 967 2111 967 2110 967 2001 968 2110 968 1999 968 1999 968 2110 968 2109 968 1978 969 2075 969 2006 969 2006 969 2075 969 2102 969 2006 970 2102 970 2007 970 2007 970 2102 970 2101 970 2007 971 2101 971 2008 971 2008 971 2101 971 2099 971 2008 972 2099 972 2009 972 2009 972 2099 972 2112 972 2009 973 2112 973 2010 973 2010 973 2112 973 2113 973 2010 974 2113 974 2011 974 2011 974 2113 974 2114 974 2011 975 2114 975 2013 975 2013 975 2114 975 2079 975 2013 976 2079 976 2014 976 2014 976 2079 976 2104 976 2014 977 2104 977 2015 977 2015 977 2104 977 2105 977 2015 978 2105 978 2016 978 2016 978 2105 978 2106 978 2016 979 2106 979 1973 979 1973 979 2106 979 2076 979 1973 980 2076 980 1978 980 1978 980 2076 980 2075 980 2057 937 2126 937 1977 937 1977 937 2126 937 2074 937 1977 981 2074 981 1971 981 1971 981 2074 981 2108 981 1971 943 2108 943 1972 943 1972 943 2108 943 2107 943 1972 944 2107 944 1975 944 1975 944 2107 944 2098 944 1975 973 2098 973 1976 973 1976 973 2098 973 2097 973 1976 982 2097 982 1981 982 1981 982 2097 982 2094 982 1981 983 2094 983 1983 983 1983 983 2094 983 2092 983 1983 984 2092 984 1985 984 1985 984 2092 984 2091 984 1985 949 2091 949 1986 949 1986 949 2091 949 2072 949 1986 950 2072 950 1968 950 1968 950 2072 950 2070 950 1968 985 2070 985 1969 985 1969 985 2070 985 2069 985 1969 986 2069 986 2057 986 2057 986 2069 986 2126 986 2164 987 2165 987 2166 987 2166 987 2165 987 2167 987 2166 988 2167 988 2168 988 2168 988 2167 988 2169 988 2168 989 2169 989 2170 989 2170 989 2169 989 2171 989 2170 990 2171 990 2172 990 2172 990 2171 990 2173 990 2172 991 2173 991 2174 991 2174 991 2173 991 2175 991 2176 992 2174 992 2177 992 2177 992 2174 992 2175 992 2178 993 2176 993 2179 993 2179 993 2176 993 2177 993 2178 994 2179 994 2180 994 2180 994 2179 994 2181 994 2180 995 2181 995 2182 995 2182 995 2181 995 2183 995 2182 996 2183 996 2184 996 2184 996 2183 996 2185 996 2184 997 2185 997 2186 997 2184 997 2186 997 2187 997 2187 998 2186 998 2188 998 2187 998 2188 998 2189 998 2189 999 2188 999 2190 999 2189 999 2190 999 2191 999 2191 1000 2190 1000 2192 1000 2191 1000 2192 1000 2193 1000 2193 1001 2192 1001 2194 1001 2193 1001 2194 1001 2195 1001 2195 1002 2194 1002 2196 1002 2196 1002 2194 1002 2197 1002 2196 1003 2197 1003 2198 1003 2198 1003 2197 1003 2199 1003 2200 1004 2201 1004 2202 1004 2202 1004 2201 1004 2203 1004 2202 1005 2203 1005 2204 1005 2204 1005 2203 1005 2205 1005 2204 1006 2205 1006 2206 1006 2206 1006 2205 1006 2207 1006 2206 1007 2207 1007 2208 1007 2208 1007 2207 1007 2209 1007 2208 1008 2209 1008 2210 1008 2208 1008 2210 1008 2211 1008 2211 1009 2210 1009 2212 1009 2211 1009 2212 1009 2213 1009 2213 1010 2212 1010 2214 1010 2213 1010 2214 1010 2215 1010 2215 1011 2214 1011 2216 1011 2215 1011 2216 1011 2217 1011 2217 1012 2216 1012 2218 1012 2217 1012 2218 1012 2219 1012 2219 1013 2218 1013 2220 1013 2219 1013 2220 1013 2221 1013 2221 1014 2220 1014 2222 1014 2221 1014 2222 1014 2223 1014 2223 1015 2222 1015 2224 1015 2224 1015 2222 1015 2225 1015 2224 1016 2225 1016 2226 1016 2226 1016 2225 1016 2227 1016 2226 1017 2227 1017 2228 1017 2228 1017 2227 1017 2229 1017 2228 1018 2229 1018 2230 1018 2230 1018 2229 1018 2231 1018 2230 1019 2231 1019 2232 1019 2232 1019 2231 1019 2233 1019 2232 1020 2233 1020 2234 1020 2234 1020 2233 1020 2235 1020 2234 1021 2235 1021 2236 1021 2234 1021 2236 1021 2237 1021 2237 1022 2236 1022 2238 1022 2237 1022 2238 1022 2239 1022 2239 1023 2238 1023 2240 1023 2239 1023 2240 1023 2241 1023 2241 1024 2240 1024 2242 1024 2241 1024 2242 1024 2243 1024 2243 1025 2242 1025 2244 1025 2243 1025 2244 1025 2245 1025 2245 1026 2244 1026 2246 1026 2245 1026 2246 1026 2247 1026 2247 1027 2246 1027 2248 1027 2248 1027 2246 1027 2249 1027 2248 1028 2249 1028 2250 1028 2250 1028 2249 1028 2251 1028 2250 1029 2251 1029 2252 1029 2252 1029 2251 1029 2253 1029 2252 1030 2253 1030 2254 1030 2254 1030 2253 1030 2255 1030 2254 1031 2255 1031 2256 1031 2256 1031 2255 1031 2257 1031 2256 1032 2257 1032 2258 1032 2258 1032 2257 1032 2259 1032 2258 1033 2259 1033 2260 1033 2260 1033 2259 1033 2261 1033 2260 1034 2261 1034 2262 1034 2260 1034 2262 1034 2263 1034 2263 1035 2262 1035 2264 1035 2263 1035 2264 1035 2265 1035 2265 1036 2264 1036 2266 1036 2265 1036 2266 1036 2267 1036 2267 1037 2266 1037 2268 1037 2267 1037 2268 1037 2269 1037 2269 1038 2268 1038 2270 1038 2269 1038 2270 1038 2271 1038 2271 1039 2270 1039 2272 1039 2271 1039 2272 1039 2273 1039 2273 1040 2272 1040 2274 1040 2274 1040 2272 1040 2275 1040 2274 1041 2275 1041 2276 1041 2276 1041 2275 1041 2277 1041 2276 1042 2277 1042 2278 1042 2278 1042 2277 1042 2279 1042 2278 1043 2279 1043 2280 1043 2280 1043 2279 1043 2281 1043 2280 1044 2281 1044 2282 1044 2282 1044 2281 1044 2283 1044 2282 1045 2283 1045 2284 1045 2284 1045 2283 1045 2285 1045 2284 1046 2285 1046 2286 1046 2286 1046 2285 1046 2287 1046 2286 1047 2287 1047 2288 1047 2286 1047 2288 1047 2289 1047 2289 1048 2288 1048 2290 1048 2289 1048 2290 1048 2291 1048 2291 1049 2290 1049 2292 1049 2291 1049 2292 1049 2293 1049 2293 1050 2292 1050 2294 1050 2293 1050 2294 1050 2295 1050 2295 1051 2294 1051 2296 1051 2295 1051 2296 1051 2297 1051 2297 1052 2296 1052 2298 1052 2297 1052 2298 1052 2299 1052 2299 1053 2298 1053 2300 1053 2300 1053 2298 1053 2301 1053 2300 1054 2301 1054 2302 1054 2302 1054 2301 1054 2303 1054 2302 1055 2303 1055 2304 1055 2304 1055 2303 1055 2305 1055 2304 1056 2305 1056 2306 1056 2306 1056 2305 1056 2307 1056 2306 1057 2307 1057 2308 1057 2308 1057 2307 1057 2309 1057 2308 1058 2309 1058 2310 1058 2310 1058 2309 1058 2311 1058 2310 1059 2311 1059 2312 1059 2312 1059 2311 1059 2313 1059 2312 1060 2313 1060 2314 1060 2312 1060 2314 1060 2315 1060 2315 1061 2314 1061 2316 1061 2315 1061 2316 1061 2317 1061 2317 1062 2316 1062 2318 1062 2317 1062 2318 1062 2319 1062 2319 1063 2318 1063 2320 1063 2319 1063 2320 1063 2321 1063 2321 1064 2320 1064 2322 1064 2321 1064 2322 1064 2323 1064 2323 1065 2322 1065 2324 1065 2323 1065 2324 1065 2325 1065 2325 1066 2324 1066 2326 1066 2326 1066 2324 1066 2327 1066 2326 1067 2327 1067 2328 1067 2328 1067 2327 1067 2329 1067 2328 1068 2329 1068 2330 1068 2330 1068 2329 1068 2331 1068 2330 1069 2331 1069 2332 1069 2332 1069 2331 1069 2333 1069 2332 1070 2333 1070 2334 1070 2334 1070 2333 1070 2335 1070 2334 1071 2335 1071 2336 1071 2336 1071 2335 1071 2337 1071 2336 1072 2337 1072 2338 1072 2338 1072 2337 1072 2339 1072 2338 1073 2339 1073 2340 1073 2338 1073 2340 1073 2341 1073 2341 1074 2340 1074 2342 1074 2341 1074 2342 1074 2343 1074 2343 1075 2342 1075 2344 1075 2343 1075 2344 1075 2345 1075 2345 1076 2344 1076 2346 1076 2345 1076 2346 1076 2347 1076 2347 1077 2346 1077 2348 1077 2347 1077 2348 1077 2349 1077 2349 1078 2348 1078 2350 1078 2349 1078 2350 1078 2351 1078 2351 1079 2350 1079 2352 1079 2352 1079 2350 1079 2353 1079 2352 1080 2353 1080 2354 1080 2354 1080 2353 1080 2355 1080 2354 1081 2355 1081 2356 1081 2356 1081 2355 1081 2357 1081 2356 1082 2357 1082 2358 1082 2358 1082 2357 1082 2359 1082 2358 1083 2359 1083 2360 1083 2360 1083 2359 1083 2361 1083 2360 1084 2361 1084 2362 1084 2362 1084 2361 1084 2363 1084 2362 1085 2363 1085 2364 1085 2362 1085 2364 1085 2365 1085 2365 1086 2364 1086 2366 1086 2365 1086 2366 1086 2367 1086 2367 1087 2366 1087 2368 1087 2367 1087 2368 1087 2369 1087 2369 1088 2368 1088 2370 1088 2369 1088 2370 1088 2371 1088 2371 1089 2370 1089 2372 1089 2371 1089 2372 1089 2373 1089 2373 1090 2372 1090 2374 1090 2373 1090 2374 1090 2375 1090 2375 1091 2374 1091 2376 1091 2375 1091 2376 1091 2377 1091 2377 1092 2376 1092 2378 1092 2378 1092 2376 1092 2379 1092 2378 1093 2379 1093 2380 1093 2380 1093 2379 1093 2381 1093 2380 1094 2381 1094 2382 1094 2382 1094 2381 1094 2383 1094 2382 1095 2383 1095 2384 1095 2384 1095 2383 1095 2385 1095 2384 1096 2385 1096 2386 1096 2386 1096 2385 1096 2387 1096 2386 1097 2387 1097 2388 1097 2388 1097 2387 1097 2389 1097 2388 1098 2389 1098 2390 1098 2388 1098 2390 1098 2391 1098 2391 1099 2390 1099 2392 1099 2391 1099 2392 1099 2393 1099 2393 1100 2392 1100 2394 1100 2393 1100 2394 1100 2395 1100 2395 1101 2394 1101 2396 1101 2395 1101 2396 1101 2397 1101 2397 1102 2396 1102 2398 1102 2397 1102 2398 1102 2399 1102 2399 1103 2398 1103 2165 1103 2399 1103 2165 1103 2164 1103 2172 1104 2174 1104 2176 1104 2206 1104 2195 1104 2204 1104 2204 1104 2195 1104 2196 1104 2204 1104 2196 1104 2202 1104 2202 1104 2196 1104 2198 1104 2202 1105 2198 1105 2200 1105 2193 1104 2230 1104 2232 1104 2230 1104 2193 1104 2228 1104 2228 1104 2193 1104 2195 1104 2228 1104 2195 1104 2226 1104 2226 1104 2195 1104 2206 1104 2226 1104 2206 1104 2224 1104 2224 1105 2206 1105 2208 1105 2224 1105 2208 1105 2223 1105 2223 1104 2208 1104 2211 1104 2223 1104 2211 1104 2213 1104 2182 1104 2378 1104 2380 1104 2219 1104 2221 1104 2217 1104 2217 1104 2221 1104 2223 1104 2217 1104 2223 1104 2215 1104 2215 1104 2223 1104 2213 1104 2373 1105 2375 1105 2377 1105 2180 1104 2384 1104 2178 1104 2178 1104 2384 1104 2386 1104 2182 1104 2380 1104 2180 1104 2180 1104 2380 1104 2382 1104 2180 1104 2382 1104 2384 1104 2245 1104 2247 1104 2234 1104 2234 1104 2247 1104 2248 1104 2234 1104 2248 1104 2232 1104 2232 1104 2248 1104 2250 1104 2232 1104 2250 1104 2193 1104 2365 1104 2367 1104 2362 1104 2362 1104 2367 1104 2369 1104 2184 1104 2356 1104 2182 1104 2182 1105 2356 1105 2358 1105 2182 1104 2358 1104 2378 1104 2378 1104 2358 1104 2360 1104 2378 1104 2360 1104 2377 1104 2377 1104 2360 1104 2362 1104 2377 1104 2362 1104 2373 1104 2373 1104 2362 1104 2369 1104 2373 1104 2369 1104 2371 1104 2250 1104 2252 1104 2193 1104 2193 1104 2252 1104 2254 1104 2193 1104 2254 1104 2191 1104 2191 1105 2254 1105 2256 1105 2191 1104 2256 1104 2258 1104 2397 1104 2399 1104 2395 1104 2395 1104 2399 1104 2164 1104 2395 1105 2164 1105 2393 1105 2273 1104 2274 1104 2260 1104 2306 1104 2187 1104 2189 1104 2172 1105 2176 1105 2170 1105 2170 1104 2176 1104 2178 1104 2170 1104 2178 1104 2168 1104 2168 1104 2178 1104 2386 1104 2168 1104 2386 1104 2166 1104 2166 1104 2386 1104 2388 1104 2166 1104 2388 1104 2164 1104 2164 1104 2388 1104 2391 1104 2164 1105 2391 1105 2393 1105 2241 1105 2243 1105 2239 1105 2239 1104 2243 1104 2245 1104 2239 1104 2245 1104 2237 1104 2237 1104 2245 1104 2234 1104 2276 1104 2191 1104 2274 1104 2274 1104 2191 1104 2258 1104 2274 1104 2258 1104 2260 1104 2300 1104 2302 1104 2189 1104 2189 1104 2302 1104 2304 1104 2189 1104 2304 1104 2306 1104 2276 1104 2278 1104 2191 1104 2191 1104 2278 1104 2280 1104 2191 1105 2280 1105 2189 1105 2280 1104 2282 1104 2189 1104 2189 1105 2282 1105 2284 1105 2189 1105 2284 1105 2300 1105 2300 1104 2284 1104 2286 1104 2300 1105 2286 1105 2299 1105 2299 1104 2286 1104 2289 1104 2260 1104 2263 1104 2265 1104 2326 1105 2328 1105 2187 1105 2187 1104 2328 1104 2330 1104 2271 1104 2273 1104 2269 1104 2269 1105 2273 1105 2260 1105 2269 1104 2260 1104 2267 1104 2267 1105 2260 1105 2265 1105 2295 1104 2297 1104 2293 1104 2293 1104 2297 1104 2299 1104 2293 1104 2299 1104 2291 1104 2291 1104 2299 1104 2289 1104 2330 1104 2332 1104 2187 1104 2187 1105 2332 1105 2352 1105 2187 1105 2352 1105 2184 1105 2184 1104 2352 1104 2354 1104 2184 1104 2354 1104 2356 1104 2306 1104 2308 1104 2187 1104 2187 1105 2308 1105 2310 1105 2187 1104 2310 1104 2326 1104 2326 1104 2310 1104 2312 1104 2326 1104 2312 1104 2325 1104 2325 1104 2312 1104 2315 1104 2325 1104 2315 1104 2317 1104 2317 1105 2319 1105 2325 1105 2325 1104 2319 1104 2321 1104 2325 1105 2321 1105 2323 1105 2341 1104 2343 1104 2345 1104 2332 1104 2334 1104 2352 1104 2352 1104 2334 1104 2336 1104 2352 1104 2336 1104 2351 1104 2351 1105 2336 1105 2338 1105 2351 1104 2338 1104 2349 1104 2349 1104 2338 1104 2341 1104 2349 1104 2341 1104 2347 1104 2347 1105 2341 1105 2345 1105 2192 1106 2233 1106 2231 1106 2212 1106 2210 1106 2209 1106 2194 1107 2207 1107 2197 1107 2197 1106 2207 1106 2205 1106 2197 1106 2205 1106 2199 1106 2199 1107 2205 1107 2203 1107 2199 1107 2203 1107 2201 1107 2192 1106 2231 1106 2194 1106 2181 1106 2179 1106 2387 1106 2177 1106 2175 1106 2173 1106 2387 1107 2385 1107 2181 1107 2181 1106 2385 1106 2383 1106 2181 1106 2383 1106 2183 1106 2220 1107 2218 1107 2222 1107 2222 1106 2218 1106 2216 1106 2231 1106 2229 1106 2194 1106 2194 1106 2229 1106 2227 1106 2194 1106 2227 1106 2207 1106 2207 1106 2227 1106 2225 1106 2207 1107 2225 1107 2209 1107 2209 1107 2225 1107 2222 1107 2209 1106 2222 1106 2212 1106 2212 1106 2222 1106 2216 1106 2212 1106 2216 1106 2214 1106 2177 1106 2173 1106 2179 1106 2392 1106 2390 1106 2389 1106 2383 1106 2381 1106 2183 1106 2183 1106 2381 1106 2379 1106 2183 1106 2379 1106 2361 1106 2361 1106 2379 1106 2376 1106 2361 1106 2376 1106 2363 1106 2363 1107 2376 1107 2374 1107 2363 1106 2374 1106 2372 1106 2366 1106 2364 1106 2368 1106 2368 1106 2364 1106 2363 1106 2368 1107 2363 1107 2370 1107 2370 1106 2363 1106 2372 1106 2398 1106 2396 1106 2165 1106 2165 1107 2396 1107 2394 1107 2255 1106 2192 1106 2257 1106 2257 1106 2192 1106 2190 1106 2257 1106 2190 1106 2259 1106 2394 1107 2392 1107 2165 1107 2165 1106 2392 1106 2389 1106 2165 1106 2389 1106 2167 1106 2167 1106 2389 1106 2387 1106 2167 1106 2387 1106 2169 1106 2169 1106 2387 1106 2179 1106 2169 1106 2179 1106 2171 1106 2171 1106 2179 1106 2173 1106 2244 1106 2242 1106 2240 1106 2190 1106 2277 1106 2259 1106 2259 1107 2277 1107 2275 1107 2259 1106 2275 1106 2261 1106 2261 1106 2275 1106 2272 1106 2261 1106 2272 1106 2270 1106 2255 1106 2253 1106 2192 1106 2192 1106 2253 1106 2251 1106 2192 1106 2251 1106 2233 1106 2233 1106 2251 1106 2249 1106 2233 1106 2249 1106 2235 1106 2235 1106 2249 1106 2246 1106 2235 1106 2246 1106 2236 1106 2236 1106 2246 1106 2244 1106 2236 1106 2244 1106 2238 1106 2238 1106 2244 1106 2240 1106 2361 1106 2359 1106 2183 1106 2183 1107 2359 1107 2357 1107 2183 1106 2357 1106 2185 1106 2185 1106 2357 1106 2355 1106 2185 1106 2355 1106 2186 1106 2186 1106 2355 1106 2353 1106 2186 1107 2353 1107 2333 1107 2285 1107 2283 1107 2188 1107 2188 1106 2283 1106 2281 1106 2188 1107 2281 1107 2190 1107 2190 1106 2281 1106 2279 1106 2190 1106 2279 1106 2277 1106 2311 1107 2309 1107 2186 1107 2186 1106 2309 1106 2307 1106 2186 1106 2307 1106 2188 1106 2264 1106 2262 1106 2266 1106 2266 1106 2262 1106 2261 1106 2266 1106 2261 1106 2268 1106 2268 1106 2261 1106 2270 1106 2333 1106 2331 1106 2186 1106 2186 1106 2331 1106 2329 1106 2186 1107 2329 1107 2311 1107 2311 1106 2329 1106 2327 1106 2311 1106 2327 1106 2313 1106 2313 1106 2327 1106 2324 1106 2313 1106 2324 1106 2314 1106 2296 1106 2294 1106 2298 1106 2298 1107 2294 1107 2292 1107 2307 1106 2305 1106 2188 1106 2188 1106 2305 1106 2303 1106 2188 1106 2303 1106 2285 1106 2285 1106 2303 1106 2301 1106 2285 1106 2301 1106 2287 1106 2287 1107 2301 1107 2298 1107 2287 1106 2298 1106 2288 1106 2288 1106 2298 1106 2292 1106 2288 1106 2292 1106 2290 1106 2324 1107 2322 1107 2320 1107 2314 1106 2324 1106 2316 1106 2316 1107 2324 1107 2320 1107 2316 1106 2320 1106 2318 1106 2344 1106 2342 1106 2346 1106 2346 1107 2342 1107 2340 1107 2346 1106 2340 1106 2348 1106 2348 1106 2340 1106 2339 1106 2348 1106 2339 1106 2350 1106 2350 1107 2339 1107 2337 1107 2350 1106 2337 1106 2353 1106 2353 1106 2337 1106 2335 1106 2353 1106 2335 1106 2333 1106 2198 1108 2199 1108 2200 1108 2200 1108 2199 1108 2201 1108 2400 1109 2401 1109 2402 1109 2403 1109 2404 1109 2405 1109 2405 1109 2404 1109 2406 1109 2405 1109 2406 1109 2407 1109 2407 1109 2406 1109 2408 1109 2403 1109 2405 1109 2409 1109 2409 1109 2405 1109 2410 1109 2409 1109 2410 1109 2411 1109 2411 1109 2410 1109 2412 1109 2411 1109 2412 1109 2413 1109 2414 1109 2415 1109 2416 1109 2416 1109 2415 1109 2417 1109 2404 1109 2418 1109 2406 1109 2406 1109 2418 1109 2419 1109 2406 1109 2419 1109 2420 1109 2420 1109 2419 1109 2421 1109 2420 1109 2421 1109 2422 1109 2422 1109 2421 1109 2416 1109 2422 1109 2416 1109 2423 1109 2423 1109 2416 1109 2417 1109 2424 1109 2425 1109 2426 1109 2412 1109 2427 1109 2414 1109 2428 1109 2429 1109 2402 1109 2402 1109 2429 1109 2430 1109 2402 1109 2430 1109 2400 1109 2416 1109 2431 1109 2414 1109 2414 1109 2431 1109 2432 1109 2414 1109 2432 1109 2412 1109 2412 1109 2432 1109 2433 1109 2412 1109 2433 1109 2413 1109 2427 1109 2434 1109 2414 1109 2414 1109 2434 1109 2435 1109 2414 1109 2435 1109 2436 1109 2436 1109 2435 1109 2437 1109 2436 1109 2437 1109 2426 1109 2426 1109 2437 1109 2438 1109 2426 1109 2438 1109 2424 1109 2439 1109 2440 1109 2441 1109 2441 1109 2440 1109 2442 1109 2408 1109 2406 1109 2443 1109 2443 1109 2406 1109 2441 1109 2443 1109 2441 1109 2444 1109 2444 1109 2441 1109 2442 1109 2444 1109 2442 1109 2445 1109 2446 1109 2447 1109 2402 1109 2402 1109 2447 1109 2448 1109 2402 1109 2448 1109 2449 1109 2449 1109 2450 1109 2402 1109 2402 1109 2450 1109 2426 1109 2402 1109 2426 1109 2428 1109 2428 1109 2426 1109 2425 1109 2451 1109 2452 1109 2453 1109 2454 1109 2455 1109 2402 1109 2402 1109 2455 1109 2456 1109 2402 1109 2456 1109 2446 1109 2452 1109 2451 1109 2457 1109 2450 1109 2458 1109 2426 1109 2426 1109 2458 1109 2459 1109 2426 1109 2459 1109 2460 1109 2460 1109 2459 1109 2461 1109 2460 1109 2461 1109 2462 1109 2462 1109 2461 1109 2463 1109 2462 1109 2463 1109 2464 1109 2464 1109 2463 1109 2465 1109 2464 1109 2465 1109 2466 1109 2466 1109 2465 1109 2467 1109 2467 1109 2465 1109 2468 1109 2467 1109 2468 1109 2469 1109 2469 1109 2468 1109 2470 1109 2469 1109 2470 1109 2446 1109 2446 1109 2470 1109 2471 1109 2446 1109 2471 1109 2447 1109 2472 1109 2473 1109 2474 1109 2474 1109 2473 1109 2475 1109 2474 1109 2475 1109 2476 1109 2476 1109 2475 1109 2462 1109 2476 1109 2462 1109 2477 1109 2477 1109 2462 1109 2464 1109 2472 1109 2478 1109 2473 1109 2473 1109 2478 1109 2479 1109 2473 1109 2479 1109 2480 1109 2480 1109 2479 1109 2457 1109 2480 1109 2457 1109 2481 1109 2481 1109 2457 1109 2451 1109 2402 1109 2482 1109 2483 1109 2453 1109 2454 1109 2451 1109 2451 1109 2454 1109 2402 1109 2451 1109 2402 1109 2484 1109 2484 1109 2402 1109 2483 1109 2485 1109 2486 1109 2487 1109 2485 1109 2482 1109 2486 1109 2486 1109 2482 1109 2402 1109 2486 1109 2402 1109 2488 1109 2488 1109 2402 1109 2401 1109 2488 1109 2401 1109 2489 1109 2489 1109 2401 1109 2408 1109 2489 1109 2408 1109 2490 1109 2490 1109 2408 1109 2443 1109 2491 1109 2492 1109 2493 1109 2493 1109 2492 1109 2494 1109 2493 1109 2494 1109 2495 1109 2495 1109 2494 1109 2496 1109 2495 1109 2496 1109 2497 1109 2497 1109 2496 1109 2498 1109 2497 1109 2498 1109 2499 1109 2499 1109 2498 1109 2451 1109 2499 1109 2451 1109 2500 1109 2500 1109 2451 1109 2484 1109 2487 1109 2501 1109 2485 1109 2485 1109 2501 1109 2502 1109 2485 1109 2502 1109 2503 1109 2503 1109 2502 1109 2504 1109 2503 1109 2504 1109 2505 1109 2505 1109 2504 1109 2506 1109 2505 1109 2506 1109 2491 1109 2491 1109 2506 1109 2507 1109 2491 1109 2507 1109 2492 1109 1997 1110 1999 1110 2508 1110 2012 1110 1974 1110 2509 1110 2510 1110 2511 1110 2512 1110 2512 1110 2511 1110 2513 1110 2512 1110 2513 1110 1980 1110 2514 1110 2515 1110 2516 1110 2516 1110 2515 1110 2511 1110 2516 1110 2511 1110 2517 1110 2517 1110 2511 1110 2510 1110 2518 1110 2519 1110 2520 1110 1977 1110 2057 1110 2521 1110 1986 1110 1985 1110 2513 1110 2513 1110 1985 1110 1983 1110 2513 1110 1983 1110 2522 1110 1974 1110 1980 1110 2509 1110 2509 1110 1980 1110 2513 1110 2509 1110 2513 1110 2523 1110 2523 1110 2513 1110 2522 1110 2521 1110 2057 1110 2520 1110 2520 1110 2057 1110 1969 1110 2520 1110 1969 1110 2518 1110 1971 1110 2524 1110 1972 1110 1972 1110 2524 1110 1975 1110 2525 1110 2526 1110 2527 1110 2527 1110 2526 1110 2528 1110 1986 1110 2513 1110 1968 1110 1968 1110 2513 1110 2529 1110 1968 1110 2529 1110 1969 1110 1969 1110 2529 1110 2530 1110 1969 1110 2530 1110 2518 1110 1983 1110 1981 1110 2522 1110 2522 1110 1981 1110 1976 1110 2522 1110 1976 1110 2531 1110 2531 1110 1976 1110 1975 1110 2531 1110 1975 1110 2532 1110 2532 1110 1975 1110 2524 1110 2533 1110 2524 1110 2521 1110 2521 1110 2524 1110 1971 1110 2521 1110 1971 1110 1977 1110 2528 1110 2534 1110 2527 1110 2527 1110 2534 1110 2535 1110 2527 1110 2535 1110 2536 1110 2536 1110 2535 1110 2537 1110 2537 1110 2538 1110 2536 1110 2536 1110 2538 1110 2539 1110 2536 1110 2539 1110 2540 1110 2540 1110 2539 1110 2541 1110 2540 1110 2541 1110 2521 1110 2521 1110 2541 1110 2542 1110 2521 1110 2542 1110 2533 1110 2508 1110 1999 1110 2527 1110 1999 1110 2001 1110 2527 1110 2527 1110 2001 1110 2002 1110 2527 1110 2002 1110 2003 1110 1987 1110 1989 1110 1990 1110 2509 1110 2525 1110 2012 1110 2012 1110 2525 1110 2527 1110 2012 1110 2527 1110 2004 1110 2004 1110 2527 1110 2003 1110 2004 1110 2003 1110 2005 1110 2005 1110 2003 1110 2017 1110 1990 1110 1989 1110 1992 1110 1992 1110 1989 1110 1991 1110 1992 1110 1991 1110 1994 1110 1994 1110 1991 1110 1993 1110 1994 1110 1993 1110 2508 1110 2508 1110 1993 1110 1995 1110 2508 1110 1995 1110 1997 1110 1990 1110 1988 1110 1987 1110 1987 1110 1988 1110 2023 1110 1987 1110 2023 1110 2021 1110 2021 1110 2023 1110 2022 1110 2021 1110 2022 1110 2019 1110 2019 1110 2022 1110 2020 1110 2019 1110 2020 1110 2003 1110 2003 1110 2020 1110 2018 1110 2003 1110 2018 1110 2017 1110 1978 1110 1973 1110 2536 1110 2536 1110 2543 1110 1978 1110 1978 1110 2543 1110 2544 1110 1978 1110 2544 1110 2006 1110 2006 1110 2544 1110 2007 1110 2508 1110 2545 1110 2546 1110 2508 1110 2546 1110 1996 1110 1973 1110 2016 1110 2536 1110 2536 1110 2016 1110 2015 1110 2536 1110 2015 1110 2527 1110 2527 1110 2015 1110 2014 1110 2527 1110 2547 1110 2548 1110 2014 1110 2013 1110 2527 1110 2527 1110 2013 1110 2011 1110 2527 1110 2011 1110 2547 1110 2549 1110 2550 1110 2000 1110 2000 1110 2550 1110 2551 1110 2000 1110 2551 1110 2552 1110 2552 1110 2551 1110 2553 1110 2552 1110 2553 1110 2554 1110 2554 1110 2553 1110 2555 1110 2554 1110 2555 1110 2543 1110 2543 1110 2555 1110 2556 1110 2543 1110 2556 1110 2544 1110 2549 1110 2000 1110 2546 1110 2546 1110 2000 1110 1998 1110 2546 1110 1998 1110 1996 1110 2011 1110 2010 1110 2547 1110 2547 1110 2010 1110 2009 1110 2547 1110 2009 1110 2557 1110 2557 1110 2009 1110 2008 1110 2557 1110 2008 1110 2558 1110 2558 1110 2008 1110 2007 1110 2558 1110 2007 1110 2559 1110 2559 1110 2007 1110 2544 1110 2548 1110 2560 1110 2527 1110 2527 1110 2560 1110 2561 1110 2527 1110 2561 1110 2508 1110 2508 1110 2561 1110 2562 1110 2508 1110 2562 1110 2545 1110 2490 1111 1980 1111 2489 1111 2489 1111 1980 1111 1974 1111 2489 1112 1974 1112 2488 1112 2488 1112 1974 1112 2012 1112 2488 1113 2012 1113 2486 1113 2486 1113 2012 1113 2004 1113 2486 1114 2004 1114 2487 1114 2487 1114 2004 1114 2005 1114 2487 1115 2005 1115 2501 1115 2501 1115 2005 1115 2017 1115 2501 1116 2017 1116 2018 1116 2501 1116 2018 1116 2502 1116 2502 1117 2018 1117 2020 1117 2502 1117 2020 1117 2504 1117 2504 1118 2020 1118 2022 1118 2504 1118 2022 1118 2506 1118 2507 1119 2506 1119 2023 1119 2023 1119 2506 1119 2022 1119 2507 1120 2023 1120 1988 1120 2507 1120 1988 1120 2492 1120 2492 1121 1988 1121 1990 1121 2492 1121 1990 1121 2494 1121 2494 1122 1990 1122 1992 1122 2494 1122 1992 1122 2496 1122 2496 1123 1992 1123 1994 1123 2496 1123 1994 1123 2498 1123 2498 1124 1994 1124 2451 1124 2451 1124 1994 1124 2508 1124 2451 1125 2508 1125 2481 1125 2508 1125 1996 1125 2481 1125 2481 1126 1996 1126 1998 1126 2481 1126 1998 1126 2480 1126 2480 1127 1998 1127 2000 1127 2480 1127 2000 1127 2473 1127 2473 1128 2000 1128 2552 1128 2473 1128 2552 1128 2475 1128 2475 1129 2552 1129 2554 1129 2475 1129 2554 1129 2462 1129 2462 1130 2554 1130 2543 1130 2462 1130 2543 1130 2460 1130 2460 1131 2543 1131 2426 1131 2426 1131 2543 1131 2536 1131 2426 1132 2536 1132 2436 1132 2536 1132 2540 1132 2436 1132 2436 1133 2540 1133 2521 1133 2436 1133 2521 1133 2414 1133 2444 1134 2510 1134 2512 1134 2444 1134 2512 1134 2443 1134 2443 1135 2512 1135 1980 1135 2443 1135 1980 1135 2490 1135 2457 1136 2546 1136 2452 1136 2452 1136 2546 1136 2545 1136 2452 1137 2545 1137 2453 1137 2453 1137 2545 1137 2562 1137 2453 1138 2562 1138 2454 1138 2454 1138 2562 1138 2561 1138 2457 1139 2479 1139 2546 1139 2546 1139 2479 1139 2549 1139 2474 1140 2553 1140 2472 1140 2472 1140 2553 1140 2551 1140 2472 1141 2551 1141 2478 1141 2478 1141 2551 1141 2550 1141 2478 1142 2550 1142 2479 1142 2479 1142 2550 1142 2549 1142 2474 1143 2476 1143 2553 1143 2553 1143 2476 1143 2555 1143 2467 1144 2558 1144 2466 1144 2466 1144 2558 1144 2559 1144 2466 1145 2559 1145 2464 1145 2464 1145 2559 1145 2544 1145 2464 1146 2544 1146 2477 1146 2477 1146 2544 1146 2556 1146 2477 1147 2556 1147 2476 1147 2476 1147 2556 1147 2555 1147 2467 1148 2469 1148 2558 1148 2558 1148 2469 1148 2557 1148 2455 1149 2560 1149 2456 1149 2456 1149 2560 1149 2548 1149 2456 1150 2548 1150 2446 1150 2446 1150 2548 1150 2547 1150 2446 1151 2547 1151 2469 1151 2469 1151 2547 1151 2557 1151 2455 1152 2454 1152 2560 1152 2560 1152 2454 1152 2561 1152 2429 1153 2534 1153 2430 1153 2430 1153 2534 1153 2528 1153 2430 1154 2528 1154 2400 1154 2400 1154 2528 1154 2526 1154 2400 1155 2526 1155 2401 1155 2401 1155 2526 1155 2525 1155 2429 1139 2428 1139 2534 1139 2534 1139 2428 1139 2535 1139 2438 1156 2539 1156 2424 1156 2424 1156 2539 1156 2538 1156 2424 1157 2538 1157 2425 1157 2425 1157 2538 1157 2537 1157 2425 1158 2537 1158 2428 1158 2428 1158 2537 1158 2535 1158 2438 1159 2437 1159 2539 1159 2539 1159 2437 1159 2541 1159 2412 1160 2532 1160 2427 1160 2427 1160 2532 1160 2524 1160 2427 1161 2524 1161 2434 1161 2434 1161 2524 1161 2533 1161 2434 1162 2533 1162 2435 1162 2435 1162 2533 1162 2542 1162 2435 1163 2542 1163 2437 1163 2437 1163 2542 1163 2541 1163 2412 1148 2410 1148 2532 1148 2532 1148 2410 1148 2531 1148 2408 1164 2509 1164 2407 1164 2407 1164 2509 1164 2523 1164 2407 1165 2523 1165 2405 1165 2405 1165 2523 1165 2522 1165 2405 1166 2522 1166 2410 1166 2410 1166 2522 1166 2531 1166 2408 1152 2401 1152 2509 1152 2509 1152 2401 1152 2525 1152 2484 1167 1999 1167 2500 1167 2500 1167 1999 1167 1997 1167 2500 1168 1997 1168 2499 1168 2499 1168 1997 1168 1995 1168 2499 1169 1995 1169 2497 1169 2497 1169 1995 1169 1993 1169 2497 1170 1993 1170 2495 1170 2495 1170 1993 1170 1991 1170 2495 1171 1991 1171 2493 1171 2493 1171 1991 1171 1989 1171 2493 1172 1989 1172 2491 1172 2491 1172 1989 1172 1987 1172 2491 1173 1987 1173 2505 1173 2505 1173 1987 1173 2021 1173 2505 1174 2021 1174 2503 1174 2503 1174 2021 1174 2019 1174 2503 1175 2019 1175 2485 1175 2485 1175 2019 1175 2003 1175 2485 1176 2003 1176 2482 1176 2482 1176 2003 1176 2002 1176 2482 1177 2002 1177 2483 1177 2483 1177 2002 1177 2001 1177 2483 1178 2001 1178 2484 1178 2484 1178 2001 1178 1999 1178 2461 1179 1978 1179 2463 1179 2463 1179 1978 1179 2006 1179 2463 1180 2006 1180 2465 1180 2465 1180 2006 1180 2007 1180 2465 1181 2007 1181 2468 1181 2468 1181 2007 1181 2008 1181 2468 1182 2008 1182 2470 1182 2470 1182 2008 1182 2009 1182 2470 1183 2009 1183 2471 1183 2471 1183 2009 1183 2010 1183 2471 1184 2010 1184 2447 1184 2447 1184 2010 1184 2011 1184 2447 1185 2011 1185 2448 1185 2448 1185 2011 1185 2013 1185 2448 1186 2013 1186 2449 1186 2449 1186 2013 1186 2014 1186 2449 1187 2014 1187 2450 1187 2450 1187 2014 1187 2015 1187 2450 1188 2015 1188 2458 1188 2458 1188 2015 1188 2016 1188 2458 1189 2016 1189 2459 1189 2459 1189 2016 1189 1973 1189 2459 1190 1973 1190 2461 1190 2461 1190 1973 1190 1978 1190 2431 1191 2057 1191 2432 1191 2432 1191 2057 1191 1977 1191 2432 1192 1977 1192 2433 1192 2433 1192 1977 1192 1971 1192 2433 1169 1971 1169 2413 1169 2413 1169 1971 1169 1972 1169 2413 1170 1972 1170 2411 1170 2411 1170 1972 1170 1975 1170 2411 1193 1975 1193 2409 1193 2409 1193 1975 1193 1976 1193 2409 1138 1976 1138 2403 1138 2403 1138 1976 1138 1981 1138 2403 1194 1981 1194 2404 1194 2404 1194 1981 1194 1983 1194 2404 1195 1983 1195 2418 1195 2418 1195 1983 1195 1985 1195 2418 1175 1985 1175 2419 1175 2419 1175 1985 1175 1986 1175 2419 1176 1986 1176 2421 1176 2421 1176 1986 1176 1968 1176 2421 1196 1968 1196 2416 1196 2416 1196 1968 1196 1969 1196 2416 1197 1969 1197 2431 1197 2431 1197 1969 1197 2057 1197 2511 1139 2441 1139 2513 1139 2513 1139 2441 1139 2406 1139 2513 1139 2406 1139 2529 1139 2529 1139 2406 1139 2420 1139 2441 1198 2511 1198 2515 1198 2441 1198 2515 1198 2439 1198 2439 1199 2515 1199 2514 1199 2439 1199 2514 1199 2440 1199 2440 1200 2514 1200 2516 1200 2440 1200 2516 1200 2442 1200 2442 1201 2516 1201 2517 1201 2442 1201 2517 1201 2445 1201 2445 1202 2517 1202 2510 1202 2445 1202 2510 1202 2444 1202 2414 1203 2521 1203 2520 1203 2414 1203 2520 1203 2415 1203 2415 1204 2520 1204 2519 1204 2415 1204 2519 1204 2417 1204 2417 1205 2519 1205 2518 1205 2417 1205 2518 1205 2423 1205 2423 1206 2518 1206 2530 1206 2423 1206 2530 1206 2422 1206 2422 1207 2530 1207 2529 1207 2422 1207 2529 1207 2420 1207</p>
        </triangles>
      </mesh>
    </geometry>
  </library_geometries>
  <library_visual_scenes>
    <visual_scene id="DefaultScene">
      <node id="node_486d323c_a452_4da4_ba52_7bbd192b5d78" type="NODE">
        <matrix>1 0 0 0 0 1 0 0 0 0 1 0 0 0 0 1</matrix>
        <node id="node_d75ff8ab_b5a7_4792_b8fb_59a0b46a237c" type="NODE">
          <matrix>1 0 0 0 0 1 0 0 0 0 1 0 0 0 0 1</matrix>
          <node id="node_d75ff8ab_b5a7_4792_b8fb_59a0b46a237c_mesh0" type="NODE">
            <matrix>1 0 0 0 0 1 0 0 0 0 1 0 0 0 0 1</matrix>
            <instance_geometry url="#geometry_ff2401db_cb7b_40fd_b2da_5d054df14120">
              <bind_material>
                <technique_common>
                  <instance_material symbol="mat_0" target="#mat_0"/>
                </technique_common>
              </bind_material>
            </instance_geometry>
          </node>
        </node>
      </node>
    </visual_scene>
  </library_visual_scenes>
  <scene>
    <instance_visual_scene url="#DefaultScene"/>
  </scene>
</COLLADA>
