<?xml version="1.0" encoding="UTF-8"?>
<COLLADA xmlns="http://www.collada.org/2005/11/COLLADASchema" version="1.4.1">
<!--
# File generated by ImageToStl.com - Free Image and 3D model conversion tools
-->
  <asset>
    <contributor>
      <author>ImageToStl.com</author>
      <authoring_tool>ImageToStl.com</authoring_tool>
    </contributor>
    <created>2026-04-08T11:06:34</created>
    <modified>2026-04-08T11:06:34</modified>
    <up_axis>Z_UP</up_axis>
  </asset>
  <library_effects>
    <effect id="effect_0">
        <profile_COMMON>
          <technique sid="common">
            <phong>
              <diffuse>
                <color>0.85 0.85 0.85 1</color>
              </diffuse>
              <specular>
                <color>0.05 0.05 0.05 1</color>
              </specular>
              <shininess>
                <float>64</float>
              </shininess>
            </phong>
          </technique>
        </profile_COMMON>
    </effect>
  </library_effects>
  <library_materials>
    <material id="mat_0">
      <instance_effect url="#effect_0"/>
    </material>
  </library_materials>
  <library_geometries>
    <geometry id="geometry_a8479b60_dd85_498f_8a5b_465f7e53d425">
      <mesh>
        <source id="pos_0">
          <float_array id="pos_0-array" count="7689">-0.01366861 -0.05739275 0.004 -0.0131384 -0.0575436 0.004 -0.016 -0.07405 0.004 -0.01152554 -0.05577438 0.004 -0.01172467 -0.05526035 0.004 -0.01 -0.05305 0.004 -0.01 -0.07405 0.004 -0.01209605 -0.06724703 0.004 -0.01172467 -0.06683965 0.004 -0.01152554 -0.05632563 0.004 -0.01172467 -0.05683965 0.004 -0.0131384 -0.0545564 0.004 -0.016 -0.05305 0.004 -0.0125895 -0.05460726 0.004 -0.01209605 -0.05485297 0.004 -0.01366861 -0.05470726 0.004 -0.01410851 -0.05503946 0.004 -0.01439871 -0.05550814 0.004 -0.0145 -0.05605 0.004 -0.01439871 -0.05659186 0.004 -0.01410851 -0.05706054 0.004 -0.01152554 -0.06632563 0.004 -0.01152554 -0.06577437 0.004 -0.01172467 -0.06526035 0.004 -0.01366861 -0.06470726 0.004 -0.01410851 -0.06503946 0.004 -0.0125895 -0.05749274 0.004 -0.0125895 -0.06460726 0.004 -0.0131384 -0.0645564 0.004 -0.01209605 -0.06485298 0.004 -0.01209605 -0.05724702 0.004 -0.01439871 -0.06550813 0.004 -0.0145 -0.06605 0.004 -0.01439871 -0.06659186 0.004 -0.01410851 -0.06706055 0.004 -0.01366861 -0.06739274 0.004 -0.0131384 -0.0675436 0.004 -0.0125895 -0.06749274 0.004 -0.01 -0.07405 0.01 -0.01 -0.07105 0.0085 -0.01 -0.07050814 0.00839871 -0.01 -0.07026035 0.00572467 -0.01 -0.07077438 0.00552554 -0.01 -0.06224703 0.00609605 -0.01 -0.06249274 0.00658951 -0.01 -0.07239275 0.00766861 -0.01 -0.07206054 0.00810851 -0.01 -0.07159186 0.00839871 -0.01 -0.0625436 0.0071384 -0.01 -0.06239275 0.00766861 -0.01 -0.06206054 0.00810851 -0.01 -0.06159186 0.00839871 -0.01 -0.06105 0.0085 -0.01 -0.05305 0.01 -0.01 -0.06050814 0.00839871 -0.01 -0.06003946 0.00810851 -0.01 -0.05970725 0.00766861 -0.01 -0.0595564 0.0071384 -0.01 -0.05960726 0.00658951 -0.01 -0.05985297 0.00609605 -0.01 -0.06183965 0.00572467 -0.01 -0.06132562 0.00552554 -0.01 -0.07003946 0.00810851 -0.01 -0.06970725 0.00766861 -0.01 -0.07132562 0.00552554 -0.01 -0.07183965 0.00572467 -0.01 -0.06026035 0.00572467 -0.01 -0.06077437 0.00552554 -0.01 -0.07224703 0.00609605 -0.01 -0.07249274 0.00658951 -0.01 -0.0725436 0.0071384 -0.01 -0.0695564 0.0071384 -0.01 -0.06960726 0.00658951 -0.01 -0.06985297 0.00609605 -0.016 -0.05305 0.01 -0.016 -0.07405 0.01 -0.01439871 -0.05659186 0.01 -0.01209605 -0.05485297 0.01 -0.01172467 -0.05526035 0.01 -0.01152554 -0.06577437 0.01 -0.01152554 -0.06632563 0.01 -0.01172467 -0.06683965 0.01 -0.01410851 -0.05706054 0.01 -0.0145 -0.06605 0.01 -0.01439871 -0.06550813 0.01 -0.0145 -0.05605 0.01 -0.01439871 -0.05550814 0.01 -0.01410851 -0.05503946 0.01 -0.01366861 -0.05470726 0.01 -0.0131384 -0.0545564 0.01 -0.0125895 -0.05460726 0.01 -0.01209605 -0.06485298 0.01 -0.01172467 -0.06526035 0.01 -0.0131384 -0.0575436 0.01 -0.0125895 -0.05749274 0.01 -0.01209605 -0.05724702 0.01 -0.01209605 -0.06724703 0.01 -0.0125895 -0.06749274 0.01 -0.0131384 -0.0675436 0.01 -0.01366861 -0.06739274 0.01 -0.01410851 -0.06706055 0.01 -0.01439871 -0.06659186 0.01 -0.01410851 -0.06503946 0.01 -0.01366861 -0.06470726 0.01 -0.01366861 -0.05739275 0.01 -0.0131384 -0.0645564 0.01 -0.0125895 -0.06460726 0.01 -0.01152554 -0.05577438 0.01 -0.01152554 -0.05632563 0.01 -0.01172467 -0.05683965 0.01 -0.016 -0.07224703 0.00609605 -0.016 -0.07183965 0.00572467 -0.016 -0.07132562 0.00552554 -0.016 -0.07077438 0.00552554 -0.016 -0.06077437 0.00552554 -0.016 -0.06026035 0.00572467 -0.016 -0.06132562 0.00552554 -0.016 -0.06183965 0.00572467 -0.016 -0.07026035 0.00572467 -0.016 -0.06960726 0.00658951 -0.016 -0.06159186 0.00839871 -0.016 -0.06206054 0.00810851 -0.016 -0.05985297 0.00609605 -0.016 -0.05960726 0.00658951 -0.016 -0.0595564 0.0071384 -0.016 -0.05970725 0.00766861 -0.016 -0.06003946 0.00810851 -0.016 -0.0725436 0.0071384 -0.016 -0.07249274 0.00658951 -0.016 -0.06239275 0.00766861 -0.016 -0.0625436 0.0071384 -0.016 -0.06985297 0.00609605 -0.016 -0.06249274 0.00658951 -0.016 -0.06224703 0.00609605 -0.016 -0.06970725 0.00766861 -0.016 -0.07003946 0.00810851 -0.016 -0.07050814 0.00839871 -0.016 -0.07105 0.0085 -0.016 -0.07159186 0.00839871 -0.016 -0.07206054 0.00810851 -0.016 -0.07239275 0.00766861 -0.016 -0.06050814 0.00839871 -0.016 -0.06105 0.0085 -0.016 -0.0695564 0.0071384 0.00892894 -0.069375 -0 0.00915 -0.06855 -0 0.0102 -0.078 -0 0.00892894 -0.057725 -0 0.0102 -0.0491 -0 0.00915 -0.05855 -0 0.00892894 -0.059375 -0 -0.00892894 -0.069375 -0 -0.0102 -0.078 -0 -0.00915 -0.06855 -0 -0.0102 -0.0491 -0 -0.00892894 -0.067725 -0 -0.0075 -0.0569 -0 -0.008325 -0.05712106 -0 0.008325 -0.05712106 -0 0.0075 -0.0569 -0 0.006675 -0.05712106 -0 0.00607106 -0.057725 -0 -0.008325 -0.06997894 -0 -0.0075 -0.0702 -0 -0.006675 -0.06997894 -0 -0.00607106 -0.069375 -0 0.00607106 -0.059375 -0 -0.00607106 -0.059375 -0 0.00585 -0.05855 -0 -0.00585 -0.05855 -0 -0.00607106 -0.057725 -0 -0.006675 -0.05712106 -0 0.006675 -0.06997894 -0 0.0075 -0.0702 -0 0.008325 -0.06997894 -0 0.008325 -0.06712106 -0 0.0075 -0.0669 -0 -0.006675 -0.05997894 -0 0.006675 -0.06712106 -0 -0.0075 -0.0602 -0 0.00607106 -0.067725 -0 0.008325 -0.05997894 -0 0.0075 -0.0602 -0 0.00892894 -0.067725 -0 0.006675 -0.05997894 -0 -0.0075 -0.0669 -0 -0.008325 -0.05997894 -0 -0.008325 -0.06712106 -0 -0.00892894 -0.059375 -0 -0.00915 -0.05855 -0 -0.00892894 -0.057725 -0 0.00607106 -0.069375 -0 0.00585 -0.06855 -0 -0.00585 -0.06855 -0 -0.00607106 -0.067725 -0 -0.006675 -0.06712106 -0 -0.016 -0.078 -0.003 -0.0102 -0.078 -0.003 -0.016 -0.078 -0 0.0102 -0.078 -0.003 0.016 -0.078 -0.003 0.016 -0.078 0.0005 0 -0.078 0.004 0.011 -0.078 0.004 0.019 -0.078 0.004 0.019 -0.078 0.0005 -0.026 -0.078 0.004 -0.026 -0.078 -0 -0.0251 -0.078 0.004 -0.016275 -0.078 0.004 -0.011 -0.078 0.004 0.019 -0.0491 0.004 0.019 -0.0491 0.0005 0.016 -0.0491 0.0005 0.016 -0.0491 -0.003 0.0102 -0.0491 -0.003 -0.011 -0.0491 0.004 0 -0.0491 0.004 -0.0102 -0.0491 -0.003 -0.016 -0.0491 -0.003 -0.016 -0.0491 -0 0.011 -0.0491 0.004 -0.016275 -0.0491 0.004 -0.0251 -0.0491 0.004 -0.026 -0.0491 -0 -0.026 -0.0491 0.004 -0.026 -0.0549 0.004 -0.01442894 -0.055225 0.004 -0.013825 -0.05462106 0.004 -0.016275 -0.0549 0.004 0.011 -0.0649 0.004 0.01135 -0.06605 0.004 0.01157106 -0.065225 0.004 0.01442894 -0.066875 0.004 0.019 -0.068775 0.004 0.01465 -0.06605 0.004 0.019 -0.0649 0.004 0.01442894 -0.065225 0.004 0.013825 -0.06747894 0.004 0.013 -0.0677 0.004 0.011 -0.068775 0.004 0.012175 -0.06747894 0.004 0.01157106 -0.066875 0.004 0.012175 -0.06462106 0.004 0.013 -0.0644 0.004 0.011 -0.06305 0.004 0.013825 -0.06462106 0.004 0.019 -0.06305 0.004 0.011 -0.0549 0.004 0.01135 -0.05605 0.004 0.01157106 -0.055225 0.004 0.019 -0.058775 0.004 0.019 -0.0549 0.004 0.01465 -0.05605 0.004 0.011 -0.058775 0.004 0.012175 -0.05747894 0.004 0.01157106 -0.056875 0.004 0.01442894 -0.056875 0.004 0.013825 -0.05747894 0.004 0.013 -0.0577 0.004 0.012175 -0.05462106 0.004 0.013 -0.0544 0.004 0.013825 -0.05462106 0.004 0.01442894 -0.055225 0.004 -0.013 -0.0577 0.004 -0.013825 -0.05747894 0.004 -0.016275 -0.058775 0.004 -0.01442894 -0.056875 0.004 -0.01465 -0.05605 0.004 -0.012175 -0.05462106 0.004 -0.01157106 -0.055225 0.004 -0.011 -0.0549 0.004 -0.01135 -0.05605 0.004 -0.011 -0.058775 0.004 -0.01157106 -0.056875 0.004 -0.012175 -0.05747894 0.004 -0.01157106 -0.066875 0.004 -0.011 -0.068775 0.004 -0.01135 -0.06605 0.004 -0.011 -0.0649 0.004 -0.01157106 -0.065225 0.004 -0.012175 -0.06462106 0.004 -0.01442894 -0.066875 0.004 -0.01465 -0.06605 0.004 -0.016275 -0.0649 0.004 -0.012175 -0.06747894 0.004 -0.013 -0.0677 0.004 -0.016275 -0.068775 0.004 -0.013825 -0.06747894 0.004 -0.013825 -0.06462106 0.004 -0.013 -0.0644 0.004 -0.011 -0.06305 0.004 0.00445733 -0.05773472 0.004 0.00477202 -0.056975 0.004 0 -0.0549 0.004 0.00527261 -0.05632261 0.004 0.005925 -0.05582202 0.004 0.009075 -0.05582202 0.004 0.00972739 -0.05632261 0.004 0.01022798 -0.056975 0.004 0.00668472 -0.05550733 0.004 0.0075 -0.0554 0.004 0.00831528 -0.05550733 0.004 0.01054267 -0.05773472 0.004 0.00972739 -0.06077738 0.004 0.009075 -0.06127798 0.004 0.01065 -0.05855 0.004 0.01054267 -0.05936528 0.004 0.01022798 -0.060125 0.004 0.005925 -0.06127798 0.004 0.00527261 -0.06077738 0.004 0 -0.06305 0.004 0.00477202 -0.060125 0.004 0 -0.058775 0.004 0.00445733 -0.05936528 0.004 0.00435 -0.05855 0.004 0.00831528 -0.06159266 0.004 0.0075 -0.0617 0.004 0.00668472 -0.06159266 0.004 0.00435 -0.06855 0.004 0.00445733 -0.06773472 0.004 0 -0.0649 0.004 0.00477202 -0.066975 0.004 0.00527261 -0.06632262 0.004 0.005925 -0.06582202 0.004 0.01054267 -0.06773472 0.004 0.01065 -0.06855 0.004 0.009075 -0.06582202 0.004 0.00972739 -0.06632262 0.004 0.01022798 -0.066975 0.004 0.00668472 -0.06550733 0.004 0.0075 -0.0654 0.004 0.00831528 -0.06550733 0.004 0.01054267 -0.06936528 0.004 0.01022798 -0.070125 0.004 0.011 -0.073925 0.004 0.00972739 -0.07077739 0.004 0.009075 -0.07127798 0.004 0.00831528 -0.07159267 0.004 0.0075 -0.0717 0.004 0 -0.073925 0.004 0.00668472 -0.07159267 0.004 0.005925 -0.07127798 0.004 0.00527261 -0.07077739 0.004 0.00477202 -0.070125 0.004 0 -0.068775 0.004 0.00445733 -0.06936528 0.004 -0.01065 -0.05855 0.004 -0.01054267 -0.05773472 0.004 -0.00445733 -0.05773472 0.004 -0.00972739 -0.05632261 0.004 -0.009075 -0.05582202 0.004 -0.00831528 -0.05550733 0.004 -0.0075 -0.0554 0.004 -0.00668472 -0.05550733 0.004 -0.005925 -0.05582202 0.004 -0.01022798 -0.056975 0.004 -0.00527261 -0.05632261 0.004 -0.00477202 -0.056975 0.004 -0.00527261 -0.06077738 0.004 -0.005925 -0.06127798 0.004 -0.00435 -0.05855 0.004 -0.00445733 -0.05936528 0.004 -0.00477202 -0.060125 0.004 -0.00668472 -0.06159266 0.004 -0.0075 -0.0617 0.004 -0.00831528 -0.06159266 0.004 -0.009075 -0.06127798 0.004 -0.00972739 -0.06077738 0.004 -0.01022798 -0.060125 0.004 -0.01054267 -0.05936528 0.004 -0.00972739 -0.06632262 0.004 -0.009075 -0.06582202 0.004 -0.00668472 -0.06550733 0.004 -0.0075 -0.0654 0.004 -0.00831528 -0.06550733 0.004 -0.01054267 -0.06936528 0.004 -0.01065 -0.06855 0.004 -0.01054267 -0.06773472 0.004 -0.01022798 -0.066975 0.004 -0.005925 -0.06582202 0.004 -0.00527261 -0.06632262 0.004 -0.00477202 -0.066975 0.004 -0.00445733 -0.06773472 0.004 -0.00831528 -0.07159267 0.004 -0.009075 -0.07127798 0.004 -0.011 -0.073925 0.004 -0.00972739 -0.07077739 0.004 -0.01022798 -0.070125 0.004 -0.00435 -0.06855 0.004 -0.00445733 -0.06936528 0.004 -0.00477202 -0.070125 0.004 -0.00527261 -0.07077739 0.004 -0.005925 -0.07127798 0.004 -0.00668472 -0.07159267 0.004 -0.0075 -0.0717 0.004 -0.02409267 -0.05218472 0.004 -0.0242 -0.053 0.004 -0.0251 -0.0549 0.004 -0.02409267 -0.05381528 0.004 -0.02377798 -0.051425 0.004 -0.02327739 -0.05077261 0.004 -0.022625 -0.05027202 0.004 -0.02186528 -0.04995733 0.004 -0.02105 -0.04985 0.004 -0.02023472 -0.04995733 0.004 -0.019475 -0.05027202 0.004 -0.01882261 -0.05077261 0.004 -0.01832202 -0.051425 0.004 -0.01800733 -0.05218472 0.004 -0.013 -0.0544 0.004 -0.0179 -0.053 0.004 -0.01800733 -0.05381528 0.004 -0.01832202 -0.054575 0.004 -0.01882261 -0.05522739 0.004 -0.02186528 -0.05604267 0.004 -0.022625 -0.05572798 0.004 -0.0251 -0.058775 0.004 -0.02327739 -0.05522739 0.004 -0.02377798 -0.054575 0.004 -0.019475 -0.05572798 0.004 -0.02023472 -0.05604267 0.004 -0.02105 -0.05615 0.004 -0.0251 -0.06305 0.004 -0.02409267 -0.06218472 0.004 -0.02377798 -0.061425 0.004 -0.02327739 -0.06077261 0.004 -0.022625 -0.06027202 0.004 -0.019475 -0.06027202 0.004 -0.01882261 -0.06077261 0.004 -0.01832202 -0.061425 0.004 -0.02186528 -0.05995733 0.004 -0.02105 -0.05985 0.004 -0.02023472 -0.05995733 0.004 -0.016275 -0.06305 0.004 -0.0251 -0.0649 0.004 -0.02409267 -0.06381528 0.004 -0.0242 -0.063 0.004 -0.01832202 -0.064575 0.004 -0.01882261 -0.06522739 0.004 -0.019475 -0.06572798 0.004 -0.02023472 -0.06604267 0.004 -0.0251 -0.068775 0.004 -0.02105 -0.06615 0.004 -0.02186528 -0.06604267 0.004 -0.022625 -0.06572798 0.004 -0.02327739 -0.06522739 0.004 -0.02377798 -0.064575 0.004 -0.01800733 -0.06218472 0.004 -0.0179 -0.063 0.004 -0.01800733 -0.06381528 0.004 -0.02409267 -0.07218472 0.004 -0.0242 -0.073 0.004 -0.0251 -0.073925 0.004 -0.01800733 -0.07218472 0.004 -0.0179 -0.073 0.004 -0.016275 -0.073925 0.004 -0.02377798 -0.071425 0.004 -0.02327739 -0.07077261 0.004 -0.022625 -0.07027202 0.004 -0.02023472 -0.06995733 0.004 -0.02105 -0.06985 0.004 -0.02186528 -0.06995733 0.004 -0.019475 -0.07027202 0.004 -0.01882261 -0.07077261 0.004 -0.01832202 -0.071425 0.004 -0.022625 -0.07572798 0.004 -0.02327739 -0.07522739 0.004 -0.02377798 -0.074575 0.004 -0.02409267 -0.07381528 0.004 -0.01800733 -0.07381528 0.004 -0.01832202 -0.074575 0.004 -0.01882261 -0.07522739 0.004 -0.019475 -0.07572798 0.004 -0.02023472 -0.07604267 0.004 -0.02105 -0.07615 0.004 -0.02186528 -0.07604267 0.004 -0.01442894 -0.065225 0.004 0.019 -0.073925 0.004 -0.026 -0.058775 0.004 -0.026 -0.06305 0.004 -0.026 -0.0649 0.004 -0.026 -0.068775 0.004 -0.026 -0.073925 0.004 0.00590622 -0.05897705 0.0025 0.00607106 -0.059375 0.0025 0.00633327 -0.05971673 0.0025 0.006675 -0.05997894 0.0025 0.00707295 -0.06014378 0.0025 0.0075 -0.0602 0.0025 0.00792705 -0.06014378 0.0025 0.008325 -0.05997894 0.0025 0.00866673 -0.05971673 0.0025 0.00892894 -0.059375 0.0025 0.00909378 -0.05897705 0.0025 0.00915 -0.05855 0.0025 0.00909378 -0.05812295 0.0025 0.00892894 -0.057725 0.0025 0.00866673 -0.05738327 0.0025 0.008325 -0.05712106 0.0025 0.00792705 -0.05695622 0.0025 0.0075 -0.0569 0.0025 0.00707295 -0.05695622 0.0025 0.006675 -0.05712106 0.0025 0.00633327 -0.05738327 0.0025 0.00607106 -0.057725 0.0025 0.00590622 -0.05812295 0.0025 0.00585 -0.05855 0.0025 -0.00909378 -0.06897705 0.0025 -0.00892894 -0.069375 0.0025 -0.00866673 -0.06971673 0.0025 -0.008325 -0.06997894 0.0025 -0.00792705 -0.07014377 0.0025 -0.0075 -0.0702 0.0025 -0.00707295 -0.07014377 0.0025 -0.006675 -0.06997894 0.0025 -0.00633327 -0.06971673 0.0025 -0.00607106 -0.069375 0.0025 -0.00590622 -0.06897705 0.0025 -0.00585 -0.06855 0.0025 -0.00590622 -0.06812295 0.0025 -0.00607106 -0.067725 0.0025 -0.00633327 -0.06738327 0.0025 -0.006675 -0.06712106 0.0025 -0.00707295 -0.06695622 0.0025 -0.0075 -0.0669 0.0025 -0.00792705 -0.06695622 0.0025 -0.008325 -0.06712106 0.0025 -0.00866673 -0.06738327 0.0025 -0.00892894 -0.067725 0.0025 -0.00909378 -0.06812295 0.0025 -0.00915 -0.06855 0.0025 0.00590622 -0.06897705 0.0025 0.00607106 -0.069375 0.0025 0.00633327 -0.06971673 0.0025 0.006675 -0.06997894 0.0025 0.00707295 -0.07014377 0.0025 0.0075 -0.0702 0.0025 0.00792705 -0.07014377 0.0025 0.008325 -0.06997894 0.0025 0.00866673 -0.06971673 0.0025 0.00892894 -0.069375 0.0025 0.00909378 -0.06897705 0.0025 0.00915 -0.06855 0.0025 0.00909378 -0.06812295 0.0025 0.00892894 -0.067725 0.0025 0.00866673 -0.06738327 0.0025 0.008325 -0.06712106 0.0025 0.00792705 -0.06695622 0.0025 0.0075 -0.0669 0.0025 0.00707295 -0.06695622 0.0025 0.006675 -0.06712106 0.0025 0.00633327 -0.06738327 0.0025 0.00607106 -0.067725 0.0025 0.00590622 -0.06812295 0.0025 0.00585 -0.06855 0.0025 -0.00909378 -0.05897705 0.0025 -0.00892894 -0.059375 0.0025 -0.00866673 -0.05971673 0.0025 -0.008325 -0.05997894 0.0025 -0.00792705 -0.06014378 0.0025 -0.0075 -0.0602 0.0025 -0.00707295 -0.06014378 0.0025 -0.006675 -0.05997894 0.0025 -0.00633327 -0.05971673 0.0025 -0.00607106 -0.059375 0.0025 -0.00590622 -0.05897705 0.0025 -0.00585 -0.05855 0.0025 -0.00590622 -0.05812295 0.0025 -0.00607106 -0.057725 0.0025 -0.00633327 -0.05738327 0.0025 -0.006675 -0.05712106 0.0025 -0.00707295 -0.05695622 0.0025 -0.0075 -0.0569 0.0025 -0.00792705 -0.05695622 0.0025 -0.008325 -0.05712106 0.0025 -0.00866673 -0.05738327 0.0025 -0.00892894 -0.057725 0.0025 -0.00909378 -0.05812295 0.0025 -0.00915 -0.05855 0.0025 -0.01135 -0.06605 -0.003 -0.01157106 -0.065225 -0.003 -0.012175 -0.06462106 -0.003 -0.01157106 -0.055225 -0.003 -0.01135 -0.05605 -0.003 -0.01157106 -0.056875 -0.003 -0.013825 -0.06747894 -0.003 -0.013 -0.0677 -0.003 -0.012175 -0.06747894 -0.003 -0.01157106 -0.066875 -0.003 -0.013825 -0.05462106 -0.003 -0.013 -0.0544 -0.003 -0.012175 -0.05462106 -0.003 -0.01442894 -0.055225 -0.003 -0.01465 -0.05605 -0.003 -0.01442894 -0.056875 -0.003 -0.013825 -0.05747894 -0.003 -0.013 -0.0577 -0.003 -0.013825 -0.06462106 -0.003 -0.013 -0.0644 -0.003 -0.012175 -0.05747894 -0.003 -0.01442894 -0.065225 -0.003 -0.01465 -0.06605 -0.003 -0.01442894 -0.066875 -0.003 0.01135 -0.06605 -0.003 0.01157106 -0.066875 -0.003 0.012175 -0.05462106 -0.003 0.01157106 -0.055225 -0.003 0.01135 -0.05605 -0.003 0.01157106 -0.056875 -0.003 0.012175 -0.05747894 -0.003 0.01157106 -0.065225 -0.003 0.013825 -0.05462106 -0.003 0.013 -0.0544 -0.003 0.013825 -0.05747894 -0.003 0.01442894 -0.056875 -0.003 0.01465 -0.05605 -0.003 0.01442894 -0.055225 -0.003 0.013825 -0.06747894 -0.003 0.013 -0.0677 -0.003 0.012175 -0.06747894 -0.003 0.01442894 -0.066875 -0.003 0.01465 -0.06605 -0.003 0.01442894 -0.065225 -0.003 0.013825 -0.06462106 -0.003 0.013 -0.0577 -0.003 0.013 -0.0644 -0.003 0.012175 -0.06462106 -0.003 -0.020225 -0.07442894 -0 -0.02105 -0.07465 -0 -0.021875 -0.07442894 -0 -0.02247894 -0.073825 -0 -0.01962106 -0.052175 -0 -0.020225 -0.05157106 -0 -0.02105 -0.05135 -0 -0.021875 -0.05157106 -0 -0.02247894 -0.052175 -0 -0.0227 -0.053 -0 -0.02247894 -0.053825 -0 -0.0227 -0.063 -0 -0.02247894 -0.062175 -0 -0.021875 -0.05442894 -0 -0.01962106 -0.073825 -0 -0.0194 -0.073 -0 -0.01962106 -0.072175 -0 -0.0194 -0.063 -0 -0.01962106 -0.063825 -0 -0.020225 -0.07157106 -0 -0.021875 -0.07157106 -0 -0.02247894 -0.072175 -0 -0.0227 -0.073 -0 -0.01962106 -0.062175 -0 -0.02105 -0.05465 -0 -0.020225 -0.05442894 -0 -0.01962106 -0.053825 -0 -0.0194 -0.053 -0 -0.020225 -0.06157106 -0 -0.02105 -0.06135 -0 -0.021875 -0.06157106 -0 -0.02247894 -0.063825 -0 -0.021875 -0.06442894 -0 -0.02105 -0.07135 -0 -0.02105 -0.06465 -0 -0.020225 -0.06442894 -0 -0.02264378 -0.05342705 0.0025 -0.02247894 -0.053825 0.0025 -0.02221673 -0.05416673 0.0025 -0.021875 -0.05442894 0.0025 -0.02147705 -0.05459378 0.0025 -0.02105 -0.05465 0.0025 -0.02062295 -0.05459378 0.0025 -0.020225 -0.05442894 0.0025 -0.01988327 -0.05416673 0.0025 -0.01962106 -0.053825 0.0025 -0.01945622 -0.05342705 0.0025 -0.0194 -0.053 0.0025 -0.01945622 -0.05257295 0.0025 -0.01962106 -0.052175 0.0025 -0.01988327 -0.05183327 0.0025 -0.020225 -0.05157106 0.0025 -0.02062295 -0.05140622 0.0025 -0.02105 -0.05135 0.0025 -0.02147705 -0.05140622 0.0025 -0.021875 -0.05157106 0.0025 -0.02221673 -0.05183327 0.0025 -0.02247894 -0.052175 0.0025 -0.02264378 -0.05257295 0.0025 -0.0227 -0.053 0.0025 -0.02264378 -0.06342705 0.0025 -0.02247894 -0.063825 0.0025 -0.02221673 -0.06416672 0.0025 -0.021875 -0.06442894 0.0025 -0.02147705 -0.06459378 0.0025 -0.02105 -0.06465 0.0025 -0.02062295 -0.06459378 0.0025 -0.020225 -0.06442894 0.0025 -0.01988327 -0.06416672 0.0025 -0.01962106 -0.063825 0.0025 -0.01945622 -0.06342705 0.0025 -0.0194 -0.063 0.0025 -0.01945622 -0.06257295 0.0025 -0.01962106 -0.062175 0.0025 -0.01988327 -0.06183327 0.0025 -0.020225 -0.06157106 0.0025 -0.02062295 -0.06140622 0.0025 -0.02105 -0.06135 0.0025 -0.02147705 -0.06140622 0.0025 -0.021875 -0.06157106 0.0025 -0.02221673 -0.06183327 0.0025 -0.02247894 -0.062175 0.0025 -0.02264378 -0.06257295 0.0025 -0.0227 -0.063 0.0025 -0.02264378 -0.07342705 0.0025 -0.02247894 -0.073825 0.0025 -0.02221673 -0.07416672 0.0025 -0.021875 -0.07442894 0.0025 -0.02147705 -0.07459377 0.0025 -0.02105 -0.07465 0.0025 -0.02062295 -0.07459377 0.0025 -0.020225 -0.07442894 0.0025 -0.01988327 -0.07416672 0.0025 -0.01962106 -0.073825 0.0025 -0.01945622 -0.07342705 0.0025 -0.0194 -0.073 0.0025 -0.01945622 -0.07257295 0.0025 -0.01962106 -0.072175 0.0025 -0.01988327 -0.07183328 0.0025 -0.020225 -0.07157106 0.0025 -0.02062295 -0.07140622 0.0025 -0.02105 -0.07135 0.0025 -0.02147705 -0.07140622 0.0025 -0.021875 -0.07157106 0.0025 -0.02221673 -0.07183328 0.0025 -0.02247894 -0.072175 0.0025 -0.02264378 -0.07257295 0.0025 -0.0227 -0.073 0.0025 0.01233139 -0.05739275 0.004 0.0128616 -0.0575436 0.004 0.01 -0.07405 0.004 0.01447446 -0.05577438 0.004 0.01427533 -0.05526035 0.004 0.016 -0.05305 0.004 0.016 -0.07405 0.004 0.01390395 -0.06724703 0.004 0.01427533 -0.06683965 0.004 0.01447446 -0.05632563 0.004 0.01427533 -0.05683965 0.004 0.0128616 -0.0545564 0.004 0.01 -0.05305 0.004 0.01341049 -0.05460726 0.004 0.01390395 -0.05485297 0.004 0.01233139 -0.05470726 0.004 0.01189149 -0.05503946 0.004 0.01160129 -0.05550814 0.004 0.0115 -0.05605 0.004 0.01160129 -0.05659186 0.004 0.01189149 -0.05706054 0.004 0.01447446 -0.06632563 0.004 0.01447446 -0.06577437 0.004 0.01427533 -0.06526035 0.004 0.01233139 -0.06470726 0.004 0.01189149 -0.06503946 0.004 0.01341049 -0.05749274 0.004 0.01341049 -0.06460726 0.004 0.0128616 -0.0645564 0.004 0.01390395 -0.06485298 0.004 0.01390395 -0.05724702 0.004 0.01160129 -0.06550813 0.004 0.0115 -0.06605 0.004 0.01160129 -0.06659186 0.004 0.01189149 -0.06706055 0.004 0.01233139 -0.06739274 0.004 0.0128616 -0.0675436 0.004 0.01341049 -0.06749274 0.004 0.016 -0.07405 0.01 0.016 -0.07105 0.0085 0.016 -0.07050814 0.00839871 0.016 -0.07026035 0.00572467 0.016 -0.07077438 0.00552554 0.016 -0.06224703 0.00609605 0.016 -0.06249274 0.00658951 0.016 -0.07239275 0.00766861 0.016 -0.07206054 0.00810851 0.016 -0.07159186 0.00839871 0.016 -0.0625436 0.0071384 0.016 -0.06239275 0.00766861 0.016 -0.06206054 0.00810851 0.016 -0.06159186 0.00839871 0.016 -0.06105 0.0085 0.016 -0.05305 0.01 0.016 -0.06050814 0.00839871 0.016 -0.06003946 0.00810851 0.016 -0.05970725 0.00766861 0.016 -0.0595564 0.0071384 0.016 -0.05960726 0.00658951 0.016 -0.05985297 0.00609605 0.016 -0.06183965 0.00572467 0.016 -0.06132562 0.00552554 0.016 -0.07003946 0.00810851 0.016 -0.06970725 0.00766861 0.016 -0.07132562 0.00552554 0.016 -0.07183965 0.00572467 0.016 -0.06026035 0.00572467 0.016 -0.06077437 0.00552554 0.016 -0.07224703 0.00609605 0.016 -0.07249274 0.00658951 0.016 -0.0725436 0.0071384 0.016 -0.0695564 0.0071384 0.016 -0.06960726 0.00658951 0.016 -0.06985297 0.00609605 0.01 -0.05305 0.01 0.01 -0.07405 0.01 0.01160129 -0.05659186 0.01 0.01390395 -0.05485297 0.01 0.01427533 -0.05526035 0.01 0.01447446 -0.06577437 0.01 0.01447446 -0.06632563 0.01 0.01427533 -0.06683965 0.01 0.01189149 -0.05706054 0.01 0.0115 -0.06605 0.01 0.01160129 -0.06550813 0.01 0.0115 -0.05605 0.01 0.01160129 -0.05550814 0.01 0.01189149 -0.05503946 0.01 0.01233139 -0.05470726 0.01 0.0128616 -0.0545564 0.01 0.01341049 -0.05460726 0.01 0.01390395 -0.06485298 0.01 0.01427533 -0.06526035 0.01 0.0128616 -0.0575436 0.01 0.01341049 -0.05749274 0.01 0.01390395 -0.05724702 0.01 0.01390395 -0.06724703 0.01 0.01341049 -0.06749274 0.01 0.0128616 -0.0675436 0.01 0.01233139 -0.06739274 0.01 0.01189149 -0.06706055 0.01 0.01160129 -0.06659186 0.01 0.01189149 -0.06503946 0.01 0.01233139 -0.06470726 0.01 0.01233139 -0.05739275 0.01 0.0128616 -0.0645564 0.01 0.01341049 -0.06460726 0.01 0.01447446 -0.05577438 0.01 0.01447446 -0.05632563 0.01 0.01427533 -0.05683965 0.01 0.01 -0.07224703 0.00609605 0.01 -0.07183965 0.00572467 0.01 -0.07132562 0.00552554 0.01 -0.07077438 0.00552554 0.01 -0.06077437 0.00552554 0.01 -0.06026035 0.00572467 0.01 -0.06132562 0.00552554 0.01 -0.06183965 0.00572467 0.01 -0.07026035 0.00572467 0.01 -0.06960726 0.00658951 0.01 -0.06159186 0.00839871 0.01 -0.06206054 0.00810851 0.01 -0.05985297 0.00609605 0.01 -0.05960726 0.00658951 0.01 -0.0595564 0.0071384 0.01 -0.05970725 0.00766861 0.01 -0.06003946 0.00810851 0.01 -0.0725436 0.0071384 0.01 -0.07249274 0.00658951 0.01 -0.06239275 0.00766861 0.01 -0.0625436 0.0071384 0.01 -0.06985297 0.00609605 0.01 -0.06249274 0.00658951 0.01 -0.06224703 0.00609605 0.01 -0.06970725 0.00766861 0.01 -0.07003946 0.00810851 0.01 -0.07050814 0.00839871 0.01 -0.07105 0.0085 0.01 -0.07159186 0.00839871 0.01 -0.07206054 0.00810851 0.01 -0.07239275 0.00766861 0.01 -0.06050814 0.00839871 0.01 -0.06105 0.0085 0.01 -0.0695564 0.0071384 -0.01966436 -0.07380001 -0.003 -0.01945 -0.073 -0.003 -0.0161 -0.078 -0.003 -0.02265 -0.043 -0.003 -0.02243564 -0.0438 -0.003 -0.02105 -0.0514 -0.003 -0.02185 -0.04438564 -0.003 -0.02025 -0.05161436 -0.003 -0.02105 -0.0446 -0.003 -0.02105 -0.0414 -0.003 -0.026 0.01111504 -0.003 -0.02025 -0.04161436 -0.003 -0.01966436 -0.0422 -0.003 -0.0161 -0.03869154 -0.003 -0.01945 -0.043 -0.003 -0.01884509 0.01111504 -0.003 -0.02005261 0.01067554 -0.003 -0.02015587 0.01061184 -0.003 -0.02022547 0.01051246 -0.003 -0.02025 -0.07438564 -0.003 -0.018 0.0028407 -0.003 -0.018 0.00199785 -0.003 -0.02005261 0.00358779 -0.003 -0.02005261 0.00125076 -0.003 -0.02015587 0.00365149 -0.003 -0.02015587 0.00118707 -0.003 -0.01966436 -0.0638 -0.003 -0.01945 -0.063 -0.003 -0.01966436 -0.0722 -0.003 -0.02025 0.01039363 -0.003 -0.02025 0.01015288 -0.003 -0.02022547 0.01003406 -0.003 -0.01966436 -0.0622 -0.003 -0.01945 -0.053 -0.003 -0.01966436 -0.0438 -0.003 -0.02025 -0.04438564 -0.003 -0.01966436 -0.0522 -0.003 -0.018 0.00912389 -0.003 -0.018 0.00828103 -0.003 -0.02005261 0.00987098 -0.003 -0.02005261 0.00753394 -0.003 -0.02015587 0.00993467 -0.003 -0.02015587 0.00747025 -0.003 -0.02265 -0.073 -0.003 -0.026 -0.078 -0.003 -0.02243564 -0.0722 -0.003 -0.02243564 -0.07380001 -0.003 -0.02185 -0.07438564 -0.003 -0.02105 -0.0746 -0.003 -0.02022547 -0.0083371 -0.003 -0.02025 -0.00845592 -0.003 -0.02015587 -0.00577329 -0.003 -0.02265 -0.053 -0.003 -0.02243564 -0.0538 -0.003 -0.02185 -0.06161436 -0.003 -0.02185 -0.05438564 -0.003 -0.02105 -0.0614 -0.003 -0.02105 -0.0546 -0.003 -0.02025 -0.06161436 -0.003 -0.02025 -0.05438564 -0.003 -0.01966436 -0.0538 -0.003 -0.02185 -0.04161436 -0.003 -0.02243564 -0.0422 -0.003 -0.02243564 -0.0622 -0.003 -0.02265 -0.063 -0.003 -0.02022547 -0.03032825 -0.003 -0.02025 -0.03044707 -0.003 -0.02015587 -0.02776444 -0.003 -0.02005261 -0.01840336 -0.003 -0.018 -0.01915044 -0.003 -0.018 -0.0199933 -0.003 -0.02025 -0.02126304 -0.003 -0.02022547 -0.02138187 -0.003 -0.02022547 -0.02404506 -0.003 -0.02015587 -0.02148125 -0.003 -0.02022547 -0.03708983 -0.003 -0.02015587 -0.03718922 -0.003 -0.02005261 -0.03725291 -0.003 -0.02022547 -0.01824027 -0.003 -0.02015587 -0.01833966 -0.003 -0.02015587 -0.02080408 -0.003 -0.02005261 -0.02074039 -0.003 -0.02243564 -0.0638 -0.003 -0.02185 -0.06438564 -0.003 -0.02015587 -0.02708727 -0.003 -0.02015587 -0.02462285 -0.003 -0.02005261 -0.02468654 -0.003 -0.018 -0.00030089 -0.003 -0.018 -0.00114374 -0.003 -0.02005261 0.0004462 -0.003 -0.02005261 -0.00189083 -0.003 -0.02015587 0.00050989 -0.003 -0.02015587 -0.00195453 -0.003 -0.02022547 0.00060928 -0.003 -0.02185 -0.05161436 -0.003 -0.02243564 -0.0522 -0.003 -0.02022547 0.00108768 -0.003 -0.02025 0.00096885 -0.003 -0.02022547 0.00375088 -0.003 -0.018 -0.00344248 -0.003 -0.018 -0.00428534 -0.003 -0.02005261 -0.00269539 -0.003 -0.02005261 -0.00503242 -0.003 -0.02015587 -0.0026317 -0.003 -0.02015587 -0.00509612 -0.003 -0.02022547 -0.00253231 -0.003 -0.02025 -0.06438564 -0.003 -0.02025 -0.07161436 -0.003 -0.02105 -0.0646 -0.003 -0.02105 -0.0714 -0.003 -0.02185 -0.07161436 -0.003 -0.02025 -0.0210223 -0.003 -0.018 -0.02543363 -0.003 -0.018 -0.02627649 -0.003 -0.02005261 -0.02702357 -0.003 -0.02005261 -0.03411132 -0.003 -0.018 -0.03485841 -0.003 -0.018 -0.03570126 -0.003 -0.02022547 -0.0056739 -0.003 -0.018 -0.00658407 -0.003 -0.018 -0.00742693 -0.003 -0.02005261 -0.00583699 -0.003 -0.02005261 -0.00817402 -0.003 -0.02015587 -0.00823771 -0.003 -0.02022547 -0.01776188 -0.003 -0.02025 -0.0178807 -0.003 -0.02025 -0.01812145 -0.003 -0.02022547 -0.02090347 -0.003 -0.018 -0.02229204 -0.003 -0.018 -0.02313489 -0.003 -0.02005261 -0.02154495 -0.003 -0.02005261 -0.02388198 -0.003 -0.02015587 -0.02394568 -0.003 -0.018 -0.02857522 -0.003 -0.018 -0.02941808 -0.003 -0.02005261 -0.02782813 -0.003 -0.02005261 -0.03016517 -0.003 -0.02015587 -0.03022886 -0.003 -0.02022547 -0.03394824 -0.003 -0.02015587 -0.03404763 -0.003 -0.02015587 -0.03651205 -0.003 -0.02005261 -0.03644835 -0.003 -0.02015587 0.00432866 -0.003 -0.02022547 0.00422927 -0.003 -0.02005261 -0.01526176 -0.003 -0.018 -0.01600885 -0.003 -0.018 -0.01685171 -0.003 -0.018 -0.00972567 -0.003 -0.018 -0.01056852 -0.003 -0.02005261 -0.00897858 -0.003 -0.02005261 -0.01131561 -0.003 -0.02015587 -0.00891488 -0.003 -0.02015587 -0.01137931 -0.003 -0.018 -0.03171682 -0.003 -0.018 -0.03255967 -0.003 -0.02005261 -0.03096973 -0.003 -0.02005261 -0.03330676 -0.003 -0.02015587 -0.03090603 -0.003 -0.02015587 -0.03337045 -0.003 -0.02022547 -0.03080664 -0.003 -0.02022547 -0.03346984 -0.003 -0.02022547 0.00737086 -0.003 -0.02025 0.00725204 -0.003 -0.02022547 -0.01147869 -0.003 -0.02025 -0.01159752 -0.003 -0.02022547 -0.0088155 -0.003 -0.018 -0.01286726 -0.003 -0.018 -0.01371012 -0.003 -0.02005261 -0.01212017 -0.003 -0.02005261 -0.0144572 -0.003 -0.02015587 -0.01205648 -0.003 -0.02015587 -0.0145209 -0.003 -0.02022547 -0.02718666 -0.003 -0.02025 -0.02730548 -0.003 -0.02022547 -0.02452346 -0.003 -0.02025 -0.02440463 -0.003 -0.02025 -0.03697101 -0.003 -0.02025 -0.03673026 -0.003 -0.02022547 -0.01462029 -0.003 -0.02025 -0.01473911 -0.003 -0.02022547 -0.01195709 -0.003 -0.02025 -0.03358867 -0.003 -0.02025 -0.03382941 -0.003 -0.02022547 -0.03661143 -0.003 -0.018 0.0059823 -0.003 -0.018 0.00513944 -0.003 -0.02005261 0.00672939 -0.003 -0.02005261 0.00439236 -0.003 -0.02015587 0.00679308 -0.003 -0.02022547 0.00689247 -0.003 -0.02025 0.00701129 -0.003 -0.02005261 -0.01759879 -0.003 -0.02015587 -0.01766249 -0.003 -0.02015587 -0.01519807 -0.003 -0.02022547 -0.01509868 -0.003 -0.02025 -0.02416389 -0.003 -0.02025 -0.03068782 -0.003 -0.02025 -0.00869667 -0.003 -0.02025 -0.02754623 -0.003 -0.02022547 -0.02766505 -0.003 -0.02025 -0.00555508 -0.003 -0.02025 -0.00531433 -0.003 -0.02025 0.00411045 -0.003 -0.02025 0.0038697 -0.003 -0.02025 0.00072811 -0.003 -0.02022547 -0.00519551 -0.003 -0.02025 -0.00241349 -0.003 -0.02025 -0.00217274 -0.003 -0.02022547 -0.00205392 -0.003 -0.02025 -0.01497986 -0.003 -0.02025 -0.01183826 -0.003 -0.018 -0.03570126 -0 -0.02005261 -0.03644835 -0 -0.02025 -0.03673026 -0 -0.02022547 -0.03661143 -0 -0.02015587 -0.03651205 -0 -0.018 0.00199785 -0 -0.02005261 0.00125076 -0 -0.02025 0.00096885 -0 -0.02022547 0.00108768 -0 -0.02015587 0.00118707 -0 -0.02005261 0.0004462 -0 -0.018 -0.00030089 -0 -0.018 -0.00114374 -0 -0.02005261 -0.00189083 -0 -0.02025 -0.00217274 -0 -0.02022547 -0.00205392 -0 -0.02015587 -0.00195453 -0 -0.02005261 -0.00269539 -0 -0.018 -0.00344248 -0 -0.018 -0.00428534 -0 -0.02005261 -0.00503242 -0 -0.02025 -0.00531433 -0 -0.02022547 -0.00519551 -0 -0.02015587 -0.00509612 -0 -0.02005261 -0.00583699 -0 -0.018 -0.00658407 -0 -0.018 -0.00742693 -0 -0.02005261 -0.00817402 -0 -0.02025 -0.00845592 -0 -0.02022547 -0.0083371 -0 -0.02015587 -0.00823771 -0 -0.02005261 -0.00897858 -0 -0.018 -0.00972567 -0 -0.018 -0.01056852 -0 -0.02005261 -0.01131561 -0 -0.02025 -0.01159752 -0 -0.02022547 -0.01147869 -0 -0.02015587 -0.01137931 -0 -0.02005261 -0.01212017 -0 -0.018 -0.01286726 -0 -0.018 -0.01371012 -0 -0.02005261 -0.0144572 -0 -0.02025 -0.01473911 -0 -0.02022547 -0.01462029 -0 -0.02015587 -0.0145209 -0 -0.02005261 -0.01526176 -0 -0.018 -0.01600885 -0 -0.018 -0.01685171 -0 -0.02005261 -0.01759879 -0 -0.02025 -0.0178807 -0 -0.02022547 -0.01776188 -0 -0.02015587 -0.01766249 -0 -0.02005261 -0.01840336 -0 -0.018 -0.01915044 -0 -0.018 -0.0199933 -0 -0.02005261 -0.02074039 -0 -0.02025 -0.0210223 -0 -0.02022547 -0.02090347 -0 -0.02015587 -0.02080408 -0 -0.02005261 -0.02154495 -0 -0.018 -0.02229204 -0 -0.018 -0.02313489 -0 -0.02005261 -0.02388198 -0 -0.02025 -0.02416389 -0 -0.02022547 -0.02404506 -0 -0.02015587 -0.02394568 -0 -0.02005261 -0.02468654 -0 -0.018 -0.02543363 -0 -0.018 -0.02627649 -0 -0.02005261 -0.02702357 -0 -0.02025 -0.02730548 -0 -0.02022547 -0.02718666 -0 -0.02015587 -0.02708727 -0 -0.02005261 -0.02782813 -0 -0.018 -0.02857522 -0 -0.018 -0.02941808 -0 -0.02005261 -0.03016517 -0 -0.02025 -0.03044707 -0 -0.02022547 -0.03032825 -0 -0.02015587 -0.03022886 -0 -0.02005261 -0.03096973 -0 -0.018 -0.03171682 -0 -0.018 -0.03485841 -0 -0.018 -0.03255967 -0 -0.02005261 -0.03330676 -0 -0.02025 -0.03358867 -0 -0.02022547 -0.03346984 -0 -0.02015587 -0.03337045 -0 -0.02005261 -0.03411132 -0 -0.02025 0.00411045 -0 -0.02025 0.0038697 -0 -0.02022547 0.00422927 -0 -0.02015587 0.00432866 -0 -0.02005261 0.00439236 -0 -0.018 0.00513944 -0 -0.018 0.0059823 -0 -0.02005261 0.00672939 -0 -0.02015587 0.00679308 -0 -0.02022547 0.00689247 -0 -0.02025 0.00701129 -0 -0.02025 0.00725204 -0 -0.02022547 0.00737086 -0 -0.02015587 0.00747025 -0 -0.02005261 0.00753394 -0 -0.018 0.00828103 -0 -0.018 0.00912389 -0 -0.02005261 0.00987098 -0 -0.02015587 0.00993467 -0 -0.02022547 0.01003406 -0 -0.02025 0.01015288 -0 -0.02025 0.01039363 -0 -0.02022547 0.01051246 -0 -0.02015587 0.01061184 -0 -0.02005261 0.01067554 -0 -0.01884509 0.01111504 -0 -0.018 0.0028407 -0 -0.0161 -0.078 -0 -0.026 -0.078 -0 -0.02243564 -0.0438 -0 -0.02265 -0.043 -0 -0.02243564 -0.0538 -0 -0.02265 -0.053 -0 -0.02185 -0.06161436 -0 -0.01945 -0.073 -0 -0.01966436 -0.07380001 -0 -0.026 0.01111504 -0 -0.02025 -0.07438564 -0 -0.02105 -0.0746 -0 -0.02185 -0.07438564 -0 -0.02243564 -0.07380001 -0 -0.01966436 -0.0438 -0 -0.02025 -0.04438564 -0 -0.02105 -0.0514 -0 -0.02105 -0.0446 -0 -0.02185 -0.05161436 -0 -0.02185 -0.04438564 -0 -0.02243564 -0.0522 -0 -0.02022547 -0.00253231 -0 -0.02025 -0.00241349 -0 -0.01945 -0.043 -0 -0.02025 -0.05161436 -0 -0.0161 -0.03869154 -0 -0.01966436 -0.0522 -0 -0.01945 -0.053 -0 -0.02243564 -0.0422 -0 -0.02185 -0.04161436 -0 -0.02105 -0.0414 -0 -0.01966436 -0.0638 -0 -0.02025 -0.06438564 -0 -0.01966436 -0.0722 -0 -0.02185 -0.06438564 -0 -0.02243564 -0.0638 -0 -0.02265 -0.063 -0 -0.02243564 -0.0622 -0 -0.02025 -0.06161436 -0 -0.01966436 -0.0622 -0 -0.02025 -0.05438564 -0 -0.01945 -0.063 -0 -0.01966436 -0.0538 -0 -0.02015587 0.00050989 -0 -0.02105 -0.0614 -0 -0.02105 -0.0546 -0 -0.02185 -0.05438564 -0 -0.02005261 0.00358779 -0 -0.02015587 0.00365149 -0 -0.02265 -0.073 -0 -0.02243564 -0.0722 -0 -0.02185 -0.07161436 -0 -0.02105 -0.0646 -0 -0.02105 -0.0714 -0 -0.02025 -0.07161436 -0 -0.02022547 0.00375088 -0 -0.02015587 -0.0026317 -0 -0.02022547 -0.03394824 -0 -0.02025 -0.03382941 -0 -0.02015587 -0.03718922 -0 -0.02005261 -0.03725291 -0 -0.02025 -0.04161436 -0 -0.01966436 -0.0422 -0 -0.02015587 -0.03090603 -0 -0.02022547 -0.03080664 -0 -0.02015587 -0.02776444 -0 -0.02022547 -0.02766505 -0 -0.02022547 -0.0088155 -0 -0.02025 -0.00869667 -0 -0.02015587 -0.02462285 -0 -0.02022547 -0.02452346 -0 -0.02015587 -0.01833966 -0 -0.02025 -0.03068782 -0 -0.02022547 -0.01824027 -0 -0.02025 -0.01812145 -0 -0.02025 -0.02754623 -0 -0.02025 -0.02440463 -0 -0.02015587 -0.02148125 -0 -0.02015587 -0.03404763 -0 -0.02022547 0.00060928 -0 -0.02025 0.00072811 -0 -0.02015587 -0.00891488 -0 -0.02025 -0.01497986 -0 -0.02022547 -0.01509868 -0 -0.02015587 -0.01519807 -0 -0.02022547 -0.03708983 -0 -0.02025 -0.03697101 -0 -0.02025 -0.01183826 -0 -0.02022547 -0.01195709 -0 -0.02015587 -0.01205648 -0 -0.02015587 -0.00577329 -0 -0.02022547 -0.0056739 -0 -0.02025 -0.00555508 -0 -0.02022547 -0.02138187 -0 -0.02025 -0.02126304 -0 0.0006 -0.0775 -0.0018 0.0006 -0.078 -0.0018 0.0006 -0.0775 -0.0003 0.0006 -0.078 -0.0003 -0.0006 -0.0775 -0.0003 -0.0006 -0.078 -0.0003 -0.0006 -0.0775 -0.0018 -0.0006 -0.078 -0.0018 -0.0097 -0.078 -0.0005 -0.0097 -0.078 -0.0078 -0.0045 -0.078 -0.0065 -0.0095 -0.078 -0.008 -0.0045 -0.078 -0.008 -0.00357612 -0.078 -0.00511732 -0.00379289 -0.078 -0.00479289 -0.00411732 -0.078 -0.00457612 0.00411732 -0.078 -0.00642388 0.0045 -0.078 -0.0065 0.00379289 -0.078 -0.00620711 0.0045 -0.078 -0.0045 -0.0043 -0.078 -0.0035 -0.0095 -0.078 -0.0003 -0.0045 -0.078 -0.0037 -0.0045 -0.078 -0.0045 -0.00411732 -0.078 -0.00642388 -0.0035 -0.078 -0.0055 -0.00357612 -0.078 -0.00588268 -0.00379289 -0.078 -0.00620711 0.00051962 -0.078 -0.0021 0.0043 -0.078 -0.0035 0.00379289 -0.078 -0.00479289 0.00357612 -0.078 -0.00511732 0.0035 -0.078 -0.0055 0.00411732 -0.078 -0.00457612 0.00357612 -0.078 -0.00588268 0.0095 -0.078 -0.0003 0.0097 -0.078 -0.0005 0.0045 -0.078 -0.0037 0.0097 -0.078 -0.0078 0.0095 -0.078 -0.008 0.0045 -0.078 -0.008 0.0003 -0.078 -0.00231962 0 -0.078 -0.0024 -0.0003 -0.078 -0.00231962 -0.00051962 -0.078 -0.0021 0.00051962 -0.0775 -0.0015 -0.00051962 -0.0775 -0.0015 -0.0003 -0.0775 -0.00128038 0 -0.0775 -0.0012 0.0003 -0.0775 -0.00128038 -0.0045 -0.077 -0.008 -0.0045 -0.077 -0.0065 -0.0045 -0.077 -0.0045 -0.00411732 -0.077 -0.00457612 -0.00379289 -0.077 -0.00479289 -0.00357612 -0.077 -0.00511732 -0.0035 -0.077 -0.0055 -0.00357612 -0.077 -0.00588268 -0.00379289 -0.077 -0.00620711 -0.00411732 -0.077 -0.00642388 -0.0045 -0.077 -0.0037 -0.0043 -0.077 -0.0035 0.0043 -0.077 -0.0035 0.0045 -0.077 -0.0037 0.0045 -0.077 -0.0045 0.0045 -0.077 -0.0065 0.00411732 -0.077 -0.00642388 0.00379289 -0.077 -0.00620711 0.00357612 -0.077 -0.00588268 0.0035 -0.077 -0.0055 0.00357612 -0.077 -0.00511732 0.00379289 -0.077 -0.00479289 0.00411732 -0.077 -0.00457612 0.0045 -0.077 -0.008 0.0095 -0.077 -0.008 0.0097 -0.077 -0.0078 0.0097 -0.077 -0.0005 0.0095 -0.077 -0.0003 -0.0095 -0.077 -0.0003 -0.0097 -0.077 -0.0005 -0.0097 -0.077 -0.0078 -0.0095 -0.077 -0.008 -0.0006 -0.077 -0.0018 -0.00051962 -0.077 -0.0015 -0.0003 -0.077 -0.00128038 0 -0.077 -0.0012 0.0003 -0.077 -0.00128038 0.00051962 -0.077 -0.0015 0.0006 -0.077 -0.0018 0.00051962 -0.077 -0.0021 0.0003 -0.077 -0.00231962 0 -0.077 -0.0024 -0.0003 -0.077 -0.00231962 -0.00051962 -0.077 -0.0021 0.0006 -0.0496 -0.0003 0.0006 -0.0491 -0.0003 0.0006 -0.0496 -0.0018 0.0006 -0.0491 -0.0018 -0.0006 -0.0496 -0.0018 -0.0006 -0.0491 -0.0018 -0.0006 -0.0496 -0.0003 -0.0006 -0.0491 -0.0003 0.0095 -0.0491 -0.008 0.0045 -0.0491 -0.008 0.0045 -0.0491 -0.0065 -0.0045 -0.0491 -0.0045 -0.0045 -0.0491 -0.0065 -0.0097 -0.0491 -0.0005 0.0045 -0.0491 -0.0045 0.00411732 -0.0491 -0.00642388 0.00379289 -0.0491 -0.00620711 -0.0097 -0.0491 -0.0078 -0.0095 -0.0491 -0.008 -0.0045 -0.0491 -0.008 -0.00411732 -0.0491 -0.00457612 -0.00379289 -0.0491 -0.00479289 -0.00357612 -0.0491 -0.00511732 0.0035 -0.0491 -0.0055 0.00357612 -0.0491 -0.00511732 0.00357612 -0.0491 -0.00588268 0.00379289 -0.0491 -0.00479289 0.00411732 -0.0491 -0.00457612 0.0043 -0.0491 -0.0035 0.0095 -0.0491 -0.0003 0.0045 -0.0491 -0.0037 0.0097 -0.0491 -0.0005 0.0097 -0.0491 -0.0078 -0.00051962 -0.0491 -0.0021 -0.0043 -0.0491 -0.0035 -0.00379289 -0.0491 -0.00620711 -0.00411732 -0.0491 -0.00642388 -0.00357612 -0.0491 -0.00588268 -0.0035 -0.0491 -0.0055 -0.0095 -0.0491 -0.0003 -0.0045 -0.0491 -0.0037 -0.0003 -0.0491 -0.00231962 0 -0.0491 -0.0024 0.0003 -0.0491 -0.00231962 0.00051962 -0.0491 -0.0021 -0.00051962 -0.0496 -0.0015 -0.0003 -0.0496 -0.00128038 0.00051962 -0.0496 -0.0015 0.0003 -0.0496 -0.00128038 0 -0.0496 -0.0012 -0.0097 -0.0501 -0.0078 -0.0097 -0.0501 -0.0005 -0.0095 -0.0501 -0.008 -0.0045 -0.0501 -0.008 -0.0045 -0.0501 -0.0065 -0.0045 -0.0501 -0.0045 -0.00411732 -0.0501 -0.00457612 -0.00379289 -0.0501 -0.00479289 -0.00357612 -0.0501 -0.00511732 -0.0035 -0.0501 -0.0055 -0.00357612 -0.0501 -0.00588268 -0.00379289 -0.0501 -0.00620711 -0.00411732 -0.0501 -0.00642388 -0.0045 -0.0501 -0.0037 -0.0043 -0.0501 -0.0035 0.0043 -0.0501 -0.0035 0.0045 -0.0501 -0.0037 0.0045 -0.0501 -0.0045 0.0045 -0.0501 -0.0065 0.00411732 -0.0501 -0.00642388 0.00379289 -0.0501 -0.00620711 0.00357612 -0.0501 -0.00588268 0.0035 -0.0501 -0.0055 0.00357612 -0.0501 -0.00511732 0.00379289 -0.0501 -0.00479289 0.00411732 -0.0501 -0.00457612 0.0045 -0.0501 -0.008 0.0095 -0.0501 -0.008 0.0097 -0.0501 -0.0078 0.0097 -0.0501 -0.0005 0.0095 -0.0501 -0.0003 -0.0095 -0.0501 -0.0003 0.0006 -0.0501 -0.0018 0.00051962 -0.0501 -0.0015 0.0003 -0.0501 -0.00128038 0 -0.0501 -0.0012 -0.0003 -0.0501 -0.00128038 -0.00051962 -0.0501 -0.0015 -0.0006 -0.0501 -0.0018 -0.00051962 -0.0501 -0.0021 -0.0003 -0.0501 -0.00231962 0 -0.0501 -0.0024 0.0003 -0.0501 -0.00231962 0.00051962 -0.0501 -0.0021 -0.0095 -0.073 -0.008 -0.0097 -0.073 -0.0078 -0.0097 -0.073 -0.0005 -0.0095 -0.073 -0.0003 0.0095 -0.073 -0.0003 0.0097 -0.073 -0.0005 0.0097 -0.073 -0.0078 0.0095 -0.073 -0.008 0.0045 -0.073 -0.0045 0.0045 -0.073 -0.0037 0.0045 -0.073 -0.008 0.0045 -0.073 -0.0065 -0.0043 -0.073 -0.0035 -0.0045 -0.073 -0.0037 0.0043 -0.073 -0.0035 -0.0045 -0.073 -0.0065 -0.0045 -0.073 -0.008 -0.0045 -0.073 -0.0045 -0.00371817 -0.077 -0.00487651 -0.00406612 -0.077 -0.00459903 -0.00352507 -0.077 -0.00572252 -0.00352507 -0.077 -0.00527748 -0.00371817 -0.077 -0.00612349 -0.00406612 -0.077 -0.00640097 0.00406612 -0.077 -0.00459903 0.00371817 -0.077 -0.00487651 0.00371817 -0.077 -0.00612349 0.00406612 -0.077 -0.00640097 0.00352507 -0.077 -0.00572252 0.00352507 -0.077 -0.00527748 0.00406612 -0.073 -0.00640097 0.00371817 -0.073 -0.00612349 0.00352507 -0.073 -0.00572252 0.00352507 -0.073 -0.00527748 0.00371817 -0.073 -0.00487651 0.00406612 -0.073 -0.00459903 -0.00406612 -0.073 -0.00459903 -0.00371817 -0.073 -0.00487651 -0.00352507 -0.073 -0.00527748 -0.00352507 -0.073 -0.00572252 -0.00371817 -0.073 -0.00612349 -0.00406612 -0.073 -0.00640097 -0.0006 -0.073 -0.0018 -0.00051962 -0.073 -0.0021 -0.0003 -0.073 -0.00231962 0 -0.073 -0.0024 0.0003 -0.073 -0.00231962 0.00051962 -0.073 -0.0021 0.0006 -0.073 -0.0018 0.00051962 -0.073 -0.0015 0.0003 -0.073 -0.00128038 0 -0.073 -0.0012 -0.0003 -0.073 -0.00128038 -0.00051962 -0.073 -0.0015 0.0075 -0.06855 -0.00373876 0.0062705 -0.06855 -0.003 0.00639226 -0.06908346 -0.003 0.00722641 -0.06974868 -0.003 0.00777359 -0.06974868 -0.003 0.00673342 -0.06951126 -0.003 0.00860774 -0.06908346 -0.003 0.0087295 -0.06855 -0.003 0.00826658 -0.06951126 -0.003 0.00826658 -0.06758874 -0.003 0.00777359 -0.06735133 -0.003 0.00860774 -0.06801654 -0.003 0.00673342 -0.06758874 -0.003 0.00639226 -0.06801654 -0.003 0.00722641 -0.06735133 -0.003 0.0075 -0.05855 -0.00373876 0.0062705 -0.05855 -0.003 0.00639226 -0.05908346 -0.003 0.00722641 -0.05974868 -0.003 0.00777359 -0.05974868 -0.003 0.00673342 -0.05951126 -0.003 0.00860774 -0.05908346 -0.003 0.0087295 -0.05855 -0.003 0.00826658 -0.05951126 -0.003 0.00826658 -0.05758874 -0.003 0.00777359 -0.05735132 -0.003 0.00860774 -0.05801654 -0.003 0.00673342 -0.05758874 -0.003 0.00639226 -0.05801654 -0.003 0.00722641 -0.05735132 -0.003 -0.0075 -0.06855 -0.00373876 -0.0087295 -0.06855 -0.003 -0.00860774 -0.06908346 -0.003 -0.00777359 -0.06974868 -0.003 -0.00722641 -0.06974868 -0.003 -0.00826658 -0.06951126 -0.003 -0.00639226 -0.06908346 -0.003 -0.0062705 -0.06855 -0.003 -0.00673342 -0.06951126 -0.003 -0.00673342 -0.06758874 -0.003 -0.00722641 -0.06735133 -0.003 -0.00639226 -0.06801654 -0.003 -0.00826658 -0.06758874 -0.003 -0.00860774 -0.06801654 -0.003 -0.00777359 -0.06735133 -0.003 -0.0075 -0.05855 -0.00373876 -0.0087295 -0.05855 -0.003 -0.00860774 -0.05908346 -0.003 -0.00777359 -0.05974868 -0.003 -0.00722641 -0.05974868 -0.003 -0.00826658 -0.05951126 -0.003 -0.00639226 -0.05908346 -0.003 -0.0062705 -0.05855 -0.003 -0.00673342 -0.05951126 -0.003 -0.00673342 -0.05758874 -0.003 -0.00722641 -0.05735132 -0.003 -0.00639226 -0.05801654 -0.003 -0.00826658 -0.05758874 -0.003 -0.00860774 -0.05801654 -0.003 -0.00777359 -0.05735132 -0.003 0.0098 -0.0541 0 0.0098 -0.073 0 0.01 -0.0541 -0.0002 0.01 -0.073 -0.0002 0.0062705 -0.06855 0 0.00639226 -0.06908346 0 0.00673342 -0.06951126 0 0.00722641 -0.06974868 0 0.00777359 -0.06974868 0 0.00826658 -0.06951126 0 0.00860774 -0.06908346 0 0.0087295 -0.06855 0 0.00860774 -0.06801654 0 0.00826658 -0.06758874 0 0.00777359 -0.06735133 0 0.00722641 -0.06735133 0 0.00673342 -0.06758874 0 0.00639226 -0.06801654 0 0.0062705 -0.05855 0 0.00639226 -0.05908346 0 0.00673342 -0.05951126 0 0.00722641 -0.05974868 0 0.00777359 -0.05974868 0 0.00826658 -0.05951126 0 0.00860774 -0.05908346 0 0.0087295 -0.05855 0 0.00860774 -0.05801654 0 0.00826658 -0.05758874 0 0.00777359 -0.05735132 0 0.00722641 -0.05735132 0 0.00673342 -0.05758874 0 0.00639226 -0.05801654 0 -0.0087295 -0.06855 0 -0.00860774 -0.06908346 0 -0.00826658 -0.06951126 0 -0.00777359 -0.06974868 0 -0.00722641 -0.06974868 0 -0.00673342 -0.06951126 0 -0.00639226 -0.06908346 0 -0.0062705 -0.06855 0 -0.00639226 -0.06801654 0 -0.00673342 -0.06758874 0 -0.00722641 -0.06735133 0 -0.00777359 -0.06735133 0 -0.00826658 -0.06758874 0 -0.00860774 -0.06801654 0 -0.0087295 -0.05855 0 -0.00860774 -0.05908346 0 -0.00826658 -0.05951126 0 -0.00777359 -0.05974868 0 -0.00722641 -0.05974868 0 -0.00673342 -0.05951126 0 -0.00639226 -0.05908346 0 -0.0062705 -0.05855 0 -0.00639226 -0.05801654 0 -0.00673342 -0.05758874 0 -0.00722641 -0.05735132 0 -0.00777359 -0.05735132 0 -0.00826658 -0.05758874 0 -0.00860774 -0.05801654 0 -0.01 -0.0541 -0.0002 -0.01 -0.073 -0.0002 -0.0098 -0.0541 0 -0.0098 -0.073 0 -0.01 -0.0541 -0.0053 -0.01 -0.073 -0.0053 -0.00985 -0.0541 -0.00525981 -0.00985 -0.073 -0.00525981 -0.00974019 -0.0541 -0.00515 -0.00974019 -0.073 -0.00515 -0.0097 -0.0541 -0.005 -0.0097 -0.073 -0.005 -0.00974019 -0.0541 -0.00485 -0.00974019 -0.073 -0.00485 -0.00985 -0.0541 -0.00474019 -0.00985 -0.073 -0.00474019 -0.01 -0.0541 -0.0047 -0.01 -0.073 -0.0047 -0.0098 -0.0541 -0.008 -0.0098 -0.073 -0.008 -0.01 -0.0541 -0.0078 -0.01 -0.073 -0.0078 -0.0045 -0.0541 -0.0045 -0.0045 -0.0541 -0.0037 -0.0045 -0.0541 -0.008 -0.0045 -0.0541 -0.0065 0.0043 -0.0541 -0.0035 0.0045 -0.0541 -0.0037 -0.0043 -0.0541 -0.0035 0.0045 -0.0541 -0.0045 0.01 -0.0541 -0.0078 0.01 -0.073 -0.0078 0.0098 -0.0541 -0.008 0.0098 -0.073 -0.008 0.0045 -0.0541 -0.0065 0.0045 -0.0541 -0.008 0.005 -0.0541 0 0.005 -0.073 0 -0.005 -0.0541 0 -0.005 -0.073 0 -0.004 -0.073 -0.00463397 -0.004 -0.0541 -0.00463397 -0.00363397 -0.073 -0.005 -0.00363397 -0.0541 -0.005 -0.0035 -0.073 -0.0055 -0.0035 -0.0541 -0.0055 -0.00363397 -0.073 -0.006 -0.00363397 -0.0541 -0.006 -0.004 -0.073 -0.00636603 -0.004 -0.0541 -0.00636603 0.004 -0.073 -0.00636603 0.004 -0.0541 -0.00636603 0.00363397 -0.073 -0.006 0.00363397 -0.0541 -0.006 0.0035 -0.073 -0.0055 0.0035 -0.0541 -0.0055 0.00363397 -0.073 -0.005 0.00363397 -0.0541 -0.005 0.004 -0.073 -0.00463397 0.004 -0.0541 -0.00463397 -0.005 -0.0541 -0.00015 -0.005 -0.073 -0.00015 0.005 -0.073 -0.00015 0.005 -0.0541 -0.00015 -0.0097 -0.0541 -0.0078 -0.0095 -0.0541 -0.008 0.0095 -0.0541 -0.008 0.0097 -0.0541 -0.0078 -0.0095 -0.0541 -0.0003 -0.0097 -0.0541 -0.0005 0.0097 -0.0541 -0.0005 0.0095 -0.0541 -0.0003 0.00406612 -0.0501 -0.00640097 0.00371817 -0.0501 -0.00487651 0.00406612 -0.0501 -0.00459903 0.00352507 -0.0501 -0.00527748 0.00352507 -0.0501 -0.00572252 0.00371817 -0.0501 -0.00612349 -0.00406612 -0.0501 -0.00459903 -0.00371817 -0.0501 -0.00487651 -0.00406612 -0.0501 -0.00640097 -0.00352507 -0.0501 -0.00527748 -0.00352507 -0.0501 -0.00572252 -0.00371817 -0.0501 -0.00612349 -0.00406612 -0.0541 -0.00459903 -0.00371817 -0.0541 -0.00487651 -0.00352507 -0.0541 -0.00527748 -0.00352507 -0.0541 -0.00572252 -0.00371817 -0.0541 -0.00612349 -0.00406612 -0.0541 -0.00640097 0.00406612 -0.0541 -0.00640097 0.00371817 -0.0541 -0.00612349 0.00352507 -0.0541 -0.00572252 0.00352507 -0.0541 -0.00527748 0.00371817 -0.0541 -0.00487651 0.00406612 -0.0541 -0.00459903 0.0006 -0.0541 -0.0018 0.00051962 -0.0541 -0.0021 0.0003 -0.0541 -0.00231962 0 -0.0541 -0.0024 -0.0003 -0.0541 -0.00231962 -0.00051962 -0.0541 -0.0021 -0.0006 -0.0541 -0.0018 -0.00051962 -0.0541 -0.0015 -0.0003 -0.0541 -0.00128038 0 -0.0541 -0.0012 0.0003 -0.0541 -0.00128038 0.00051962 -0.0541 -0.0015 -0.016 -0.06263836 0.02407106 -0.016 -0.0632423 0.024675 -0.016 -0.06308168 0.01625 -0.016 -0.06263836 0.02692894 -0.016 -0.06181336 0.02715 -0.016 -0.06014582 0.046175 -0.016 -0.05207993 0.03492025 -0.016 -0.06098836 0.02692894 -0.016 -0.06038442 0.026325 -0.016 -0.0632423 0.026325 -0.016 -0.06036688 0.047 -0.016 -0.06367721 0.07185103 -0.016 -0.05069007 0.0275612 -0.016 -0.06016336 0.0255 -0.016 -0.04949884 0.02074635 -0.016 -0.06038442 0.024675 -0.016 -0.04914864 0.01625523 -0.016 -0.06098836 0.02407106 -0.016 -0.06181336 0.02385 -0.016 -0.05145 0.086 -0.016 -0.04946071 0.08686467 -0.016 -0.05167106 0.086825 -0.016 -0.05049079 0.0884603 -0.016 -0.052275 0.08742894 -0.016 -0.05204163 0.08955666 -0.016 -0.0531 0.08765 -0.016 -0.05388945 0.08999556 -0.016 -0.053925 0.08742894 -0.016 -0.0557623 0.08954526 -0.016 -0.05452894 0.086825 -0.016 -0.05732595 0.08842039 -0.016 -0.05475 0.086 -0.016 -0.05834832 0.08678788 -0.016 -0.05452894 0.085175 -0.016 -0.053925 0.08457106 -0.016 -0.0531 0.08435 -0.016 -0.05289447 0.04986182 -0.016 -0.05231283 0.05732835 -0.016 -0.06014582 0.047825 -0.016 -0.05954187 0.04842894 -0.016 -0.05871687 0.04865 -0.016 -0.05789188 0.04842894 -0.016 -0.05728793 0.047825 -0.016 -0.05706688 0.047 -0.016 -0.05281664 0.04237308 -0.016 -0.05728793 0.046175 -0.016 -0.05789188 0.04557106 -0.016 -0.05871687 0.04535 -0.016 -0.05954187 0.04557106 -0.016 -0.05107623 0.0647147 -0.016 -0.04998012 0.0709157 -0.016 -0.052275 0.08457106 -0.016 -0.0493203 0.07717817 -0.016 -0.05167106 0.085175 -0.016 -0.0491 0.08347145 -0.016 -0.0491 0.085 -0.016 -0.06247894 0.007825 -0.016 -0.0627 0.007 -0.016 -0.06308168 0.004 -0.016 -0.06247894 0.006175 -0.016 -0.061875 0.00557106 -0.016 -0.0501 0.00426795 -0.016 -0.04936795 0.005 -0.016 -0.0511 0.004 -0.016 -0.0491 0.006 -0.016 -0.05962106 0.006175 -0.016 -0.060225 0.00557106 -0.016 -0.06105 0.00535 -0.016 -0.061875 0.00842894 -0.016 -0.06105 0.00865 -0.016 -0.060225 0.00842894 -0.016 -0.0491 0.01383969 -0.016 -0.05962106 0.007825 -0.016 -0.0594 0.007 -0.016 -0.07247894 0.007825 -0.016 -0.071875 0.00842894 -0.016 -0.07708796 0.01626372 -0.016 -0.07105 0.00865 -0.016 -0.06962106 0.006175 -0.016 -0.070225 0.00557106 -0.016 -0.07105 0.00535 -0.016 -0.076 0.004 -0.016 -0.07798158 0.01013497 -0.016 -0.078 0.00986418 -0.016 -0.0727 0.007 -0.016 -0.078 0.006 -0.016 -0.07784776 0.00523463 -0.016 -0.06831405 0.05668506 -0.016 -0.07224901 0.04132203 -0.016 -0.06346336 0.0255 -0.016 -0.07547379 0.02579439 -0.016 -0.070225 0.00842894 -0.016 -0.06962106 0.007825 -0.016 -0.0694 0.007 -0.016 -0.071875 0.00557106 -0.016 -0.07247894 0.006175 -0.016 -0.07676537 0.00415224 -0.016 -0.07741421 0.00458579 -0.019 -0.05834832 0.08678788 -0.019 -0.05732595 0.08842039 -0.019 -0.05452894 0.086825 -0.019 -0.0632423 0.024675 -0.019 -0.06263836 0.02407106 -0.019 -0.06308168 0.01625 -0.019 -0.06181336 0.02385 -0.019 -0.04914864 0.01625523 -0.019 -0.0632423 0.026325 -0.019 -0.06036688 0.047 -0.019 -0.06014582 0.046175 -0.019 -0.05289447 0.04986182 -0.019 -0.05281664 0.04237308 -0.019 -0.05728793 0.046175 -0.019 -0.05231283 0.05732835 -0.019 -0.0531 0.08435 -0.019 -0.053925 0.08742894 -0.019 -0.0557623 0.08954526 -0.019 -0.0531 0.08765 -0.019 -0.05388945 0.08999556 -0.019 -0.052275 0.08742894 -0.019 -0.05204163 0.08955666 -0.019 -0.05167106 0.086825 -0.019 -0.05049079 0.0884603 -0.019 -0.05145 0.086 -0.019 -0.06098836 0.02407106 -0.019 -0.06038442 0.024675 -0.019 -0.04949884 0.02074635 -0.019 -0.06016336 0.0255 -0.019 -0.05069007 0.0275612 -0.019 -0.05207993 0.03492025 -0.019 -0.06038442 0.026325 -0.019 -0.06098836 0.02692894 -0.019 -0.05871687 0.04865 -0.019 -0.06367721 0.07185103 -0.019 -0.05954187 0.04842894 -0.019 -0.06014582 0.047825 -0.019 -0.05107623 0.0647147 -0.019 -0.05789188 0.04557106 -0.019 -0.05871687 0.04535 -0.019 -0.05954187 0.04557106 -0.019 -0.06181336 0.02715 -0.019 -0.06263836 0.02692894 -0.019 -0.05475 0.086 -0.019 -0.05452894 0.085175 -0.019 -0.053925 0.08457106 -0.019 -0.05789188 0.04842894 -0.019 -0.05728793 0.047825 -0.019 -0.05706688 0.047 -0.019 -0.04946071 0.08686467 -0.019 -0.0491 0.085 -0.019 -0.05167106 0.085175 -0.019 -0.0491 0.08347145 -0.019 -0.052275 0.08457106 -0.019 -0.0493203 0.07717817 -0.019 -0.04998012 0.0709157 -0.019 -0.07547379 0.02579439 -0.019 -0.07224901 0.04132203 -0.019 -0.06831405 0.05668506 -0.019 -0.07708796 0.01626372 -0.019 -0.06346336 0.0255 -0.019 -0.07247894 0.006175 -0.019 -0.076 0.004 -0.019 -0.0727 0.007 -0.019 -0.07676537 0.00415224 -0.019 -0.07741421 0.00458579 -0.019 -0.071875 0.00557106 -0.019 -0.07105 0.00535 -0.019 -0.06308168 0.004 -0.019 -0.070225 0.00557106 -0.019 -0.06962106 0.006175 -0.019 -0.0694 0.007 -0.019 -0.06962106 0.007825 -0.019 -0.070225 0.00842894 -0.019 -0.07105 0.00865 -0.019 -0.071875 0.00842894 -0.019 -0.07798158 0.01013497 -0.019 -0.07247894 0.007825 -0.019 -0.078 0.00986418 -0.019 -0.078 0.006 -0.019 -0.07784776 0.00523463 -0.019 -0.0511 0.004 -0.019 -0.05962106 0.006175 -0.019 -0.0594 0.007 -0.019 -0.061875 0.00842894 -0.019 -0.06247894 0.007825 -0.019 -0.0627 0.007 -0.019 -0.06247894 0.006175 -0.019 -0.0491 0.006 -0.019 -0.04936795 0.005 -0.019 -0.0501 0.00426795 -0.019 -0.061875 0.00557106 -0.019 -0.06105 0.00535 -0.019 -0.060225 0.00557106 -0.019 -0.0491 0.01383969 -0.019 -0.05962106 0.007825 -0.019 -0.060225 0.00842894 -0.019 -0.06105 0.00865 0.0158 -0.0459589 0.08142408 -0.0162 -0.0459589 0.08142408 0.0158 -0.04683831 0.0817531 -0.0162 -0.04683831 0.0817531 0.0158 -0.04747083 0.0824469 -0.0162 -0.04747083 0.0824469 0.0158 -0.04771712 0.08335289 -0.0162 -0.04771712 0.08335289 0.0158 -0.04752281 0.08427127 -0.0162 -0.04752281 0.08427127 0.0158 -0.04693082 0.08499988 -0.0162 -0.04693082 0.08499988 0.0158 -0.04909995 0.08499988 -0.0162 -0.04909995 0.08499988 0.0158 -0.04909995 0.08347162 -0.0162 -0.04909995 0.08347162 0.0158 -0.04932025 0.07717832 -0.0162 -0.04932025 0.07717832 0.0158 -0.04998007 0.07091554 -0.0162 -0.04998007 0.07091554 0.0158 -0.0510762 0.06471475 -0.0162 -0.0510762 0.06471475 -0.0162 -0.05231288 0.05732854 0.0158 -0.05231288 0.05732854 -0.0162 -0.0528945 0.04986175 0.0158 -0.0528945 0.04986175 -0.0162 -0.05281666 0.04237302 0.0158 -0.05281666 0.04237302 -0.0162 -0.05207994 0.03492006 0.0158 -0.05207994 0.03492006 -0.0162 -0.05069008 0.02756103 0.0158 -0.05069008 0.02756103 0.0158 -0.04982271 0.02312454 -0.0162 -0.04982271 0.02312454 0.0158 -0.04929199 0.01863511 -0.0162 -0.04929199 0.01863511 0.0158 -0.04796734 0.01878675 -0.0162 -0.04796734 0.01878675 0.0158 -0.0483599 0.01974281 -0.0162 -0.0483599 0.01974281 0.0158 -0.04822293 0.02076705 -0.0162 -0.04822293 0.02076705 0.0158 -0.04759302 0.02158626 -0.0162 -0.04759302 0.02158626 0.0158 -0.04663828 0.02198156 -0.0162 -0.04663828 0.02198156 -0.0162 -0.04578879 0.02230152 0.0158 -0.04578879 0.02230152 -0.0162 -0.04516831 0.02296432 0.0158 -0.04516831 0.02296432 -0.0162 -0.04490462 0.02383312 0.0158 -0.04490462 0.02383312 -0.0162 -0.04505208 0.02472862 0.0158 -0.04505208 0.02472862 -0.0162 -0.04558029 0.02546676 0.0158 -0.04558029 0.02546676 -0.0162 -0.04638055 0.02589544 0.0158 -0.04638055 0.02589544 -0.0162 -0.04728773 0.02592643 0.0158 -0.04728773 0.02592643 0.0158 -0.0483146 0.02599367 -0.0162 -0.0483146 0.02599367 0.0158 -0.04917219 0.02656206 -0.0162 -0.04917219 0.02656206 0.0158 -0.04963353 0.02748187 -0.0162 -0.04963353 0.02748187 0.0158 -0.04957643 0.02850946 -0.0162 -0.04957643 0.02850946 0.0158 -0.04901614 0.02937253 -0.0162 -0.04901614 0.02937253 0.0158 -0.04810086 0.0298427 -0.0162 -0.04810086 0.0298427 -0.0162 -0.04719331 0.03030618 0.0158 -0.04719331 0.03030618 -0.0162 -0.04663184 0.03115638 0.0158 -0.04663184 0.03115638 -0.0162 -0.04656198 0.03217252 0.0158 -0.04656198 0.03217252 -0.0162 -0.04700198 0.03309186 0.0158 -0.04700198 0.03309186 -0.0162 -0.04783764 0.03367456 0.0158 -0.04783764 0.03367456 -0.0162 -0.04885199 0.0337704 0.0158 -0.04885199 0.0337704 0.0158 -0.04975381 0.03382858 -0.0162 -0.04975381 0.03382858 0.0158 -0.05053809 0.03427776 -0.0162 -0.05053809 0.03427776 0.0158 -0.05104449 0.03502639 -0.0162 -0.05104449 0.03502639 0.0158 -0.05116966 0.03592141 -0.0162 -0.05116966 0.03592141 0.0158 -0.05088809 0.0367802 -0.0162 -0.05088809 0.0367802 0.0158 -0.05025723 0.03742727 -0.0162 -0.05025723 0.03742727 0.0158 -0.04940596 0.03773053 -0.0162 -0.04940596 0.03773053 -0.0162 -0.04845622 0.03810104 0.0158 -0.04845622 0.03810104 -0.0162 -0.04781249 0.03889211 0.0158 -0.04781249 0.03889211 -0.0162 -0.04764226 0.03989728 0.0158 -0.04764226 0.03989728 -0.0162 -0.04798975 0.04085572 0.0158 -0.04798975 0.04085572 -0.0162 -0.04876449 0.04151853 0.0158 -0.04876449 0.04151853 -0.0162 -0.04976526 0.04171308 0.0158 -0.04976526 0.04171308 0.0158 -0.05065694 0.04185947 -0.0162 -0.05065694 0.04185947 0.0158 -0.05139342 0.04238303 -0.0162 -0.05139342 0.04238303 0.0158 -0.05182424 0.04317744 -0.0162 -0.05182424 0.04317744 0.0158 -0.05186143 0.0440801 -0.0162 -0.05186143 0.0440801 0.0158 -0.05149737 0.04490741 -0.0162 -0.05149737 0.04490741 0.0158 -0.05080631 0.04548963 -0.0162 -0.05080631 0.04548963 0.0158 -0.04992953 0.0457085 -0.0162 -0.04992953 0.0457085 -0.0162 -0.04894819 0.04598506 0.0158 -0.04894819 0.04598506 -0.0162 -0.04823044 0.0467089 0.0158 -0.04823044 0.0467089 -0.0162 -0.04796305 0.04769309 0.0158 -0.04796305 0.04769309 -0.0162 -0.0482153 0.04868062 0.0158 -0.0482153 0.04868062 -0.0162 -0.04892161 0.04941591 0.0158 -0.04892161 0.04941591 -0.0162 -0.04989865 0.04970725 0.0158 -0.04989865 0.04970725 0.0158 -0.05077198 0.04993947 -0.0162 -0.05077198 0.04993947 0.0158 -0.05145385 0.05053266 -0.0162 -0.05145385 0.05053266 0.0158 -0.05180505 0.05136522 -0.0162 -0.05180505 0.05136522 0.0158 -0.05175402 0.05226739 -0.0162 -0.05175402 0.05226739 0.0158 -0.05131104 0.05305513 -0.0162 -0.05131104 0.05305513 0.0158 -0.05056658 0.05356725 -0.0162 -0.05056658 0.05356725 0.0158 -0.04967263 0.05369981 -0.0162 -0.04967263 0.05369981 -0.0162 -0.04866889 0.0538791 0.0158 -0.04866889 0.0538791 -0.0162 -0.04788401 0.05452951 0.0158 -0.04788401 0.05452951 -0.0162 -0.04752186 0.0554827 0.0158 -0.04752186 0.0554827 -0.0162 -0.04767659 0.05649026 0.0158 -0.04767659 0.05649026 -0.0162 -0.04830792 0.05729087 0.0158 -0.04830792 0.05729087 -0.0162 -0.04925194 0.05767616 0.0158 -0.04925194 0.05767616 0.0158 -0.05009845 0.05799277 -0.0162 -0.05009845 0.05799277 0.0158 -0.05071917 0.05864938 -0.0162 -0.05071917 0.05864938 0.0158 -0.05098763 0.05951246 -0.0162 -0.05098763 0.05951246 0.0158 -0.05084875 0.06040509 -0.0162 -0.05084875 0.06040509 0.0158 -0.05033102 0.0611461 -0.0162 -0.05033102 0.0611461 0.0158 -0.04954019 0.06158336 -0.0162 -0.04954019 0.06158336 0.0158 -0.04863765 0.0616277 -0.0162 -0.04863765 0.0616277 -0.0162 -0.04761317 0.06171115 0.0158 -0.04761317 0.06171115 -0.0162 -0.04676535 0.06229242 0.0158 -0.04676535 0.06229242 -0.0162 -0.04631832 0.06321796 0.0158 -0.04631832 0.06321796 -0.0162 -0.04638984 0.06424316 0.0158 -0.04638984 0.06424316 -0.0162 -0.04696121 0.06509765 0.0158 -0.04696121 0.06509765 -0.0162 -0.04788151 0.06555542 0.0158 -0.04788151 0.06555542 0.0158 -0.04879453 0.0660065 -0.0162 -0.04879453 0.0660065 0.0158 -0.04936674 0.06684908 -0.0162 -0.04936674 0.06684908 0.0158 -0.04945007 0.06786426 -0.0162 -0.04945007 0.06786426 0.0158 -0.0490227 0.06878837 -0.0162 -0.0490227 0.06878837 0.0158 -0.04819551 0.06938251 -0.0162 -0.04819551 0.06938251 0.0158 -0.04718294 0.06949266 -0.0162 -0.04718294 0.06949266 -0.0162 -0.04628387 0.06956276 0.0158 -0.04628387 0.06956276 -0.0162 -0.04550698 0.07002052 0.0158 -0.04550698 0.07002052 -0.0162 -0.04501035 0.07077345 0.0158 -0.04501035 0.07077345 -0.0162 -0.04489496 0.07166799 0.0158 -0.04489496 0.07166799 -0.0162 -0.04518404 0.07252201 0.0158 -0.04518404 0.07252201 -0.0162 -0.04581907 0.0731624 0.0158 -0.04581907 0.0731624 -0.0162 -0.04667082 0.07345852 0.0158 -0.04667082 0.07345852 0.0158 -0.04762473 0.07382377 -0.0162 -0.04762473 0.07382377 0.0158 -0.04827395 0.07461198 -0.0162 -0.04827395 0.07461198 0.0158 -0.04844918 0.07561859 -0.0162 -0.04844918 0.07561859 0.0158 -0.04810479 0.07657989 -0.0162 -0.04810479 0.07657989 0.0158 -0.04733052 0.07724603 -0.0162 -0.04733052 0.07724603 0.0158 -0.04632821 0.07744297 -0.0162 -0.04632821 0.07744297 -0.0162 -0.04533007 0.07763799 0.0158 -0.04533007 0.07763799 -0.0162 -0.04455676 0.07829841 0.0158 -0.04455676 0.07829841 -0.0162 -0.04420843 0.07925399 0.0158 -0.04420843 0.07925399 -0.0162 -0.04437509 0.08025726 0.0158 -0.04437509 0.08025726 -0.0162 -0.04501357 0.08104929 0.0158 -0.04501357 0.08104929 0.019 -0.06263836 0.02407106 0.019 -0.0632423 0.024675 0.019 -0.06308168 0.01625 0.019 -0.06263836 0.02692894 0.019 -0.06181336 0.02715 0.019 -0.06014582 0.046175 0.019 -0.05207993 0.03492025 0.019 -0.06098836 0.02692894 0.019 -0.06038442 0.026325 0.019 -0.0632423 0.026325 0.019 -0.06036688 0.047 0.019 -0.06367721 0.07185103 0.019 -0.05069007 0.0275612 0.019 -0.06016336 0.0255 0.019 -0.04949884 0.02074635 0.019 -0.06038442 0.024675 0.019 -0.04914864 0.01625523 0.019 -0.06098836 0.02407106 0.019 -0.06181336 0.02385 0.019 -0.05145 0.086 0.019 -0.04946071 0.08686467 0.019 -0.05167106 0.086825 0.019 -0.05049079 0.0884603 0.019 -0.052275 0.08742894 0.019 -0.05204163 0.08955666 0.019 -0.0531 0.08765 0.019 -0.05388945 0.08999556 0.019 -0.053925 0.08742894 0.019 -0.0557623 0.08954526 0.019 -0.05452894 0.086825 0.019 -0.05732595 0.08842039 0.019 -0.05475 0.086 0.019 -0.05834832 0.08678788 0.019 -0.05452894 0.085175 0.019 -0.053925 0.08457106 0.019 -0.0531 0.08435 0.019 -0.05289447 0.04986182 0.019 -0.05231283 0.05732835 0.019 -0.06014582 0.047825 0.019 -0.05954187 0.04842894 0.019 -0.05871687 0.04865 0.019 -0.05789188 0.04842894 0.019 -0.05728793 0.047825 0.019 -0.05706688 0.047 0.019 -0.05281664 0.04237308 0.019 -0.05728793 0.046175 0.019 -0.05789188 0.04557106 0.019 -0.05871687 0.04535 0.019 -0.05954187 0.04557106 0.019 -0.05107623 0.0647147 0.019 -0.04998012 0.0709157 0.019 -0.052275 0.08457106 0.019 -0.0493203 0.07717817 0.019 -0.05167106 0.085175 0.019 -0.0491 0.08347145 0.019 -0.0491 0.085 0.019 -0.06247894 0.007825 0.019 -0.0627 0.007 0.019 -0.06308168 0.004 0.019 -0.06247894 0.006175 0.019 -0.061875 0.00557106 0.019 -0.0501 0.00426795 0.019 -0.04936795 0.005 0.019 -0.0511 0.004 0.019 -0.0491 0.006 0.019 -0.05962106 0.006175 0.019 -0.060225 0.00557106 0.019 -0.06105 0.00535 0.019 -0.061875 0.00842894 0.019 -0.06105 0.00865 0.019 -0.060225 0.00842894 0.019 -0.0491 0.01383969 0.019 -0.05962106 0.007825 0.019 -0.0594 0.007 0.019 -0.07247894 0.007825 0.019 -0.071875 0.00842894 0.019 -0.07708796 0.01626372 0.019 -0.07105 0.00865 0.019 -0.06962106 0.006175 0.019 -0.070225 0.00557106 0.019 -0.07105 0.00535 0.019 -0.076 0.004 0.019 -0.07798158 0.01013497 0.019 -0.078 0.00986418 0.019 -0.0727 0.007 0.019 -0.078 0.006 0.019 -0.07784776 0.00523463 0.019 -0.06831405 0.05668506 0.019 -0.07224901 0.04132203 0.019 -0.06346336 0.0255 0.019 -0.07547379 0.02579439 0.019 -0.070225 0.00842894 0.019 -0.06962106 0.007825 0.019 -0.0694 0.007 0.019 -0.071875 0.00557106 0.019 -0.07247894 0.006175 0.019 -0.07676537 0.00415224 0.019 -0.07741421 0.00458579 0.016 -0.05834832 0.08678788 0.016 -0.05732595 0.08842039 0.016 -0.05452894 0.086825 0.016 -0.0632423 0.024675 0.016 -0.06263836 0.02407106 0.016 -0.06308168 0.01625 0.016 -0.06181336 0.02385 0.016 -0.04914864 0.01625523 0.016 -0.0632423 0.026325 0.016 -0.06036688 0.047 0.016 -0.06014582 0.046175 0.016 -0.05289447 0.04986182 0.016 -0.05281664 0.04237308 0.016 -0.05728793 0.046175 0.016 -0.05231283 0.05732835 0.016 -0.0531 0.08435 0.016 -0.053925 0.08742894 0.016 -0.0557623 0.08954526 0.016 -0.0531 0.08765 0.016 -0.05388945 0.08999556 0.016 -0.052275 0.08742894 0.016 -0.05204163 0.08955666 0.016 -0.05167106 0.086825 0.016 -0.05049079 0.0884603 0.016 -0.05145 0.086 0.016 -0.06098836 0.02407106 0.016 -0.06038442 0.024675 0.016 -0.04949884 0.02074635 0.016 -0.06016336 0.0255 0.016 -0.05069007 0.0275612 0.016 -0.05207993 0.03492025 0.016 -0.06038442 0.026325 0.016 -0.06098836 0.02692894 0.016 -0.05871687 0.04865 0.016 -0.06367721 0.07185103 0.016 -0.05954187 0.04842894 0.016 -0.06014582 0.047825 0.016 -0.05107623 0.0647147 0.016 -0.05789188 0.04557106 0.016 -0.05871687 0.04535 0.016 -0.05954187 0.04557106 0.016 -0.06181336 0.02715 0.016 -0.06263836 0.02692894 0.016 -0.05475 0.086 0.016 -0.05452894 0.085175 0.016 -0.053925 0.08457106 0.016 -0.05789188 0.04842894 0.016 -0.05728793 0.047825 0.016 -0.05706688 0.047 0.016 -0.04946071 0.08686467 0.016 -0.0491 0.085 0.016 -0.05167106 0.085175 0.016 -0.0491 0.08347145 0.016 -0.052275 0.08457106 0.016 -0.0493203 0.07717817 0.016 -0.04998012 0.0709157 0.016 -0.07547379 0.02579439 0.016 -0.07224901 0.04132203 0.016 -0.06831405 0.05668506 0.016 -0.07708796 0.01626372 0.016 -0.06346336 0.0255 0.016 -0.07247894 0.006175 0.016 -0.076 0.004 0.016 -0.0727 0.007 0.016 -0.07676537 0.00415224 0.016 -0.07741421 0.00458579 0.016 -0.071875 0.00557106 0.016 -0.07105 0.00535 0.016 -0.06308168 0.004 0.016 -0.070225 0.00557106 0.016 -0.06962106 0.006175 0.016 -0.0694 0.007 0.016 -0.06962106 0.007825 0.016 -0.070225 0.00842894 0.016 -0.07105 0.00865 0.016 -0.071875 0.00842894 0.016 -0.07798158 0.01013497 0.016 -0.07247894 0.007825 0.016 -0.078 0.00986418 0.016 -0.078 0.006 0.016 -0.07784776 0.00523463 0.016 -0.0511 0.004 0.016 -0.05962106 0.006175 0.016 -0.0594 0.007 0.016 -0.061875 0.00842894 0.016 -0.06247894 0.007825 0.016 -0.0627 0.007 0.016 -0.06247894 0.006175 0.016 -0.0491 0.006 0.016 -0.04936795 0.005 0.016 -0.0501 0.00426795 0.016 -0.061875 0.00557106 0.016 -0.06105 0.00535 0.016 -0.060225 0.00557106 0.016 -0.0491 0.01383969 0.016 -0.05962106 0.007825 0.016 -0.060225 0.00842894 0.016 -0.06105 0.00865 0.0158 -0.05546824 0.042424 0.0158 -0.05533427 0.041924 0.0158 -0.05540669 0.044137 0.0158 -0.06016336 0.0255 0.0158 -0.06038442 0.024675 0.0158 -0.05583427 0.02978316 0.0158 -0.05540669 0.01383969 0.0158 -0.05546824 0.03014919 0.0158 -0.05533427 0.03064919 0.0158 -0.06038442 0.026325 0.0158 -0.05633427 0.02964919 0.0158 -0.06098836 0.02692894 0.0158 -0.07025605 0.02964919 0.0158 -0.06181336 0.02715 0.0158 -0.07654512 0.01965462 0.0158 -0.07652832 0.01792887 0.0158 -0.0632423 0.024675 0.0158 -0.07592579 0.01631164 0.0158 -0.06098836 0.02407106 0.0158 -0.06181336 0.02385 0.0158 -0.07161198 0.01383969 0.0158 -0.06263836 0.02407106 0.0158 -0.07331191 0.01413754 0.0158 -0.07480932 0.0149956 0.0158 -0.06830676 0.04255414 0.0158 -0.06796031 0.04282681 0.0158 -0.07158165 0.04414725 0.0158 -0.07069282 0.02974961 0.0158 -0.06753027 0.042924 0.0158 -0.05633427 0.042924 0.0158 -0.05583427 0.04279003 0.0158 -0.06346336 0.0255 0.0158 -0.0632423 0.026325 0.0158 -0.06263836 0.02692894 0.0158 -0.07104187 0.03003072 0.0158 -0.07123308 0.03043604 0.0158 -0.07399692 0.0333535 0.0158 -0.07122806 0.03088417 0.0158 -0.06850228 0.04215899 0.0158 -0.05269634 0.01411332 0.0158 -0.0512435 0.01490428 0.0158 -0.05432774 0.01383969 0.0158 -0.05012824 0.01612598 0.0158 -0.04987484 0.02345115 0.0158 -0.04934845 0.01929423 0.0158 -0.04947264 0.01764471 0.0158 -0.05587645 0.05551049 0.0158 -0.05706688 0.047 0.0158 -0.05728793 0.046175 0.0158 -0.05789188 0.04557106 0.0158 -0.05871687 0.04535 0.0158 -0.0554202 0.08968699 0.0158 -0.05587645 0.07651193 0.0158 -0.05558557 0.07622106 0.0158 -0.0554791 0.07582372 0.0158 -0.0554791 0.0561987 0.0158 -0.05558557 0.05580137 0.0158 -0.05627378 0.0766184 0.0158 -0.05954187 0.04557106 0.0158 -0.06014582 0.046175 0.0158 -0.07089764 0.04693831 0.0158 -0.06036688 0.047 0.0158 -0.06725234 0.06038689 0.0158 -0.06014582 0.047825 0.0158 -0.06353378 0.0557261 0.0158 -0.05954187 0.04842894 0.0158 -0.06325264 0.0554891 0.0158 -0.06289492 0.05540403 0.0158 -0.05871687 0.04865 0.0158 -0.05627378 0.05540403 0.0158 -0.05789188 0.04842894 0.0158 -0.05728793 0.047825 0.0158 -0.05748607 0.07634865 0.0158 -0.05834832 0.08678788 0.0158 -0.05764934 0.07605625 0.0158 -0.06306696 0.07367731 0.0158 -0.06365481 0.05643124 0.0158 -0.06367815 0.05606428 0.0158 -0.05721683 0.07654782 0.0158 -0.05688945 0.0766184 0.0158 -0.05732595 0.08842039 0.0158 -0.0557623 0.08954526 0.0158 -0.053925 0.08457106 0.0158 -0.05452894 0.085175 0.0158 -0.05475 0.086 0.0158 -0.0531 0.08435 0.0158 -0.05289447 0.04986182 0.0158 -0.05231283 0.05732835 0.0158 -0.05281664 0.04237308 0.0158 -0.05207993 0.03492025 0.0158 -0.05069007 0.0275612 0.0158 -0.05145 0.086 0.0158 -0.04946071 0.08686467 0.0158 -0.05167106 0.086825 0.0158 -0.05049079 0.0884603 0.0158 -0.052275 0.08742894 0.0158 -0.05204163 0.08955666 0.0158 -0.0531 0.08765 0.0158 -0.05388945 0.08999556 0.0158 -0.053925 0.08742894 0.0158 -0.05452894 0.086825 0.0158 -0.05107623 0.0647147 0.0158 -0.04998012 0.0709157 0.0158 -0.052275 0.08457106 0.0158 -0.0493203 0.07717817 0.0158 -0.05167106 0.085175 0.0158 -0.0491 0.08347145 0.0158 -0.0491 0.085 -0.016 -0.0554202 0.08968699 -0.016 -0.05533427 0.03064919 -0.016 -0.04934845 0.01929423 -0.016 -0.05432774 0.01383969 -0.016 -0.04987484 0.02345115 -0.016 -0.05540669 0.01383969 -0.016 -0.0512435 0.01490428 -0.016 -0.05269634 0.01411332 -0.016 -0.05012824 0.01612598 -0.016 -0.04947264 0.01764471 -0.016 -0.07480932 0.0149956 -0.016 -0.07592579 0.01631164 -0.016 -0.07652832 0.01792887 -0.016 -0.07654512 0.01965462 -0.016 -0.05583427 0.02978316 -0.016 -0.05546824 0.03014919 -0.016 -0.07069282 0.02974961 -0.016 -0.05533427 0.041924 -0.016 -0.05546824 0.042424 -0.016 -0.05540669 0.044137 -0.016 -0.05583427 0.04279003 -0.016 -0.07161198 0.01383969 -0.016 -0.07331191 0.01413754 -0.016 -0.05633427 0.02964919 -0.016 -0.07025605 0.02964919 -0.016 -0.07104187 0.03003072 -0.016 -0.05633427 0.042924 -0.016 -0.06753027 0.042924 -0.016 -0.07158165 0.04414725 -0.016 -0.06796031 0.04282681 -0.016 -0.06830676 0.04255414 -0.016 -0.06850228 0.04215899 -0.016 -0.07399692 0.0333535 -0.016 -0.07122806 0.03088417 -0.016 -0.07123308 0.03043604 -0.016 -0.07089764 0.04693831 -0.016 -0.06353378 0.0557261 -0.016 -0.05587645 0.07651193 -0.016 -0.05627378 0.0766184 -0.016 -0.05587645 0.05551049 -0.016 -0.05558557 0.05580137 -0.016 -0.05688945 0.0766184 -0.016 -0.05721683 0.07654782 -0.016 -0.05748607 0.07634865 -0.016 -0.06306696 0.07367731 -0.016 -0.05764934 0.07605625 -0.016 -0.06725234 0.06038689 -0.016 -0.06365481 0.05643124 -0.016 -0.06367815 0.05606428 -0.016 -0.05627378 0.05540403 -0.016 -0.06289492 0.05540403 -0.016 -0.06325264 0.0554891 -0.016 -0.0554791 0.0561987 -0.016 -0.0554791 0.07582372 -0.016 -0.05558557 0.07622106</float_array>
          <technique_common>
            <accessor source="#pos_0-array" count="7689" stride="3">
              <param name="X" type="float"/>
              <param name="Y" type="float"/>
              <param name="Z" type="float"/>
            </accessor>
          </technique_common>
        </source>
        <source id="norm_0">
          <float_array id="norm_0-array" count="3618">-0 -0 -1 1 0 -0 1 0 -0 0 0 1 -1 -0 0 -1 -0 0 0 -1 0 -0 1 -0 -0 0.18375 -0.98297 -0 0.52643 -0.85022 -0 0.79802 -0.60264 -0 0.96183 -0.27366 -0 0.99573 0.09227 -0 0.89516 0.44574 -0 0.6737 0.73901 -0 0.36124 0.93247 0 -0.36124 0.93247 0 -0.6737 0.73901 0 -0.89516 0.44574 0 -0.99573 0.09227 0 -0.96183 -0.27366 0 -0.79802 -0.60264 0 -0.52643 -0.85022 0 -0.18375 -0.98297 -0 0.18375 -0.98297 -0 0.79802 -0.60263 -0 0.96183 -0.27366 -0 0.99573 0.09227 -0 0.36124 0.93247 0 -0.36124 0.93247 0 -0.99573 0.09227 0 -0.96183 -0.27366 0 -0.79802 -0.60263 0 -0.18375 -0.98297 0.98297 0.18375 -0 0.85022 0.52643 -0 0.60264 0.79802 -0 0.27366 0.96183 -0 -0.09227 0.99573 0 -0.44574 0.89516 0 -0.73901 0.6737 0 -0.93247 0.36124 0 -0.93247 -0.36124 0 -0.73901 -0.6737 0 -0.44574 -0.89516 0 -0.09227 -0.99573 0 0.27366 -0.96183 -0 0.60264 -0.79802 -0 0.85022 -0.52643 -0 0.98297 -0.18375 -0 0.98297 0.18375 -0 0.85022 0.52643 -0 0.60263 0.79802 -0 0.27366 0.96183 -0 -0.09227 0.99573 0 -0.73901 0.6737 0 -0.73901 -0.6737 0 -0.44574 -0.89516 0 -0.09227 -0.99573 0 0.27366 -0.96183 -0 0.60263 -0.79802 -0 0.85022 -0.52643 -0 0.98297 -0.18375 -0 -0 -0 -1 -0 -0 -1 0 -1 0 -0 1 -0 0 0 1 0 0 1 0.96568 0.25875 0.02248 0.92388 0.38268 -0 0.79335 0.60876 -0 0.70693 0.70693 0.02248 0.60876 0.79335 -0 0.38268 0.92388 -0 0.25875 0.96568 0.02248 0.13053 0.99144 -0 -0.13053 0.99144 0 -0.25875 0.96568 0.02248 -0.38268 0.92388 0 -0.60876 0.79335 0 -0.70693 0.70693 0.02248 -0.79335 0.60876 0 -0.92388 0.38268 0 -0.96568 0.25875 0.02248 -0.99144 0.13053 0 -0.99144 -0.13053 0 -0.96568 -0.25875 0.02248 -0.92388 -0.38268 0 -0.79335 -0.60876 0 -0.70693 -0.70693 0.02248 -0.60876 -0.79335 0 -0.38268 -0.92388 0 -0.25875 -0.96568 0.02248 -0.13053 -0.99144 0 0.13053 -0.99144 -0 0.25875 -0.96568 0.02248 0.38268 -0.92388 -0 0.60876 -0.79335 -0 0.70693 -0.70693 0.02248 0.79335 -0.60876 -0 0.92388 -0.38268 -0 0.96568 -0.25875 0.02248 0.99144 -0.13053 -0 0.99144 0.13053 -0 0.96568 0.25875 0.02248 0.79335 0.60876 -0 0.70693 0.70693 0.02248 0.60876 0.79335 -0 0.25875 0.96568 0.02248 0.13053 0.99144 -0 -0.13053 0.99144 0 -0.25875 0.96568 0.02248 -0.60876 0.79335 0 -0.70693 0.70693 0.02248 -0.79335 0.60876 0 -0.96568 0.25875 0.02248 -0.99144 0.13053 0 -0.99144 -0.13053 0 -0.96568 -0.25875 0.02248 -0.79335 -0.60876 0 -0.70693 -0.70693 0.02248 -0.60876 -0.79335 0 -0.25875 -0.96568 0.02248 -0.13053 -0.99144 0 0.13053 -0.99144 -0 0.25875 -0.96568 0.02248 0.60876 -0.79335 -0 0.70693 -0.70693 0.02248 0.79335 -0.60876 -0 0.96568 -0.25875 0.02248 0.99144 -0.13053 -0 0.99144 0.13053 -0 0.70693 0.70693 0.02248 0.25875 0.96568 0.02248 0.13053 0.99144 -0 -0.13053 0.99144 0 -0.25875 0.96568 0.02248 -0.70693 0.70693 0.02248 -0.70693 -0.70693 0.02248 -0.25875 -0.96568 0.02248 -0.13053 -0.99144 0 0.13053 -0.99144 -0 0.25875 -0.96568 0.02248 0.70693 -0.70693 0.02248 0.70693 0.70693 0.02248 0.25875 0.96568 0.02248 0.13053 0.99144 -0 -0.13053 0.99144 0 -0.25875 0.96568 0.02248 -0.70693 0.70693 0.02248 -0.70693 -0.70693 0.02248 -0.25875 -0.96568 0.02248 -0.13053 -0.99144 0 0.13053 -0.99144 -0 0.25875 -0.96568 0.02248 0.70693 -0.70693 0.02248 1 0 -0 -1 -0 0 0.96593 0.25882 -0 0.70711 0.70711 -0 0.25882 0.96593 -0 -0.25882 0.96593 0 -0.70711 0.70711 0 -0.96593 0.25882 0 -0.96593 -0.25882 0 -0.70711 -0.70711 0 -0.25882 -0.96593 0 0.25882 -0.96593 -0 0.70711 -0.70711 -0 0.96593 -0.25882 -0 0.70711 0.70711 -0 0.25882 0.96593 -0 -0.25882 0.96593 0 -0.70711 0.70711 0 -0.96593 -0.25882 0 -0.70711 -0.70711 0 -0.25882 -0.96593 0 0.25882 -0.96593 -0 0.70711 -0.70711 -0 0.96593 -0.25882 -0 0.96593 0.25882 -0 0.70711 0.70711 -0 -0.70711 0.70711 0 -0.96593 0.25882 0 -0.96593 -0.25882 0 -0.70711 -0.70711 0 0.70711 -0.70711 -0 0.96593 -0.25882 -0 0.70711 0.70711 -0 -0.70711 0.70711 0 -0.96593 -0.25882 0 -0.70711 -0.70711 0 0.70711 -0.70711 -0 0.96593 -0.25882 -0 0.96568 0.25875 0.02248 0.92388 0.38269 -0 0.79335 0.60876 -0 0.70693 0.70693 0.02248 0.60876 0.79335 -0 0.25875 0.96568 0.02248 0.13053 0.99144 -0 -0.13053 0.99144 0 -0.25875 0.96568 0.02248 -0.60876 0.79335 0 -0.70693 0.70693 0.02248 -0.79335 0.60876 0 -0.92388 0.38268 0 -0.96568 0.25875 0.02248 -0.99144 0.13053 0 -0.99144 -0.13053 0 -0.96568 -0.25875 0.02248 -0.92388 -0.38268 0 -0.70693 -0.70693 0.02248 -0.60876 -0.79335 0 -0.25875 -0.96568 0.02248 -0.13053 -0.99145 0 0.13053 -0.99144 -0 0.25875 -0.96568 0.02248 0.60876 -0.79335 -0 0.70693 -0.70693 0.02248 0.92388 -0.38269 -0 0.96568 -0.25875 0.02248 0.99144 -0.13053 -0 0.99144 0.13053 -0 0.96568 0.25875 0.02248 0.92388 0.38269 -0 0.79335 0.60876 -0 0.70693 0.70693 0.02248 0.38268 0.92388 -0 0.25875 0.96568 0.02248 0.13053 0.99144 -0 -0.13053 0.99144 0 -0.25875 0.96568 0.02248 -0.38268 0.92388 0 -0.70693 0.70693 0.02248 -0.79335 0.60876 0 -0.92388 0.38268 0 -0.96568 0.25875 0.02248 -0.99144 0.13053 0 -0.79335 -0.60876 0 -0.70693 -0.70693 0.02248 -0.25875 -0.96568 0.02248 -0.13053 -0.99144 0 0.13053 -0.99144 -0 0.25875 -0.96568 0.02248 0.70693 -0.70693 0.02248 0.79335 -0.60876 -0 0.99144 0.13053 -0 0.70693 0.70693 0.02248 0.25875 0.96568 0.02248 0.13053 0.99144 -0 -0.13053 0.99145 0 -0.25875 0.96568 0.02248 -0.70693 0.70693 0.02248 -0.79335 -0.60876 0 -0.70693 -0.70693 0.02248 -0.25875 -0.96568 0.02248 -0.13053 -0.99144 0 0.13053 -0.99144 -0 0.25875 -0.96568 0.02248 0.70693 -0.70693 0.02248 0.79335 -0.60876 -0 0.65608 0.27176 0.70406 0.65608 0.27176 0.70406 0.56339 0.4323 0.70406 0.56339 0.4323 0.70406 0.4323 0.56339 0.70406 0.4323 0.56339 0.70406 0.27176 0.65608 0.70406 0.27176 0.65608 0.70406 0.09269 0.70406 0.70406 0.09269 0.70406 0.70406 -0.09269 0.70406 0.70406 -0.09269 0.70406 0.70406 -0.27176 0.65608 0.70406 -0.27176 0.65608 0.70406 -0.4323 0.56339 0.70406 -0.4323 0.56339 0.70406 -0.56339 0.4323 0.70406 -0.56339 0.4323 0.70406 -0.65608 0.27176 0.70406 -0.65608 0.27176 0.70406 -0.70406 0.09269 0.70406 -0.70406 0.09269 0.70406 -0.70406 -0.09269 0.70406 -0.70406 -0.09269 0.70406 -0.65608 -0.27176 0.70406 -0.65608 -0.27176 0.70406 -0.56339 -0.43231 0.70406 -0.56339 -0.4323 0.70406 -0.4323 -0.56339 0.70406 -0.4323 -0.56339 0.70406 -0.27176 -0.65608 0.70406 -0.27176 -0.65608 0.70406 -0.09269 -0.70406 0.70406 -0.09269 -0.70406 0.70406 0.09269 -0.70406 0.70406 0.09269 -0.70406 0.70406 0.27176 -0.65608 0.70406 0.27176 -0.65608 0.70406 0.4323 -0.56339 0.70406 0.4323 -0.56339 0.70406 0.56339 -0.43231 0.70406 0.56339 -0.4323 0.70406 0.65608 -0.27176 0.70406 0.65608 -0.27176 0.70406 0.70406 -0.09269 0.70406 0.70406 -0.09269 0.70406 0.70406 0.09269 0.70406 0.70406 0.09269 0.70406 0.65608 0.27176 0.70406 0.65608 0.27176 0.70406 0.56339 0.4323 0.70406 0.56339 0.4323 0.70406 0.4323 0.56339 0.70406 0.4323 0.56339 0.70406 0.27176 0.65608 0.70406 0.27176 0.65608 0.70406 0.09269 0.70406 0.70406 0.09269 0.70406 0.70406 -0.09269 0.70406 0.70406 -0.09269 0.70406 0.70406 -0.27176 0.65608 0.70406 -0.27176 0.65608 0.70406 -0.4323 0.56339 0.70406 -0.4323 0.56339 0.70406 -0.56339 0.4323 0.70406 -0.65608 0.27176 0.70406 -0.65608 0.27176 0.70406 -0.70406 0.09269 0.70406 -0.70406 0.09269 0.70406 -0.70406 -0.09269 0.70406 -0.65608 -0.27176 0.70406 -0.65608 -0.27176 0.70406 -0.56339 -0.4323 0.70406 -0.4323 -0.56339 0.70406 -0.4323 -0.56339 0.70406 -0.27176 -0.65608 0.70406 -0.27176 -0.65608 0.70406 -0.09269 -0.70406 0.70406 -0.09269 -0.70406 0.70406 0.09269 -0.70406 0.70406 0.09269 -0.70406 0.70406 0.27176 -0.65608 0.70406 0.27176 -0.65608 0.70406 0.4323 -0.56339 0.70406 0.4323 -0.56339 0.70406 0.56339 -0.4323 0.70406 0.56339 -0.4323 0.70406 0.65608 -0.27176 0.70406 0.65608 -0.27176 0.70406 0.70406 -0.09269 0.70406 0.70406 0.09269 0.70406 0.65608 0.27176 0.70406 0.56339 0.43231 0.70406 0.56339 0.4323 0.70406 0.4323 0.56339 0.70406 0.4323 0.56339 0.70406 0.27176 0.65608 0.70406 0.27176 0.65608 0.70406 0.09269 0.70406 0.70406 0.09269 0.70406 0.70406 -0.09269 0.70406 0.70406 -0.09269 0.70406 0.70406 -0.27176 0.65608 0.70406 -0.27176 0.65608 0.70406 -0.4323 0.56339 0.70406 -0.4323 0.56339 0.70406 -0.56339 0.43231 0.70406 -0.56339 0.4323 0.70406 -0.65608 0.27176 0.70406 -0.65608 0.27176 0.70406 -0.65608 -0.27176 0.70406 -0.56339 -0.4323 0.70406 -0.56339 -0.4323 0.70406 -0.4323 -0.56339 0.70406 -0.4323 -0.56339 0.70406 -0.27176 -0.65608 0.70406 -0.27176 -0.65608 0.70406 -0.09269 -0.70406 0.70406 -0.09269 -0.70406 0.70406 0.09269 -0.70406 0.70406 0.09269 -0.70406 0.70406 0.27176 -0.65608 0.70406 0.27176 -0.65608 0.70406 0.4323 -0.56339 0.70406 0.4323 -0.56339 0.70406 0.56339 -0.4323 0.70406 0.56339 -0.4323 0.70406 0.65608 -0.27176 0.70406 0.65608 -0.27176 0.70406 0.65608 0.27176 0.70406 0.65608 0.27176 0.70406 0.56339 0.4323 0.70406 0.56339 0.4323 0.70406 0.43231 0.56339 0.70406 0.4323 0.56339 0.70406 0.27176 0.65608 0.70406 0.27176 0.65608 0.70406 0.09269 0.70406 0.70406 -0.09269 0.70406 0.70406 -0.09269 0.70406 0.70406 -0.27176 0.65608 0.70406 -0.27176 0.65608 0.70406 -0.4323 0.56339 0.70406 -0.4323 0.56339 0.70406 -0.56339 0.4323 0.70406 -0.56339 0.4323 0.70406 -0.65608 0.27176 0.70406 -0.65608 0.27176 0.70406 -0.70406 0.09269 0.70406 -0.70406 0.09269 0.70406 -0.70406 -0.09269 0.70406 -0.70406 -0.09269 0.70406 -0.65608 -0.27176 0.70406 -0.65608 -0.27176 0.70406 -0.56339 -0.4323 0.70406 -0.56339 -0.4323 0.70406 -0.4323 -0.56339 0.70406 -0.4323 -0.56339 0.70406 -0.27176 -0.65608 0.70406 -0.09269 -0.70406 0.70406 -0.09269 -0.70406 0.70406 0.09269 -0.70406 0.70406 0.09269 -0.70406 0.70406 0.27176 -0.65608 0.70406 0.27176 -0.65608 0.70406 0.43231 -0.56339 0.70406 0.4323 -0.56339 0.70406 0.56339 -0.4323 0.70406 0.56339 -0.4323 0.70406 0.65608 -0.27176 0.70406 0.70406 -0.09269 0.70406 0.70406 0.09269 0.70406 0.70406 0.09269 0.70406 0.65608 0.27176 0.70406 0.56339 0.4323 0.70406 0.56339 0.4323 0.70406 0.43231 0.56339 0.70406 0.4323 0.56339 0.70406 0.27176 0.65608 0.70406 0.09269 0.70406 0.70406 0.09269 0.70406 0.70406 -0.09269 0.70406 0.70406 -0.09269 0.70406 0.70406 -0.27176 0.65608 0.70406 -0.4323 0.56339 0.70406 -0.56339 0.4323 0.70406 -0.56339 0.4323 0.70406 -0.65608 0.27176 0.70406 -0.70406 0.09269 0.70406 -0.70406 0.09269 0.70406 -0.70406 -0.09269 0.70406 -0.65608 -0.27176 0.70406 -0.65608 -0.27176 0.70406 -0.56339 -0.4323 0.70406 -0.56339 -0.4323 0.70406 -0.4323 -0.56339 0.70406 -0.27176 -0.65608 0.70406 -0.09269 -0.70406 0.70406 0.09269 -0.70406 0.70406 0.09269 -0.70406 0.70406 0.27176 -0.65608 0.70406 0.27176 -0.65608 0.70406 0.4323 -0.56339 0.70406 0.65608 -0.27176 0.70406 0.70406 -0.09269 0.70406 0.70406 -0.09269 0.70406 0.70406 0.09269 0.70406 0.65608 0.27176 0.70406 0.65608 0.27176 0.70406 0.56339 0.4323 0.70406 0.56339 0.4323 0.70406 0.4323 0.56339 0.70406 0.4323 0.56339 0.70406 0.09269 0.70406 0.70406 -0.09269 0.70406 0.70406 -0.09269 0.70406 0.70406 -0.43231 0.56339 0.70406 -0.4323 0.56339 0.70406 -0.56339 0.4323 0.70406 -0.56339 0.4323 0.70406 -0.65608 0.27176 0.70406 -0.65608 0.27176 0.70406 -0.70406 0.09269 0.70406 -0.70406 0.09269 0.70406 -0.70406 -0.09269 0.70406 -0.70406 -0.09269 0.70406 -0.65608 -0.27176 0.70406 -0.56339 -0.4323 0.70406 -0.56339 -0.4323 0.70406 -0.43231 -0.56339 0.70406 -0.4323 -0.56339 0.70406 -0.09269 -0.70406 0.70406 -0.09269 -0.70406 0.70406 0.09269 -0.70406 0.70406 0.09269 -0.70406 0.70406 0.4323 -0.56339 0.70406 0.4323 -0.56339 0.70406 0.56339 -0.4323 0.70406 0.56339 -0.4323 0.70406 0.65608 -0.27176 0.70406 0.65608 -0.27176 0.70406 0.70406 -0.09269 0.70406 0.70406 -0.09269 0.70406 0.70406 0.09269 0.70406 0.70406 0.09269 0.70406 0.65608 0.27176 0.70406 0.65608 0.27176 0.70406 0.56339 0.4323 0.70406 0.56339 0.4323 0.70406 0.4323 0.56339 0.70406 0.4323 0.56339 0.70406 0.09269 0.70406 0.70406 0.09269 0.70406 0.70406 -0.09269 0.70406 0.70406 -0.09269 0.70406 0.70406 -0.4323 0.56339 0.70406 -0.56339 0.4323 0.70406 -0.56339 0.4323 0.70406 -0.70406 0.09269 0.70406 -0.70406 0.09269 0.70406 -0.70406 -0.09269 0.70406 -0.65608 -0.27176 0.70406 -0.65608 -0.27176 0.70406 -0.56339 -0.4323 0.70406 -0.56339 -0.4323 0.70406 -0.43231 -0.56339 0.70406 -0.4323 -0.56339 0.70406 -0.09269 -0.70406 0.70406 -0.09269 -0.70406 0.70406 0.09269 -0.70406 0.70406 0.09269 -0.70406 0.70406 0.4323 -0.56339 0.70406 0.56339 -0.4323 0.70406 0.56339 -0.4323 0.70406 0.65608 -0.27176 0.70406 0.70406 -0.09269 0.70406 0.70406 -0.09269 0.70406 0.70406 0.09269 0.70406 -0 -0 -1 1 0 -0 0 0 1 -1 -0 0 0 -1 0 -0 1 -0 -0 0.18375 -0.98297 -0 0.52643 -0.85022 -0 0.79802 -0.60264 -0 0.96183 -0.27366 -0 0.99573 0.09227 -0 0.89516 0.44574 -0 0.6737 0.73901 -0 0.36124 0.93247 0 -0.36124 0.93247 0 -0.6737 0.73901 0 -0.89516 0.44574 0 -0.99573 0.09227 0 -0.96183 -0.27366 0 -0.79802 -0.60264 0 -0.52643 -0.85022 0 -0.18375 -0.98297 -0 0.18375 -0.98297 -0 0.79802 -0.60263 -0 0.96183 -0.27366 -0 0.99573 0.09227 -0 0.36124 0.93247 0 -0.36124 0.93247 0 -0.99573 0.09227 0 -0.96183 -0.27366 0 -0.79802 -0.60263 0 -0.18375 -0.98297 0.98297 0.18375 -0 0.85022 0.52643 -0 0.60264 0.79802 -0 0.27366 0.96183 -0 -0.09227 0.99573 -0 -0.44574 0.89516 0 -0.73901 0.6737 0 -0.93247 0.36124 0 -0.93247 -0.36124 0 -0.73901 -0.6737 0 -0.44574 -0.89516 0 -0.09227 -0.99573 0 0.27366 -0.96183 -0 0.60264 -0.79802 -0 0.85022 -0.52643 -0 0.98297 -0.18375 -0 0.98297 0.18375 -0 0.85022 0.52643 -0 0.60263 0.79802 -0 0.27366 0.96183 -0 -0.09227 0.99573 -0 -0.73901 0.6737 0 -0.73901 -0.6737 0 -0.44574 -0.89516 0 -0.09227 -0.99573 0 0.27366 -0.96183 -0 0.60263 -0.79802 -0 0.85022 -0.52643 -0 0.98297 -0.18375 -0 -0 -0 -1 0.34202 -0.93969 -0 0.97934 -0.20222 -0 0.81915 -0.57358 -0 0.52498 -0.85112 -0 0.34202 -0.93969 -0 0.97934 -0.20222 -0 0.81916 -0.57357 -0 0.52497 -0.85112 -0 0.34202 0.93969 -0 1 0 -0 0.97934 -0.20221 -0 0.81915 -0.57358 -0 0.34202 0.93969 -0 0.97934 -0.20222 -0 0.81915 -0.57357 -0 0.34202 -0.93969 -0 0.52498 -0.85111 -0 0.34202 0.93969 -0 0.34202 -0.93969 -0 0.97934 -0.20222 -0 0.81915 -0.57358 -0 0.52498 -0.85112 -0 0.34202 -0.93969 -0 0.81915 -0.57358 -0 0.52498 -0.85112 -0 0.34202 -0.93969 -0 0.97934 -0.20222 -0 0.81915 -0.57358 -0 0.52498 -0.85112 -0 0.52499 -0.85111 -0 0.34202 -0.93969 -0 0.52497 0.85112 -0 0.81915 0.57358 -0 0.97934 0.20221 -0 0.34202 0.93969 -0 0.52499 0.85111 -0 0.97934 0.20222 -0 0.34202 -0.93969 -0 0 -1 0 0 0 1 0.34202 0.93969 -0 -1 -0 0 0.52498 0.85112 -0 0.81915 0.57358 -0 0.97934 0.20222 -0 0.52498 0.85112 -0 0.81915 0.57358 -0 0.97934 0.20222 -0 1 0 -0 0.97934 0.20222 -0 0.52498 0.85111 -0 0.81915 0.57357 -0 0.52498 0.85112 -0 0.81915 0.57358 -0 0.97934 0.20222 -0 -0.96593 0.25882 0 -0.70711 0.70711 0 -0.25882 0.96593 -0 0.25882 0.96593 -0 0.70711 0.70711 -0 0.96593 0.25882 -0 0.96593 -0.25882 -0 0.70711 -0.70711 -0 0.25882 -0.96593 0 -0.25882 -0.96593 0 -0.70711 -0.70711 0 -0.96593 -0.25882 0 -0.96593 0.25882 0 -0.70711 0.70711 0 0.70711 0.70711 -0 0.96593 0.25882 -0 0.25882 -0.96593 0 -0.25882 -0.96593 0 0.96593 -0.25882 -0 0.70711 -0.70711 -0 0.25882 -0.96593 0 -0.25882 -0.96593 0 -0.70711 -0.70711 0 -0.96593 -0.25882 0 -0.96593 0.25882 0 -0.70711 0.70711 0 -0.25882 0.96593 -0 0.25882 0.96593 -0 0.70711 0.70711 -0 0.96593 0.25882 -0 0.96593 -0.25882 -0 0.25882 -0.96593 0 -0.25882 -0.96593 0 -0.96593 -0.25882 0 -0 1 -0 -1 -0 0 1 0 -0 0 -1 0 0.19509 0 0.98079 0.55557 0 0.83147 0.83147 0 0.55557 0.98079 0 0.19509 0.98079 0 -0.19509 0.83147 0 -0.55557 0.55557 0 -0.83147 0.19509 0 -0.98079 0.70711 0 -0.70711 -0 -0 -1 -0.70711 -0 -0.70711 -0.19509 -0 -0.98079 -0.55557 -0 -0.83147 -0.83147 -0 -0.55557 -0.98079 -0 -0.19509 -0.98079 -0 0.19509 -0.83147 -0 0.55557 -0.55557 -0 0.83147 -0.19509 -0 0.98079 0.70711 0 -0.70711 0.70711 0 0.70711 0 0 1 -0.70711 -0 0.70711 -0.70711 -0 -0.70711 0.96593 0 0.25882 0.96593 0 -0.25882 0.70711 0 -0.70711 0.25882 0 -0.96593 -0.25882 -0 -0.96593 -0.70711 -0 -0.70711 -0.96593 -0 -0.25882 -0.96593 -0 0.25882 -0.70711 -0 0.70711 -0.25882 -0 0.96593 0.25882 0 0.96593 0.70711 0 0.70711 -0 1 -0 -0.22252 -0 -0.97493 -0.62349 -0 -0.78183 -0.90097 -0 -0.43388 -0.90097 -0 0.43388 -0.62349 -0 0.78183 -0.22252 -0 0.97493 0.22252 0 0.97493 0.62349 0 0.78183 0.90097 0 0.43388 0.90097 0 -0.43388 0.62349 0 -0.78183 0.22252 0 -0.97493 0.51152 0.11675 0.85131 -0 0.52467 0.85131 0.22765 0.47271 0.85131 0.4102 0.32713 0.85131 -0.51152 0.11675 0.85131 -0.4102 0.32713 0.85131 -0.22765 0.47271 0.85131 -0.22765 -0.47271 0.85131 -0.4102 -0.32713 0.85131 -0.51152 -0.11675 0.85131 0.4102 -0.32713 0.85131 0.22765 -0.47271 0.85131 0 -0.52467 0.85131 0.51152 -0.11675 0.85131 -0 0.52467 0.85131 0.22765 0.47271 0.85131 -0.22765 0.47271 0.85131 -0.22765 -0.47271 0.85131 0.22765 -0.47271 0.85131 0 -0.52467 0.85131 0.51152 0.11675 0.85131 0.4102 0.32713 0.85131 -0.51152 0.11675 0.85131 -0.4102 0.32713 0.85131 -0.4102 -0.32713 0.85131 -0.51152 -0.11675 0.85131 0.4102 -0.32713 0.85131 0.51152 -0.11675 0.85131 0.70711 0 0.70711 0.97493 0.22252 -0 0.78183 0.62349 -0 0.43388 0.90097 -0 -0.43388 0.90097 0 -0.78183 0.62349 0 -0.97493 0.22252 0 -0.97493 -0.22252 0 -0.78183 -0.62349 0 -0.43388 -0.90097 0 0.43388 -0.90097 -0 0.78183 -0.62349 -0 0.97493 -0.22252 -0 0.43388 0.90097 -0 -0.43388 0.90097 0 -0.43388 -0.90097 0 0.43388 -0.90097 -0 0.97493 0.22252 -0 0.78183 0.62349 -0 -0.78183 0.62349 0 -0.97493 0.22252 0 -0.97493 -0.22252 0 -0.78183 -0.62349 0 0.78183 -0.62349 -0 0.97493 -0.22252 -0 -0.70711 -0 0.70711 -0.25882 -0 0.96593 -0.70711 -0 0.70711 -0.96593 -0 0.25882 -0.96593 -0 -0.25882 -0.70711 -0 -0.70711 -0.25882 -0 -0.96593 -0.70711 -0 -0.70711 0.70711 0 -0.70711 0.25882 0 0.96593 0.70711 0 0.70711 0.96593 0 0.25882 0.96593 0 -0.25882 0.70711 0 -0.70711 0.25882 0 -0.96593 -0.25882 -0 -0.96593 -0.70711 -0 -0.70711 -0.96593 -0 -0.25882 -0.96593 -0 0.25882 -0.70711 -0 0.70711 -0.25882 -0 0.96593 1 0 -0 -1 -0 0 -0 0.98263 0.18558 -0 0.99515 0.09837 -0 0.99995 0.01039 -0 0.99698 -0.07766 -0 0.98627 -0.16512 -0 0.98473 -0.17406 -0 0.9945 -0.10478 -0 0.99939 -0.03498 -0 1 -0 -0 0.9818 0.18992 -0 0.84014 0.54237 -0 0.57726 0.81656 -0 0.2311 0.97293 0 -0.23377 0.97229 0 -0.58398 0.81177 0 -0.84752 0.53077 0 -0.97911 0.20334 0 -0.96873 0.24812 0 -0.9563 0.29238 0 -0.94186 0.33602 0 -0.98954 0.14428 0 -0.98596 0.16699 0 -0.99769 0.06786 0 -1 0 0 -0.98079 -0.19509 0 -0.83147 -0.55557 0 -0.55557 -0.83147 0 -0.19509 -0.98079 -0 -0 -1 -0 0.25882 -0.96593 -0 0.70711 -0.70711 -0 0.96593 -0.25882 -0 0.9998 0.02013 -0 0.99697 0.07774 -0 0.98506 0.17219 -0 0.96593 -0.25882 -0 0.70711 -0.70711 -0 0.25882 -0.96593 0 -0.25882 -0.96593 0 -0.70711 -0.70711 0 -0.96593 -0.25882 0 -0.96593 0.25882 0 -0.70711 0.70711 0 -0.25882 0.96593 -0 0.25882 0.96593 -0 0.70711 0.70711 -0 0.96593 0.25882 -0 0.96593 -0.25882 -0 0.70711 -0.70711 -0 0.25882 -0.96593 0 -0.70711 -0.70711 0 -0.96593 -0.25882 0 -0.96593 0.25882 0 -0.70711 0.70711 -0 0.25882 0.96593 -0 0.70711 0.70711 -0 0.96593 0.25882 -0 0.96593 -0.25882 -0 0.70711 -0.70711 0 -0.96593 -0.25882 0 -0.96593 0.25882 -0 0.70711 0.70711 -0 0.96593 0.25882 -0 0.96593 -0.25882 -0 0.70711 -0.70711 -0 0.25882 -0.96593 0 -0.25882 -0.96593 0 -0.70711 -0.70711 0 -0.96593 -0.25882 0 -0.96593 0.25882 0 -0.70711 0.70711 0 -0.25882 0.96593 -0 0.25882 0.96593 -0 0.70711 0.70711 -0 0.96593 0.25882 -0 0.70711 -0.70711 0 -0.96593 -0.25882 0 -0.96593 0.25882 0 -0.70711 0.70711 -0 0.70711 0.70711 -0 0.96593 0.25882 -0 0.35041 0.9366 -0 0.73899 0.67372 -0 0.96498 0.26232 -0 0.97834 -0.207 -0 0.77611 -0.63059 0 0 1 0 -1 0 0 -0.99939 0.03498 0 -0.9945 0.10478 0 -0.98473 0.17407 0 -0.98627 0.16513 0 -0.99698 0.07766 0 -0.99995 -0.01039 0 -0.99515 -0.09837 0 -0.98263 -0.18558 0 -0.98142 -0.19187 0 -0.99308 -0.1174 -0 0.92506 0.37983 -0 0.99118 -0.13255 -0 0.79274 -0.60955 -0 0.38254 -0.92394 -0 0.35248 -0.93582 -0 0.73003 -0.68342 -0 0.9569 -0.29043 -0 0.98671 0.16248 -0 0.81323 0.58195 -0 0.4722 0.88149 0 0.03415 0.99942 0 0.06533 0.99786 -0 0.55245 0.83354 -0 0.89387 0.44833 -0 0.99846 -0.05548 -0 0.83876 -0.5445 -0 0.45692 -0.88951 -0 0.45482 -0.89058 -0 0.83445 -0.55108 -0 0.99765 -0.06859 -0 0.90201 0.43171 -0 0.57197 0.82028 0 0.09407 0.99557 0 0.06437 0.99793 -0 0.49699 0.86776 -0 0.8283 0.56029 -0 0.99036 0.1385 -0 0.95023 -0.31155 -0 0.71602 -0.69808 -0 0.33559 -0.94201 -0 0.36343 -0.93162 -0 0.77564 -0.63117 -0 0.98596 -0.16698 -0 0.94012 0.34085 -0 0.65008 0.75987 0 0.19083 0.98162 0 0.162 0.98679 -0 0.57941 0.81503 -0 0.87905 0.47673 -0 0.99915 0.04117 -0 0.9153 -0.40278 -0 0.64431 -0.76476 -0 0.24219 -0.97023 -0 0.27126 -0.96251 -0 0.71008 -0.70412 -0 0.96502 -0.26218 -0 0.96889 0.24749 -0 0.72117 0.69276 -0 0.28576 0.9583 -0 0.25697 0.96642 -0 0.65634 0.75447 -0 0.92138 0.38866 -0 0.9984 -0.05646 -0 0.87163 -0.49016 -0 0.56676 -0.82388 -0 0.14668 -0.98918 -0 0.17584 -0.98442 -0 0.63807 -0.76998 -0 0.9348 -0.35517 -0 0.98841 0.15179 -0 0.78523 0.6192 -0 0.37787 0.92586 -0 0.35033 0.93663 -0 0.72668 0.68697 -0 0.95487 0.29701 -0 0.98811 -0.15373 -0 0.81974 -0.57274 -0 0.48387 -0.87514 -0 0.04908 -0.9988 -0 0.08118 -0.9967 -0 0.56547 -0.82477 -0 0.90047 -0.43492 -0 0.99758 0.0696 -0 0.83128 0.55585 -0 0.44536 0.89535 -0 0.44295 0.89655 -0 0.82727 0.56181 -0 0.99665 0.08181 -0 0.90764 -0.41975 -0 0.58337 -0.8122 -0 0.10814 -0.99414 -0 0.07773 -0.99697 -0 0.50766 -0.86156 -0 0.83476 -0.55061 -0 0.99178 -0.12794 -0 0.94721 0.32063 -0 0.71007 0.70413 -0 0.32838 0.94455 -0 0.35759 0.93388 -0 0.77188 0.63576 -0 0.98518 0.17151 -0 0.94141 -0.33727 -0 0.65219 -0.75805 -0 0.19279 -0.98124 -0 0.19176 -0.98144 -0 0.64942 -0.76043 -0 0.93953 -0.34248 -0 0.98648 0.16387 -0 0.77853 0.62761 -0 0.36856 0.9296 1 0 -0 -1 -0 0 -0 0.11373 -0.99351 1 0 -0 -1 -0 0 -0 0.98263 0.18558 -0 0.99515 0.09837 -0 0.99995 0.01039 -0 0.99698 -0.07766 -0 0.98627 -0.16512 -0 0.98473 -0.17406 -0 0.9945 -0.10478 -0 0.99939 -0.03498 -0 1 0 -0 0.9818 0.18992 -0 0.84014 0.54237 -0 0.57726 0.81656 0 0.2311 0.97293 0 -0.23377 0.97229 0 -0.58398 0.81177 0 -0.84752 0.53077 0 -0.97911 0.20334 0 -0.96873 0.24812 0 -0.9563 0.29238 0 -0.94186 0.33602 0 -0.98954 0.14428 0 -0.98596 0.16699 0 -0.99769 0.06786 0 -1 -0 0 -0.98079 -0.19509 0 -0.83147 -0.55557 0 -0.55557 -0.83147 -0 -0.19509 -0.98079 -0 0 -1 -0 0.25882 -0.96593 -0 0.70711 -0.70711 -0 0.96593 -0.25882 -0 0.9998 0.02013 -0 0.99697 0.07774 -0 0.98506 0.17219 -0 0.96593 -0.25882 -0 0.70711 -0.70711 -0 0.25882 -0.96593 0 -0.25882 -0.96593 0 -0.70711 -0.70711 0 -0.96593 -0.25882 0 -0.96593 0.25882 0 -0.70711 0.70711 0 -0.25882 0.96593 -0 0.25882 0.96593 -0 0.70711 0.70711 -0 0.96593 0.25882 -0 0.96593 -0.25882 -0 0.70711 -0.70711 -0 0.25882 -0.96593 0 -0.70711 -0.70711 0 -0.96593 -0.25882 0 -0.96593 0.25882 0 -0.70711 0.70711 -0 0.25882 0.96593 -0 0.70711 0.70711 -0 0.96593 0.25882 -0 0.96593 -0.25882 -0 0.70711 -0.70711 0 -0.96593 -0.25882 0 -0.96593 0.25882 -0 0.70711 0.70711 -0 0.96593 0.25882 -0 0.96593 -0.25882 -0 0.70711 -0.70711 -0 0.25882 -0.96593 0 -0.25882 -0.96593 0 -0.70711 -0.70711 0 -0.96593 -0.25882 0 -0.96593 0.25882 0 -0.70711 0.70711 0 -0.25882 0.96593 -0 0.25882 0.96593 -0 0.70711 0.70711 -0 0.96593 0.25882 -0 0.96593 -0.25882 -0 0.70711 -0.70711 0 -0.96593 -0.25882 0 -0.96593 0.25882 0 -0.70711 0.70711 -0 0.70711 0.70711 -0 0.96593 0.25882 1 -0 0 -1 0 -0 -0 0.98263 0.18558 0 0.99515 0.09837 0 0.99995 0.01039 0 0.99698 -0.07766 0 0.98627 -0.16512 0 0.98473 -0.17406 0 0.9945 -0.10478 0 0.99939 -0.03498 0 1 -0 -0 0.9818 0.18992 -0 0.84014 0.54237 -0 0.57726 0.81656 -0 0.2311 0.97293 -0 -0.19761 0.98028 -0 -0.38274 0.92386 -0 -0.58398 0.81177 -0 -0.84752 0.53077 -0 -0.94091 0.33864 -0 -0.95382 0.30037 -0 -0.96517 0.26161 -0 -0.97126 0.23803 -0 -0.97587 0.21837 -0 -0.98314 0.18288 -0 0.99208 0.12563 -0 0.98089 0.19456 0 -0.25882 -0.96593 0 -0.70711 -0.70711 0 -0.96593 -0.25882 0 -0 -1 0 0.8731 -0.48754 0 0.59472 -0.80393 0 0.21071 -0.97755 0 0.95623 -0.29262 -0 0.23136 0.97287 -0 0.64453 0.76458 -0 0.91971 0.39259 0 0.99799 -0.06345 -0 0 1 -0 -0.96593 0.25882 -0 -0.70711 0.70711 -0 -0.25882 0.96593 -0 -1 0 0 -0.25882 -0.96593 0 -0.70711 -0.70711 0 -0.96593 -0.25882 0 0.89629 -0.44347 0 0.61847 -0.78581 0 0.22044 -0.9754 0 0.972 -0.23499 -0 0.22408 0.97457 -0 0.62724 0.77883 -0 0.90441 0.42666 0 0.99994 -0.01121 -0 -0.96593 0.25882 -0 -0.70711 0.70711 -0 -0.25882 0.96593 0 0.96593 -0.25882 0 0.70711 -0.70711 0 0.25882 -0.96593 0 -0.25882 -0.96593 0 -0.70711 -0.70711 0 -0.96593 -0.25882 -0 -0.96593 0.25882 -0 -0.70711 0.70711 -0 -0.25882 0.96593 -0 0.25882 0.96593 -0 0.70711 0.70711 -0 0.96593 0.25882 0 0.96593 -0.25882 0 0.70711 -0.70711 0 0.25882 -0.96593 0 -0.25882 -0.96593 0 -0.70711 -0.70711 0 -0.96593 -0.25882 -0 -0.96593 0.25882 -0 -0.70711 0.70711 -0 -0.25882 0.96593 -0 0.25882 0.96593 -0 0.70711 0.70711 -0 0.96593 0.25882 0 0.96593 -0.25882 0 0.70711 -0.70711 0 -0.70711 -0.70711 0 -0.96593 -0.25882 -0 -0.96593 0.25882 -0 -0.70711 0.70711 -0 0.70711 0.70711 -0 0.96593 0.25882 0 0.16542 -0.98622 0 0.47815 -0.87828 0 0.73855 -0.6742 0 0.91811 -0.39633 0 0.99718 -0.07508 -0 -0.99995 -0.00973 0 -0.93708 -0.34912 0 -0.76256 -0.64692 0 -0.49719 -0.86764 0 -0.17258 -0.985</float_array>
          <technique_common>
            <accessor source="#norm_0-array" count="3618" stride="3">
              <param name="X" type="float"/>
              <param name="Y" type="float"/>
              <param name="Z" type="float"/>
            </accessor>
          </technique_common>
        </source>
        <vertices id="vert_0">
          <input semantic="POSITION" source="#pos_0"/>
        </vertices>
        <triangles count="5508" material="mat_0">
          <input semantic="VERTEX" source="#vert_0" offset="0"/>
          <input semantic="NORMAL" source="#norm_0" offset="1"/>
          <p>0 0 1 0 2 0 3 0 4 0 5 0 6 0 7 0 8 0 3 0 5 0 9 0 9 0 5 0 6 0 9 0 6 0 10 0 11 0 12 0 13 0 13 0 12 0 5 0 13 0 5 0 14 0 14 0 5 0 4 0 11 0 15 0 12 0 12 0 15 0 16 0 12 0 16 0 17 0 17 0 18 0 12 0 12 0 18 0 19 0 12 0 19 0 2 0 2 0 19 0 20 0 2 0 20 0 0 0 8 0 21 0 6 0 6 0 21 0 22 0 6 0 22 0 10 0 10 0 22 0 23 0 1 0 24 0 25 0 26 0 27 0 1 0 1 0 27 0 28 0 1 0 28 0 24 0 23 0 29 0 10 0 10 0 29 0 27 0 10 0 27 0 30 0 30 0 27 0 26 0 25 0 31 0 1 0 1 0 31 0 32 0 1 0 32 0 2 0 2 0 32 0 33 0 2 0 33 0 34 0 34 0 35 0 2 0 2 0 35 0 36 0 2 0 36 0 6 0 6 0 36 0 37 0 6 0 37 0 7 0 38 1 39 1 40 1 5 1 41 1 42 1 43 2 44 2 38 2 45 1 46 1 38 1 38 1 46 1 47 1 38 1 47 1 39 1 44 2 48 2 38 2 38 1 48 1 49 1 38 1 49 1 50 1 50 1 51 1 38 1 38 1 51 1 52 1 38 1 52 1 53 1 53 1 52 1 54 1 53 1 54 1 55 1 55 1 56 1 53 1 53 1 56 1 57 1 53 1 57 1 5 1 5 2 57 2 58 2 5 1 58 1 59 1 43 1 38 1 60 1 60 1 38 1 40 1 60 1 40 1 61 1 61 1 40 1 62 1 61 1 62 1 63 1 5 1 42 1 6 1 6 1 42 1 64 1 6 1 64 1 65 1 59 1 66 1 5 1 5 1 66 1 67 1 5 2 67 2 61 2 65 1 68 1 6 1 6 1 68 1 69 1 6 1 69 1 38 1 38 1 69 1 70 1 38 1 70 1 45 1 63 1 71 1 61 1 61 1 71 1 72 1 61 1 72 1 5 1 5 1 72 1 73 1 5 1 73 1 41 1 74 3 75 3 76 3 53 3 77 3 78 3 79 3 80 3 38 3 38 3 80 3 81 3 76 3 75 3 82 3 82 3 75 3 83 3 82 3 83 3 84 3 76 3 85 3 74 3 74 3 85 3 86 3 74 3 86 3 87 3 87 3 88 3 74 3 74 3 88 3 89 3 74 3 89 3 53 3 53 3 89 3 90 3 53 3 90 3 77 3 91 3 92 3 93 3 93 3 92 3 79 3 93 3 79 3 94 3 94 3 79 3 38 3 94 3 38 3 95 3 81 3 96 3 38 3 38 3 96 3 97 3 38 3 97 3 75 3 75 3 97 3 98 3 75 3 98 3 99 3 99 3 100 3 75 3 75 3 100 3 101 3 75 3 101 3 83 3 84 3 102 3 82 3 82 3 102 3 103 3 82 3 103 3 104 3 104 3 103 3 105 3 104 3 105 3 93 3 93 3 105 3 106 3 93 3 106 3 91 3 78 3 107 3 53 3 53 3 107 3 108 3 53 3 108 3 38 3 38 3 108 3 109 3 38 3 109 3 95 3 110 4 111 4 2 4 2 4 111 4 112 4 2 4 112 4 113 4 12 4 114 4 115 4 114 5 12 5 116 5 116 4 12 4 2 4 116 5 2 5 117 5 117 4 2 4 113 4 117 4 113 4 118 4 119 4 120 4 121 4 115 5 122 5 12 5 12 4 122 4 123 4 12 4 123 4 74 4 123 4 124 4 74 4 74 4 124 4 125 4 74 4 125 4 126 4 75 4 127 4 2 4 2 4 127 4 128 4 2 4 128 4 110 4 121 4 129 4 119 4 119 5 129 5 130 5 119 4 130 4 131 4 131 4 130 4 132 4 131 5 132 5 118 5 118 4 132 4 133 4 118 4 133 4 117 4 134 4 135 4 74 4 74 4 135 4 136 4 74 4 136 4 75 4 75 4 136 4 137 4 75 4 137 4 138 4 138 4 139 4 75 4 75 4 139 4 140 4 75 4 140 4 127 4 126 4 141 4 74 4 74 4 141 4 142 4 74 5 142 5 134 5 134 4 142 4 120 4 134 4 120 4 143 4 143 4 120 4 119 4 38 6 75 6 6 6 6 6 75 6 2 6 74 7 53 7 12 7 12 7 53 7 5 7 142 8 52 8 120 8 120 8 52 8 51 8 120 9 51 9 121 9 121 9 51 9 50 9 121 10 50 10 129 10 129 10 50 10 49 10 129 11 49 11 130 11 130 11 49 11 48 11 130 12 48 12 132 12 132 12 48 12 44 12 132 13 44 13 133 13 133 13 44 13 43 13 133 14 43 14 117 14 117 14 43 14 60 14 117 15 60 15 116 15 116 15 60 15 61 15 116 3 61 3 114 3 114 3 61 3 67 3 114 16 67 16 115 16 115 16 67 16 66 16 115 17 66 17 122 17 122 17 66 17 59 17 122 18 59 18 123 18 123 18 59 18 58 18 123 19 58 19 124 19 124 19 58 19 57 19 124 20 57 20 125 20 125 20 57 20 56 20 125 21 56 21 126 21 126 21 56 21 55 21 126 22 55 22 141 22 141 22 55 22 54 22 141 23 54 23 142 23 142 23 54 23 52 23 137 24 39 24 138 24 138 24 39 24 47 24 138 9 47 9 139 9 139 9 47 9 46 9 139 25 46 25 140 25 140 25 46 25 45 25 140 26 45 26 127 26 127 26 45 26 70 26 127 27 70 27 128 27 128 27 70 27 69 27 128 13 69 13 110 13 110 13 69 13 68 13 110 14 68 14 111 14 111 14 68 14 65 14 111 28 65 28 112 28 112 28 65 28 64 28 112 3 64 3 113 3 113 3 64 3 42 3 113 29 42 29 118 29 118 29 42 29 41 29 118 17 41 17 131 17 131 17 41 17 73 17 131 18 73 18 119 18 119 18 73 18 72 18 119 30 72 30 143 30 143 30 72 30 71 30 143 31 71 31 134 31 134 31 71 31 63 31 134 32 63 32 135 32 135 32 63 32 62 32 135 22 62 22 136 22 136 22 62 22 40 22 136 33 40 33 137 33 137 33 40 33 39 33 32 34 83 34 33 34 33 34 83 34 101 34 33 35 101 35 34 35 34 35 101 35 100 35 34 36 100 36 35 36 35 36 100 36 99 36 35 37 99 37 36 37 36 37 99 37 98 37 36 38 98 38 37 38 37 38 98 38 97 38 37 39 97 39 7 39 7 39 97 39 96 39 7 40 96 40 8 40 8 40 96 40 81 40 8 41 81 41 21 41 21 41 81 41 80 41 21 4 80 4 22 4 22 4 80 4 79 4 22 42 79 42 23 42 23 42 79 42 92 42 23 43 92 43 29 43 29 43 92 43 91 43 29 44 91 44 27 44 27 44 91 44 106 44 27 45 106 45 28 45 28 45 106 45 105 45 28 46 105 46 24 46 24 46 105 46 103 46 24 47 103 47 25 47 25 47 103 47 102 47 25 48 102 48 31 48 31 48 102 48 84 48 31 49 84 49 32 49 32 49 84 49 83 49 18 50 85 50 19 50 19 50 85 50 76 50 19 51 76 51 20 51 20 51 76 51 82 51 20 52 82 52 0 52 0 52 82 52 104 52 0 53 104 53 1 53 1 53 104 53 93 53 1 54 93 54 26 54 26 54 93 54 94 54 26 39 94 39 30 39 30 39 94 39 95 39 30 55 95 55 10 55 10 55 95 55 109 55 10 41 109 41 9 41 9 41 109 41 108 41 9 4 108 4 3 4 3 4 108 4 107 4 3 42 107 42 4 42 4 42 107 42 78 42 4 56 78 56 14 56 14 56 78 56 77 56 14 57 77 57 13 57 13 57 77 57 90 57 13 58 90 58 11 58 11 58 90 58 89 58 11 59 89 59 15 59 15 59 89 59 88 59 15 60 88 60 16 60 16 60 88 60 87 60 16 61 87 61 17 61 17 61 87 61 86 61 17 62 86 62 18 62 18 62 86 62 85 62 144 63 145 63 146 63 147 63 148 63 149 63 149 64 148 64 146 64 149 63 146 63 150 63 151 63 152 63 153 63 153 64 152 64 154 64 153 63 154 63 155 63 154 64 156 64 157 64 147 63 158 63 148 63 148 64 158 64 159 64 148 63 159 63 154 63 154 63 159 63 160 63 154 63 160 63 161 63 151 63 162 63 152 63 152 64 162 64 163 64 152 63 163 63 146 63 146 63 163 63 164 63 146 63 164 63 165 63 166 63 167 63 168 63 168 64 167 64 169 64 168 64 169 64 161 64 161 63 169 63 170 63 161 63 170 63 154 63 154 63 170 63 171 63 154 63 171 63 156 63 172 63 173 63 146 63 146 64 173 64 174 64 146 63 174 63 144 63 175 63 176 63 177 63 177 63 176 63 178 63 177 63 178 63 179 63 179 63 178 63 180 63 150 63 146 63 181 63 181 63 146 63 145 63 181 64 145 64 182 64 182 63 145 63 183 63 182 63 183 63 184 63 184 63 183 63 175 63 184 63 175 63 166 63 166 63 175 63 177 63 166 63 177 63 167 63 179 63 185 63 186 63 186 63 185 63 187 63 186 63 187 63 188 63 188 64 187 64 155 64 188 63 155 63 189 63 189 63 155 63 154 63 189 63 154 63 190 63 190 63 154 63 157 63 172 63 146 63 191 63 191 63 146 63 165 63 191 63 165 63 192 63 192 64 165 64 193 64 192 64 193 64 180 64 180 63 193 63 194 63 180 63 194 63 179 63 179 63 194 63 195 63 179 63 195 63 185 63 196 65 197 65 198 65 198 65 197 65 152 65 199 65 200 65 146 65 146 65 200 65 201 65 202 65 152 65 203 65 203 65 152 65 146 65 203 65 146 65 204 65 204 65 146 65 201 65 204 65 201 65 205 65 206 65 207 65 208 65 208 65 207 65 198 65 208 65 198 65 209 65 209 65 198 65 152 65 209 65 152 65 210 65 210 65 152 65 202 65 211 66 212 66 213 66 214 66 215 66 213 66 213 66 215 66 148 66 213 66 148 66 211 66 154 66 216 66 217 66 218 66 219 66 154 66 154 66 219 66 220 66 154 66 217 66 148 66 148 66 217 66 221 66 148 66 221 66 211 66 216 66 154 66 222 66 222 66 154 66 220 66 222 66 220 66 223 66 223 66 220 66 224 66 223 66 224 66 225 66 223 67 225 67 226 67 227 67 228 67 229 67 230 67 231 67 232 67 233 67 234 67 235 67 235 67 234 67 236 67 235 67 236 67 237 67 233 67 238 67 234 67 234 67 238 67 239 67 234 67 239 67 240 67 239 67 241 67 240 67 240 67 241 67 242 67 240 67 242 67 231 67 243 67 244 67 245 67 237 67 236 67 246 67 246 67 236 67 247 67 246 67 247 67 244 67 248 67 249 67 250 67 251 67 252 67 253 67 254 67 255 67 256 67 253 67 257 67 251 67 251 67 257 67 258 67 251 67 258 67 259 67 260 67 261 67 221 67 221 67 261 67 211 67 211 67 261 67 262 67 211 67 262 67 252 67 252 67 262 67 263 67 252 67 263 67 253 67 264 67 265 67 266 67 266 67 265 67 267 67 266 67 267 67 229 67 229 67 267 67 268 67 229 67 268 67 227 67 269 67 270 67 271 67 271 67 270 67 272 67 271 67 272 67 273 67 273 67 272 67 274 67 273 67 274 67 275 67 276 67 277 67 278 67 278 67 277 67 279 67 278 67 279 67 280 67 280 67 279 67 281 67 282 67 283 67 284 67 276 67 285 67 277 67 277 67 285 67 286 67 277 67 286 67 287 67 287 68 286 68 288 68 287 67 288 67 282 67 289 67 290 67 291 67 292 67 293 67 294 67 294 67 293 67 295 67 294 67 295 67 296 67 297 67 298 67 248 67 248 67 298 67 299 67 296 67 300 67 294 67 294 67 300 67 301 67 294 67 301 67 248 67 248 68 301 68 302 68 248 68 302 68 297 68 299 67 303 67 248 67 248 67 303 67 254 67 248 67 254 67 249 67 249 67 254 67 256 67 245 67 304 67 305 67 303 67 306 67 254 67 254 67 306 67 307 67 254 67 307 67 245 67 245 67 307 67 308 67 245 67 308 67 304 67 309 67 310 67 311 67 311 67 310 67 312 67 311 68 312 68 313 68 313 68 312 68 314 68 313 67 314 67 315 67 305 67 316 67 245 67 245 67 316 67 317 67 245 67 317 67 311 67 311 67 317 67 318 67 311 68 318 68 309 68 319 67 320 67 321 67 320 67 322 67 321 67 321 67 322 67 323 67 321 67 323 67 324 67 231 67 230 67 240 67 240 67 230 67 325 67 240 67 325 67 326 67 327 67 328 67 230 67 230 67 328 67 329 67 230 67 329 67 325 67 324 67 330 67 321 67 321 67 330 67 331 67 321 67 331 67 230 67 230 67 331 67 332 67 230 67 332 67 327 67 333 67 334 67 335 67 335 67 334 67 336 67 335 67 336 67 337 67 337 67 338 67 335 67 335 67 338 67 339 67 335 67 339 67 340 67 340 67 339 67 341 67 340 67 341 67 342 67 342 67 343 67 340 67 340 67 343 67 344 67 340 68 344 68 345 68 345 67 344 67 346 67 273 67 347 67 348 67 349 67 313 67 294 67 294 67 313 67 315 67 294 67 315 67 292 67 350 67 351 67 271 67 351 68 352 68 271 68 271 68 352 68 353 68 271 67 353 67 294 67 294 67 353 67 354 67 294 68 354 68 355 68 273 67 348 67 271 67 271 67 348 67 356 67 271 67 356 67 350 67 355 67 357 67 294 67 294 67 357 67 358 67 294 67 358 67 349 67 359 67 360 67 311 67 349 67 361 67 313 67 313 67 361 67 362 67 313 67 362 67 311 67 311 68 362 68 363 68 311 67 363 67 359 67 360 67 364 67 311 67 311 67 364 67 365 67 311 67 365 67 291 67 291 67 365 67 366 67 291 67 366 67 367 67 367 67 368 67 291 67 291 67 368 67 369 67 291 67 369 67 370 67 371 67 372 67 279 67 373 67 321 67 374 67 374 67 321 67 279 67 374 67 279 67 375 67 375 67 279 67 372 67 376 67 377 67 277 67 277 67 377 67 378 67 277 67 378 67 279 67 279 67 378 67 379 67 279 67 379 67 371 67 373 67 380 67 321 67 321 67 380 67 381 67 321 67 381 67 382 67 382 67 383 67 321 67 321 67 383 67 345 67 321 67 345 67 319 67 319 67 345 67 346 67 384 67 385 67 386 67 386 67 385 67 387 67 386 67 387 67 388 67 383 67 389 67 345 67 345 67 389 67 390 67 345 67 390 67 340 67 340 67 390 67 391 67 340 67 391 67 392 67 392 67 393 67 340 67 340 67 393 67 394 67 340 67 394 67 386 67 386 67 394 67 395 67 386 67 395 67 384 67 396 67 223 67 397 67 397 67 223 67 398 67 397 67 398 67 399 67 396 67 400 67 223 67 223 67 400 67 401 67 223 67 401 67 402 67 402 67 403 67 223 67 223 67 403 67 404 67 223 67 404 67 222 67 222 67 404 67 405 67 222 67 405 67 406 67 406 67 407 67 222 67 222 67 407 67 408 67 222 67 408 67 409 67 410 67 216 67 228 67 228 67 216 67 222 67 228 67 222 67 229 67 229 67 222 67 409 67 229 67 409 67 411 67 411 67 412 67 229 67 229 68 412 68 413 68 229 67 413 67 266 67 266 67 413 67 414 67 415 67 416 67 417 67 417 67 416 67 418 67 417 67 418 67 398 67 398 67 418 67 419 67 398 67 419 67 399 67 414 67 420 67 266 67 266 67 420 67 421 67 266 68 421 68 417 68 417 67 421 67 422 67 417 67 422 67 415 67 417 67 423 67 424 67 424 68 425 68 417 68 417 68 425 68 426 68 417 68 426 68 427 68 428 67 429 67 266 67 266 68 429 68 430 68 427 67 431 67 417 67 417 68 431 68 432 68 417 67 432 67 266 67 266 67 432 67 433 67 266 67 433 67 428 67 275 67 264 67 273 67 273 67 264 67 266 67 273 67 266 67 434 67 434 67 266 67 430 67 435 67 436 67 423 67 423 67 436 67 437 67 423 68 437 68 424 68 282 67 284 67 287 67 287 67 284 67 438 67 287 68 438 68 439 68 439 67 440 67 287 67 287 67 440 67 441 67 287 68 441 68 442 68 442 68 441 68 443 68 442 67 443 67 444 67 444 67 445 67 442 67 442 67 445 67 446 67 442 67 446 67 435 67 435 67 446 67 447 67 435 67 447 67 436 67 430 67 448 67 434 67 434 67 448 67 449 67 434 67 449 67 284 67 284 67 449 67 450 67 284 67 450 67 438 67 451 67 442 67 452 67 452 67 442 67 453 67 454 67 455 67 456 67 451 67 457 67 442 67 442 67 457 67 458 67 442 67 458 67 459 67 460 67 287 67 461 67 461 68 287 68 442 68 461 67 442 67 462 67 462 67 442 67 459 67 460 67 463 67 287 67 287 67 463 67 464 67 287 67 464 67 465 67 466 68 467 68 208 68 208 67 467 67 468 67 208 68 468 68 453 68 453 67 468 67 469 67 453 67 469 67 452 67 470 68 471 68 209 68 209 68 471 68 472 68 209 67 472 67 473 67 473 67 474 67 209 67 209 67 474 67 475 67 209 67 475 67 208 67 208 67 475 67 476 67 208 67 476 67 466 67 410 67 269 67 216 67 216 67 269 67 271 67 216 67 271 67 217 67 217 67 271 67 294 67 217 67 294 67 221 67 221 67 294 67 248 67 221 67 248 67 260 67 260 67 248 67 250 67 244 67 247 67 245 67 245 67 247 67 251 67 245 67 251 67 254 67 254 67 251 67 259 67 254 67 259 67 255 67 283 67 477 67 284 67 284 67 477 67 289 67 284 67 289 67 434 67 434 67 289 67 291 67 434 67 291 67 273 67 273 67 291 67 370 67 273 67 370 67 347 67 290 67 281 67 291 67 291 67 281 67 279 67 291 67 279 67 311 67 311 67 279 67 321 67 311 67 321 67 245 67 245 67 321 67 230 67 245 67 230 67 243 67 243 67 230 67 232 67 326 67 333 67 240 67 240 67 333 67 335 67 240 67 335 67 234 67 234 67 335 67 478 67 465 67 454 67 287 67 287 67 454 67 456 67 287 67 456 67 277 67 277 67 456 67 386 67 277 67 386 67 376 67 376 67 386 67 388 67 455 68 470 68 456 68 456 67 470 67 209 67 456 68 209 68 386 68 386 68 209 68 210 68 386 67 210 67 340 67 340 67 210 67 202 67 340 67 202 67 335 67 335 67 202 67 203 67 335 67 203 67 478 67 478 67 203 67 204 67 223 67 226 67 398 67 398 68 226 68 479 68 398 68 479 68 417 68 417 67 479 67 480 67 417 67 480 67 423 67 423 67 480 67 481 67 423 67 481 67 435 67 435 67 481 67 482 67 435 67 482 67 442 67 442 67 482 67 483 67 442 67 483 67 453 67 453 68 483 68 206 68 453 68 206 68 208 68 166 69 168 69 484 69 484 70 485 70 166 70 166 71 485 71 486 71 166 72 486 72 184 72 486 73 487 73 184 73 184 74 487 74 488 74 184 75 488 75 182 75 488 76 489 76 182 76 182 77 489 77 490 77 182 78 490 78 181 78 490 79 491 79 181 79 181 80 491 80 492 80 181 81 492 81 150 81 492 82 493 82 150 82 150 83 493 83 494 83 150 84 494 84 149 84 494 85 495 85 149 85 149 86 495 86 496 86 149 87 496 87 147 87 496 88 497 88 147 88 147 89 497 89 498 89 147 90 498 90 158 90 498 91 499 91 158 91 158 92 499 92 500 92 158 93 500 93 159 93 500 94 501 94 159 94 159 95 501 95 502 95 159 96 502 96 160 96 502 97 503 97 160 97 160 98 503 98 504 98 160 99 504 99 161 99 504 100 505 100 161 100 161 101 505 101 506 101 161 102 506 102 168 102 168 103 506 103 507 103 168 104 507 104 484 104 151 105 153 105 508 105 508 70 509 70 151 70 151 106 509 106 510 106 151 107 510 107 162 107 510 108 511 108 162 108 162 74 511 74 512 74 162 109 512 109 163 109 512 110 513 110 163 110 163 111 513 111 514 111 163 112 514 112 164 112 514 79 515 79 164 79 164 113 515 113 516 113 164 114 516 114 165 114 516 115 517 115 165 115 165 83 517 83 518 83 165 116 518 116 193 116 518 117 519 117 193 117 193 118 519 118 520 118 193 119 520 119 194 119 520 88 521 88 194 88 194 120 521 120 522 120 194 121 522 121 195 121 522 122 523 122 195 122 195 92 523 92 524 92 195 123 524 123 185 123 524 124 525 124 185 124 185 125 525 125 526 125 185 126 526 126 187 126 526 97 527 97 187 97 187 127 527 127 528 127 187 128 528 128 155 128 528 129 529 129 155 129 155 101 529 101 530 101 155 130 530 130 153 130 153 131 530 131 531 131 153 132 531 132 508 132 191 69 192 69 532 69 532 70 533 70 191 70 191 106 533 106 534 106 191 133 534 133 172 133 534 73 535 73 172 73 172 74 535 74 536 74 172 134 536 134 173 134 536 135 537 135 173 135 173 136 537 136 538 136 173 137 538 137 174 137 538 79 539 79 174 79 174 80 539 80 540 80 174 138 540 138 144 138 540 115 541 115 144 115 144 83 541 83 542 83 144 84 542 84 145 84 542 85 543 85 145 85 145 86 543 86 544 86 145 87 544 87 183 87 544 88 545 88 183 88 183 120 545 120 546 120 183 139 546 139 175 139 546 91 547 91 175 91 175 92 547 92 548 92 175 140 548 140 176 140 548 141 549 141 176 141 176 142 549 142 550 142 176 143 550 143 178 143 550 97 551 97 178 97 178 98 551 98 552 98 178 144 552 144 180 144 552 129 553 129 180 129 180 101 553 101 554 101 180 102 554 102 192 102 192 103 554 103 555 103 192 104 555 104 532 104 188 105 189 105 556 105 556 70 557 70 188 70 188 71 557 71 558 71 188 145 558 145 186 145 558 108 559 108 186 108 186 74 559 74 560 74 186 146 560 146 179 146 560 147 561 147 179 147 179 148 561 148 562 148 179 149 562 149 177 149 562 79 563 79 177 79 177 113 563 113 564 113 177 150 564 150 167 150 564 82 565 82 167 82 167 83 565 83 566 83 167 116 566 116 169 116 566 117 567 117 169 117 169 118 567 118 568 118 169 119 568 119 170 119 568 88 569 88 170 88 170 89 569 89 570 89 170 151 570 151 171 151 570 122 571 122 171 122 171 92 571 92 572 92 171 152 572 152 156 152 572 153 573 153 156 153 156 154 573 154 574 154 156 155 574 155 157 155 574 97 575 97 157 97 157 127 575 127 576 127 157 156 576 156 190 156 576 100 577 100 190 100 190 101 577 101 578 101 190 130 578 130 189 130 189 131 578 131 579 131 189 132 579 132 556 132 200 157 214 157 201 157 201 157 214 157 213 157 219 158 196 158 220 158 220 158 196 158 198 158 197 157 218 157 152 157 152 157 218 157 154 157 197 63 580 63 218 63 218 63 580 63 581 63 218 63 581 63 582 63 583 64 218 64 584 64 584 63 218 63 582 63 584 63 582 63 585 63 196 63 586 63 197 63 197 63 586 63 587 63 587 64 588 64 197 64 197 63 588 63 589 63 197 63 589 63 580 63 590 63 219 63 591 63 591 63 219 63 218 63 591 63 218 63 592 63 592 63 218 63 583 63 590 63 593 63 219 63 219 64 593 64 594 64 219 63 594 63 196 63 196 63 594 63 595 63 196 64 595 64 596 64 596 63 597 63 598 63 582 63 599 63 585 63 585 63 599 63 598 63 585 63 598 63 600 63 600 63 598 63 597 63 598 63 601 63 596 63 596 64 601 64 602 64 596 63 602 63 196 63 196 63 602 63 603 63 196 63 603 63 586 63 215 158 199 158 148 158 148 158 199 158 146 158 199 63 604 63 605 63 606 63 607 63 215 63 215 64 607 64 608 64 215 63 608 63 199 63 199 63 608 63 609 63 199 63 609 63 604 63 604 63 609 63 610 63 604 63 610 63 611 63 214 63 612 63 215 63 215 64 612 64 613 64 215 63 613 63 606 63 614 64 615 64 200 64 200 63 615 63 616 63 200 63 616 63 214 63 214 64 616 64 617 64 214 63 617 63 612 63 618 63 200 63 619 63 619 64 200 64 199 64 619 64 199 64 620 64 620 63 199 63 605 63 618 63 621 63 200 63 200 63 621 63 622 63 200 63 622 63 614 63 622 64 623 64 614 64 614 63 623 63 624 63 614 63 624 63 625 63 625 63 624 63 626 63 625 63 626 63 610 63 610 63 626 63 627 63 610 63 627 63 611 63 604 159 231 159 605 159 605 159 231 159 242 159 605 160 242 160 620 160 620 160 242 160 241 160 620 161 241 161 619 161 619 161 241 161 239 161 619 162 239 162 618 162 618 162 239 162 238 162 618 163 238 163 621 163 621 163 238 163 233 163 621 164 233 164 622 164 622 164 233 164 235 164 622 165 235 165 623 165 623 165 235 165 237 165 623 166 237 166 624 166 624 166 237 166 246 166 624 167 246 167 626 167 626 167 246 167 244 167 626 168 244 168 627 168 627 168 244 168 243 168 627 169 243 169 611 169 611 169 243 169 232 169 611 170 232 170 604 170 604 170 232 170 231 170 608 159 249 159 609 159 609 159 249 159 256 159 609 171 256 171 610 171 610 171 256 171 255 171 610 172 255 172 625 172 625 172 255 172 259 172 625 173 259 173 614 173 614 173 259 173 258 173 614 174 258 174 615 174 615 174 258 174 257 174 615 164 257 164 616 164 616 164 257 164 253 164 616 175 253 175 617 175 617 175 253 175 263 175 617 176 263 176 612 176 612 176 263 176 262 176 612 177 262 177 613 177 613 177 262 177 261 177 613 178 261 178 606 178 606 178 261 178 260 178 606 179 260 179 607 179 607 179 260 179 250 179 607 180 250 180 608 180 608 180 250 180 249 180 594 181 268 181 595 181 595 181 268 181 267 181 595 182 267 182 596 182 596 182 267 182 265 182 596 172 265 172 597 172 597 172 265 172 264 172 597 173 264 173 600 173 600 173 264 173 275 173 600 183 275 183 585 183 585 183 275 183 274 183 585 184 274 184 584 184 584 184 274 184 272 184 584 185 272 185 583 185 583 185 272 185 270 185 583 186 270 186 592 186 592 186 270 186 269 186 592 177 269 177 591 177 591 177 269 177 410 177 591 178 410 178 590 178 590 178 410 178 228 178 590 187 228 187 593 187 593 187 228 187 227 187 593 188 227 188 594 188 594 188 227 188 268 188 602 181 283 181 603 181 603 181 283 181 282 181 603 189 282 189 586 189 586 189 282 189 288 189 586 161 288 161 587 161 587 161 288 161 286 161 587 162 286 162 588 162 588 162 286 162 285 162 588 190 285 190 589 190 589 190 285 190 276 190 589 184 276 184 580 184 580 184 276 184 278 184 580 191 278 191 581 191 581 191 278 191 280 191 581 192 280 192 582 192 582 192 280 192 281 192 582 167 281 167 599 167 599 167 281 167 290 167 599 168 290 168 598 168 598 168 290 168 289 168 598 193 289 193 601 193 601 193 289 193 477 193 601 194 477 194 602 194 602 194 477 194 283 194 628 63 198 63 629 63 629 63 198 63 207 63 629 63 207 63 630 63 630 63 207 63 631 63 632 63 633 63 220 63 220 63 633 63 634 63 220 63 634 63 224 63 224 64 634 64 635 64 635 63 636 63 224 63 224 63 636 63 637 63 224 63 637 63 638 63 639 63 224 63 640 63 640 64 224 64 638 64 640 63 638 63 641 63 628 64 642 64 198 64 198 63 642 63 643 63 198 63 643 63 644 63 645 64 198 64 646 64 646 63 198 63 644 63 646 63 644 63 647 63 639 63 648 63 224 63 224 63 648 63 649 63 224 63 649 63 207 63 207 63 649 63 650 63 207 63 650 63 631 63 651 63 652 63 645 63 645 63 652 63 653 63 645 63 653 63 198 63 198 63 653 63 654 63 198 63 654 63 220 63 220 63 654 63 655 63 220 63 655 63 632 63 651 64 656 64 652 64 652 63 656 63 657 63 652 64 657 64 641 64 641 63 657 63 658 63 641 63 658 63 640 63 639 63 659 63 648 63 648 63 659 63 660 63 648 63 660 63 661 63 661 64 660 64 662 64 661 63 662 63 647 63 647 63 662 63 663 63 647 63 663 63 646 63 226 158 225 158 224 158 206 158 483 158 207 158 207 158 483 158 482 158 482 158 481 158 207 158 207 158 481 158 480 158 207 158 480 158 224 158 224 158 480 158 479 158 224 158 479 158 226 158 664 195 638 195 637 195 664 196 665 196 638 196 638 197 665 197 666 197 638 198 666 198 641 198 666 199 667 199 641 199 641 74 667 74 668 74 641 200 668 200 652 200 668 201 669 201 652 201 652 202 669 202 670 202 652 203 670 203 653 203 670 79 671 79 653 79 653 204 671 204 672 204 653 205 672 205 654 205 672 206 673 206 654 206 654 207 673 207 674 207 654 208 674 208 655 208 674 209 675 209 655 209 655 210 675 210 676 210 655 211 676 211 632 211 676 212 677 212 632 212 632 89 677 89 678 89 632 213 678 213 633 213 678 214 679 214 633 214 633 92 679 92 680 92 633 215 680 215 634 215 680 216 681 216 634 216 634 217 681 217 682 217 634 218 682 218 635 218 682 97 683 97 635 97 635 219 683 219 684 219 635 220 684 220 636 220 684 100 685 100 636 100 636 221 685 221 686 221 636 222 686 222 637 222 637 223 686 223 687 223 637 224 687 224 664 224 688 225 659 225 639 225 688 226 689 226 659 226 659 227 689 227 690 227 659 228 690 228 660 228 690 199 691 199 660 199 660 229 691 229 692 229 660 230 692 230 662 230 692 231 693 231 662 231 662 232 693 232 694 232 662 233 694 233 663 233 694 234 695 234 663 234 663 204 695 204 696 204 663 235 696 235 646 235 696 236 697 236 646 236 646 237 697 237 698 237 646 238 698 238 645 238 698 239 699 239 645 239 645 210 699 210 700 210 645 211 700 211 651 211 700 212 701 212 651 212 651 240 701 240 702 240 651 241 702 241 656 241 702 214 703 214 656 214 656 92 703 92 704 92 656 242 704 242 657 242 704 243 705 243 657 243 657 244 705 244 706 244 657 245 706 245 658 245 706 97 707 97 658 97 658 219 707 219 708 219 658 246 708 246 640 246 708 247 709 247 640 247 640 221 709 221 710 221 640 222 710 222 639 222 639 223 710 223 711 223 639 248 711 248 688 248 712 195 631 195 650 195 712 196 713 196 631 196 631 106 713 106 714 106 631 249 714 249 630 249 714 199 715 199 630 199 630 74 715 74 716 74 630 250 716 250 629 250 716 251 717 251 629 251 629 252 717 252 718 252 629 253 718 253 628 253 718 79 719 79 628 79 628 204 719 204 720 204 628 254 720 254 642 254 720 115 721 115 642 115 642 207 721 207 722 207 642 208 722 208 643 208 722 209 723 209 643 209 643 210 723 210 724 210 643 211 724 211 644 211 724 212 725 212 644 212 644 255 725 255 726 255 644 256 726 256 647 256 726 214 727 214 647 214 647 92 727 92 728 92 647 257 728 257 661 257 728 258 729 258 661 258 661 259 729 259 730 259 661 260 730 260 648 260 730 97 731 97 648 97 648 219 731 219 732 219 648 261 732 261 649 261 732 262 733 262 649 262 649 221 733 221 734 221 649 222 734 222 650 222 650 223 734 223 735 223 650 224 735 224 712 224 712 263 469 263 713 263 713 264 469 264 468 264 713 265 468 265 714 265 714 266 468 266 467 266 714 267 467 267 715 267 715 268 467 268 466 268 715 269 466 269 716 269 716 270 466 270 476 270 716 271 476 271 717 271 717 272 476 272 475 272 717 273 475 273 718 273 718 274 475 274 474 274 718 275 474 275 719 275 719 276 474 276 473 276 719 277 473 277 720 277 720 278 473 278 472 278 720 279 472 279 721 279 721 280 472 280 471 280 721 281 471 281 722 281 722 282 471 282 470 282 722 283 470 283 723 283 723 284 470 284 455 284 723 285 455 285 724 285 724 286 455 286 454 286 724 287 454 287 725 287 725 288 454 288 465 288 725 289 465 289 726 289 726 290 465 290 464 290 726 291 464 291 727 291 727 292 464 292 463 292 727 293 463 293 728 293 728 294 463 294 460 294 728 295 460 295 729 295 729 296 460 296 461 296 729 297 461 297 730 297 730 298 461 298 462 298 730 299 462 299 731 299 731 300 462 300 459 300 731 301 459 301 732 301 732 302 459 302 458 302 732 303 458 303 733 303 733 304 458 304 457 304 733 305 457 305 734 305 734 306 457 306 451 306 734 307 451 307 735 307 735 308 451 308 452 308 735 309 452 309 712 309 712 310 452 310 469 310 688 311 436 311 689 311 689 312 436 312 447 312 689 313 447 313 690 313 690 314 447 314 446 314 690 315 446 315 691 315 691 316 446 316 445 316 691 317 445 317 692 317 692 318 445 318 444 318 692 319 444 319 693 319 693 320 444 320 443 320 693 321 443 321 694 321 694 322 443 322 441 322 694 323 441 323 695 323 695 324 441 324 440 324 695 325 440 325 696 325 696 326 440 326 439 326 696 280 439 280 697 280 697 327 439 327 438 327 697 328 438 328 698 328 698 329 438 329 450 329 698 330 450 330 699 330 699 331 450 331 449 331 699 285 449 285 700 285 700 332 449 332 448 332 700 333 448 333 701 333 701 334 448 334 430 334 701 335 430 335 702 335 702 290 430 290 429 290 702 336 429 336 703 336 703 337 429 337 428 337 703 338 428 338 704 338 704 339 428 339 433 339 704 340 433 340 705 340 705 341 433 341 432 341 705 342 432 342 706 342 706 343 432 343 431 343 706 344 431 344 707 344 707 345 431 345 427 345 707 346 427 346 708 346 708 347 427 347 426 347 708 348 426 348 709 348 709 349 426 349 425 349 709 350 425 350 710 350 710 351 425 351 424 351 710 352 424 352 711 352 711 352 424 352 437 352 711 353 437 353 688 353 688 353 437 353 436 353 664 263 399 263 665 263 665 354 399 354 419 354 665 355 419 355 666 355 666 356 419 356 418 356 666 357 418 357 667 357 667 358 418 358 416 358 667 359 416 359 668 359 668 360 416 360 415 360 668 361 415 361 669 361 669 362 415 362 422 362 669 363 422 363 670 363 670 364 422 364 421 364 670 365 421 365 671 365 671 366 421 366 420 366 671 367 420 367 672 367 672 368 420 368 414 368 672 369 414 369 673 369 673 370 414 370 413 370 673 371 413 371 674 371 674 372 413 372 412 372 674 283 412 283 675 283 675 284 412 284 411 284 675 285 411 285 676 285 676 286 411 286 409 286 676 287 409 287 677 287 677 373 409 373 408 373 677 374 408 374 678 374 678 375 408 375 407 375 678 376 407 376 679 376 679 377 407 377 406 377 679 378 406 378 680 378 680 379 406 379 405 379 680 380 405 380 681 380 681 381 405 381 404 381 681 382 404 382 682 382 682 383 404 383 403 383 682 384 403 384 683 384 683 385 403 385 402 385 683 386 402 386 684 386 684 387 402 387 401 387 684 388 401 388 685 388 685 389 401 389 400 389 685 390 400 390 686 390 686 391 400 391 396 391 686 307 396 307 687 307 687 308 396 308 397 308 687 309 397 309 664 309 664 310 397 310 399 310 508 392 376 392 509 392 509 393 376 393 388 393 509 394 388 394 510 394 510 395 388 395 387 395 510 396 387 396 511 396 511 397 387 397 385 397 511 398 385 398 512 398 512 399 385 399 384 399 512 400 384 400 513 400 513 319 384 319 395 319 513 401 395 401 514 401 514 402 395 402 394 402 514 403 394 403 515 403 515 404 394 404 393 404 515 405 393 405 516 405 516 406 393 406 392 406 516 407 392 407 517 407 517 408 392 408 391 408 517 409 391 409 518 409 518 410 391 410 390 410 518 411 390 411 519 411 519 412 390 412 389 412 519 413 389 413 520 413 520 414 389 414 383 414 520 415 383 415 521 415 521 416 383 416 382 416 521 417 382 417 522 417 522 418 382 418 381 418 522 419 381 419 523 419 523 420 381 420 380 420 523 338 380 338 524 338 524 421 380 421 373 421 524 422 373 422 525 422 525 423 373 423 374 423 525 424 374 424 526 424 526 425 374 425 375 425 526 426 375 426 527 426 527 427 375 427 372 427 527 428 372 428 528 428 528 429 372 429 371 429 528 430 371 430 529 430 529 431 371 431 379 431 529 432 379 432 530 432 530 432 379 432 378 432 530 433 378 433 531 433 531 308 378 308 377 308 531 434 377 434 508 434 508 435 377 435 376 435 556 436 370 436 557 436 557 436 370 436 369 436 557 437 369 437 558 437 558 438 369 438 368 438 558 439 368 439 559 439 559 440 368 440 367 440 559 398 367 398 560 398 560 441 367 441 366 441 560 442 366 442 561 442 561 443 366 443 365 443 561 444 365 444 562 444 562 445 365 445 364 445 562 365 364 365 563 365 563 446 364 446 360 446 563 405 360 405 564 405 564 447 360 447 359 447 564 448 359 448 565 448 565 449 359 449 363 449 565 409 363 409 566 409 566 450 363 450 362 450 566 451 362 451 567 451 567 452 362 452 361 452 567 413 361 413 568 413 568 453 361 453 349 453 568 454 349 454 569 454 569 455 349 455 358 455 569 456 358 456 570 456 570 457 358 457 357 457 570 337 357 337 571 337 571 458 357 458 355 458 571 338 355 338 572 338 572 459 355 459 354 459 572 460 354 460 573 460 573 381 354 381 353 381 573 461 353 461 574 461 574 462 353 462 352 462 574 463 352 463 575 463 575 464 352 464 351 464 575 428 351 428 576 428 576 465 351 465 350 465 576 388 350 388 577 388 577 349 350 349 356 349 577 432 356 432 578 432 578 466 356 466 348 466 578 467 348 467 579 467 579 468 348 468 347 468 579 434 347 434 556 434 556 469 347 469 370 469 532 470 346 470 533 470 533 471 346 471 344 471 533 472 344 472 534 472 534 473 344 473 343 473 534 474 343 474 535 474 535 475 343 475 342 475 535 398 342 398 536 398 536 399 342 399 341 399 536 476 341 476 537 476 537 272 341 272 339 272 537 477 339 477 538 477 538 478 339 478 338 478 538 403 338 403 539 403 539 404 338 404 337 404 539 479 337 479 540 479 540 480 337 480 336 480 540 481 336 481 541 481 541 482 336 482 334 482 541 483 334 483 542 483 542 484 334 484 333 484 542 485 333 485 543 485 543 486 333 486 326 486 543 487 326 487 544 487 544 488 326 488 325 488 544 489 325 489 545 489 545 489 325 489 329 489 545 490 329 490 546 490 546 491 329 491 328 491 546 492 328 492 547 492 547 493 328 493 327 493 547 338 327 338 548 338 548 421 327 421 332 421 548 494 332 494 549 494 549 495 332 495 331 495 549 496 331 496 550 496 550 497 331 497 330 497 550 426 330 426 551 426 551 427 330 427 324 427 551 498 324 498 552 498 552 499 324 499 323 499 552 500 323 500 553 500 553 501 323 501 322 501 553 502 322 502 554 502 554 503 322 503 320 503 554 504 320 504 555 504 555 505 320 505 319 505 555 506 319 506 532 506 532 507 319 507 346 507 484 508 314 508 485 508 485 509 314 509 312 509 485 510 312 510 486 510 486 511 312 511 310 511 486 512 310 512 487 512 487 513 310 513 309 513 487 398 309 398 488 398 488 441 309 441 318 441 488 514 318 514 489 514 489 515 318 515 317 515 489 516 317 516 490 516 490 517 317 517 316 517 490 365 316 365 491 365 491 446 316 446 305 446 491 479 305 479 492 479 492 518 305 518 304 518 492 519 304 519 493 519 493 520 304 520 308 520 493 483 308 483 494 483 494 483 308 483 307 483 494 521 307 521 495 521 495 522 307 522 306 522 495 487 306 487 496 487 496 523 306 523 303 523 496 524 303 524 497 524 497 525 303 525 299 525 497 526 299 526 498 526 498 527 299 527 298 527 498 528 298 528 499 528 499 529 298 529 297 529 499 338 297 338 500 338 500 459 297 459 302 459 500 530 302 530 501 530 501 531 302 531 301 531 501 532 301 532 502 532 502 533 301 533 300 533 502 463 300 463 503 463 503 464 300 464 296 464 503 498 296 498 504 498 504 534 296 534 295 534 504 535 295 535 505 535 505 536 295 536 293 536 505 502 293 502 506 502 506 537 293 537 292 537 506 538 292 538 507 538 507 539 292 539 315 539 507 506 315 506 484 506 484 540 315 540 314 540 212 63 205 63 213 63 213 63 205 63 201 63 212 157 211 157 252 157 236 157 205 157 247 157 247 157 205 157 212 157 247 157 212 157 251 157 251 157 212 157 252 157 236 157 234 157 205 157 205 157 234 157 478 157 205 157 478 157 204 157 736 541 737 541 738 541 739 541 740 541 741 541 742 541 743 541 744 541 739 541 741 541 745 541 745 541 741 541 742 541 745 541 742 541 746 541 747 541 748 541 749 541 749 541 748 541 741 541 749 541 741 541 750 541 750 541 741 541 740 541 747 541 751 541 748 541 748 541 751 541 752 541 748 541 752 541 753 541 753 541 754 541 748 541 748 541 754 541 755 541 748 541 755 541 738 541 738 541 755 541 756 541 738 541 756 541 736 541 744 541 757 541 742 541 742 541 757 541 758 541 742 541 758 541 746 541 746 541 758 541 759 541 737 541 760 541 761 541 762 541 763 541 737 541 737 541 763 541 764 541 737 541 764 541 760 541 759 541 765 541 746 541 746 541 765 541 763 541 746 541 763 541 766 541 766 541 763 541 762 541 761 541 767 541 737 541 737 541 767 541 768 541 737 541 768 541 738 541 738 541 768 541 769 541 738 541 769 541 770 541 770 541 771 541 738 541 738 541 771 541 772 541 738 541 772 541 742 541 742 541 772 541 773 541 742 541 773 541 743 541 774 542 775 542 776 542 741 542 777 542 778 542 779 542 780 542 774 542 781 542 782 542 774 542 774 542 782 542 783 542 774 542 783 542 775 542 780 542 784 542 774 542 774 542 784 542 785 542 774 542 785 542 786 542 786 542 787 542 774 542 774 542 787 542 788 542 774 542 788 542 789 542 789 542 788 542 790 542 789 542 790 542 791 542 791 542 792 542 789 542 789 542 792 542 793 542 789 542 793 542 741 542 741 542 793 542 794 542 741 542 794 542 795 542 779 542 774 542 796 542 796 542 774 542 776 542 796 542 776 542 797 542 797 542 776 542 798 542 797 542 798 542 799 542 741 542 778 542 742 542 742 542 778 542 800 542 742 542 800 542 801 542 795 542 802 542 741 542 741 542 802 542 803 542 741 542 803 542 797 542 801 542 804 542 742 542 742 542 804 542 805 542 742 542 805 542 774 542 774 542 805 542 806 542 774 542 806 542 781 542 799 542 807 542 797 542 797 542 807 542 808 542 797 542 808 542 741 542 741 542 808 542 809 542 741 542 809 542 777 542 810 543 811 543 812 543 789 543 813 543 814 543 815 543 816 543 774 543 774 543 816 543 817 543 812 543 811 543 818 543 818 543 811 543 819 543 818 543 819 543 820 543 812 543 821 543 810 543 810 543 821 543 822 543 810 543 822 543 823 543 823 543 824 543 810 543 810 543 824 543 825 543 810 543 825 543 789 543 789 543 825 543 826 543 789 543 826 543 813 543 827 543 828 543 829 543 829 543 828 543 815 543 829 543 815 543 830 543 830 543 815 543 774 543 830 543 774 543 831 543 817 543 832 543 774 543 774 543 832 543 833 543 774 543 833 543 811 543 811 543 833 543 834 543 811 543 834 543 835 543 835 543 836 543 811 543 811 543 836 543 837 543 811 543 837 543 819 543 820 543 838 543 818 543 818 543 838 543 839 543 818 543 839 543 840 543 840 543 839 543 841 543 840 543 841 543 829 543 829 543 841 543 842 543 829 543 842 543 827 543 814 543 843 543 789 543 789 543 843 543 844 543 789 543 844 543 774 543 774 543 844 543 845 543 774 543 845 543 831 543 846 544 847 544 738 544 738 544 847 544 848 544 738 544 848 544 849 544 748 544 850 544 851 544 850 544 748 544 852 544 852 544 748 544 738 544 852 544 738 544 853 544 853 544 738 544 849 544 853 544 849 544 854 544 855 544 856 544 857 544 851 544 858 544 748 544 748 544 858 544 859 544 748 544 859 544 810 544 859 544 860 544 810 544 810 544 860 544 861 544 810 544 861 544 862 544 811 544 863 544 738 544 738 544 863 544 864 544 738 544 864 544 846 544 857 544 865 544 855 544 855 544 865 544 866 544 855 544 866 544 867 544 867 544 866 544 868 544 867 544 868 544 854 544 854 544 868 544 869 544 854 544 869 544 853 544 870 544 871 544 810 544 810 544 871 544 872 544 810 544 872 544 811 544 811 544 872 544 873 544 811 544 873 544 874 544 874 544 875 544 811 544 811 544 875 544 876 544 811 544 876 544 863 544 862 544 877 544 810 544 810 544 877 544 878 544 810 544 878 544 870 544 870 544 878 544 856 544 870 544 856 544 879 544 879 544 856 544 855 544 774 545 811 545 742 545 742 545 811 545 738 545 810 546 789 546 748 546 748 546 789 546 741 546 878 547 788 547 856 547 856 547 788 547 787 547 856 548 787 548 857 548 857 548 787 548 786 548 857 549 786 549 865 549 865 549 786 549 785 549 865 550 785 550 866 550 866 550 785 550 784 550 866 551 784 551 868 551 868 551 784 551 780 551 868 552 780 552 869 552 869 552 780 552 779 552 869 553 779 553 853 553 853 553 779 553 796 553 853 554 796 554 852 554 852 554 796 554 797 554 852 543 797 543 850 543 850 543 797 543 803 543 850 555 803 555 851 555 851 555 803 555 802 555 851 556 802 556 858 556 858 556 802 556 795 556 858 557 795 557 859 557 859 557 795 557 794 557 859 558 794 558 860 558 860 558 794 558 793 558 860 559 793 559 861 559 861 559 793 559 792 559 861 560 792 560 862 560 862 560 792 560 791 560 862 561 791 561 877 561 877 561 791 561 790 561 877 562 790 562 878 562 878 562 790 562 788 562 873 563 775 563 874 563 874 563 775 563 783 563 874 548 783 548 875 548 875 548 783 548 782 548 875 564 782 564 876 564 876 564 782 564 781 564 876 565 781 565 863 565 863 565 781 565 806 565 863 566 806 566 864 566 864 566 806 566 805 566 864 552 805 552 846 552 846 552 805 552 804 552 846 553 804 553 847 553 847 553 804 553 801 553 847 567 801 567 848 567 848 567 801 567 800 567 848 543 800 543 849 543 849 543 800 543 778 543 849 568 778 568 854 568 854 568 778 568 777 568 854 556 777 556 867 556 867 556 777 556 809 556 867 557 809 557 855 557 855 557 809 557 808 557 855 569 808 569 879 569 879 569 808 569 807 569 879 570 807 570 870 570 870 570 807 570 799 570 870 571 799 571 871 571 871 571 799 571 798 571 871 561 798 561 872 561 872 561 798 561 776 561 872 572 776 572 873 572 873 572 776 572 775 572 768 573 819 573 769 573 769 573 819 573 837 573 769 574 837 574 770 574 770 574 837 574 836 574 770 575 836 575 771 575 771 575 836 575 835 575 771 576 835 576 772 576 772 576 835 576 834 576 772 577 834 577 773 577 773 577 834 577 833 577 773 578 833 578 743 578 743 578 833 578 832 578 743 579 832 579 744 579 744 579 832 579 817 579 744 580 817 580 757 580 757 580 817 580 816 580 757 544 816 544 758 544 758 544 816 544 815 544 758 581 815 581 759 581 759 581 815 581 828 581 759 582 828 582 765 582 765 582 828 582 827 582 765 583 827 583 763 583 763 583 827 583 842 583 763 584 842 584 764 584 764 584 842 584 841 584 764 585 841 585 760 585 760 585 841 585 839 585 760 586 839 586 761 586 761 586 839 586 838 586 761 587 838 587 767 587 767 587 838 587 820 587 767 588 820 588 768 588 768 588 820 588 819 588 754 589 821 589 755 589 755 589 821 589 812 589 755 590 812 590 756 590 756 590 812 590 818 590 756 591 818 591 736 591 736 591 818 591 840 591 736 592 840 592 737 592 737 592 840 592 829 592 737 593 829 593 762 593 762 593 829 593 830 593 762 578 830 578 766 578 766 578 830 578 831 578 766 594 831 594 746 594 746 594 831 594 845 594 746 580 845 580 745 580 745 580 845 580 844 580 745 544 844 544 739 544 739 544 844 544 843 544 739 581 843 581 740 581 740 581 843 581 814 581 740 595 814 595 750 595 750 595 814 595 813 595 750 596 813 596 749 596 749 596 813 596 826 596 749 597 826 597 747 597 747 597 826 597 825 597 747 598 825 598 751 598 751 598 825 598 824 598 751 599 824 599 752 599 752 599 824 599 823 599 752 600 823 600 753 600 753 600 823 600 822 600 753 601 822 601 754 601 754 601 822 601 821 601 880 602 881 602 882 602 883 602 884 602 885 602 885 602 884 602 886 602 885 602 886 602 887 602 887 602 886 602 888 602 889 602 890 602 891 602 891 602 890 602 892 602 893 602 894 602 892 602 895 602 896 602 890 602 890 602 896 602 897 602 890 602 897 602 898 602 880 602 882 602 899 602 900 602 901 602 902 602 902 602 901 602 903 602 902 602 903 602 904 602 904 602 903 602 905 602 906 602 907 602 908 602 898 602 909 602 890 602 890 602 909 602 910 602 890 602 910 602 911 602 912 602 913 602 907 602 907 602 913 602 882 602 907 602 882 602 908 602 908 602 882 602 881 602 894 602 893 602 914 602 914 602 893 602 882 602 914 602 882 602 915 602 915 602 882 602 913 602 915 602 913 602 888 602 888 602 913 602 916 602 888 602 916 602 887 602 917 602 918 602 919 602 919 602 918 602 920 602 919 602 920 602 921 602 921 602 920 602 922 602 921 602 922 602 911 602 923 602 924 602 925 602 925 602 924 602 890 602 923 602 926 602 924 602 924 602 926 602 927 602 924 602 927 602 882 602 882 602 927 602 928 602 882 602 928 602 899 602 929 602 930 602 931 602 932 602 933 602 934 602 934 602 933 602 935 602 934 602 935 602 936 602 936 602 935 602 937 602 936 602 937 602 938 602 938 602 937 602 939 602 938 602 939 602 912 602 912 602 939 602 940 602 912 602 940 602 913 602 889 602 941 602 890 602 890 602 941 602 942 602 890 602 942 602 883 602 943 602 944 602 890 602 945 602 946 602 947 602 948 602 949 602 950 602 951 602 952 602 953 602 953 602 952 602 954 602 955 602 956 602 892 602 892 602 956 602 957 602 892 602 957 602 893 602 958 602 959 602 960 602 960 602 959 602 948 602 960 602 948 602 961 602 961 602 948 602 950 602 890 602 944 602 925 602 925 602 944 602 962 602 925 602 962 602 963 602 964 602 965 602 966 602 967 602 968 602 969 602 969 602 968 602 970 602 969 602 970 602 971 602 971 602 970 602 972 602 971 602 972 602 973 602 885 602 974 602 883 602 883 602 974 602 975 602 883 602 975 602 890 602 890 602 975 602 932 602 890 602 932 602 943 602 943 602 932 602 934 602 905 602 976 602 904 602 904 602 976 602 977 602 904 602 977 602 978 602 979 602 980 602 981 602 981 602 980 602 982 602 981 602 982 602 983 602 983 602 982 602 984 602 983 602 984 602 985 602 906 602 908 602 986 602 986 602 908 602 987 602 986 602 987 602 988 602 988 602 987 602 989 602 988 602 989 602 963 602 963 602 989 602 990 602 963 602 990 602 925 602 890 602 991 602 951 602 992 602 993 602 966 602 966 602 993 602 994 602 966 602 994 602 964 602 995 602 996 602 997 602 931 602 930 602 998 602 999 602 1000 602 1001 602 1001 602 1000 602 1002 602 1001 602 1002 602 931 602 931 602 1002 602 1003 602 931 602 1003 602 929 602 1004 602 1005 602 890 602 890 602 1005 602 1006 602 890 602 1006 602 991 602 991 602 1006 602 958 602 991 602 958 602 1007 602 1007 602 958 602 960 602 1008 602 1009 602 1010 602 1010 602 1009 602 1011 602 1010 602 1011 602 954 602 954 602 1011 602 1012 602 954 602 1012 602 953 602 1013 602 1014 602 1015 602 1015 602 1014 602 1016 602 1015 602 1016 602 947 602 947 602 1016 602 1017 602 947 602 1017 602 945 602 1018 602 1019 602 1020 602 1020 602 1019 602 995 602 1020 602 995 602 1021 602 1021 602 995 602 997 602 890 602 1022 602 1023 602 1024 602 1025 602 1026 602 1027 602 1028 602 1029 602 1029 602 1028 602 1030 602 1029 602 1030 602 1031 602 1031 602 1030 602 1032 602 1033 602 1034 602 1035 602 1035 602 1034 602 1036 602 1035 602 1036 602 1037 602 1037 602 1036 602 1038 602 1037 602 1038 602 1039 602 890 602 1038 602 1040 602 911 602 922 602 890 602 890 602 922 602 1041 602 890 602 1041 602 1042 602 1032 602 1043 602 1031 602 1031 602 1043 602 1044 602 1031 602 1044 602 1045 602 1046 602 1047 602 1048 602 1048 602 1047 602 1049 602 1048 602 1049 602 1050 602 1050 602 1049 602 1051 602 964 602 1052 602 965 602 965 602 1052 602 1053 602 965 602 1053 602 1054 602 1054 602 1053 602 1055 602 955 602 892 602 1056 602 1056 602 892 602 890 602 1056 602 890 602 1057 602 1051 602 1058 602 1050 602 1050 602 1058 602 1059 602 1050 602 1059 602 1060 602 1040 602 1061 602 890 602 890 602 1061 602 1062 602 890 602 1062 602 1057 602 1057 602 1062 602 1018 602 1057 602 1018 602 1063 602 1063 602 1018 602 1020 602 1064 602 1065 602 1066 602 1066 602 1065 602 1067 602 1066 602 1067 602 1068 602 1068 602 1067 602 1022 602 1068 602 1022 602 1069 602 1069 602 1022 602 890 602 1069 602 890 602 1070 602 1070 602 890 602 1042 602 1026 602 1071 602 1024 602 1024 602 1071 602 1072 602 1024 602 1072 602 1073 602 1073 602 1072 602 1004 602 1073 602 1004 602 1074 602 951 602 953 602 890 602 890 602 953 602 1075 602 890 602 1075 602 1055 602 1039 602 1038 602 1076 602 1076 602 1038 602 890 602 1076 602 890 602 946 602 930 602 1077 602 890 602 1055 602 1053 602 890 602 890 602 1053 602 1078 602 890 602 1078 602 946 602 946 602 1078 602 1079 602 946 602 1079 602 947 602 998 602 930 602 1080 602 1080 602 930 602 890 602 1080 602 890 602 1081 602 1023 602 1082 602 890 602 890 602 1082 602 1083 602 890 602 1083 602 978 602 978 602 977 602 890 602 890 602 977 602 1084 602 890 602 1084 602 973 602 984 602 1085 602 985 602 985 602 1085 602 1081 602 985 602 1081 602 1086 602 1086 602 1081 602 890 602 1086 602 890 602 1087 602 1087 602 890 602 973 602 1087 602 973 602 1088 602 1088 602 973 602 972 602 1074 602 1004 602 1089 602 1089 602 1004 602 890 602 1089 602 890 602 1059 602 1060 602 1059 602 1090 602 1090 602 1059 602 890 602 1090 602 890 602 1044 602 1044 602 890 602 1077 602 1044 602 1077 602 1045 602 1091 603 1092 603 997 603 997 603 1092 603 1021 603 1093 604 1057 604 1094 604 1094 604 1057 604 1063 604 1094 605 1063 605 1095 605 1095 605 1063 605 1020 605 1095 606 1020 606 1092 606 1092 606 1020 606 1021 606 1096 607 1097 607 901 607 901 607 1097 607 903 607 1098 608 977 608 1099 608 1099 608 977 608 976 608 1099 609 976 609 1100 609 1100 609 976 609 905 609 1100 610 905 610 1097 610 1097 610 905 610 903 610 1101 611 1102 611 969 611 969 611 1102 611 967 611 1102 612 1103 612 967 612 967 612 1103 612 968 612 1103 607 1104 607 968 607 968 607 1104 607 970 607 1105 608 1087 608 1106 608 1106 608 1087 608 1088 608 1106 609 1088 609 1107 609 1107 609 1088 609 972 609 1107 610 972 610 1104 610 1104 610 972 610 970 610 1108 611 1109 611 981 611 981 611 1109 611 979 611 1109 612 1110 612 979 612 979 612 1110 612 980 612 1110 607 1111 607 980 607 980 607 1111 607 982 607 1112 613 1081 613 1113 613 1113 613 1081 613 1085 613 1113 614 1085 614 1114 614 1114 614 1085 614 984 614 1114 610 984 610 1111 610 1111 610 984 610 982 610 1115 615 1116 615 1001 615 1001 615 1116 615 999 615 1116 612 1117 612 999 612 999 612 1117 612 1000 612 1117 607 1118 607 1000 607 1000 607 1118 607 1002 607 1119 616 930 616 1120 616 1120 616 930 616 929 616 1120 617 929 617 1121 617 1121 617 929 617 1003 617 1121 610 1003 610 1118 610 1118 610 1003 610 1002 610 1122 611 1123 611 1029 611 1029 611 1123 611 1027 611 1123 612 1124 612 1027 612 1027 612 1124 612 1028 612 1124 618 1125 618 1028 618 1028 618 1125 618 1030 618 1126 616 1044 616 1127 616 1127 616 1044 616 1043 616 1127 614 1043 614 1128 614 1128 614 1043 614 1032 614 1128 619 1032 619 1125 619 1125 619 1032 619 1030 619 1129 611 1130 611 1048 611 1048 611 1130 611 1046 611 1130 612 1131 612 1046 612 1046 612 1131 612 1047 612 1131 618 1132 618 1047 618 1047 618 1132 618 1049 618 1133 616 1059 616 1134 616 1134 616 1059 616 1058 616 1134 617 1058 617 1135 617 1135 617 1058 617 1051 617 1135 610 1051 610 1132 610 1132 610 1051 610 1049 610 1136 615 1137 615 1024 615 1024 615 1137 615 1025 615 1137 612 1138 612 1025 612 1025 612 1138 612 1026 612 1138 607 1139 607 1026 607 1026 607 1139 607 1071 607 1140 616 1005 616 1141 616 1141 616 1005 616 1004 616 1141 617 1004 617 1142 617 1142 617 1004 617 1072 617 1142 610 1072 610 1139 610 1139 610 1072 610 1071 610 1143 615 1144 615 948 615 948 615 1144 615 949 615 1144 612 1145 612 949 612 949 612 1145 612 950 612 1145 607 1146 607 950 607 950 607 1146 607 961 607 1147 616 991 616 1148 616 1148 616 991 616 1007 616 1148 617 1007 617 1149 617 1149 617 1007 617 960 617 1149 610 960 610 1146 610 1146 610 960 610 961 610 1150 620 1151 620 1010 620 1010 620 1151 620 1008 620 1151 612 1152 612 1008 612 1008 612 1152 612 1009 612 1152 621 1153 621 1009 621 1009 621 1153 621 1011 621 1154 622 1075 622 1155 622 1155 622 1075 622 953 622 1155 623 953 623 1156 623 1156 623 953 623 1012 623 1156 624 1012 624 1153 624 1153 624 1012 624 1011 624 1157 620 1158 620 966 620 966 620 1158 620 992 620 1158 612 1159 612 992 612 992 612 1159 612 993 612 1159 621 1160 621 993 621 993 621 1160 621 994 621 1161 616 1053 616 1162 616 1162 616 1053 616 1052 616 1162 623 1052 623 1163 623 1163 623 1052 623 964 623 1163 624 964 624 1160 624 1160 624 964 624 994 624 1164 620 1165 620 1015 620 1015 620 1165 620 1013 620 1165 612 1166 612 1013 612 1013 612 1166 612 1014 612 1166 625 1167 625 1014 625 1014 625 1167 625 1016 625 1168 616 946 616 1169 616 1169 616 946 616 945 616 1169 626 945 626 1170 626 1170 626 945 626 1017 626 1170 627 1017 627 1167 627 1167 627 1017 627 1016 627 1171 620 1172 620 1035 620 1035 620 1172 620 1033 620 1173 612 1091 612 996 612 996 612 1091 612 997 612 1172 612 1174 612 1033 612 1033 612 1174 612 1034 612 1174 628 1175 628 1034 628 1034 628 1175 628 1036 628 1176 629 1061 629 1177 629 1177 629 1061 629 1040 629 1177 630 1040 630 1178 630 1178 630 1040 630 1038 630 1178 631 1038 631 1175 631 1175 631 1038 631 1036 631 1179 620 1173 620 995 620 995 620 1173 620 996 620 1180 612 1181 612 1082 612 1082 612 1181 612 1083 612 1180 608 1082 608 1182 608 1182 608 1082 608 1023 608 1182 614 1023 614 1183 614 1183 614 1023 614 1022 614 1183 632 1022 632 1184 632 1184 632 1022 632 1067 632 1185 633 1184 633 1065 633 1065 633 1184 633 1067 633 1064 612 1186 612 1065 612 1065 612 1186 612 1185 612 1187 611 1186 611 1066 611 1066 611 1186 611 1064 611 1187 634 1066 634 1188 634 1188 634 1066 634 1068 634 1188 635 1068 635 1189 635 1189 635 1068 635 1069 635 1189 636 1069 636 1190 636 1190 636 1069 636 1070 636 1191 612 1190 612 1042 612 1042 612 1190 612 1070 612 1191 613 1042 613 1192 613 1192 613 1042 613 1041 613 1192 614 1041 614 1193 614 1193 614 1041 614 922 614 1193 610 922 610 1194 610 1194 610 922 610 920 610 1195 607 1194 607 918 607 918 607 1194 607 920 607 917 612 1196 612 918 612 918 612 1196 612 1195 612 1197 637 1196 637 919 637 919 637 1196 637 917 637 1197 638 919 638 1198 638 1198 638 919 638 921 638 1198 635 921 635 1199 635 1199 635 921 635 911 635 1199 639 911 639 1200 639 1200 639 911 639 910 639 1201 612 1200 612 909 612 909 612 1200 612 910 612 1201 613 909 613 1202 613 1202 613 909 613 898 613 1202 614 898 614 1203 614 1203 614 898 614 897 614 1203 610 897 610 1204 610 1204 610 897 610 896 610 1204 640 896 640 1205 640 1205 640 896 640 895 640 1206 612 1096 612 900 612 900 612 1096 612 901 612 1207 641 1208 641 882 641 882 641 1208 641 924 641 1209 642 1210 642 1208 642 1211 642 1212 642 1213 642 1214 642 1215 642 1207 642 1208 642 1210 642 1216 642 1189 642 1190 642 1183 642 1215 642 1217 642 1207 642 1207 642 1217 642 1218 642 1207 642 1218 642 1208 642 1208 642 1218 642 1219 642 1208 642 1219 642 1220 642 1221 642 1222 642 1223 642 1223 642 1222 642 1224 642 1223 642 1224 642 1225 642 1225 642 1224 642 1226 642 1225 642 1226 642 1227 642 1227 642 1226 642 1209 642 1227 642 1209 642 1212 642 1212 642 1209 642 1208 642 1228 642 1229 642 1114 642 1221 642 1223 642 1230 642 1230 642 1223 642 1231 642 1230 642 1231 642 1232 642 1232 642 1231 642 1233 642 1232 642 1233 642 1234 642 1210 642 1235 642 1216 642 1216 642 1235 642 1236 642 1216 642 1236 642 1237 642 1238 642 1239 642 1240 642 1241 642 1242 642 1208 642 1208 642 1242 642 1243 642 1208 642 1243 642 1212 642 1212 642 1243 642 1244 642 1212 642 1244 642 1213 642 1245 642 1246 642 1247 642 1247 642 1246 642 1248 642 1247 642 1248 642 1249 642 1205 642 1216 642 1204 642 1204 642 1216 642 1203 642 1238 642 1240 642 1248 642 1250 642 1105 642 1106 642 1245 642 1247 642 1251 642 1251 642 1247 642 1252 642 1251 642 1252 642 1213 642 1213 642 1252 642 1253 642 1213 642 1253 642 1211 642 1104 642 1103 642 1102 642 1183 642 1190 642 1182 642 1185 642 1186 642 1184 642 1184 642 1186 642 1187 642 1184 642 1187 642 1183 642 1183 642 1187 642 1188 642 1183 642 1188 642 1189 642 1096 642 1206 642 1097 642 1097 642 1206 642 1254 642 1097 642 1254 642 1100 642 1100 642 1254 642 1255 642 1220 642 1256 642 1208 642 1208 642 1256 642 1257 642 1208 642 1257 642 1241 642 1241 642 1257 642 1258 642 1241 642 1258 642 1259 642 1259 642 1258 642 1260 642 1259 642 1260 642 1239 642 1239 642 1260 642 1261 642 1239 642 1261 642 1240 642 1106 642 1107 642 1250 642 1250 642 1107 642 1104 642 1250 642 1104 642 1101 642 1101 642 1104 642 1102 642 1198 642 1191 642 1192 642 1199 642 1200 642 1237 642 1237 642 1200 642 1201 642 1237 642 1201 642 1216 642 1216 642 1201 642 1202 642 1216 642 1202 642 1203 642 1214 642 1207 642 1240 642 1240 642 1207 642 1232 642 1240 642 1232 642 1248 642 1248 642 1232 642 1234 642 1248 642 1234 642 1249 642 1194 642 1195 642 1196 642 1255 642 1262 642 1100 642 1100 642 1262 642 1181 642 1100 642 1181 642 1099 642 1110 642 1109 642 1111 642 1111 642 1109 642 1108 642 1111 642 1108 642 1114 642 1114 642 1108 642 1263 642 1114 642 1263 642 1228 642 1192 642 1193 642 1198 642 1198 642 1193 642 1194 642 1198 642 1194 642 1197 642 1197 642 1194 642 1196 642 1264 642 1265 642 1095 642 1266 642 1237 642 1267 642 1267 642 1237 642 1268 642 1267 642 1268 642 1232 642 1232 642 1268 642 1269 642 1232 642 1269 642 1230 642 1237 642 1270 642 1271 642 1237 642 1272 642 1273 642 1095 642 1265 642 1094 642 1274 642 1275 642 1128 642 1167 642 1166 642 1165 642 1237 642 1276 642 1277 642 1145 642 1144 642 1146 642 1146 642 1144 642 1143 642 1146 642 1143 642 1149 642 1149 642 1143 642 1278 642 1271 642 1279 642 1237 642 1237 642 1279 642 1168 642 1237 642 1168 642 1272 642 1272 642 1168 642 1169 642 1169 642 1170 642 1272 642 1272 642 1170 642 1167 642 1272 642 1167 642 1164 642 1164 642 1167 642 1165 642 1278 642 1280 642 1149 642 1149 642 1280 642 1281 642 1149 642 1281 642 1148 642 1175 642 1174 642 1172 642 1273 642 1282 642 1237 642 1237 642 1282 642 1161 642 1237 642 1161 642 1276 642 1276 642 1161 642 1162 642 1160 642 1159 642 1158 642 1277 642 1283 642 1237 642 1237 642 1283 642 1154 642 1237 642 1154 642 1284 642 1284 642 1154 642 1155 642 1198 642 1199 642 1191 642 1191 642 1199 642 1237 642 1191 642 1237 642 1190 642 1177 642 1178 642 1270 642 1270 642 1178 642 1175 642 1270 642 1175 642 1171 642 1171 642 1175 642 1172 642 1091 642 1173 642 1092 642 1092 642 1173 642 1179 642 1092 642 1179 642 1095 642 1095 642 1179 642 1285 642 1095 642 1285 642 1264 642 1162 642 1163 642 1276 642 1276 642 1163 642 1160 642 1276 642 1160 642 1157 642 1157 642 1160 642 1158 642 1153 642 1152 642 1151 642 1286 642 1287 642 1237 642 1237 642 1287 642 1098 642 1155 642 1156 642 1284 642 1284 642 1156 642 1153 642 1284 642 1153 642 1150 642 1150 642 1153 642 1151 642 1128 642 1275 642 1127 642 1124 642 1123 642 1125 642 1125 642 1123 642 1122 642 1125 642 1122 642 1128 642 1128 642 1122 642 1288 642 1128 642 1288 642 1274 642 1182 642 1190 642 1180 642 1180 642 1190 642 1237 642 1180 642 1237 642 1181 642 1181 642 1237 642 1098 642 1181 642 1098 642 1099 642 1289 642 1141 642 1290 642 1290 642 1141 642 1291 642 1266 642 1292 642 1237 642 1237 642 1292 642 1293 642 1237 642 1293 642 1093 642 1294 642 1134 642 1295 642 1295 642 1134 642 1296 642 1177 642 1270 642 1176 642 1176 642 1270 642 1237 642 1176 642 1237 642 1265 642 1265 642 1237 642 1093 642 1265 642 1093 642 1094 642 1139 642 1138 642 1137 642 1132 642 1131 642 1130 642 1141 642 1142 642 1291 642 1291 642 1142 642 1139 642 1291 642 1139 642 1136 642 1136 642 1139 642 1137 642 1134 642 1135 642 1296 642 1296 642 1135 642 1132 642 1296 642 1132 642 1129 642 1129 642 1132 642 1130 642 1297 642 1298 642 1120 642 1120 642 1298 642 1299 642 1120 642 1299 642 1119 642 1118 642 1117 642 1116 642 1120 642 1121 642 1297 642 1297 642 1121 642 1118 642 1297 642 1118 642 1115 642 1115 642 1118 642 1116 642 1284 642 1300 642 1237 642 1237 642 1300 642 1301 642 1237 642 1301 642 1147 642 1250 642 1286 642 1105 642 1105 642 1286 642 1237 642 1105 642 1237 642 1229 642 1140 642 1237 642 1281 642 1281 642 1237 642 1147 642 1281 642 1147 642 1148 642 1133 642 1237 642 1289 642 1289 642 1237 642 1140 642 1289 642 1140 642 1141 642 1126 642 1237 642 1294 642 1294 642 1237 642 1133 642 1294 642 1133 642 1134 642 1119 642 1237 642 1275 642 1275 642 1237 642 1126 642 1275 642 1126 642 1127 642 1119 642 1299 642 1237 642 1237 642 1299 642 1112 642 1237 642 1112 642 1229 642 1229 642 1112 642 1113 642 1229 642 1113 642 1114 642 1267 643 1232 643 957 643 957 643 1232 643 893 643 1232 612 1207 612 893 612 893 612 1207 612 882 612 890 644 924 644 1216 644 1216 644 924 644 1208 644 1254 634 902 634 1255 634 1255 634 902 634 904 634 1255 635 904 635 1262 635 1262 635 904 635 978 635 1262 636 978 636 1181 636 1181 636 978 636 1083 636 1254 611 1206 611 902 611 902 611 1206 611 900 611 1176 612 1265 612 1061 612 1061 612 1265 612 1062 612 1179 645 995 645 1285 645 1285 645 995 645 1019 645 1285 646 1019 646 1264 646 1264 646 1019 646 1018 646 1264 647 1018 647 1265 647 1265 647 1018 647 1062 647 1168 612 1279 612 946 612 946 612 1279 612 1076 612 1171 648 1035 648 1270 648 1270 648 1035 648 1037 648 1270 649 1037 649 1271 649 1271 649 1037 649 1039 649 1271 650 1039 650 1279 650 1279 650 1039 650 1076 650 1161 651 1282 651 1053 651 1053 651 1282 651 1078 651 1164 648 1015 648 1272 648 1272 648 1015 648 947 648 1272 649 947 649 1273 649 1273 649 947 649 1079 649 1273 652 1079 652 1282 652 1282 652 1079 652 1078 652 1154 651 1283 651 1075 651 1075 651 1283 651 1055 651 1157 648 966 648 1276 648 1276 648 966 648 965 648 1276 649 965 649 1277 649 1277 649 965 649 1054 649 1277 650 1054 650 1283 650 1283 650 1054 650 1055 650 1147 651 1301 651 991 651 991 651 1301 651 951 651 1150 648 1010 648 1284 648 1284 648 1010 648 954 648 1284 649 954 649 1300 649 1300 649 954 649 952 649 1300 650 952 650 1301 650 1301 650 952 650 951 650 1140 612 1281 612 1005 612 1005 612 1281 612 1006 612 1143 653 948 653 1278 653 1278 653 948 653 959 653 1278 635 959 635 1280 635 1280 635 959 635 958 635 1280 650 958 650 1281 650 1281 650 958 650 1006 650 1133 612 1289 612 1059 612 1059 612 1289 612 1089 612 1136 634 1024 634 1291 634 1291 634 1024 634 1073 634 1291 654 1073 654 1290 654 1290 654 1073 654 1074 654 1290 650 1074 650 1289 650 1289 650 1074 650 1089 650 1126 612 1294 612 1044 612 1044 612 1294 612 1090 612 1129 634 1048 634 1296 634 1296 634 1048 634 1050 634 1296 654 1050 654 1295 654 1295 654 1050 654 1060 654 1295 650 1060 650 1294 650 1294 650 1060 650 1090 650 1119 612 1275 612 930 612 930 612 1275 612 1077 612 1122 634 1029 634 1288 634 1288 634 1029 634 1031 634 1288 635 1031 635 1274 635 1274 635 1031 635 1045 635 1274 636 1045 636 1275 636 1275 636 1045 636 1077 636 1112 612 1299 612 1081 612 1081 612 1299 612 1080 612 1115 653 1001 653 1297 653 1297 653 1001 653 931 653 1297 635 931 635 1298 635 1298 635 931 635 998 635 1298 650 998 650 1299 650 1299 650 998 650 1080 650 1105 612 1229 612 1087 612 1087 612 1229 612 1086 612 1108 634 981 634 1263 634 1263 634 981 634 983 634 1263 635 983 635 1228 635 1228 635 983 635 985 635 1228 636 985 636 1229 636 1229 636 985 636 1086 636 1098 612 1287 612 977 612 977 612 1287 612 1084 612 1101 634 969 634 1250 634 1250 634 969 634 971 634 1250 635 971 635 1286 635 1286 635 971 635 973 635 1286 636 973 636 1287 636 1287 636 973 636 1084 636 1093 612 1293 612 1057 612 1057 612 1293 612 1056 612 1267 655 957 655 1266 655 1266 655 957 655 956 655 1266 656 956 656 1292 656 1292 656 956 656 955 656 1292 657 955 657 1293 657 1293 657 955 657 1056 657 1214 658 881 658 1215 658 1215 658 881 658 880 658 1215 659 880 659 1217 659 1217 659 880 659 899 659 1217 660 899 660 1218 660 1218 660 899 660 928 660 1218 661 928 661 1219 661 1219 661 928 661 927 661 1219 662 927 662 1220 662 1220 662 927 662 926 662 1220 663 926 663 1256 663 1256 663 926 663 923 663 1256 664 923 664 1257 664 1257 664 923 664 925 664 1257 665 925 665 1258 665 1258 665 925 665 990 665 1258 666 990 666 1260 666 1260 666 990 666 989 666 1260 667 989 667 1261 667 1261 667 989 667 987 667 1261 668 987 668 1240 668 1240 668 987 668 908 668 1240 669 908 669 1214 669 1214 669 908 669 881 669 1248 670 907 670 1238 670 1238 670 907 670 906 670 1238 671 906 671 1239 671 1239 671 906 671 986 671 1239 660 986 660 1259 660 1259 660 986 660 988 660 1259 661 988 661 1241 661 1241 661 988 661 963 661 1241 672 963 672 1242 672 1242 672 963 672 962 672 1242 673 962 673 1243 673 1243 673 962 673 944 673 1243 664 944 664 1244 664 1244 664 944 664 943 664 1244 665 943 665 1213 665 1213 665 943 665 934 665 1213 674 934 674 1251 674 1251 674 934 674 936 674 1251 675 936 675 1245 675 1245 675 936 675 938 675 1245 668 938 668 1246 668 1246 668 938 668 912 668 1246 669 912 669 1248 669 1248 669 912 669 907 669 1234 670 913 670 1249 670 1249 670 913 670 940 670 1249 671 940 671 1247 671 1247 671 940 671 939 671 1247 660 939 660 1252 660 1252 660 939 660 937 660 1252 661 937 661 1253 661 1253 661 937 661 935 661 1253 672 935 672 1211 672 1211 672 935 672 933 672 1211 673 933 673 1212 673 1212 673 933 673 932 673 1212 676 932 676 1227 676 1227 676 932 676 975 676 1227 677 975 677 1225 677 1225 677 975 677 974 677 1225 678 974 678 1223 678 1223 678 974 678 885 678 1223 679 885 679 1231 679 1231 679 885 679 887 679 1231 680 887 680 1233 680 1233 680 887 680 916 680 1233 681 916 681 1234 681 1234 681 916 681 913 681 1230 682 894 682 1221 682 1221 682 894 682 914 682 1221 683 914 683 1222 683 1222 683 914 683 915 683 1222 684 915 684 1224 684 1224 684 915 684 888 684 1224 685 888 685 1226 685 1226 685 888 685 886 685 1226 686 886 686 1209 686 1209 686 886 686 884 686 1209 687 884 687 1210 687 1210 687 884 687 883 687 1210 688 883 688 1235 688 1235 688 883 688 942 688 1235 677 942 677 1236 677 1236 677 942 677 941 677 1236 689 941 689 1237 689 1237 689 941 689 889 689 1237 690 889 690 1268 690 1268 690 889 690 891 690 1268 680 891 680 1269 680 1269 680 891 680 892 680 1269 691 892 691 1230 691 1230 691 892 691 894 691 1205 692 895 692 1216 692 1216 692 895 692 890 692 1302 693 1303 693 1304 693 1304 693 1303 693 1305 693 1306 694 1307 694 1308 694 1308 694 1307 694 1309 694 1310 695 1311 695 1312 695 1312 695 1311 695 1313 695 1312 695 1313 695 1314 695 1315 695 1316 695 1317 695 1318 695 1319 695 1320 695 1320 695 1319 695 1321 695 1322 695 1323 695 1324 695 1324 695 1323 695 1310 695 1324 695 1310 695 1325 695 1325 695 1310 695 1312 695 1325 695 1312 695 1317 695 1317 695 1312 695 1326 695 1327 695 1315 695 1328 695 1328 695 1315 695 1317 695 1328 695 1317 695 1329 695 1329 695 1317 695 1326 695 1303 695 1330 695 1331 695 1332 695 1333 695 1334 695 1321 695 1335 695 1320 695 1320 695 1335 695 1332 695 1320 695 1332 695 1336 695 1336 695 1332 695 1334 695 1305 695 1303 695 1337 695 1337 695 1303 695 1331 695 1337 695 1331 695 1338 695 1338 695 1331 695 1339 695 1338 695 1339 695 1340 695 1340 695 1339 695 1321 695 1340 695 1321 695 1341 695 1341 695 1321 695 1319 695 1341 695 1319 695 1342 695 1330 695 1343 695 1331 695 1331 695 1343 695 1344 695 1331 695 1344 695 1322 695 1344 695 1345 695 1322 695 1322 695 1345 695 1346 695 1322 695 1346 695 1323 695 1323 695 1346 695 1309 695 1323 695 1309 695 1307 695 1347 695 1302 695 1304 695 1306 695 1308 695 1348 695 1348 695 1349 695 1306 695 1306 695 1349 695 1350 695 1306 695 1350 695 1304 695 1304 695 1350 695 1351 695 1304 695 1351 695 1347 695 1352 694 1353 694 1314 694 1314 694 1353 694 1312 694 1354 696 1325 696 1317 696 1354 696 1317 696 1355 696 1355 697 1317 697 1316 697 1355 697 1316 697 1356 697 1356 698 1316 698 1315 698 1356 698 1315 698 1357 698 1357 699 1315 699 1327 699 1357 699 1327 699 1358 699 1358 700 1327 700 1328 700 1358 700 1328 700 1359 700 1359 701 1328 701 1329 701 1359 701 1329 701 1360 701 1360 702 1329 702 1326 702 1360 702 1326 702 1361 702 1361 703 1326 703 1312 703 1361 703 1312 703 1353 703 1354 694 1362 694 1325 694 1325 694 1362 694 1324 694 1362 704 1363 704 1324 704 1324 704 1363 704 1322 704 1363 705 1364 705 1322 705 1322 705 1364 705 1331 705 1364 706 1365 706 1331 706 1331 706 1365 706 1339 706 1365 693 1366 693 1339 693 1339 693 1366 693 1321 693 1367 707 1319 707 1318 707 1367 707 1318 707 1368 707 1368 708 1318 708 1320 708 1368 708 1320 708 1369 708 1369 709 1320 709 1336 709 1369 709 1336 709 1370 709 1370 710 1336 710 1334 710 1370 710 1334 710 1371 710 1371 711 1334 711 1333 711 1371 711 1333 711 1372 711 1372 712 1333 712 1332 712 1372 712 1332 712 1373 712 1373 713 1332 713 1335 713 1373 713 1335 713 1374 713 1374 714 1335 714 1321 714 1374 714 1321 714 1366 714 1367 693 1375 693 1319 693 1319 693 1375 693 1342 693 1375 705 1376 705 1342 705 1342 705 1376 705 1341 705 1376 715 1377 715 1341 715 1341 715 1377 715 1340 715 1377 694 1378 694 1340 694 1340 694 1378 694 1338 694 1378 716 1379 716 1338 716 1338 716 1379 716 1337 716 1305 717 1337 717 1304 717 1304 717 1337 717 1379 717 1304 717 1379 717 1306 717 1306 717 1379 717 1380 717 1306 717 1380 717 1307 717 1307 717 1380 717 1323 717 1380 718 1381 718 1323 718 1323 718 1381 718 1310 718 1381 693 1382 693 1310 693 1310 693 1382 693 1311 693 1382 719 1383 719 1311 719 1311 719 1383 719 1313 719 1383 705 1352 705 1313 705 1313 705 1352 705 1314 705 1309 720 1346 720 1308 720 1308 720 1346 720 1384 720 1308 721 1384 721 1348 721 1348 721 1384 721 1385 721 1348 722 1385 722 1349 722 1349 722 1385 722 1386 722 1349 723 1386 723 1350 723 1350 723 1386 723 1387 723 1350 724 1387 724 1351 724 1351 724 1387 724 1388 724 1351 725 1388 725 1347 725 1347 725 1388 725 1389 725 1347 726 1389 726 1302 726 1302 726 1389 726 1390 726 1302 727 1390 727 1391 727 1303 727 1302 727 1330 727 1330 727 1302 727 1391 727 1330 728 1391 728 1343 728 1343 728 1391 728 1392 728 1343 729 1392 729 1344 729 1344 729 1392 729 1393 729 1344 730 1393 730 1345 730 1345 730 1393 730 1394 730 1345 731 1394 731 1346 731 1346 731 1394 731 1395 731 1346 720 1395 720 1384 720 1373 732 1374 732 1366 732 1366 732 1376 732 1367 732 1367 732 1376 732 1375 732 1383 732 1382 732 1381 732 1353 732 1354 732 1355 732 1371 732 1372 732 1370 732 1370 732 1372 732 1373 732 1370 732 1373 732 1369 732 1369 732 1373 732 1366 732 1369 732 1366 732 1368 732 1368 732 1366 732 1367 732 1378 732 1365 732 1364 732 1365 732 1378 732 1366 732 1366 732 1378 732 1377 732 1366 732 1377 732 1376 732 1380 732 1363 732 1381 732 1381 732 1363 732 1362 732 1352 732 1383 732 1353 732 1353 732 1383 732 1381 732 1353 732 1381 732 1354 732 1354 732 1381 732 1362 732 1364 732 1363 732 1393 732 1393 732 1363 732 1394 732 1357 732 1358 732 1359 732 1389 732 1379 732 1390 732 1390 732 1379 732 1378 732 1390 732 1378 732 1391 732 1391 732 1378 732 1364 732 1391 732 1364 732 1392 732 1392 732 1364 732 1393 732 1355 732 1356 732 1353 732 1353 732 1356 732 1357 732 1353 732 1357 732 1361 732 1361 732 1357 732 1359 732 1361 732 1359 732 1360 732 1386 732 1380 732 1387 732 1387 732 1380 732 1379 732 1387 732 1379 732 1388 732 1388 732 1379 732 1389 732 1386 732 1385 732 1380 732 1380 732 1385 732 1384 732 1380 732 1384 732 1363 732 1363 732 1384 732 1395 732 1363 732 1395 732 1394 732 1396 693 1397 693 1398 693 1398 693 1397 693 1399 693 1400 694 1401 694 1402 694 1402 694 1401 694 1403 694 1404 732 1405 732 1406 732 1407 732 1408 732 1409 732 1404 732 1406 732 1410 732 1410 732 1406 732 1411 732 1410 732 1411 732 1412 732 1413 732 1409 732 1414 732 1414 732 1409 732 1408 732 1414 732 1408 732 1415 732 1407 732 1416 732 1408 732 1408 732 1416 732 1417 732 1408 732 1417 732 1418 732 1419 732 1420 732 1421 732 1421 732 1420 732 1422 732 1421 732 1422 732 1412 732 1412 732 1422 732 1423 732 1412 732 1423 732 1410 732 1424 732 1425 732 1426 732 1426 732 1425 732 1427 732 1426 732 1427 732 1410 732 1410 732 1427 732 1428 732 1410 732 1428 732 1404 732 1401 732 1429 732 1430 732 1431 732 1432 732 1433 732 1433 732 1432 732 1408 732 1433 732 1408 732 1434 732 1434 732 1408 732 1418 732 1403 732 1401 732 1435 732 1435 732 1401 732 1430 732 1435 732 1430 732 1409 732 1409 732 1430 732 1436 732 1409 732 1436 732 1407 732 1429 732 1437 732 1430 732 1430 732 1437 732 1438 732 1430 732 1438 732 1424 732 1438 732 1439 732 1424 732 1424 732 1439 732 1440 732 1424 732 1440 732 1425 732 1425 732 1440 732 1399 732 1425 732 1399 732 1397 732 1441 732 1400 732 1402 732 1441 732 1402 732 1442 732 1398 732 1443 732 1396 732 1396 732 1443 732 1444 732 1396 732 1444 732 1402 732 1402 732 1444 732 1445 732 1402 732 1445 732 1442 732 1446 693 1447 693 1413 693 1413 693 1447 693 1409 693 1448 719 1446 719 1414 719 1414 719 1446 719 1413 719 1449 705 1448 705 1415 705 1415 705 1448 705 1414 705 1450 694 1449 694 1408 694 1408 694 1449 694 1415 694 1407 696 1451 696 1452 696 1407 696 1452 696 1416 696 1416 697 1452 697 1453 697 1416 697 1453 697 1417 697 1417 698 1453 698 1454 698 1417 698 1454 698 1418 698 1418 699 1454 699 1455 699 1418 699 1455 699 1434 699 1434 700 1455 700 1456 700 1434 700 1456 700 1433 700 1433 701 1456 701 1457 701 1433 701 1457 701 1431 701 1431 702 1457 702 1458 702 1431 702 1458 702 1432 702 1432 703 1458 703 1450 703 1432 703 1450 703 1408 703 1459 694 1451 694 1436 694 1436 694 1451 694 1407 694 1460 704 1459 704 1430 704 1430 704 1459 704 1436 704 1461 705 1460 705 1424 705 1424 705 1460 705 1430 705 1462 706 1461 706 1426 706 1426 706 1461 706 1424 706 1463 693 1462 693 1410 693 1410 693 1462 693 1426 693 1406 707 1464 707 1465 707 1406 707 1465 707 1411 707 1411 708 1465 708 1466 708 1411 708 1466 708 1412 708 1412 709 1466 709 1467 709 1412 709 1467 709 1421 709 1421 710 1467 710 1468 710 1421 710 1468 710 1419 710 1419 711 1468 711 1469 711 1419 711 1469 711 1420 711 1420 712 1469 712 1470 712 1420 712 1470 712 1422 712 1422 713 1470 713 1471 713 1422 713 1471 713 1423 713 1423 714 1471 714 1463 714 1423 714 1463 714 1410 714 1472 693 1464 693 1405 693 1405 693 1464 693 1406 693 1473 705 1472 705 1404 705 1404 705 1472 705 1405 705 1474 715 1473 715 1428 715 1428 715 1473 715 1404 715 1475 694 1474 694 1427 694 1427 694 1474 694 1428 694 1476 716 1475 716 1425 716 1425 716 1475 716 1427 716 1403 717 1435 717 1402 717 1402 717 1435 717 1477 717 1402 717 1477 717 1396 717 1396 717 1477 717 1476 717 1396 717 1476 717 1397 717 1397 717 1476 717 1425 717 1447 718 1477 718 1409 718 1409 718 1477 718 1435 718 1399 727 1440 727 1398 727 1398 727 1440 727 1478 727 1398 726 1478 726 1443 726 1443 726 1478 726 1479 726 1443 725 1479 725 1444 725 1444 725 1479 725 1480 725 1444 724 1480 724 1445 724 1445 724 1480 724 1481 724 1445 723 1481 723 1442 723 1442 723 1481 723 1482 723 1442 722 1482 722 1441 722 1441 722 1482 722 1483 722 1441 721 1483 721 1400 721 1400 721 1483 721 1484 721 1400 720 1484 720 1485 720 1401 720 1400 720 1429 720 1429 720 1400 720 1485 720 1429 731 1485 731 1437 731 1437 731 1485 731 1486 731 1437 730 1486 730 1438 730 1438 730 1486 730 1487 730 1438 729 1487 729 1439 729 1439 729 1487 729 1488 729 1439 728 1488 728 1440 728 1440 728 1488 728 1489 728 1440 727 1489 727 1478 727 1448 695 1449 695 1450 695 1446 695 1448 695 1451 695 1463 695 1471 695 1464 695 1464 695 1471 695 1470 695 1470 695 1469 695 1468 695 1451 695 1448 695 1452 695 1452 695 1448 695 1450 695 1452 695 1450 695 1453 695 1465 695 1464 695 1466 695 1466 695 1464 695 1470 695 1466 695 1470 695 1467 695 1467 695 1470 695 1468 695 1457 695 1456 695 1458 695 1458 695 1456 695 1455 695 1458 695 1455 695 1450 695 1450 695 1455 695 1454 695 1450 695 1454 695 1453 695 1446 695 1451 695 1447 695 1447 695 1451 695 1459 695 1447 695 1459 695 1460 695 1476 695 1461 695 1475 695 1475 695 1461 695 1462 695 1475 695 1462 695 1474 695 1474 695 1462 695 1463 695 1474 695 1463 695 1473 695 1473 695 1463 695 1464 695 1473 695 1464 695 1472 695 1479 695 1478 695 1476 695 1460 695 1461 695 1487 695 1487 695 1461 695 1488 695 1483 695 1477 695 1484 695 1484 695 1477 695 1447 695 1484 695 1447 695 1485 695 1485 695 1447 695 1460 695 1485 695 1460 695 1486 695 1486 695 1460 695 1487 695 1476 695 1478 695 1461 695 1461 695 1478 695 1489 695 1461 695 1489 695 1488 695 1483 695 1482 695 1477 695 1477 695 1482 695 1481 695 1477 695 1481 695 1476 695 1476 695 1481 695 1480 695 1476 695 1480 695 1479 695 1383 719 1382 719 1490 719 1490 719 1382 719 1491 719 1381 718 1380 718 1492 718 1492 718 1380 718 1493 718 1379 716 1378 716 1494 716 1494 716 1378 716 1495 716 1377 715 1376 715 1496 715 1496 715 1376 715 1497 715 1366 693 1365 693 1498 693 1498 693 1365 693 1499 693 1375 693 1367 693 1500 693 1500 693 1367 693 1501 693 1363 704 1362 704 1502 704 1502 704 1362 704 1503 704 1365 706 1364 706 1499 706 1499 706 1364 706 1504 706 1353 694 1352 694 1505 694 1505 694 1352 694 1506 694 1362 694 1354 694 1503 694 1503 694 1354 694 1507 694 1367 695 1375 695 1376 695 1383 695 1352 695 1353 695 1383 695 1353 695 1354 695 1354 695 1353 695 1508 695 1354 695 1508 695 1509 695 1510 695 1511 695 1512 695 1512 695 1511 695 1508 695 1512 695 1508 695 1513 695 1513 695 1508 695 1353 695 1381 695 1362 695 1363 695 1379 695 1364 695 1378 695 1378 695 1364 695 1365 695 1378 695 1365 695 1377 695 1377 695 1365 695 1366 695 1377 695 1366 695 1376 695 1376 695 1366 695 1367 695 1367 695 1366 695 1514 695 1367 695 1514 695 1515 695 1516 695 1517 695 1518 695 1518 695 1517 695 1367 695 1518 695 1367 695 1519 695 1519 695 1367 695 1515 695 1362 695 1381 695 1354 695 1354 695 1381 695 1382 695 1354 695 1382 695 1383 695 1388 695 1379 695 1387 695 1387 695 1379 695 1380 695 1387 695 1380 695 1386 695 1363 695 1364 695 1393 695 1393 695 1364 695 1392 695 1393 695 1394 695 1363 695 1363 695 1394 695 1395 695 1363 695 1395 695 1381 695 1381 695 1395 695 1384 695 1381 695 1384 695 1380 695 1380 695 1384 695 1385 695 1380 695 1385 695 1386 695 1388 695 1389 695 1379 695 1379 695 1389 695 1390 695 1379 695 1390 695 1364 695 1364 695 1390 695 1391 695 1364 695 1391 695 1392 695 1352 705 1383 705 1506 705 1506 705 1383 705 1490 705 1382 693 1381 693 1491 693 1491 693 1381 693 1492 693 1380 717 1379 717 1493 717 1493 717 1379 717 1494 717 1378 694 1377 694 1495 694 1495 694 1377 694 1496 694 1376 705 1375 705 1497 705 1497 705 1375 705 1500 705 1501 733 1367 733 1517 733 1501 733 1517 733 1520 733 1520 734 1517 734 1516 734 1520 734 1516 734 1521 734 1521 735 1516 735 1518 735 1521 735 1518 735 1522 735 1522 693 1518 693 1519 693 1522 693 1519 693 1523 693 1523 736 1519 736 1515 736 1523 736 1515 736 1524 736 1524 737 1515 737 1514 737 1524 737 1514 737 1525 737 1525 738 1514 738 1366 738 1525 738 1366 738 1498 738 1364 705 1363 705 1504 705 1504 705 1363 705 1502 705 1507 739 1354 739 1509 739 1507 739 1509 739 1526 739 1526 740 1509 740 1508 740 1526 740 1508 740 1527 740 1527 741 1508 741 1511 741 1527 741 1511 741 1528 741 1528 694 1511 694 1510 694 1528 694 1510 694 1529 694 1529 742 1510 742 1512 742 1529 742 1512 742 1530 742 1530 743 1512 743 1513 743 1530 743 1513 743 1531 743 1531 744 1513 744 1353 744 1531 744 1353 744 1505 744 1532 720 1384 720 1533 720 1533 720 1384 720 1395 720 1533 731 1395 731 1534 731 1534 731 1395 731 1394 731 1534 730 1394 730 1535 730 1535 730 1394 730 1393 730 1535 729 1393 729 1536 729 1536 729 1393 729 1392 729 1536 728 1392 728 1537 728 1537 728 1392 728 1391 728 1537 727 1391 727 1538 727 1538 727 1391 727 1390 727 1538 726 1390 726 1539 726 1539 726 1390 726 1389 726 1539 725 1389 725 1540 725 1540 725 1389 725 1388 725 1540 724 1388 724 1541 724 1541 724 1388 724 1387 724 1541 723 1387 723 1542 723 1542 723 1387 723 1386 723 1542 722 1386 722 1543 722 1543 722 1386 722 1385 722 1543 721 1385 721 1532 721 1532 721 1385 721 1384 721 1497 732 1500 732 1501 732 1521 732 1522 732 1520 732 1520 732 1522 732 1523 732 1507 732 1526 732 1505 732 1505 732 1526 732 1527 732 1531 732 1505 732 1530 732 1530 732 1505 732 1527 732 1530 732 1527 732 1529 732 1529 732 1527 732 1528 732 1525 732 1498 732 1524 732 1524 732 1498 732 1497 732 1524 732 1497 732 1523 732 1523 732 1497 732 1501 732 1523 732 1501 732 1520 732 1495 732 1499 732 1504 732 1499 732 1495 732 1498 732 1498 732 1495 732 1496 732 1498 732 1496 732 1497 732 1493 732 1502 732 1492 732 1492 732 1502 732 1503 732 1492 732 1503 732 1491 732 1491 732 1503 732 1507 732 1491 732 1507 732 1490 732 1490 732 1507 732 1505 732 1490 732 1505 732 1506 732 1539 732 1494 732 1538 732 1538 732 1494 732 1495 732 1538 732 1495 732 1537 732 1537 732 1495 732 1504 732 1537 732 1504 732 1536 732 1542 732 1493 732 1541 732 1541 732 1493 732 1494 732 1541 732 1494 732 1540 732 1540 732 1494 732 1539 732 1536 732 1504 732 1535 732 1535 732 1504 732 1502 732 1535 732 1502 732 1534 732 1542 732 1543 732 1493 732 1493 732 1543 732 1532 732 1493 732 1532 732 1502 732 1502 732 1532 732 1533 732 1502 732 1533 732 1534 732 1544 745 1545 745 1546 745 1544 746 1547 746 1548 746 1549 747 1547 747 1544 747 1546 748 1549 748 1544 748 1544 749 1550 749 1551 749 1552 750 1550 750 1544 750 1548 751 1552 751 1544 751 1544 752 1553 752 1554 752 1555 753 1553 753 1544 753 1551 754 1555 754 1544 754 1544 755 1556 755 1557 755 1558 756 1556 756 1544 756 1554 757 1558 757 1544 757 1557 758 1545 758 1544 758 1559 745 1560 745 1561 745 1559 759 1562 759 1563 759 1564 760 1562 760 1559 760 1561 748 1564 748 1559 748 1559 749 1565 749 1566 749 1567 750 1565 750 1559 750 1563 761 1567 761 1559 761 1559 762 1568 762 1569 762 1570 753 1568 753 1559 753 1566 754 1570 754 1559 754 1559 755 1571 755 1572 755 1573 763 1571 763 1559 763 1569 764 1573 764 1559 764 1572 758 1560 758 1559 758 1574 765 1575 765 1576 765 1574 746 1577 746 1578 746 1579 747 1577 747 1574 747 1576 766 1579 766 1574 766 1574 767 1580 767 1581 767 1582 768 1580 768 1574 768 1578 751 1582 751 1574 751 1574 752 1583 752 1584 752 1585 769 1583 769 1574 769 1581 770 1585 770 1574 770 1574 771 1586 771 1587 771 1588 756 1586 756 1574 756 1584 757 1588 757 1574 757 1587 772 1575 772 1574 772 1589 765 1590 765 1591 765 1589 759 1592 759 1593 759 1594 760 1592 760 1589 760 1591 766 1594 766 1589 766 1589 767 1595 767 1596 767 1597 768 1595 768 1589 768 1593 761 1597 761 1589 761 1589 762 1598 762 1599 762 1600 769 1598 769 1589 769 1596 770 1600 770 1589 770 1589 771 1601 771 1602 771 1603 763 1601 763 1589 763 1599 764 1603 764 1589 764 1602 772 1590 772 1589 772 1604 773 1605 773 1606 773 1606 773 1605 773 1607 773 1545 774 1608 774 1546 774 1546 774 1608 774 1609 774 1546 775 1609 775 1549 775 1549 775 1609 775 1610 775 1549 776 1610 776 1547 776 1547 776 1610 776 1611 776 1547 732 1611 732 1548 732 1548 732 1611 732 1612 732 1548 777 1612 777 1552 777 1552 777 1612 777 1613 777 1552 778 1613 778 1550 778 1550 778 1613 778 1614 778 1550 779 1614 779 1551 779 1551 779 1614 779 1615 779 1551 780 1615 780 1555 780 1555 780 1615 780 1616 780 1555 781 1616 781 1553 781 1553 781 1616 781 1617 781 1553 782 1617 782 1554 782 1554 782 1617 782 1618 782 1554 695 1618 695 1558 695 1558 695 1618 695 1619 695 1558 783 1619 783 1556 783 1556 783 1619 783 1620 783 1556 784 1620 784 1557 784 1557 784 1620 784 1621 784 1557 785 1621 785 1545 785 1545 785 1621 785 1608 785 1560 774 1622 774 1561 774 1561 774 1622 774 1623 774 1561 775 1623 775 1564 775 1564 775 1623 775 1624 775 1564 786 1624 786 1562 786 1562 786 1624 786 1625 786 1562 732 1625 732 1563 732 1563 732 1625 732 1626 732 1563 787 1626 787 1567 787 1567 787 1626 787 1627 787 1567 778 1627 778 1565 778 1565 778 1627 778 1628 778 1565 779 1628 779 1566 779 1566 779 1628 779 1629 779 1566 780 1629 780 1570 780 1570 780 1629 780 1630 780 1570 781 1630 781 1568 781 1568 781 1630 781 1631 781 1568 788 1631 788 1569 788 1569 788 1631 788 1632 788 1569 695 1632 695 1573 695 1573 695 1632 695 1633 695 1573 789 1633 789 1571 789 1571 789 1633 789 1634 789 1571 784 1634 784 1572 784 1572 784 1634 784 1635 784 1572 785 1635 785 1560 785 1560 785 1635 785 1622 785 1575 790 1636 790 1576 790 1576 790 1636 790 1637 790 1576 791 1637 791 1579 791 1579 791 1637 791 1638 791 1579 776 1638 776 1577 776 1577 776 1638 776 1639 776 1577 732 1639 732 1578 732 1578 732 1639 732 1640 732 1578 777 1640 777 1582 777 1582 777 1640 777 1641 777 1582 792 1641 792 1580 792 1580 792 1641 792 1642 792 1580 793 1642 793 1581 793 1581 793 1642 793 1643 793 1581 794 1643 794 1585 794 1585 794 1643 794 1644 794 1585 795 1644 795 1583 795 1583 795 1644 795 1645 795 1583 782 1645 782 1584 782 1584 782 1645 782 1646 782 1584 695 1646 695 1588 695 1588 695 1646 695 1647 695 1588 783 1647 783 1586 783 1586 783 1647 783 1648 783 1586 796 1648 796 1587 796 1587 796 1648 796 1649 796 1587 797 1649 797 1575 797 1575 797 1649 797 1636 797 1590 790 1650 790 1591 790 1591 790 1650 790 1651 790 1591 791 1651 791 1594 791 1594 791 1651 791 1652 791 1594 786 1652 786 1592 786 1592 786 1652 786 1653 786 1592 732 1653 732 1593 732 1593 732 1653 732 1654 732 1593 787 1654 787 1597 787 1597 787 1654 787 1655 787 1597 792 1655 792 1595 792 1595 792 1655 792 1656 792 1595 793 1656 793 1596 793 1596 793 1656 793 1657 793 1596 794 1657 794 1600 794 1600 794 1657 794 1658 794 1600 795 1658 795 1598 795 1598 795 1658 795 1659 795 1598 788 1659 788 1599 788 1599 788 1659 788 1660 788 1599 695 1660 695 1603 695 1603 695 1660 695 1661 695 1603 789 1661 789 1601 789 1601 789 1661 789 1662 789 1601 796 1662 796 1602 796 1602 796 1662 796 1663 796 1602 797 1663 797 1590 797 1590 797 1663 797 1650 797 1664 798 1665 798 1666 798 1666 798 1665 798 1667 798 1668 799 1669 799 1670 799 1670 799 1669 799 1671 799 1670 800 1671 800 1672 800 1672 800 1671 800 1673 800 1672 801 1673 801 1674 801 1674 801 1673 801 1675 801 1674 802 1675 802 1676 802 1676 802 1675 802 1677 802 1676 803 1677 803 1678 803 1678 803 1677 803 1679 803 1678 804 1679 804 1680 804 1680 804 1679 804 1681 804 1682 805 1683 805 1684 805 1684 805 1683 805 1685 805 1686 694 1687 694 1507 694 1507 694 1687 694 1503 694 1688 694 1689 694 1506 694 1506 694 1689 694 1505 694 1690 706 1691 706 1504 706 1504 706 1691 706 1499 706 1687 704 1692 704 1503 704 1503 704 1692 704 1502 704 1691 693 1693 693 1499 693 1499 693 1693 693 1498 693 1694 806 1695 806 1696 806 1696 806 1695 806 1697 806 1698 693 1699 693 1501 693 1501 693 1699 693 1500 693 1606 694 1607 694 1694 694 1694 694 1607 694 1695 694 1700 717 1634 717 1633 717 1605 717 1627 717 1626 717 1605 717 1613 717 1612 717 1700 717 1633 717 1604 717 1604 717 1633 717 1632 717 1604 717 1632 717 1631 717 1631 717 1630 717 1604 717 1604 717 1630 717 1629 717 1604 717 1629 717 1605 717 1605 717 1629 717 1628 717 1605 717 1628 717 1627 717 1624 717 1623 717 1701 717 1701 717 1623 717 1622 717 1701 717 1622 717 1700 717 1700 717 1622 717 1635 717 1700 717 1635 717 1634 717 1605 717 1612 717 1701 717 1701 717 1612 717 1611 717 1701 717 1611 717 1610 717 1610 717 1609 717 1701 717 1701 717 1609 717 1608 717 1701 717 1608 717 1624 717 1617 717 1616 717 1626 717 1626 717 1616 717 1615 717 1626 717 1615 717 1605 717 1605 717 1615 717 1614 717 1605 717 1614 717 1613 717 1608 717 1621 717 1624 717 1624 717 1621 717 1620 717 1624 717 1620 717 1625 717 1625 717 1620 717 1619 717 1625 717 1619 717 1626 717 1626 717 1619 717 1618 717 1626 717 1618 717 1617 717 1666 717 1662 717 1661 717 1666 717 1661 717 1702 717 1702 717 1661 717 1660 717 1702 717 1660 717 1659 717 1702 717 1646 717 1645 717 1652 717 1648 717 1647 717 1652 717 1651 717 1667 717 1667 717 1651 717 1650 717 1667 717 1650 717 1666 717 1666 717 1650 717 1663 717 1666 717 1663 717 1662 717 1656 717 1646 717 1657 717 1657 717 1646 717 1702 717 1657 717 1702 717 1658 717 1658 717 1702 717 1659 717 1638 717 1637 717 1667 717 1667 717 1637 717 1636 717 1667 717 1636 717 1652 717 1652 717 1636 717 1649 717 1652 717 1649 717 1648 717 1645 717 1644 717 1702 717 1702 717 1644 717 1643 717 1702 717 1643 717 1703 717 1703 717 1643 717 1642 717 1642 717 1641 717 1703 717 1703 717 1641 717 1640 717 1703 717 1640 717 1667 717 1667 717 1640 717 1639 717 1667 717 1639 717 1638 717 1656 717 1655 717 1646 717 1646 717 1655 717 1654 717 1646 717 1654 717 1647 717 1647 717 1654 717 1653 717 1647 717 1653 717 1652 717 1680 693 1681 693 1664 693 1664 693 1681 693 1665 693 1684 693 1685 693 1668 693 1668 693 1685 693 1669 693 1682 705 1688 705 1683 705 1683 705 1688 705 1506 705 1686 807 1507 807 1704 807 1686 807 1704 807 1705 807 1705 808 1704 808 1706 808 1705 808 1706 808 1707 808 1707 809 1706 809 1708 809 1707 809 1708 809 1709 809 1709 810 1708 810 1710 810 1709 810 1710 810 1711 810 1711 811 1710 811 1712 811 1711 811 1712 811 1713 811 1713 812 1712 812 1505 812 1713 812 1505 812 1689 812 1692 705 1690 705 1502 705 1502 705 1690 705 1504 705 1698 813 1501 813 1714 813 1698 813 1714 813 1715 813 1715 814 1714 814 1716 814 1715 814 1716 814 1717 814 1717 815 1716 815 1718 815 1717 815 1718 815 1719 815 1719 816 1718 816 1720 816 1719 816 1720 816 1721 816 1721 817 1720 817 1722 817 1721 817 1722 817 1723 817 1723 818 1722 818 1498 818 1723 818 1498 818 1693 818 1699 705 1696 705 1500 705 1500 705 1696 705 1697 705 1702 694 1703 694 1724 694 1724 694 1703 694 1725 694 1679 695 1677 695 1725 695 1501 695 1500 695 1697 695 1605 695 1701 695 1726 695 1665 695 1681 695 1667 695 1667 695 1681 695 1679 695 1667 695 1679 695 1703 695 1703 695 1679 695 1725 695 1683 695 1506 695 1505 695 1706 695 1704 695 1708 695 1708 695 1704 695 1507 695 1708 695 1507 695 1710 695 1683 695 1505 695 1507 695 1507 695 1505 695 1712 695 1507 695 1712 695 1710 695 1507 695 1503 695 1677 695 1677 695 1503 695 1725 695 1725 695 1503 695 1502 695 1725 695 1502 695 1726 695 1726 695 1502 695 1504 695 1726 695 1504 695 1499 695 1722 695 1501 695 1498 695 1498 695 1501 695 1697 695 1498 695 1697 695 1499 695 1499 695 1697 695 1695 695 1499 695 1695 695 1726 695 1726 695 1695 695 1607 695 1726 695 1607 695 1605 695 1716 695 1714 695 1718 695 1718 695 1714 695 1501 695 1718 695 1501 695 1720 695 1720 695 1501 695 1722 695 1669 695 1685 695 1671 695 1671 695 1685 695 1683 695 1671 695 1683 695 1673 695 1673 695 1683 695 1507 695 1673 695 1507 695 1675 695 1675 695 1507 695 1677 695 1727 693 1726 693 1700 693 1700 693 1726 693 1701 693 1689 732 1688 732 1682 732 1724 732 1676 732 1702 732 1702 732 1676 732 1678 732 1678 732 1680 732 1702 732 1702 732 1680 732 1664 732 1702 732 1664 732 1666 732 1606 732 1694 732 1604 732 1604 732 1694 732 1727 732 1604 732 1727 732 1700 732 1698 732 1715 732 1717 732 1723 732 1693 732 1721 732 1721 732 1693 732 1698 732 1721 732 1698 732 1719 732 1719 732 1698 732 1717 732 1682 732 1684 732 1668 732 1711 732 1713 732 1709 732 1709 732 1713 732 1689 732 1709 732 1689 732 1707 732 1668 732 1670 732 1682 732 1682 732 1670 732 1686 732 1682 732 1686 732 1689 732 1689 732 1686 732 1705 732 1689 732 1705 732 1707 732 1699 732 1698 732 1696 732 1696 732 1698 732 1693 732 1696 732 1693 732 1694 732 1694 732 1693 732 1691 732 1694 732 1691 732 1727 732 1727 732 1691 732 1690 732 1727 732 1690 732 1724 732 1724 732 1690 732 1692 732 1724 732 1692 732 1676 732 1676 732 1692 732 1687 732 1676 732 1687 732 1674 732 1674 732 1687 732 1686 732 1674 732 1686 732 1672 732 1672 732 1686 732 1670 732 1724 717 1725 717 1727 717 1727 717 1725 717 1726 717 1446 719 1448 719 1728 719 1728 719 1448 719 1729 719 1451 694 1459 694 1686 694 1686 694 1459 694 1687 694 1449 694 1450 694 1688 694 1688 694 1450 694 1689 694 1461 706 1462 706 1690 706 1690 706 1462 706 1691 706 1459 704 1460 704 1687 704 1687 704 1460 704 1692 704 1462 693 1463 693 1691 693 1691 693 1463 693 1693 693 1464 693 1472 693 1698 693 1698 693 1472 693 1699 693 1473 715 1474 715 1730 715 1730 715 1474 715 1731 715 1477 718 1447 718 1732 718 1732 718 1447 718 1733 718 1475 716 1476 716 1734 716 1734 716 1476 716 1735 716 1736 732 1463 732 1464 732 1464 732 1463 732 1473 732 1464 732 1473 732 1472 732 1737 732 1738 732 1739 732 1739 732 1738 732 1463 732 1739 732 1463 732 1740 732 1740 732 1463 732 1736 732 1740 732 1736 732 1741 732 1475 732 1462 732 1461 732 1451 732 1742 732 1450 732 1450 732 1742 732 1743 732 1450 732 1743 732 1744 732 1462 732 1475 732 1463 732 1463 732 1475 732 1474 732 1463 732 1474 732 1473 732 1745 732 1746 732 1743 732 1743 732 1746 732 1747 732 1743 732 1747 732 1744 732 1461 732 1489 732 1475 732 1475 732 1489 732 1478 732 1475 732 1478 732 1476 732 1476 732 1478 732 1479 732 1479 732 1480 732 1476 732 1476 732 1480 732 1481 732 1476 732 1481 732 1477 732 1477 732 1481 732 1482 732 1477 732 1482 732 1483 732 1484 732 1485 732 1460 732 1485 732 1486 732 1460 732 1460 732 1486 732 1487 732 1460 732 1487 732 1461 732 1461 732 1487 732 1488 732 1461 732 1488 732 1489 732 1483 732 1484 732 1477 732 1477 732 1484 732 1460 732 1477 732 1460 732 1447 732 1447 732 1460 732 1459 732 1447 732 1459 732 1446 732 1446 732 1459 732 1451 732 1446 732 1451 732 1448 732 1448 732 1451 732 1450 732 1448 732 1450 732 1449 732 1447 693 1446 693 1733 693 1733 693 1446 693 1728 693 1448 705 1449 705 1729 705 1729 705 1449 705 1688 705 1451 739 1686 739 1748 739 1451 739 1748 739 1742 739 1742 740 1748 740 1749 740 1742 740 1749 740 1743 740 1743 741 1749 741 1750 741 1743 741 1750 741 1745 741 1745 694 1750 694 1751 694 1745 694 1751 694 1746 694 1746 742 1751 742 1752 742 1746 742 1752 742 1747 742 1747 743 1752 743 1753 743 1747 743 1753 743 1744 743 1744 744 1753 744 1689 744 1744 744 1689 744 1450 744 1460 705 1461 705 1692 705 1692 705 1461 705 1690 705 1464 733 1698 733 1754 733 1464 733 1754 733 1736 733 1736 734 1754 734 1755 734 1736 734 1755 734 1741 734 1741 735 1755 735 1756 735 1741 735 1756 735 1740 735 1740 693 1756 693 1757 693 1740 693 1757 693 1739 693 1739 736 1757 736 1758 736 1739 736 1758 736 1737 736 1737 737 1758 737 1759 737 1737 737 1759 737 1738 737 1738 738 1759 738 1693 738 1738 738 1693 738 1463 738 1472 705 1473 705 1699 705 1699 705 1473 705 1730 705 1474 694 1475 694 1731 694 1731 694 1475 694 1734 694 1476 717 1477 717 1735 717 1735 717 1477 717 1732 717 1760 727 1478 727 1761 727 1761 727 1478 727 1489 727 1761 728 1489 728 1762 728 1762 728 1489 728 1488 728 1762 729 1488 729 1763 729 1763 729 1488 729 1487 729 1763 730 1487 730 1764 730 1764 730 1487 730 1486 730 1764 731 1486 731 1765 731 1765 731 1486 731 1485 731 1765 720 1485 720 1766 720 1766 720 1485 720 1484 720 1766 721 1484 721 1767 721 1767 721 1484 721 1483 721 1767 722 1483 722 1768 722 1768 722 1483 722 1482 722 1768 723 1482 723 1769 723 1769 723 1482 723 1481 723 1769 724 1481 724 1770 724 1770 724 1481 724 1480 724 1770 725 1480 725 1771 725 1771 725 1480 725 1479 725 1771 726 1479 726 1760 726 1760 726 1479 726 1478 726 1729 695 1688 695 1689 695 1763 695 1692 695 1690 695 1729 695 1689 695 1686 695 1686 695 1689 695 1749 695 1686 695 1749 695 1748 695 1751 695 1750 695 1752 695 1752 695 1750 695 1749 695 1752 695 1749 695 1753 695 1753 695 1749 695 1689 695 1693 695 1759 695 1698 695 1698 695 1759 695 1758 695 1733 695 1687 695 1692 695 1754 695 1698 695 1755 695 1755 695 1698 695 1758 695 1755 695 1758 695 1756 695 1756 695 1758 695 1757 695 1687 695 1733 695 1686 695 1686 695 1733 695 1728 695 1686 695 1728 695 1729 695 1760 695 1761 695 1690 695 1690 695 1761 695 1762 695 1690 695 1762 695 1763 695 1767 695 1732 695 1766 695 1766 695 1732 695 1733 695 1766 695 1733 695 1765 695 1765 695 1733 695 1692 695 1765 695 1692 695 1764 695 1764 695 1692 695 1763 695 1767 695 1768 695 1732 695 1732 695 1768 695 1769 695 1732 695 1769 695 1735 695 1735 695 1769 695 1770 695 1735 695 1770 695 1771 695 1771 695 1760 695 1735 695 1735 695 1760 695 1690 695 1735 695 1690 695 1734 695 1734 695 1690 695 1691 695 1734 695 1691 695 1731 695 1731 695 1691 695 1693 695 1731 695 1693 695 1730 695 1730 695 1693 695 1698 695 1730 695 1698 695 1699 695 1772 819 1773 819 1774 819 1775 819 1776 819 1777 819 1778 819 1779 819 1780 819 1775 819 1777 819 1781 819 1781 819 1777 819 1782 819 1781 819 1782 819 1783 819 1778 819 1780 819 1784 819 1784 819 1780 819 1785 819 1784 819 1785 819 1786 819 1786 819 1785 819 1787 819 1786 819 1787 819 1788 819 1788 819 1787 819 1789 819 1788 819 1789 819 1774 819 1774 819 1789 819 1790 819 1774 819 1790 819 1772 819 1791 819 1792 819 1793 819 1793 819 1792 819 1794 819 1793 819 1794 819 1795 819 1795 819 1794 819 1796 819 1795 819 1796 819 1797 819 1797 819 1796 819 1798 819 1797 819 1798 819 1799 819 1799 819 1798 819 1800 819 1799 819 1800 819 1801 819 1801 819 1800 819 1802 819 1801 819 1802 819 1803 819 1803 819 1802 819 1804 819 1803 819 1804 819 1805 819 1805 819 1804 819 1783 819 1805 819 1783 819 1806 819 1807 819 1808 819 1809 819 1782 819 1810 819 1783 819 1783 819 1810 819 1811 819 1783 819 1811 819 1806 819 1806 819 1811 819 1812 819 1806 819 1812 819 1807 819 1807 819 1812 819 1813 819 1807 819 1813 819 1808 819 1813 819 1814 819 1808 819 1808 819 1814 819 1815 819 1808 819 1815 819 1816 819 1816 819 1815 819 1817 819 1816 819 1817 819 1778 819 1778 819 1817 819 1818 819 1778 819 1818 819 1779 819 1779 819 1818 819 1819 819 1779 819 1819 819 1776 819 1776 819 1819 819 1820 819 1776 819 1820 819 1777 819 1809 819 1821 819 1807 819 1807 819 1821 819 1822 819 1807 819 1822 819 1823 819 1823 819 1822 819 1824 819 1823 819 1824 819 1825 819 1825 819 1824 819 1826 819 1825 819 1826 819 1791 819 1791 819 1826 819 1827 819 1791 819 1827 819 1792 819 1828 819 1774 819 1829 819 1829 819 1774 819 1830 819 1829 819 1830 819 1831 819 1831 819 1830 819 1832 819 1833 819 1834 819 1835 819 1835 819 1834 819 1836 819 1836 819 1837 819 1835 819 1835 819 1837 819 1838 819 1835 819 1838 819 1830 819 1830 819 1838 819 1839 819 1830 819 1839 819 1832 819 1828 819 1840 819 1774 819 1774 819 1840 819 1841 819 1774 819 1841 819 1788 819 1788 819 1841 819 1842 819 1788 819 1842 819 1843 819 1843 819 1842 819 1844 819 1843 819 1844 819 1836 819 1836 819 1844 819 1845 819 1836 819 1845 819 1837 819 1846 819 1847 819 1848 819 1848 819 1847 819 1849 819 1850 819 1851 819 1830 819 1830 819 1851 819 1852 819 1830 819 1852 819 1853 819 1848 819 1854 819 1846 819 1846 819 1854 819 1855 819 1846 819 1855 819 1856 819 1856 819 1855 819 1857 819 1856 819 1857 819 1858 819 1783 819 1859 819 1781 819 1781 819 1859 819 1860 819 1781 819 1860 819 1861 819 1861 819 1860 819 1862 819 1861 819 1862 819 1773 819 1773 819 1862 819 1848 819 1773 819 1848 819 1774 819 1774 819 1848 819 1849 819 1849 819 1863 819 1774 819 1774 819 1863 819 1864 819 1774 819 1864 819 1830 819 1830 819 1864 819 1865 819 1830 819 1865 819 1850 819 1852 819 1866 819 1853 819 1853 819 1866 819 1867 819 1853 819 1867 819 1868 819 1868 819 1867 819 1856 819 1868 819 1856 819 1869 819 1869 819 1856 819 1858 819 1870 820 1871 820 1872 820 1873 820 1874 820 1875 820 1875 820 1874 820 1876 820 1875 820 1876 820 1877 820 1878 820 1879 820 1880 820 1881 820 1882 820 1883 820 1884 820 1881 820 1885 820 1872 820 1871 820 1886 820 1886 820 1871 820 1887 820 1886 820 1887 820 1888 820 1888 820 1887 820 1889 820 1888 820 1889 820 1890 820 1890 820 1889 820 1891 820 1890 820 1891 820 1892 820 1892 820 1891 820 1893 820 1892 820 1893 820 1894 820 1876 820 1895 820 1877 820 1877 820 1895 820 1896 820 1877 820 1896 820 1897 820 1897 820 1896 820 1898 820 1897 820 1898 820 1899 820 1899 820 1898 820 1900 820 1900 820 1898 820 1901 820 1900 820 1901 820 1902 820 1870 820 1903 820 1904 820 1904 820 1903 820 1905 820 1904 820 1905 820 1906 820 1884 820 1885 820 1907 820 1883 820 1882 820 1908 820 1908 820 1882 820 1900 820 1908 820 1900 820 1909 820 1909 820 1900 820 1902 820 1909 820 1902 820 1910 820 1910 820 1902 820 1911 820 1910 820 1911 820 1880 820 1880 820 1911 820 1912 820 1880 820 1912 820 1878 820 1872 820 1913 820 1870 820 1870 820 1913 820 1914 820 1870 820 1914 820 1903 820 1903 820 1914 820 1915 820 1903 820 1915 820 1916 820 1916 820 1915 820 1885 820 1916 820 1885 820 1917 820 1917 820 1885 820 1881 820 1917 820 1881 820 1918 820 1918 820 1881 820 1883 820 1893 820 1919 820 1894 820 1894 820 1919 820 1920 820 1894 820 1920 820 1921 820 1921 820 1920 820 1922 820 1921 820 1922 820 1923 820 1923 820 1922 820 1924 820 1923 820 1924 820 1885 820 1885 820 1924 820 1925 820 1885 820 1925 820 1907 820 1926 820 1927 820 1878 820 1906 820 1879 820 1904 820 1904 820 1879 820 1878 820 1904 820 1878 820 1928 820 1928 820 1878 820 1927 820 1875 820 1929 820 1873 820 1873 820 1929 820 1926 820 1873 820 1926 820 1930 820 1930 820 1926 820 1878 820 1931 820 1932 820 1933 820 1933 820 1932 820 1934 820 1933 820 1934 820 1935 820 1931 820 1936 820 1932 820 1932 820 1936 820 1937 820 1932 820 1937 820 1938 820 1938 820 1937 820 1939 820 1938 820 1939 820 1940 820 1941 820 1942 820 1875 820 1875 820 1942 820 1943 820 1875 820 1943 820 1929 820 1943 820 1944 820 1929 820 1929 820 1944 820 1945 820 1929 820 1945 820 1946 820 1946 820 1945 820 1947 820 1946 820 1947 820 1948 820 1948 820 1947 820 1933 820 1948 820 1933 820 1949 820 1949 820 1933 820 1935 820 1949 820 1935 820 1950 820 1951 820 1952 820 1953 820 1875 820 1954 820 1955 820 1938 820 1956 820 1957 820 1958 820 1959 820 1960 820 1940 820 1941 820 1938 820 1938 820 1941 820 1875 820 1938 820 1875 820 1956 820 1956 820 1875 820 1955 820 1957 820 1961 820 1938 820 1938 820 1961 820 1962 820 1938 820 1962 820 1951 820 1951 820 1962 820 1963 820 1951 820 1963 820 1952 820 1960 820 1951 820 1958 820 1958 820 1951 820 1953 820 1958 820 1953 820 1964 820 1964 820 1953 820 1965 820 1964 820 1965 820 1877 820 1877 820 1965 820 1966 820 1877 820 1966 820 1875 820 1875 820 1966 820 1967 820 1875 820 1967 820 1954 820 1784 821 1899 821 1778 821 1778 821 1899 821 1900 821 1778 822 1900 822 1816 822 1816 822 1900 822 1882 822 1816 823 1882 823 1808 823 1808 823 1882 823 1881 823 1808 824 1881 824 1809 824 1809 824 1881 824 1884 824 1809 825 1884 825 1821 825 1821 825 1884 825 1907 825 1821 826 1907 826 1925 826 1821 826 1925 826 1822 826 1822 827 1925 827 1924 827 1822 827 1924 827 1824 827 1824 828 1924 828 1922 828 1824 828 1922 828 1826 828 1827 829 1826 829 1920 829 1920 829 1826 829 1922 829 1827 830 1920 830 1919 830 1827 830 1919 830 1792 830 1792 831 1919 831 1893 831 1792 831 1893 831 1794 831 1794 832 1893 832 1891 832 1794 832 1891 832 1796 832 1796 833 1891 833 1889 833 1796 833 1889 833 1798 833 1798 834 1889 834 1887 834 1798 834 1887 834 1800 834 1800 835 1887 835 1871 835 1800 835 1871 835 1802 835 1802 836 1871 836 1870 836 1802 836 1870 836 1804 836 1926 837 1860 837 1927 837 1927 838 1860 838 1859 838 1927 838 1859 838 1928 838 1928 839 1859 839 1783 839 1928 839 1783 839 1904 839 1904 840 1783 840 1804 840 1904 840 1804 840 1870 840 1946 841 1854 841 1929 841 1929 841 1854 841 1848 841 1929 842 1848 842 1926 842 1926 842 1848 842 1862 842 1926 837 1862 837 1860 837 1946 843 1948 843 1854 843 1854 843 1948 843 1855 843 1857 844 1855 844 1949 844 1949 844 1855 844 1948 844 1857 845 1949 845 1950 845 1857 845 1950 845 1858 845 1858 846 1950 846 1935 846 1858 846 1935 846 1869 846 1869 847 1935 847 1934 847 1869 847 1934 847 1868 847 1868 848 1934 848 1932 848 1868 848 1932 848 1853 848 1951 849 1835 849 1938 849 1938 849 1835 849 1830 849 1938 849 1830 849 1932 849 1932 849 1830 849 1853 849 1835 850 1951 850 1960 850 1835 850 1960 850 1833 850 1833 851 1960 851 1959 851 1833 851 1959 851 1834 851 1834 852 1959 852 1958 852 1834 852 1958 852 1836 852 1843 829 1836 829 1964 829 1964 829 1836 829 1958 829 1843 853 1964 853 1788 853 1788 853 1964 853 1877 853 1788 854 1877 854 1786 854 1877 854 1897 854 1786 854 1786 855 1897 855 1899 855 1786 855 1899 855 1784 855 1856 856 1933 856 1846 856 1846 856 1933 856 1947 856 1846 857 1947 857 1847 857 1847 857 1947 857 1945 857 1847 858 1945 858 1849 858 1849 858 1945 858 1944 858 1849 859 1944 859 1863 859 1863 859 1944 859 1943 859 1863 860 1943 860 1864 860 1864 860 1943 860 1942 860 1864 861 1942 861 1865 861 1865 861 1942 861 1941 861 1865 862 1941 862 1850 862 1850 862 1941 862 1940 862 1850 863 1940 863 1851 863 1851 863 1940 863 1939 863 1851 864 1939 864 1852 864 1852 864 1939 864 1937 864 1852 865 1937 865 1866 865 1866 865 1937 865 1936 865 1866 866 1936 866 1867 866 1867 866 1936 866 1931 866 1867 867 1931 867 1856 867 1856 867 1931 867 1933 867 1829 868 1956 868 1828 868 1828 868 1956 868 1955 868 1828 869 1955 869 1840 869 1840 869 1955 869 1954 869 1840 870 1954 870 1841 870 1841 870 1954 870 1967 870 1841 859 1967 859 1842 859 1842 859 1967 859 1966 859 1842 871 1966 871 1844 871 1844 871 1966 871 1965 871 1844 872 1965 872 1845 872 1845 872 1965 872 1953 872 1845 873 1953 873 1837 873 1837 873 1953 873 1952 873 1837 874 1952 874 1838 874 1838 874 1952 874 1963 874 1838 864 1963 864 1839 864 1839 864 1963 864 1962 864 1839 875 1962 875 1832 875 1832 875 1962 875 1961 875 1832 876 1961 876 1831 876 1831 876 1961 876 1957 876 1831 877 1957 877 1829 877 1829 877 1957 877 1956 877 1803 878 1913 878 1801 878 1801 878 1913 878 1872 878 1801 879 1872 879 1799 879 1799 879 1872 879 1886 879 1799 858 1886 858 1797 858 1797 858 1886 858 1888 858 1797 859 1888 859 1795 859 1795 859 1888 859 1890 859 1795 860 1890 860 1793 860 1793 860 1890 860 1892 860 1793 880 1892 880 1791 880 1791 880 1892 880 1894 880 1791 881 1894 881 1825 881 1825 881 1894 881 1921 881 1825 863 1921 863 1823 863 1823 863 1921 863 1923 863 1823 864 1923 864 1807 864 1807 864 1923 864 1885 864 1807 865 1885 865 1806 865 1806 865 1885 865 1915 865 1806 882 1915 882 1805 882 1805 882 1915 882 1914 882 1805 883 1914 883 1803 883 1803 883 1914 883 1913 883 1782 884 1879 884 1810 884 1810 884 1879 884 1906 884 1810 885 1906 885 1811 885 1811 885 1906 885 1905 885 1811 886 1905 886 1812 886 1812 886 1905 886 1903 886 1812 887 1903 887 1813 887 1813 887 1903 887 1916 887 1813 888 1916 888 1814 888 1814 888 1916 888 1917 888 1814 889 1917 889 1815 889 1815 889 1917 889 1918 889 1815 890 1918 890 1817 890 1817 890 1918 890 1883 890 1817 891 1883 891 1818 891 1818 891 1883 891 1908 891 1818 892 1908 892 1819 892 1819 892 1908 892 1909 892 1819 893 1909 893 1820 893 1820 893 1909 893 1910 893 1820 894 1910 894 1777 894 1777 894 1910 894 1880 894 1777 895 1880 895 1782 895 1782 895 1880 895 1879 895 1861 852 1930 852 1781 852 1781 852 1930 852 1878 852 1781 896 1878 896 1775 896 1775 896 1878 896 1912 896 1775 858 1912 858 1776 858 1776 858 1912 858 1911 858 1776 859 1911 859 1779 859 1779 859 1911 859 1902 859 1779 888 1902 888 1780 888 1780 888 1902 888 1901 888 1780 897 1901 897 1785 897 1785 897 1901 897 1898 897 1785 898 1898 898 1787 898 1787 898 1898 898 1896 898 1787 899 1896 899 1789 899 1789 899 1896 899 1895 899 1789 864 1895 864 1790 864 1790 864 1895 864 1876 864 1790 865 1876 865 1772 865 1772 865 1876 865 1874 865 1772 900 1874 900 1773 900 1773 900 1874 900 1873 900 1773 901 1873 901 1861 901 1861 901 1873 901 1930 901 1968 902 1969 902 1970 902 1970 902 1969 902 1971 902 1970 903 1971 903 1972 903 1972 903 1971 903 1973 903 1972 904 1973 904 1974 904 1974 904 1973 904 1975 904 1974 905 1975 905 1976 905 1976 905 1975 905 1977 905 1976 906 1977 906 1978 906 1978 906 1977 906 1979 906 1980 907 1978 907 1981 907 1981 907 1978 907 1979 907 1982 908 1980 908 1983 908 1983 908 1980 908 1981 908 1982 909 1983 909 1984 909 1984 909 1983 909 1985 909 1984 910 1985 910 1986 910 1986 910 1985 910 1987 910 1986 911 1987 911 1988 911 1988 911 1987 911 1989 911 1988 912 1989 912 1990 912 1988 912 1990 912 1991 912 1991 913 1990 913 1992 913 1991 913 1992 913 1993 913 1993 914 1992 914 1994 914 1993 914 1994 914 1995 914 1995 915 1994 915 1996 915 1995 915 1996 915 1997 915 1997 916 1996 916 1998 916 1997 916 1998 916 1999 916 1999 917 1998 917 2000 917 2000 917 1998 917 2001 917 2000 918 2001 918 2002 918 2002 918 2001 918 2003 918 2004 919 2005 919 2006 919 2006 919 2005 919 2007 919 2006 920 2007 920 2008 920 2008 920 2007 920 2009 920 2008 921 2009 921 2010 921 2010 921 2009 921 2011 921 2010 922 2011 922 2012 922 2012 922 2011 922 2013 922 2012 923 2013 923 2014 923 2012 923 2014 923 2015 923 2015 924 2014 924 2016 924 2015 924 2016 924 2017 924 2017 925 2016 925 2018 925 2017 925 2018 925 2019 925 2019 926 2018 926 2020 926 2019 926 2020 926 2021 926 2021 927 2020 927 2022 927 2021 927 2022 927 2023 927 2023 928 2022 928 2024 928 2023 928 2024 928 2025 928 2025 929 2024 929 2026 929 2025 929 2026 929 2027 929 2027 930 2026 930 2028 930 2028 930 2026 930 2029 930 2028 931 2029 931 2030 931 2030 931 2029 931 2031 931 2030 932 2031 932 2032 932 2032 932 2031 932 2033 932 2032 933 2033 933 2034 933 2034 933 2033 933 2035 933 2034 934 2035 934 2036 934 2036 934 2035 934 2037 934 2036 935 2037 935 2038 935 2038 935 2037 935 2039 935 2038 936 2039 936 2040 936 2038 936 2040 936 2041 936 2041 937 2040 937 2042 937 2041 937 2042 937 2043 937 2043 938 2042 938 2044 938 2043 938 2044 938 2045 938 2045 939 2044 939 2046 939 2045 939 2046 939 2047 939 2047 940 2046 940 2048 940 2047 940 2048 940 2049 940 2049 941 2048 941 2050 941 2049 941 2050 941 2051 941 2051 942 2050 942 2052 942 2052 942 2050 942 2053 942 2052 943 2053 943 2054 943 2054 943 2053 943 2055 943 2054 944 2055 944 2056 944 2056 944 2055 944 2057 944 2056 945 2057 945 2058 945 2058 945 2057 945 2059 945 2058 946 2059 946 2060 946 2060 946 2059 946 2061 946 2060 947 2061 947 2062 947 2062 947 2061 947 2063 947 2062 948 2063 948 2064 948 2064 948 2063 948 2065 948 2064 949 2065 949 2066 949 2064 949 2066 949 2067 949 2067 950 2066 950 2068 950 2067 950 2068 950 2069 950 2069 951 2068 951 2070 951 2069 951 2070 951 2071 951 2071 952 2070 952 2072 952 2071 952 2072 952 2073 952 2073 953 2072 953 2074 953 2073 953 2074 953 2075 953 2075 954 2074 954 2076 954 2075 954 2076 954 2077 954 2077 955 2076 955 2078 955 2078 955 2076 955 2079 955 2078 956 2079 956 2080 956 2080 956 2079 956 2081 956 2080 957 2081 957 2082 957 2082 957 2081 957 2083 957 2082 958 2083 958 2084 958 2084 958 2083 958 2085 958 2084 959 2085 959 2086 959 2086 959 2085 959 2087 959 2086 960 2087 960 2088 960 2088 960 2087 960 2089 960 2088 961 2089 961 2090 961 2090 961 2089 961 2091 961 2090 962 2091 962 2092 962 2090 962 2092 962 2093 962 2093 963 2092 963 2094 963 2093 963 2094 963 2095 963 2095 964 2094 964 2096 964 2095 964 2096 964 2097 964 2097 965 2096 965 2098 965 2097 965 2098 965 2099 965 2099 966 2098 966 2100 966 2099 966 2100 966 2101 966 2101 967 2100 967 2102 967 2101 967 2102 967 2103 967 2103 968 2102 968 2104 968 2104 968 2102 968 2105 968 2104 969 2105 969 2106 969 2106 969 2105 969 2107 969 2106 970 2107 970 2108 970 2108 970 2107 970 2109 970 2108 971 2109 971 2110 971 2110 971 2109 971 2111 971 2110 972 2111 972 2112 972 2112 972 2111 972 2113 972 2112 973 2113 973 2114 973 2114 973 2113 973 2115 973 2114 974 2115 974 2116 974 2116 974 2115 974 2117 974 2116 975 2117 975 2118 975 2116 975 2118 975 2119 975 2119 976 2118 976 2120 976 2119 976 2120 976 2121 976 2121 977 2120 977 2122 977 2121 977 2122 977 2123 977 2123 978 2122 978 2124 978 2123 978 2124 978 2125 978 2125 979 2124 979 2126 979 2125 979 2126 979 2127 979 2127 980 2126 980 2128 980 2127 980 2128 980 2129 980 2129 981 2128 981 2130 981 2130 981 2128 981 2131 981 2130 982 2131 982 2132 982 2132 982 2131 982 2133 982 2132 983 2133 983 2134 983 2134 983 2133 983 2135 983 2134 984 2135 984 2136 984 2136 984 2135 984 2137 984 2136 985 2137 985 2138 985 2138 985 2137 985 2139 985 2138 986 2139 986 2140 986 2140 986 2139 986 2141 986 2140 987 2141 987 2142 987 2142 987 2141 987 2143 987 2142 988 2143 988 2144 988 2142 988 2144 988 2145 988 2145 989 2144 989 2146 989 2145 989 2146 989 2147 989 2147 990 2146 990 2148 990 2147 990 2148 990 2149 990 2149 991 2148 991 2150 991 2149 991 2150 991 2151 991 2151 992 2150 992 2152 992 2151 992 2152 992 2153 992 2153 993 2152 993 2154 993 2153 993 2154 993 2155 993 2155 994 2154 994 2156 994 2156 994 2154 994 2157 994 2156 995 2157 995 2158 995 2158 995 2157 995 2159 995 2158 996 2159 996 2160 996 2160 996 2159 996 2161 996 2160 997 2161 997 2162 997 2162 997 2161 997 2163 997 2162 998 2163 998 2164 998 2164 998 2163 998 2165 998 2164 999 2165 999 2166 999 2166 999 2165 999 2167 999 2166 1000 2167 1000 2168 1000 2166 1000 2168 1000 2169 1000 2169 1001 2168 1001 2170 1001 2169 1001 2170 1001 2171 1001 2171 1002 2170 1002 2172 1002 2171 1002 2172 1002 2173 1002 2173 1003 2172 1003 2174 1003 2173 1003 2174 1003 2175 1003 2175 1004 2174 1004 2176 1004 2175 1004 2176 1004 2177 1004 2177 1005 2176 1005 2178 1005 2177 1005 2178 1005 2179 1005 2179 1006 2178 1006 2180 1006 2179 1006 2180 1006 2181 1006 2181 1007 2180 1007 2182 1007 2182 1007 2180 1007 2183 1007 2182 1008 2183 1008 2184 1008 2184 1008 2183 1008 2185 1008 2184 1009 2185 1009 2186 1009 2186 1009 2185 1009 2187 1009 2186 1010 2187 1010 2188 1010 2188 1010 2187 1010 2189 1010 2188 1011 2189 1011 2190 1011 2190 1011 2189 1011 2191 1011 2190 1012 2191 1012 2192 1012 2192 1012 2191 1012 2193 1012 2192 1013 2193 1013 2194 1013 2192 1013 2194 1013 2195 1013 2195 1014 2194 1014 2196 1014 2195 1014 2196 1014 2197 1014 2197 1015 2196 1015 2198 1015 2197 1015 2198 1015 2199 1015 2199 1016 2198 1016 2200 1016 2199 1016 2200 1016 2201 1016 2201 1017 2200 1017 2202 1017 2201 1017 2202 1017 2203 1017 2203 1018 2202 1018 1969 1018 2203 1018 1969 1018 1968 1018 1976 1019 1978 1019 1980 1019 2010 1019 1999 1019 2008 1019 2008 1019 1999 1019 2000 1019 2008 1019 2000 1019 2006 1019 2006 1019 2000 1019 2002 1019 2006 1019 2002 1019 2004 1019 1997 1019 2034 1019 2036 1019 2034 1019 1997 1019 2032 1019 2032 1019 1997 1019 1999 1019 2032 1019 1999 1019 2030 1019 2030 1019 1999 1019 2010 1019 2030 1019 2010 1019 2028 1019 2028 1019 2010 1019 2012 1019 2028 1019 2012 1019 2027 1019 2027 1019 2012 1019 2015 1019 2027 1019 2015 1019 2017 1019 1986 1019 2182 1019 2184 1019 2023 1019 2025 1019 2021 1019 2021 1019 2025 1019 2027 1019 2021 1019 2027 1019 2019 1019 2019 1019 2027 1019 2017 1019 2177 1019 2179 1019 2181 1019 1984 1019 2188 1019 1982 1019 1982 1019 2188 1019 2190 1019 1986 1019 2184 1019 1984 1019 1984 1019 2184 1019 2186 1019 1984 1019 2186 1019 2188 1019 2049 1019 2051 1019 2038 1019 2038 1019 2051 1019 2052 1019 2038 1019 2052 1019 2036 1019 2036 1019 2052 1019 2054 1019 2036 1019 2054 1019 1997 1019 2169 1019 2171 1019 2166 1019 2166 1019 2171 1019 2173 1019 1988 1019 2160 1019 1986 1019 1986 1019 2160 1019 2162 1019 1986 1019 2162 1019 2182 1019 2182 1019 2162 1019 2164 1019 2182 1019 2164 1019 2181 1019 2181 1019 2164 1019 2166 1019 2181 1019 2166 1019 2177 1019 2177 1019 2166 1019 2173 1019 2177 1019 2173 1019 2175 1019 2054 1019 2056 1019 1997 1019 1997 1019 2056 1019 2058 1019 1997 1019 2058 1019 1995 1019 1995 1019 2058 1019 2060 1019 1995 1019 2060 1019 2062 1019 2201 1019 2203 1019 2199 1019 2199 1019 2203 1019 1968 1019 2199 1019 1968 1019 2197 1019 2077 1019 2078 1019 2064 1019 2110 1019 1991 1019 1993 1019 1976 1019 1980 1019 1974 1019 1974 1019 1980 1019 1982 1019 1974 1019 1982 1019 1972 1019 1972 1019 1982 1019 2190 1019 1972 1019 2190 1019 1970 1019 1970 1019 2190 1019 2192 1019 1970 1019 2192 1019 1968 1019 1968 1019 2192 1019 2195 1019 1968 1019 2195 1019 2197 1019 2045 1019 2047 1019 2043 1019 2043 1019 2047 1019 2049 1019 2043 1019 2049 1019 2041 1019 2041 1019 2049 1019 2038 1019 2080 1019 1995 1019 2078 1019 2078 1019 1995 1019 2062 1019 2078 1019 2062 1019 2064 1019 2104 1019 2106 1019 1993 1019 1993 1019 2106 1019 2108 1019 1993 1019 2108 1019 2110 1019 2080 1019 2082 1019 1995 1019 1995 1019 2082 1019 2084 1019 1995 1019 2084 1019 1993 1019 2084 1019 2086 1019 1993 1019 1993 1019 2086 1019 2088 1019 1993 1019 2088 1019 2104 1019 2104 1019 2088 1019 2090 1019 2104 1019 2090 1019 2103 1019 2103 1019 2090 1019 2093 1019 2064 1019 2067 1019 2069 1019 2130 1019 2132 1019 1991 1019 1991 1019 2132 1019 2134 1019 2075 1019 2077 1019 2073 1019 2073 1019 2077 1019 2064 1019 2073 1019 2064 1019 2071 1019 2071 1019 2064 1019 2069 1019 2099 1019 2101 1019 2097 1019 2097 1019 2101 1019 2103 1019 2097 1019 2103 1019 2095 1019 2095 1019 2103 1019 2093 1019 2134 1019 2136 1019 1991 1019 1991 1019 2136 1019 2156 1019 1991 1019 2156 1019 1988 1019 1988 1019 2156 1019 2158 1019 1988 1019 2158 1019 2160 1019 2110 1019 2112 1019 1991 1019 1991 1019 2112 1019 2114 1019 1991 1019 2114 1019 2130 1019 2130 1019 2114 1019 2116 1019 2130 1019 2116 1019 2129 1019 2129 1019 2116 1019 2119 1019 2129 1019 2119 1019 2121 1019 2121 1019 2123 1019 2129 1019 2129 1019 2123 1019 2125 1019 2129 1019 2125 1019 2127 1019 2145 1019 2147 1019 2149 1019 2136 1019 2138 1019 2156 1019 2156 1019 2138 1019 2140 1019 2156 1019 2140 1019 2155 1019 2155 1019 2140 1019 2142 1019 2155 1019 2142 1019 2153 1019 2153 1019 2142 1019 2145 1019 2153 1019 2145 1019 2151 1019 2151 1019 2145 1019 2149 1019 1996 1020 2037 1020 2035 1020 2016 1020 2014 1020 2013 1020 1998 1020 2011 1020 2001 1020 2001 1020 2011 1020 2009 1020 2001 1020 2009 1020 2003 1020 2003 1020 2009 1020 2007 1020 2003 1020 2007 1020 2005 1020 1996 1020 2035 1020 1998 1020 1985 1020 1983 1020 2191 1020 1981 1020 1979 1020 1977 1020 2191 1020 2189 1020 1985 1020 1985 1020 2189 1020 2187 1020 1985 1020 2187 1020 1987 1020 2024 1020 2022 1020 2026 1020 2026 1020 2022 1020 2020 1020 2035 1020 2033 1020 1998 1020 1998 1020 2033 1020 2031 1020 1998 1020 2031 1020 2011 1020 2011 1020 2031 1020 2029 1020 2011 1020 2029 1020 2013 1020 2013 1020 2029 1020 2026 1020 2013 1020 2026 1020 2016 1020 2016 1020 2026 1020 2020 1020 2016 1020 2020 1020 2018 1020 1981 1020 1977 1020 1983 1020 2196 1020 2194 1020 2193 1020 2187 1020 2185 1020 1987 1020 1987 1020 2185 1020 2183 1020 1987 1020 2183 1020 2165 1020 2165 1020 2183 1020 2180 1020 2165 1020 2180 1020 2167 1020 2167 1020 2180 1020 2178 1020 2167 1020 2178 1020 2176 1020 2170 1020 2168 1020 2172 1020 2172 1020 2168 1020 2167 1020 2172 1020 2167 1020 2174 1020 2174 1020 2167 1020 2176 1020 2202 1020 2200 1020 1969 1020 1969 1020 2200 1020 2198 1020 2059 1020 1996 1020 2061 1020 2061 1020 1996 1020 1994 1020 2061 1020 1994 1020 2063 1020 2198 1020 2196 1020 1969 1020 1969 1020 2196 1020 2193 1020 1969 1020 2193 1020 1971 1020 1971 1020 2193 1020 2191 1020 1971 1020 2191 1020 1973 1020 1973 1020 2191 1020 1983 1020 1973 1020 1983 1020 1975 1020 1975 1020 1983 1020 1977 1020 2048 1020 2046 1020 2044 1020 1994 1020 2081 1020 2063 1020 2063 1020 2081 1020 2079 1020 2063 1020 2079 1020 2065 1020 2065 1020 2079 1020 2076 1020 2065 1020 2076 1020 2074 1020 2059 1020 2057 1020 1996 1020 1996 1020 2057 1020 2055 1020 1996 1020 2055 1020 2037 1020 2037 1020 2055 1020 2053 1020 2037 1020 2053 1020 2039 1020 2039 1020 2053 1020 2050 1020 2039 1020 2050 1020 2040 1020 2040 1020 2050 1020 2048 1020 2040 1020 2048 1020 2042 1020 2042 1020 2048 1020 2044 1020 2165 1020 2163 1020 1987 1020 1987 1020 2163 1020 2161 1020 1987 1020 2161 1020 1989 1020 1989 1020 2161 1020 2159 1020 1989 1020 2159 1020 1990 1020 1990 1020 2159 1020 2157 1020 1990 1020 2157 1020 2137 1020 2089 1020 2087 1020 1992 1020 1992 1020 2087 1020 2085 1020 1992 1020 2085 1020 1994 1020 1994 1020 2085 1020 2083 1020 1994 1020 2083 1020 2081 1020 2115 1020 2113 1020 1990 1020 1990 1020 2113 1020 2111 1020 1990 1020 2111 1020 1992 1020 2068 1020 2066 1020 2070 1020 2070 1020 2066 1020 2065 1020 2070 1020 2065 1020 2072 1020 2072 1020 2065 1020 2074 1020 2137 1020 2135 1020 1990 1020 1990 1020 2135 1020 2133 1020 1990 1020 2133 1020 2115 1020 2115 1020 2133 1020 2131 1020 2115 1020 2131 1020 2117 1020 2117 1020 2131 1020 2128 1020 2117 1020 2128 1020 2118 1020 2100 1020 2098 1020 2102 1020 2102 1020 2098 1020 2096 1020 2111 1020 2109 1020 1992 1020 1992 1020 2109 1020 2107 1020 1992 1020 2107 1020 2089 1020 2089 1020 2107 1020 2105 1020 2089 1020 2105 1020 2091 1020 2091 1020 2105 1020 2102 1020 2091 1020 2102 1020 2092 1020 2092 1020 2102 1020 2096 1020 2092 1020 2096 1020 2094 1020 2128 1020 2126 1020 2124 1020 2118 1020 2128 1020 2120 1020 2120 1020 2128 1020 2124 1020 2120 1020 2124 1020 2122 1020 2148 1020 2146 1020 2150 1020 2150 1020 2146 1020 2144 1020 2150 1020 2144 1020 2152 1020 2152 1020 2144 1020 2143 1020 2152 1020 2143 1020 2154 1020 2154 1020 2143 1020 2141 1020 2154 1020 2141 1020 2157 1020 2157 1020 2141 1020 2139 1020 2157 1020 2139 1020 2137 1020 2002 1021 2003 1021 2004 1021 2004 1021 2003 1021 2005 1021 2204 1022 2205 1022 2206 1022 2207 1022 2208 1022 2209 1022 2210 1022 2211 1022 2212 1022 2207 1022 2209 1022 2213 1022 2213 1022 2209 1022 2214 1022 2213 1022 2214 1022 2215 1022 2210 1022 2212 1022 2216 1022 2216 1022 2212 1022 2217 1022 2216 1022 2217 1022 2218 1022 2218 1022 2217 1022 2219 1022 2218 1022 2219 1022 2220 1022 2220 1022 2219 1022 2221 1022 2220 1022 2221 1022 2206 1022 2206 1022 2221 1022 2222 1022 2206 1022 2222 1022 2204 1022 2223 1022 2224 1022 2225 1022 2225 1022 2224 1022 2226 1022 2225 1022 2226 1022 2227 1022 2227 1022 2226 1022 2228 1022 2227 1022 2228 1022 2229 1022 2229 1022 2228 1022 2230 1022 2229 1022 2230 1022 2231 1022 2231 1022 2230 1022 2232 1022 2231 1022 2232 1022 2233 1022 2233 1022 2232 1022 2234 1022 2233 1022 2234 1022 2235 1022 2235 1022 2234 1022 2236 1022 2235 1022 2236 1022 2237 1022 2237 1022 2236 1022 2215 1022 2237 1022 2215 1022 2238 1022 2239 1022 2240 1022 2241 1022 2214 1022 2242 1022 2215 1022 2215 1022 2242 1022 2243 1022 2215 1022 2243 1022 2238 1022 2238 1022 2243 1022 2244 1022 2238 1022 2244 1022 2239 1022 2239 1022 2244 1022 2245 1022 2239 1022 2245 1022 2240 1022 2245 1022 2246 1022 2240 1022 2240 1022 2246 1022 2247 1022 2240 1022 2247 1022 2248 1022 2248 1022 2247 1022 2249 1022 2248 1022 2249 1022 2210 1022 2210 1022 2249 1022 2250 1022 2210 1022 2250 1022 2211 1022 2211 1022 2250 1022 2251 1022 2211 1022 2251 1022 2208 1022 2208 1022 2251 1022 2252 1022 2208 1022 2252 1022 2209 1022 2241 1022 2253 1022 2239 1022 2239 1022 2253 1022 2254 1022 2239 1022 2254 1022 2255 1022 2255 1022 2254 1022 2256 1022 2255 1022 2256 1022 2257 1022 2257 1022 2256 1022 2258 1022 2257 1022 2258 1022 2223 1022 2223 1022 2258 1022 2259 1022 2223 1022 2259 1022 2224 1022 2260 1022 2206 1022 2261 1022 2261 1022 2206 1022 2262 1022 2261 1022 2262 1022 2263 1022 2263 1022 2262 1022 2264 1022 2265 1022 2266 1022 2267 1022 2267 1022 2266 1022 2268 1022 2268 1022 2269 1022 2267 1022 2267 1022 2269 1022 2270 1022 2267 1022 2270 1022 2262 1022 2262 1022 2270 1022 2271 1022 2262 1022 2271 1022 2264 1022 2260 1022 2272 1022 2206 1022 2206 1022 2272 1022 2273 1022 2206 1022 2273 1022 2220 1022 2220 1022 2273 1022 2274 1022 2220 1022 2274 1022 2275 1022 2275 1022 2274 1022 2276 1022 2275 1022 2276 1022 2268 1022 2268 1022 2276 1022 2277 1022 2268 1022 2277 1022 2269 1022 2278 1022 2279 1022 2280 1022 2280 1022 2279 1022 2281 1022 2282 1022 2283 1022 2262 1022 2262 1022 2283 1022 2284 1022 2262 1022 2284 1022 2285 1022 2280 1022 2286 1022 2278 1022 2278 1022 2286 1022 2287 1022 2278 1022 2287 1022 2288 1022 2288 1022 2287 1022 2289 1022 2288 1022 2289 1022 2290 1022 2215 1022 2291 1022 2213 1022 2213 1022 2291 1022 2292 1022 2213 1022 2292 1022 2293 1022 2293 1022 2292 1022 2294 1022 2293 1022 2294 1022 2205 1022 2205 1022 2294 1022 2280 1022 2205 1022 2280 1022 2206 1022 2206 1022 2280 1022 2281 1022 2281 1022 2295 1022 2206 1022 2206 1022 2295 1022 2296 1022 2206 1022 2296 1022 2262 1022 2262 1022 2296 1022 2297 1022 2262 1022 2297 1022 2282 1022 2284 1022 2298 1022 2285 1022 2285 1022 2298 1022 2299 1022 2285 1022 2299 1022 2300 1022 2300 1022 2299 1022 2288 1022 2300 1022 2288 1022 2301 1022 2301 1022 2288 1022 2290 1022 2302 1023 2303 1023 2304 1023 2305 1023 2306 1023 2307 1023 2307 1023 2306 1023 2308 1023 2307 1023 2308 1023 2309 1023 2310 1023 2311 1023 2312 1023 2313 1023 2314 1023 2315 1023 2316 1023 2313 1023 2317 1023 2304 1023 2303 1023 2318 1023 2318 1023 2303 1023 2319 1023 2318 1023 2319 1023 2320 1023 2320 1023 2319 1023 2321 1023 2320 1023 2321 1023 2322 1023 2322 1023 2321 1023 2323 1023 2322 1023 2323 1023 2324 1023 2324 1023 2323 1023 2325 1023 2324 1023 2325 1023 2326 1023 2308 1023 2327 1023 2309 1023 2309 1023 2327 1023 2328 1023 2309 1023 2328 1023 2329 1023 2329 1023 2328 1023 2330 1023 2329 1023 2330 1023 2331 1023 2331 1023 2330 1023 2332 1023 2332 1023 2330 1023 2333 1023 2332 1023 2333 1023 2334 1023 2302 1023 2335 1023 2336 1023 2336 1023 2335 1023 2337 1023 2336 1023 2337 1023 2338 1023 2316 1023 2317 1023 2339 1023 2315 1023 2314 1023 2340 1023 2340 1023 2314 1023 2332 1023 2340 1023 2332 1023 2341 1023 2341 1023 2332 1023 2334 1023 2341 1023 2334 1023 2342 1023 2342 1023 2334 1023 2343 1023 2342 1023 2343 1023 2312 1023 2312 1023 2343 1023 2344 1023 2312 1023 2344 1023 2310 1023 2304 1023 2345 1023 2302 1023 2302 1023 2345 1023 2346 1023 2302 1023 2346 1023 2335 1023 2335 1023 2346 1023 2347 1023 2335 1023 2347 1023 2348 1023 2348 1023 2347 1023 2317 1023 2348 1023 2317 1023 2349 1023 2349 1023 2317 1023 2313 1023 2349 1023 2313 1023 2350 1023 2350 1023 2313 1023 2315 1023 2325 1023 2351 1023 2326 1023 2326 1023 2351 1023 2352 1023 2326 1023 2352 1023 2353 1023 2353 1023 2352 1023 2354 1023 2353 1023 2354 1023 2355 1023 2355 1023 2354 1023 2356 1023 2355 1023 2356 1023 2317 1023 2317 1023 2356 1023 2357 1023 2317 1023 2357 1023 2339 1023 2358 1023 2359 1023 2310 1023 2338 1023 2311 1023 2336 1023 2336 1023 2311 1023 2310 1023 2336 1023 2310 1023 2360 1023 2360 1023 2310 1023 2359 1023 2307 1023 2361 1023 2305 1023 2305 1023 2361 1023 2358 1023 2305 1023 2358 1023 2362 1023 2362 1023 2358 1023 2310 1023 2363 1023 2364 1023 2365 1023 2365 1023 2364 1023 2366 1023 2365 1023 2366 1023 2367 1023 2363 1023 2368 1023 2364 1023 2364 1023 2368 1023 2369 1023 2364 1023 2369 1023 2370 1023 2370 1023 2369 1023 2371 1023 2370 1023 2371 1023 2372 1023 2373 1023 2374 1023 2307 1023 2307 1023 2374 1023 2375 1023 2307 1023 2375 1023 2361 1023 2375 1023 2376 1023 2361 1023 2361 1023 2376 1023 2377 1023 2361 1023 2377 1023 2378 1023 2378 1023 2377 1023 2379 1023 2378 1023 2379 1023 2380 1023 2380 1023 2379 1023 2365 1023 2380 1023 2365 1023 2381 1023 2381 1023 2365 1023 2367 1023 2381 1023 2367 1023 2382 1023 2383 1023 2384 1023 2385 1023 2307 1023 2386 1023 2387 1023 2370 1023 2388 1023 2389 1023 2390 1023 2391 1023 2392 1023 2372 1023 2373 1023 2370 1023 2370 1023 2373 1023 2307 1023 2370 1023 2307 1023 2388 1023 2388 1023 2307 1023 2387 1023 2389 1023 2393 1023 2370 1023 2370 1023 2393 1023 2394 1023 2370 1023 2394 1023 2383 1023 2383 1023 2394 1023 2395 1023 2383 1023 2395 1023 2384 1023 2392 1023 2383 1023 2390 1023 2390 1023 2383 1023 2385 1023 2390 1023 2385 1023 2396 1023 2396 1023 2385 1023 2397 1023 2396 1023 2397 1023 2309 1023 2309 1023 2397 1023 2398 1023 2309 1023 2398 1023 2307 1023 2307 1023 2398 1023 2399 1023 2307 1023 2399 1023 2386 1023 2216 1024 2331 1024 2210 1024 2210 1024 2331 1024 2332 1024 2210 1025 2332 1025 2248 1025 2248 1025 2332 1025 2314 1025 2248 1026 2314 1026 2240 1026 2240 1026 2314 1026 2313 1026 2240 1027 2313 1027 2241 1027 2241 1027 2313 1027 2316 1027 2241 1028 2316 1028 2253 1028 2253 1028 2316 1028 2339 1028 2253 1029 2339 1029 2357 1029 2253 1029 2357 1029 2254 1029 2254 1030 2357 1030 2356 1030 2254 1030 2356 1030 2256 1030 2256 1031 2356 1031 2354 1031 2256 1031 2354 1031 2258 1031 2259 1032 2258 1032 2352 1032 2352 1032 2258 1032 2354 1032 2259 1033 2352 1033 2351 1033 2259 1033 2351 1033 2224 1033 2224 1034 2351 1034 2325 1034 2224 1034 2325 1034 2226 1034 2226 1035 2325 1035 2323 1035 2226 1035 2323 1035 2228 1035 2228 1036 2323 1036 2321 1036 2228 1036 2321 1036 2230 1036 2230 1037 2321 1037 2319 1037 2230 1037 2319 1037 2232 1037 2232 1038 2319 1038 2303 1038 2232 1038 2303 1038 2234 1038 2234 1039 2303 1039 2302 1039 2234 1039 2302 1039 2236 1039 2358 1040 2292 1040 2359 1040 2359 1041 2292 1041 2291 1041 2359 1041 2291 1041 2360 1041 2360 1042 2291 1042 2215 1042 2360 1042 2215 1042 2336 1042 2336 1043 2215 1043 2236 1043 2336 1043 2236 1043 2302 1043 2378 1044 2286 1044 2361 1044 2361 1044 2286 1044 2280 1044 2361 1045 2280 1045 2358 1045 2358 1045 2280 1045 2294 1045 2358 1040 2294 1040 2292 1040 2378 1046 2380 1046 2286 1046 2286 1046 2380 1046 2287 1046 2289 1047 2287 1047 2381 1047 2381 1047 2287 1047 2380 1047 2289 1048 2381 1048 2382 1048 2289 1048 2382 1048 2290 1048 2290 1049 2382 1049 2367 1049 2290 1049 2367 1049 2301 1049 2301 1050 2367 1050 2366 1050 2301 1050 2366 1050 2300 1050 2300 1051 2366 1051 2364 1051 2300 1051 2364 1051 2285 1051 2383 1052 2267 1052 2370 1052 2370 1052 2267 1052 2262 1052 2370 1052 2262 1052 2364 1052 2364 1052 2262 1052 2285 1052 2267 1053 2383 1053 2392 1053 2267 1053 2392 1053 2265 1053 2265 1054 2392 1054 2391 1054 2265 1054 2391 1054 2266 1054 2266 1055 2391 1055 2390 1055 2266 1055 2390 1055 2268 1055 2275 1032 2268 1032 2396 1032 2396 1032 2268 1032 2390 1032 2275 1056 2396 1056 2220 1056 2220 1056 2396 1056 2309 1056 2220 1057 2309 1057 2218 1057 2309 1057 2329 1057 2218 1057 2218 1058 2329 1058 2331 1058 2218 1058 2331 1058 2216 1058 2288 1059 2365 1059 2278 1059 2278 1059 2365 1059 2379 1059 2278 1060 2379 1060 2279 1060 2279 1060 2379 1060 2377 1060 2279 1061 2377 1061 2281 1061 2281 1061 2377 1061 2376 1061 2281 1062 2376 1062 2295 1062 2295 1062 2376 1062 2375 1062 2295 1063 2375 1063 2296 1063 2296 1063 2375 1063 2374 1063 2296 1064 2374 1064 2297 1064 2297 1064 2374 1064 2373 1064 2297 1065 2373 1065 2282 1065 2282 1065 2373 1065 2372 1065 2282 1066 2372 1066 2283 1066 2283 1066 2372 1066 2371 1066 2283 1067 2371 1067 2284 1067 2284 1067 2371 1067 2369 1067 2284 1068 2369 1068 2298 1068 2298 1068 2369 1068 2368 1068 2298 1069 2368 1069 2299 1069 2299 1069 2368 1069 2363 1069 2299 1070 2363 1070 2288 1070 2288 1070 2363 1070 2365 1070 2261 1071 2388 1071 2260 1071 2260 1071 2388 1071 2387 1071 2260 1072 2387 1072 2272 1072 2272 1072 2387 1072 2386 1072 2272 1073 2386 1073 2273 1073 2273 1073 2386 1073 2399 1073 2273 1062 2399 1062 2274 1062 2274 1062 2399 1062 2398 1062 2274 1074 2398 1074 2276 1074 2276 1074 2398 1074 2397 1074 2276 1075 2397 1075 2277 1075 2277 1075 2397 1075 2385 1075 2277 1076 2385 1076 2269 1076 2269 1076 2385 1076 2384 1076 2269 1077 2384 1077 2270 1077 2270 1077 2384 1077 2395 1077 2270 1067 2395 1067 2271 1067 2271 1067 2395 1067 2394 1067 2271 1078 2394 1078 2264 1078 2264 1078 2394 1078 2393 1078 2264 1079 2393 1079 2263 1079 2263 1079 2393 1079 2389 1079 2263 1080 2389 1080 2261 1080 2261 1080 2389 1080 2388 1080 2235 1081 2345 1081 2233 1081 2233 1081 2345 1081 2304 1081 2233 1082 2304 1082 2231 1082 2231 1082 2304 1082 2318 1082 2231 1061 2318 1061 2229 1061 2229 1061 2318 1061 2320 1061 2229 1062 2320 1062 2227 1062 2227 1062 2320 1062 2322 1062 2227 1063 2322 1063 2225 1063 2225 1063 2322 1063 2324 1063 2225 1083 2324 1083 2223 1083 2223 1083 2324 1083 2326 1083 2223 1084 2326 1084 2257 1084 2257 1084 2326 1084 2353 1084 2257 1066 2353 1066 2255 1066 2255 1066 2353 1066 2355 1066 2255 1067 2355 1067 2239 1067 2239 1067 2355 1067 2317 1067 2239 1068 2317 1068 2238 1068 2238 1068 2317 1068 2347 1068 2238 1085 2347 1085 2237 1085 2237 1085 2347 1085 2346 1085 2237 1086 2346 1086 2235 1086 2235 1086 2346 1086 2345 1086 2214 1087 2311 1087 2242 1087 2242 1087 2311 1087 2338 1087 2242 1088 2338 1088 2243 1088 2243 1088 2338 1088 2337 1088 2243 1089 2337 1089 2244 1089 2244 1089 2337 1089 2335 1089 2244 1090 2335 1090 2245 1090 2245 1090 2335 1090 2348 1090 2245 1091 2348 1091 2246 1091 2246 1091 2348 1091 2349 1091 2246 1092 2349 1092 2247 1092 2247 1092 2349 1092 2350 1092 2247 1093 2350 1093 2249 1093 2249 1093 2350 1093 2315 1093 2249 1094 2315 1094 2250 1094 2250 1094 2315 1094 2340 1094 2250 1095 2340 1095 2251 1095 2251 1095 2340 1095 2341 1095 2251 1096 2341 1096 2252 1096 2252 1096 2341 1096 2342 1096 2252 1097 2342 1097 2209 1097 2209 1097 2342 1097 2312 1097 2209 1098 2312 1098 2214 1098 2214 1098 2312 1098 2311 1098 2293 1099 2362 1099 2213 1099 2213 1099 2362 1099 2310 1099 2213 1100 2310 1100 2207 1100 2207 1100 2310 1100 2344 1100 2207 1061 2344 1061 2208 1061 2208 1061 2344 1061 2343 1061 2208 1062 2343 1062 2211 1062 2211 1062 2343 1062 2334 1062 2211 1091 2334 1091 2212 1091 2212 1091 2334 1091 2333 1091 2212 1101 2333 1101 2217 1101 2217 1101 2333 1101 2330 1101 2217 1102 2330 1102 2219 1102 2219 1102 2330 1102 2328 1102 2219 1103 2328 1103 2221 1103 2221 1103 2328 1103 2327 1103 2221 1067 2327 1067 2222 1067 2222 1067 2327 1067 2308 1067 2222 1068 2308 1068 2204 1068 2204 1068 2308 1068 2306 1068 2204 1104 2306 1104 2205 1104 2205 1104 2306 1104 2305 1104 2205 1105 2305 1105 2293 1105 2293 1105 2305 1105 2362 1105 2400 1106 2401 1106 2402 1106 2403 1106 2404 1106 2405 1106 2405 1106 2404 1106 2406 1106 2405 1106 2406 1106 2407 1106 2407 1106 2406 1106 2408 1106 2403 1106 2405 1106 2409 1106 2409 1106 2405 1106 2410 1106 2409 1106 2410 1106 2411 1106 2411 1106 2410 1106 2412 1106 2411 1106 2412 1106 2413 1106 2414 1106 2415 1106 2416 1106 2416 1106 2415 1106 2417 1106 2404 1106 2418 1106 2406 1106 2406 1106 2418 1106 2419 1106 2406 1106 2419 1106 2420 1106 2420 1106 2419 1106 2421 1106 2420 1106 2421 1106 2422 1106 2422 1106 2421 1106 2416 1106 2422 1106 2416 1106 2423 1106 2423 1106 2416 1106 2417 1106 2424 1106 2425 1106 2426 1106 2412 1106 2427 1106 2414 1106 2428 1106 2429 1106 2402 1106 2402 1106 2429 1106 2430 1106 2402 1106 2430 1106 2400 1106 2416 1106 2431 1106 2414 1106 2414 1106 2431 1106 2432 1106 2414 1106 2432 1106 2412 1106 2412 1106 2432 1106 2433 1106 2412 1106 2433 1106 2413 1106 2427 1106 2434 1106 2414 1106 2414 1106 2434 1106 2435 1106 2414 1106 2435 1106 2436 1106 2436 1106 2435 1106 2437 1106 2436 1106 2437 1106 2426 1106 2426 1106 2437 1106 2438 1106 2426 1106 2438 1106 2424 1106 2439 1106 2440 1106 2441 1106 2441 1106 2440 1106 2442 1106 2408 1106 2406 1106 2443 1106 2443 1106 2406 1106 2441 1106 2443 1106 2441 1106 2444 1106 2444 1106 2441 1106 2442 1106 2444 1106 2442 1106 2445 1106 2446 1106 2447 1106 2402 1106 2402 1106 2447 1106 2448 1106 2402 1106 2448 1106 2449 1106 2449 1106 2450 1106 2402 1106 2402 1106 2450 1106 2426 1106 2402 1106 2426 1106 2428 1106 2428 1106 2426 1106 2425 1106 2451 1106 2452 1106 2453 1106 2454 1106 2455 1106 2402 1106 2402 1106 2455 1106 2456 1106 2402 1106 2456 1106 2446 1106 2452 1106 2451 1106 2457 1106 2450 1106 2458 1106 2426 1106 2426 1106 2458 1106 2459 1106 2426 1106 2459 1106 2460 1106 2460 1106 2459 1106 2461 1106 2460 1106 2461 1106 2462 1106 2462 1106 2461 1106 2463 1106 2462 1106 2463 1106 2464 1106 2464 1106 2463 1106 2465 1106 2464 1106 2465 1106 2466 1106 2466 1106 2465 1106 2467 1106 2467 1106 2465 1106 2468 1106 2467 1106 2468 1106 2469 1106 2469 1106 2468 1106 2470 1106 2469 1106 2470 1106 2446 1106 2446 1106 2470 1106 2471 1106 2446 1106 2471 1106 2447 1106 2472 1106 2473 1106 2474 1106 2474 1106 2473 1106 2475 1106 2474 1106 2475 1106 2476 1106 2476 1106 2475 1106 2462 1106 2476 1106 2462 1106 2477 1106 2477 1106 2462 1106 2464 1106 2472 1106 2478 1106 2473 1106 2473 1106 2478 1106 2479 1106 2473 1106 2479 1106 2480 1106 2480 1106 2479 1106 2457 1106 2480 1106 2457 1106 2481 1106 2481 1106 2457 1106 2451 1106 2402 1106 2482 1106 2483 1106 2453 1106 2454 1106 2451 1106 2451 1106 2454 1106 2402 1106 2451 1106 2402 1106 2484 1106 2484 1106 2402 1106 2483 1106 2485 1106 2486 1106 2487 1106 2485 1106 2482 1106 2486 1106 2486 1106 2482 1106 2402 1106 2486 1106 2402 1106 2488 1106 2488 1106 2402 1106 2401 1106 2488 1106 2401 1106 2489 1106 2489 1106 2401 1106 2408 1106 2489 1106 2408 1106 2490 1106 2490 1106 2408 1106 2443 1106 2491 1106 2492 1106 2493 1106 2493 1106 2492 1106 2494 1106 2493 1106 2494 1106 2495 1106 2495 1106 2494 1106 2496 1106 2495 1106 2496 1106 2497 1106 2497 1106 2496 1106 2498 1106 2497 1106 2498 1106 2499 1106 2499 1106 2498 1106 2451 1106 2499 1106 2451 1106 2500 1106 2500 1106 2451 1106 2484 1106 2487 1106 2501 1106 2485 1106 2485 1106 2501 1106 2502 1106 2485 1106 2502 1106 2503 1106 2503 1106 2502 1106 2504 1106 2503 1106 2504 1106 2505 1106 2505 1106 2504 1106 2506 1106 2505 1106 2506 1106 2491 1106 2491 1106 2506 1106 2507 1106 2491 1106 2507 1106 2492 1106 1801 1107 1803 1107 2508 1107 1816 1107 1778 1107 2509 1107 2510 1107 2511 1107 2512 1107 2512 1107 2511 1107 2513 1107 2512 1107 2513 1107 1784 1107 2514 1107 2515 1107 2516 1107 2516 1107 2515 1107 2511 1107 2516 1107 2511 1107 2517 1107 2517 1107 2511 1107 2510 1107 2518 1107 2519 1107 2520 1107 1781 1107 1861 1107 2521 1107 1790 1107 1789 1107 2513 1107 2513 1107 1789 1107 1787 1107 2513 1107 1787 1107 2522 1107 1778 1107 1784 1107 2509 1107 2509 1107 1784 1107 2513 1107 2509 1107 2513 1107 2523 1107 2523 1107 2513 1107 2522 1107 2521 1107 1861 1107 2520 1107 2520 1107 1861 1107 1773 1107 2520 1107 1773 1107 2518 1107 1775 1107 2524 1107 1776 1107 1776 1107 2524 1107 1779 1107 2525 1107 2526 1107 2527 1107 2527 1107 2526 1107 2528 1107 1790 1107 2513 1107 1772 1107 1772 1107 2513 1107 2529 1107 1772 1107 2529 1107 1773 1107 1773 1107 2529 1107 2530 1107 1773 1107 2530 1107 2518 1107 1787 1107 1785 1107 2522 1107 2522 1107 1785 1107 1780 1107 2522 1107 1780 1107 2531 1107 2531 1107 1780 1107 1779 1107 2531 1107 1779 1107 2532 1107 2532 1107 1779 1107 2524 1107 2533 1107 2524 1107 2521 1107 2521 1107 2524 1107 1775 1107 2521 1107 1775 1107 1781 1107 2528 1107 2534 1107 2527 1107 2527 1107 2534 1107 2535 1107 2527 1107 2535 1107 2536 1107 2536 1107 2535 1107 2537 1107 2537 1107 2538 1107 2536 1107 2536 1107 2538 1107 2539 1107 2536 1107 2539 1107 2540 1107 2540 1107 2539 1107 2541 1107 2540 1107 2541 1107 2521 1107 2521 1107 2541 1107 2542 1107 2521 1107 2542 1107 2533 1107 2508 1107 1803 1107 2527 1107 1803 1107 1805 1107 2527 1107 2527 1107 1805 1107 1806 1107 2527 1107 1806 1107 1807 1107 1791 1107 1793 1107 1794 1107 2509 1107 2525 1107 1816 1107 1816 1107 2525 1107 2527 1107 1816 1107 2527 1107 1808 1107 1808 1107 2527 1107 1807 1107 1808 1107 1807 1107 1809 1107 1809 1107 1807 1107 1821 1107 1794 1107 1793 1107 1796 1107 1796 1107 1793 1107 1795 1107 1796 1107 1795 1107 1798 1107 1798 1107 1795 1107 1797 1107 1798 1107 1797 1107 2508 1107 2508 1107 1797 1107 1799 1107 2508 1107 1799 1107 1801 1107 1794 1107 1792 1107 1791 1107 1791 1107 1792 1107 1827 1107 1791 1107 1827 1107 1825 1107 1825 1107 1827 1107 1826 1107 1825 1107 1826 1107 1823 1107 1823 1107 1826 1107 1824 1107 1823 1107 1824 1107 1807 1107 1807 1107 1824 1107 1822 1107 1807 1107 1822 1107 1821 1107 1782 1107 1777 1107 2536 1107 2536 1107 2543 1107 1782 1107 1782 1107 2543 1107 2544 1107 1782 1107 2544 1107 1810 1107 1810 1107 2544 1107 1811 1107 2508 1107 2545 1107 2546 1107 2508 1107 2546 1107 1800 1107 1777 1107 1820 1107 2536 1107 2536 1107 1820 1107 1819 1107 2536 1107 1819 1107 2527 1107 2527 1107 1819 1107 1818 1107 2527 1107 2547 1107 2548 1107 1818 1107 1817 1107 2527 1107 2527 1107 1817 1107 1815 1107 2527 1107 1815 1107 2547 1107 2549 1107 2550 1107 1804 1107 1804 1107 2550 1107 2551 1107 1804 1107 2551 1107 2552 1107 2552 1107 2551 1107 2553 1107 2552 1107 2553 1107 2554 1107 2554 1107 2553 1107 2555 1107 2554 1107 2555 1107 2543 1107 2543 1107 2555 1107 2556 1107 2543 1107 2556 1107 2544 1107 2549 1107 1804 1107 2546 1107 2546 1107 1804 1107 1802 1107 2546 1107 1802 1107 1800 1107 1815 1107 1814 1107 2547 1107 2547 1107 1814 1107 1813 1107 2547 1107 1813 1107 2557 1107 2557 1107 1813 1107 1812 1107 2557 1107 1812 1107 2558 1107 2558 1107 1812 1107 1811 1107 2558 1107 1811 1107 2559 1107 2559 1107 1811 1107 2544 1107 2548 1107 2560 1107 2527 1107 2527 1107 2560 1107 2561 1107 2527 1107 2561 1107 2508 1107 2508 1107 2561 1107 2562 1107 2508 1107 2562 1107 2545 1107 2490 1108 1784 1108 2489 1108 2489 1108 1784 1108 1778 1108 2489 1109 1778 1109 2488 1109 2488 1109 1778 1109 1816 1109 2488 1110 1816 1110 2486 1110 2486 1110 1816 1110 1808 1110 2486 1111 1808 1111 2487 1111 2487 1111 1808 1111 1809 1111 2487 1112 1809 1112 2501 1112 2501 1112 1809 1112 1821 1112 2501 1113 1821 1113 1822 1113 2501 1113 1822 1113 2502 1113 2502 1114 1822 1114 1824 1114 2502 1114 1824 1114 2504 1114 2504 1115 1824 1115 1826 1115 2504 1115 1826 1115 2506 1115 2507 1116 2506 1116 1827 1116 1827 1116 2506 1116 1826 1116 2507 1117 1827 1117 1792 1117 2507 1117 1792 1117 2492 1117 2492 1118 1792 1118 1794 1118 2492 1118 1794 1118 2494 1118 2494 1119 1794 1119 1796 1119 2494 1119 1796 1119 2496 1119 2496 1120 1796 1120 1798 1120 2496 1120 1798 1120 2498 1120 2498 1121 1798 1121 2451 1121 2451 1121 1798 1121 2508 1121 2451 1122 2508 1122 2481 1122 2508 1122 1800 1122 2481 1122 2481 1123 1800 1123 1802 1123 2481 1123 1802 1123 2480 1123 2480 1124 1802 1124 1804 1124 2480 1124 1804 1124 2473 1124 2473 1125 1804 1125 2552 1125 2473 1125 2552 1125 2475 1125 2475 1126 2552 1126 2554 1126 2475 1126 2554 1126 2462 1126 2462 1127 2554 1127 2543 1127 2462 1127 2543 1127 2460 1127 2460 1128 2543 1128 2426 1128 2426 1128 2543 1128 2536 1128 2426 1129 2536 1129 2436 1129 2536 1129 2540 1129 2436 1129 2436 1130 2540 1130 2521 1130 2436 1130 2521 1130 2414 1130 2444 1131 2510 1131 2512 1131 2444 1131 2512 1131 2443 1131 2443 1132 2512 1132 1784 1132 2443 1132 1784 1132 2490 1132 2457 1133 2546 1133 2452 1133 2452 1133 2546 1133 2545 1133 2452 1134 2545 1134 2453 1134 2453 1134 2545 1134 2562 1134 2453 1135 2562 1135 2454 1135 2454 1135 2562 1135 2561 1135 2457 1136 2479 1136 2546 1136 2546 1136 2479 1136 2549 1136 2474 1137 2553 1137 2472 1137 2472 1137 2553 1137 2551 1137 2472 1138 2551 1138 2478 1138 2478 1138 2551 1138 2550 1138 2478 1139 2550 1139 2479 1139 2479 1139 2550 1139 2549 1139 2474 1140 2476 1140 2553 1140 2553 1140 2476 1140 2555 1140 2467 1141 2558 1141 2466 1141 2466 1141 2558 1141 2559 1141 2466 1142 2559 1142 2464 1142 2464 1142 2559 1142 2544 1142 2464 1143 2544 1143 2477 1143 2477 1143 2544 1143 2556 1143 2477 1144 2556 1144 2476 1144 2476 1144 2556 1144 2555 1144 2467 1145 2469 1145 2558 1145 2558 1145 2469 1145 2557 1145 2455 1146 2560 1146 2456 1146 2456 1146 2560 1146 2548 1146 2456 1147 2548 1147 2446 1147 2446 1147 2548 1147 2547 1147 2446 1148 2547 1148 2469 1148 2469 1148 2547 1148 2557 1148 2455 1149 2454 1149 2560 1149 2560 1149 2454 1149 2561 1149 2429 1150 2534 1150 2430 1150 2430 1150 2534 1150 2528 1150 2430 1151 2528 1151 2400 1151 2400 1151 2528 1151 2526 1151 2400 1152 2526 1152 2401 1152 2401 1152 2526 1152 2525 1152 2429 1136 2428 1136 2534 1136 2534 1136 2428 1136 2535 1136 2438 1153 2539 1153 2424 1153 2424 1153 2539 1153 2538 1153 2424 1154 2538 1154 2425 1154 2425 1154 2538 1154 2537 1154 2425 1155 2537 1155 2428 1155 2428 1155 2537 1155 2535 1155 2438 1156 2437 1156 2539 1156 2539 1156 2437 1156 2541 1156 2412 1157 2532 1157 2427 1157 2427 1157 2532 1157 2524 1157 2427 1158 2524 1158 2434 1158 2434 1158 2524 1158 2533 1158 2434 1159 2533 1159 2435 1159 2435 1159 2533 1159 2542 1159 2435 1160 2542 1160 2437 1160 2437 1160 2542 1160 2541 1160 2412 1145 2410 1145 2532 1145 2532 1145 2410 1145 2531 1145 2408 1161 2509 1161 2407 1161 2407 1161 2509 1161 2523 1161 2407 1162 2523 1162 2405 1162 2405 1162 2523 1162 2522 1162 2405 1163 2522 1163 2410 1163 2410 1163 2522 1163 2531 1163 2408 1149 2401 1149 2509 1149 2509 1149 2401 1149 2525 1149 2484 1164 1803 1164 2500 1164 2500 1164 1803 1164 1801 1164 2500 1165 1801 1165 2499 1165 2499 1165 1801 1165 1799 1165 2499 1166 1799 1166 2497 1166 2497 1166 1799 1166 1797 1166 2497 1167 1797 1167 2495 1167 2495 1167 1797 1167 1795 1167 2495 1168 1795 1168 2493 1168 2493 1168 1795 1168 1793 1168 2493 1169 1793 1169 2491 1169 2491 1169 1793 1169 1791 1169 2491 1170 1791 1170 2505 1170 2505 1170 1791 1170 1825 1170 2505 1171 1825 1171 2503 1171 2503 1171 1825 1171 1823 1171 2503 1172 1823 1172 2485 1172 2485 1172 1823 1172 1807 1172 2485 1173 1807 1173 2482 1173 2482 1173 1807 1173 1806 1173 2482 1174 1806 1174 2483 1174 2483 1174 1806 1174 1805 1174 2483 1175 1805 1175 2484 1175 2484 1175 1805 1175 1803 1175 2461 1176 1782 1176 2463 1176 2463 1176 1782 1176 1810 1176 2463 1177 1810 1177 2465 1177 2465 1177 1810 1177 1811 1177 2465 1178 1811 1178 2468 1178 2468 1178 1811 1178 1812 1178 2468 1179 1812 1179 2470 1179 2470 1179 1812 1179 1813 1179 2470 1180 1813 1180 2471 1180 2471 1180 1813 1180 1814 1180 2471 1181 1814 1181 2447 1181 2447 1181 1814 1181 1815 1181 2447 1182 1815 1182 2448 1182 2448 1182 1815 1182 1817 1182 2448 1183 1817 1183 2449 1183 2449 1183 1817 1183 1818 1183 2449 1184 1818 1184 2450 1184 2450 1184 1818 1184 1819 1184 2450 1185 1819 1185 2458 1185 2458 1185 1819 1185 1820 1185 2458 1186 1820 1186 2459 1186 2459 1186 1820 1186 1777 1186 2459 1187 1777 1187 2461 1187 2461 1187 1777 1187 1782 1187 2431 1188 1861 1188 2432 1188 2432 1188 1861 1188 1781 1188 2432 1189 1781 1189 2433 1189 2433 1189 1781 1189 1775 1189 2433 1166 1775 1166 2413 1166 2413 1166 1775 1166 1776 1166 2413 1167 1776 1167 2411 1167 2411 1167 1776 1167 1779 1167 2411 1190 1779 1190 2409 1190 2409 1190 1779 1190 1780 1190 2409 1191 1780 1191 2403 1191 2403 1191 1780 1191 1785 1191 2403 1192 1785 1192 2404 1192 2404 1192 1785 1192 1787 1192 2404 1193 1787 1193 2418 1193 2418 1193 1787 1193 1789 1193 2418 1172 1789 1172 2419 1172 2419 1172 1789 1172 1790 1172 2419 1173 1790 1173 2421 1173 2421 1173 1790 1173 1772 1173 2421 1194 1772 1194 2416 1194 2416 1194 1772 1194 1773 1194 2416 1195 1773 1195 2431 1195 2431 1195 1773 1195 1861 1195 2511 1136 2441 1136 2513 1136 2513 1136 2441 1136 2406 1136 2513 1136 2406 1136 2529 1136 2529 1136 2406 1136 2420 1136 2441 1196 2511 1196 2515 1196 2441 1196 2515 1196 2439 1196 2439 1197 2515 1197 2514 1197 2439 1197 2514 1197 2440 1197 2440 1198 2514 1198 2516 1198 2440 1198 2516 1198 2442 1198 2442 1199 2516 1199 2517 1199 2442 1199 2517 1199 2445 1199 2445 1200 2517 1200 2510 1200 2445 1200 2510 1200 2444 1200 2414 1201 2521 1201 2520 1201 2414 1201 2520 1201 2415 1201 2415 1202 2520 1202 2519 1202 2415 1202 2519 1202 2417 1202 2417 1203 2519 1203 2518 1203 2417 1203 2518 1203 2423 1203 2423 1204 2518 1204 2530 1204 2423 1204 2530 1204 2422 1204 2422 1205 2530 1205 2529 1205 2422 1205 2529 1205 2420 1205</p>
        </triangles>
      </mesh>
    </geometry>
  </library_geometries>
  <library_visual_scenes>
    <visual_scene id="DefaultScene">
      <node id="node_619ebf90_3509_442b_8de8_057eac5223e4" type="NODE">
        <matrix>1 0 0 0 0 1 0 0 0 0 1 0 0 0 0 1</matrix>
        <node id="node_1d21344b_ef71_4b6c_8988_e0c8e1ffb6fd" type="NODE">
          <matrix>1 0 0 0 0 1 0 0 0 0 1 0 0 0 0 1</matrix>
          <node id="node_1d21344b_ef71_4b6c_8988_e0c8e1ffb6fd_mesh0" type="NODE">
            <matrix>1 0 0 0 0 1 0 0 0 0 1 0 0 0 0 1</matrix>
            <instance_geometry url="#geometry_a8479b60_dd85_498f_8a5b_465f7e53d425">
              <bind_material>
                <technique_common>
                  <instance_material symbol="mat_0" target="#mat_0"/>
                </technique_common>
              </bind_material>
            </instance_geometry>
          </node>
        </node>
      </node>
    </visual_scene>
  </library_visual_scenes>
  <scene>
    <instance_visual_scene url="#DefaultScene"/>
  </scene>
</COLLADA>
