<?xml version="1.0" encoding="UTF-8"?>
<COLLADA xmlns="http://www.collada.org/2005/11/COLLADASchema" version="1.4.1">
<!--
# File generated by ImageToStl.com - Free Image and 3D model conversion tools
-->
  <asset>
    <contributor>
      <author>ImageToStl.com</author>
      <authoring_tool>ImageToStl.com</authoring_tool>
    </contributor>
    <created>2026-04-04T07:46:20</created>
    <modified>2026-04-04T07:46:20</modified>
    <up_axis>Z_UP</up_axis>
  </asset>
  <library_effects>
    <effect id="effect_0">
        <profile_COMMON>
          <technique sid="common">
            <phong>
              <diffuse>
                <color>0.85 0.85 0.85 1</color>
              </diffuse>
              <specular>
                <color>0.05 0.05 0.05 1</color>
              </specular>
              <shininess>
                <float>64</float>
              </shininess>
            </phong>
          </technique>
        </profile_COMMON>
    </effect>
  </library_effects>
  <library_materials>
    <material id="mat_0">
      <instance_effect url="#effect_0"/>
    </material>
  </library_materials>
  <library_geometries>
    <geometry id="geometry_ca748b2b_d0dc_49c8_ba2b_37274bd8ead3">
      <mesh>
        <source id="pos_0">
          <float_array id="pos_0-array" count="7689">-0.01966436 -0.07380001 -0.003 -0.01945 -0.073 -0.003 -0.0161 -0.078 -0.003 -0.02265 -0.043 -0.003 -0.02243564 -0.0438 -0.003 -0.02105 -0.0514 -0.003 -0.02185 -0.04438564 -0.003 -0.02025 -0.05161436 -0.003 -0.02105 -0.0446 -0.003 -0.02105 -0.0414 -0.003 -0.026 0.01111504 -0.003 -0.02025 -0.04161436 -0.003 -0.01966436 -0.0422 -0.003 -0.0161 -0.03869154 -0.003 -0.01945 -0.043 -0.003 -0.01884509 0.01111504 -0.003 -0.02005261 0.01067554 -0.003 -0.02015587 0.01061184 -0.003 -0.02022547 0.01051246 -0.003 -0.02025 -0.07438564 -0.003 -0.018 0.0028407 -0.003 -0.018 0.00199785 -0.003 -0.02005261 0.00358779 -0.003 -0.02005261 0.00125076 -0.003 -0.02015587 0.00365149 -0.003 -0.02015587 0.00118707 -0.003 -0.01966436 -0.0638 -0.003 -0.01945 -0.063 -0.003 -0.01966436 -0.0722 -0.003 -0.02025 0.01039363 -0.003 -0.02025 0.01015288 -0.003 -0.02022547 0.01003406 -0.003 -0.01966436 -0.0622 -0.003 -0.01945 -0.053 -0.003 -0.01966436 -0.0438 -0.003 -0.02025 -0.04438564 -0.003 -0.01966436 -0.0522 -0.003 -0.018 0.00912389 -0.003 -0.018 0.00828103 -0.003 -0.02005261 0.00987098 -0.003 -0.02005261 0.00753394 -0.003 -0.02015587 0.00993467 -0.003 -0.02015587 0.00747025 -0.003 -0.02265 -0.073 -0.003 -0.026 -0.078 -0.003 -0.02243564 -0.0722 -0.003 -0.02243564 -0.07380001 -0.003 -0.02185 -0.07438564 -0.003 -0.02105 -0.0746 -0.003 -0.02022547 -0.0083371 -0.003 -0.02025 -0.00845592 -0.003 -0.02015587 -0.00577329 -0.003 -0.02265 -0.053 -0.003 -0.02243564 -0.0538 -0.003 -0.02185 -0.06161436 -0.003 -0.02185 -0.05438564 -0.003 -0.02105 -0.0614 -0.003 -0.02105 -0.0546 -0.003 -0.02025 -0.06161436 -0.003 -0.02025 -0.05438564 -0.003 -0.01966436 -0.0538 -0.003 -0.02185 -0.04161436 -0.003 -0.02243564 -0.0422 -0.003 -0.02243564 -0.0622 -0.003 -0.02265 -0.063 -0.003 -0.02022547 -0.03032825 -0.003 -0.02025 -0.03044707 -0.003 -0.02015587 -0.02776444 -0.003 -0.02005261 -0.01840336 -0.003 -0.018 -0.01915044 -0.003 -0.018 -0.0199933 -0.003 -0.02025 -0.02126304 -0.003 -0.02022547 -0.02138187 -0.003 -0.02022547 -0.02404506 -0.003 -0.02015587 -0.02148125 -0.003 -0.02022547 -0.03708983 -0.003 -0.02015587 -0.03718922 -0.003 -0.02005261 -0.03725291 -0.003 -0.02022547 -0.01824027 -0.003 -0.02015587 -0.01833966 -0.003 -0.02015587 -0.02080408 -0.003 -0.02005261 -0.02074039 -0.003 -0.02243564 -0.0638 -0.003 -0.02185 -0.06438564 -0.003 -0.02015587 -0.02708727 -0.003 -0.02015587 -0.02462285 -0.003 -0.02005261 -0.02468654 -0.003 -0.018 -0.00030089 -0.003 -0.018 -0.00114374 -0.003 -0.02005261 0.0004462 -0.003 -0.02005261 -0.00189083 -0.003 -0.02015587 0.00050989 -0.003 -0.02015587 -0.00195453 -0.003 -0.02022547 0.00060928 -0.003 -0.02185 -0.05161436 -0.003 -0.02243564 -0.0522 -0.003 -0.02022547 0.00108768 -0.003 -0.02025 0.00096885 -0.003 -0.02022547 0.00375088 -0.003 -0.018 -0.00344248 -0.003 -0.018 -0.00428534 -0.003 -0.02005261 -0.00269539 -0.003 -0.02005261 -0.00503242 -0.003 -0.02015587 -0.0026317 -0.003 -0.02015587 -0.00509612 -0.003 -0.02022547 -0.00253231 -0.003 -0.02025 -0.06438564 -0.003 -0.02025 -0.07161436 -0.003 -0.02105 -0.0646 -0.003 -0.02105 -0.0714 -0.003 -0.02185 -0.07161436 -0.003 -0.02025 -0.0210223 -0.003 -0.018 -0.02543363 -0.003 -0.018 -0.02627649 -0.003 -0.02005261 -0.02702357 -0.003 -0.02005261 -0.03411132 -0.003 -0.018 -0.03485841 -0.003 -0.018 -0.03570126 -0.003 -0.02022547 -0.0056739 -0.003 -0.018 -0.00658407 -0.003 -0.018 -0.00742693 -0.003 -0.02005261 -0.00583699 -0.003 -0.02005261 -0.00817402 -0.003 -0.02015587 -0.00823771 -0.003 -0.02022547 -0.01776188 -0.003 -0.02025 -0.0178807 -0.003 -0.02025 -0.01812145 -0.003 -0.02022547 -0.02090347 -0.003 -0.018 -0.02229204 -0.003 -0.018 -0.02313489 -0.003 -0.02005261 -0.02154495 -0.003 -0.02005261 -0.02388198 -0.003 -0.02015587 -0.02394568 -0.003 -0.018 -0.02857522 -0.003 -0.018 -0.02941808 -0.003 -0.02005261 -0.02782813 -0.003 -0.02005261 -0.03016517 -0.003 -0.02015587 -0.03022886 -0.003 -0.02022547 -0.03394824 -0.003 -0.02015587 -0.03404763 -0.003 -0.02015587 -0.03651205 -0.003 -0.02005261 -0.03644835 -0.003 -0.02015587 0.00432866 -0.003 -0.02022547 0.00422927 -0.003 -0.02005261 -0.01526176 -0.003 -0.018 -0.01600885 -0.003 -0.018 -0.01685171 -0.003 -0.018 -0.00972567 -0.003 -0.018 -0.01056852 -0.003 -0.02005261 -0.00897858 -0.003 -0.02005261 -0.01131561 -0.003 -0.02015587 -0.00891488 -0.003 -0.02015587 -0.01137931 -0.003 -0.018 -0.03171682 -0.003 -0.018 -0.03255967 -0.003 -0.02005261 -0.03096973 -0.003 -0.02005261 -0.03330676 -0.003 -0.02015587 -0.03090603 -0.003 -0.02015587 -0.03337045 -0.003 -0.02022547 -0.03080664 -0.003 -0.02022547 -0.03346984 -0.003 -0.02022547 0.00737086 -0.003 -0.02025 0.00725204 -0.003 -0.02022547 -0.01147869 -0.003 -0.02025 -0.01159752 -0.003 -0.02022547 -0.0088155 -0.003 -0.018 -0.01286726 -0.003 -0.018 -0.01371012 -0.003 -0.02005261 -0.01212017 -0.003 -0.02005261 -0.0144572 -0.003 -0.02015587 -0.01205648 -0.003 -0.02015587 -0.0145209 -0.003 -0.02022547 -0.02718666 -0.003 -0.02025 -0.02730548 -0.003 -0.02022547 -0.02452346 -0.003 -0.02025 -0.02440463 -0.003 -0.02025 -0.03697101 -0.003 -0.02025 -0.03673026 -0.003 -0.02022547 -0.01462029 -0.003 -0.02025 -0.01473911 -0.003 -0.02022547 -0.01195709 -0.003 -0.02025 -0.03358867 -0.003 -0.02025 -0.03382941 -0.003 -0.02022547 -0.03661143 -0.003 -0.018 0.0059823 -0.003 -0.018 0.00513944 -0.003 -0.02005261 0.00672939 -0.003 -0.02005261 0.00439236 -0.003 -0.02015587 0.00679308 -0.003 -0.02022547 0.00689247 -0.003 -0.02025 0.00701129 -0.003 -0.02005261 -0.01759879 -0.003 -0.02015587 -0.01766249 -0.003 -0.02015587 -0.01519807 -0.003 -0.02022547 -0.01509868 -0.003 -0.02025 -0.02416389 -0.003 -0.02025 -0.03068782 -0.003 -0.02025 -0.00869667 -0.003 -0.02025 -0.02754623 -0.003 -0.02022547 -0.02766505 -0.003 -0.02025 -0.00555508 -0.003 -0.02025 -0.00531433 -0.003 -0.02025 0.00411045 -0.003 -0.02025 0.0038697 -0.003 -0.02025 0.00072811 -0.003 -0.02022547 -0.00519551 -0.003 -0.02025 -0.00241349 -0.003 -0.02025 -0.00217274 -0.003 -0.02022547 -0.00205392 -0.003 -0.02025 -0.01497986 -0.003 -0.02025 -0.01183826 -0.003 -0.018 -0.03570126 -0 -0.02005261 -0.03644835 -0 -0.02025 -0.03673026 -0 -0.02022547 -0.03661143 -0 -0.02015587 -0.03651205 -0 -0.018 0.00199785 -0 -0.02005261 0.00125076 -0 -0.02025 0.00096885 -0 -0.02022547 0.00108768 -0 -0.02015587 0.00118707 -0 -0.02005261 0.0004462 -0 -0.018 -0.00030089 -0 -0.018 -0.00114374 -0 -0.02005261 -0.00189083 -0 -0.02025 -0.00217274 -0 -0.02022547 -0.00205392 -0 -0.02015587 -0.00195453 -0 -0.02005261 -0.00269539 -0 -0.018 -0.00344248 -0 -0.018 -0.00428534 -0 -0.02005261 -0.00503242 -0 -0.02025 -0.00531433 -0 -0.02022547 -0.00519551 -0 -0.02015587 -0.00509612 -0 -0.02005261 -0.00583699 -0 -0.018 -0.00658407 -0 -0.018 -0.00742693 -0 -0.02005261 -0.00817402 -0 -0.02025 -0.00845592 -0 -0.02022547 -0.0083371 -0 -0.02015587 -0.00823771 -0 -0.02005261 -0.00897858 -0 -0.018 -0.00972567 -0 -0.018 -0.01056852 -0 -0.02005261 -0.01131561 -0 -0.02025 -0.01159752 -0 -0.02022547 -0.01147869 -0 -0.02015587 -0.01137931 -0 -0.02005261 -0.01212017 -0 -0.018 -0.01286726 -0 -0.018 -0.01371012 -0 -0.02005261 -0.0144572 -0 -0.02025 -0.01473911 -0 -0.02022547 -0.01462029 -0 -0.02015587 -0.0145209 -0 -0.02005261 -0.01526176 -0 -0.018 -0.01600885 -0 -0.018 -0.01685171 -0 -0.02005261 -0.01759879 -0 -0.02025 -0.0178807 -0 -0.02022547 -0.01776188 -0 -0.02015587 -0.01766249 -0 -0.02005261 -0.01840336 -0 -0.018 -0.01915044 -0 -0.018 -0.0199933 -0 -0.02005261 -0.02074039 -0 -0.02025 -0.0210223 -0 -0.02022547 -0.02090347 -0 -0.02015587 -0.02080408 -0 -0.02005261 -0.02154495 -0 -0.018 -0.02229204 -0 -0.018 -0.02313489 -0 -0.02005261 -0.02388198 -0 -0.02025 -0.02416389 -0 -0.02022547 -0.02404506 -0 -0.02015587 -0.02394568 -0 -0.02005261 -0.02468654 -0 -0.018 -0.02543363 -0 -0.018 -0.02627649 -0 -0.02005261 -0.02702357 -0 -0.02025 -0.02730548 -0 -0.02022547 -0.02718666 -0 -0.02015587 -0.02708727 -0 -0.02005261 -0.02782813 -0 -0.018 -0.02857522 -0 -0.018 -0.02941808 -0 -0.02005261 -0.03016517 -0 -0.02025 -0.03044707 -0 -0.02022547 -0.03032825 -0 -0.02015587 -0.03022886 -0 -0.02005261 -0.03096973 -0 -0.018 -0.03171682 -0 -0.018 -0.03485841 -0 -0.018 -0.03255967 -0 -0.02005261 -0.03330676 -0 -0.02025 -0.03358867 -0 -0.02022547 -0.03346984 -0 -0.02015587 -0.03337045 -0 -0.02005261 -0.03411132 -0 -0.02025 0.00411045 -0 -0.02025 0.0038697 -0 -0.02022547 0.00422927 -0 -0.02015587 0.00432866 -0 -0.02005261 0.00439236 -0 -0.018 0.00513944 -0 -0.018 0.0059823 -0 -0.02005261 0.00672939 -0 -0.02015587 0.00679308 -0 -0.02022547 0.00689247 -0 -0.02025 0.00701129 -0 -0.02025 0.00725204 -0 -0.02022547 0.00737086 -0 -0.02015587 0.00747025 -0 -0.02005261 0.00753394 -0 -0.018 0.00828103 -0 -0.018 0.00912389 -0 -0.02005261 0.00987098 -0 -0.02015587 0.00993467 -0 -0.02022547 0.01003406 -0 -0.02025 0.01015288 -0 -0.02025 0.01039363 -0 -0.02022547 0.01051246 -0 -0.02015587 0.01061184 -0 -0.02005261 0.01067554 -0 -0.01884509 0.01111504 -0 -0.018 0.0028407 -0 -0.0161 -0.078 -0 -0.026 -0.078 -0 -0.02243564 -0.0438 -0 -0.02265 -0.043 -0 -0.02243564 -0.0538 -0 -0.02265 -0.053 -0 -0.02185 -0.06161436 -0 -0.01945 -0.073 -0 -0.01966436 -0.07380001 -0 -0.026 0.01111504 -0 -0.02025 -0.07438564 -0 -0.02105 -0.0746 -0 -0.02185 -0.07438564 -0 -0.02243564 -0.07380001 -0 -0.01966436 -0.0438 -0 -0.02025 -0.04438564 -0 -0.02105 -0.0514 -0 -0.02105 -0.0446 -0 -0.02185 -0.05161436 -0 -0.02185 -0.04438564 -0 -0.02243564 -0.0522 -0 -0.02022547 -0.00253231 -0 -0.02025 -0.00241349 -0 -0.01945 -0.043 -0 -0.02025 -0.05161436 -0 -0.0161 -0.03869154 -0 -0.01966436 -0.0522 -0 -0.01945 -0.053 -0 -0.02243564 -0.0422 -0 -0.02185 -0.04161436 -0 -0.02105 -0.0414 -0 -0.01966436 -0.0638 -0 -0.02025 -0.06438564 -0 -0.01966436 -0.0722 -0 -0.02185 -0.06438564 -0 -0.02243564 -0.0638 -0 -0.02265 -0.063 -0 -0.02243564 -0.0622 -0 -0.02025 -0.06161436 -0 -0.01966436 -0.0622 -0 -0.02025 -0.05438564 -0 -0.01945 -0.063 -0 -0.01966436 -0.0538 -0 -0.02015587 0.00050989 -0 -0.02105 -0.0614 -0 -0.02105 -0.0546 -0 -0.02185 -0.05438564 -0 -0.02005261 0.00358779 -0 -0.02015587 0.00365149 -0 -0.02265 -0.073 -0 -0.02243564 -0.0722 -0 -0.02185 -0.07161436 -0 -0.02105 -0.0646 -0 -0.02105 -0.0714 -0 -0.02025 -0.07161436 -0 -0.02022547 0.00375088 -0 -0.02015587 -0.0026317 -0 -0.02022547 -0.03394824 -0 -0.02025 -0.03382941 -0 -0.02015587 -0.03718922 -0 -0.02005261 -0.03725291 -0 -0.02025 -0.04161436 -0 -0.01966436 -0.0422 -0 -0.02015587 -0.03090603 -0 -0.02022547 -0.03080664 -0 -0.02015587 -0.02776444 -0 -0.02022547 -0.02766505 -0 -0.02022547 -0.0088155 -0 -0.02025 -0.00869667 -0 -0.02015587 -0.02462285 -0 -0.02022547 -0.02452346 -0 -0.02015587 -0.01833966 -0 -0.02025 -0.03068782 -0 -0.02022547 -0.01824027 -0 -0.02025 -0.01812145 -0 -0.02025 -0.02754623 -0 -0.02025 -0.02440463 -0 -0.02015587 -0.02148125 -0 -0.02015587 -0.03404763 -0 -0.02022547 0.00060928 -0 -0.02025 0.00072811 -0 -0.02015587 -0.00891488 -0 -0.02025 -0.01497986 -0 -0.02022547 -0.01509868 -0 -0.02015587 -0.01519807 -0 -0.02022547 -0.03708983 -0 -0.02025 -0.03697101 -0 -0.02025 -0.01183826 -0 -0.02022547 -0.01195709 -0 -0.02015587 -0.01205648 -0 -0.02015587 -0.00577329 -0 -0.02022547 -0.0056739 -0 -0.02025 -0.00555508 -0 -0.02022547 -0.02138187 -0 -0.02025 -0.02126304 -0 0.0006 -0.0775 -0.0018 0.0006 -0.078 -0.0018 0.0006 -0.0775 -0.0003 0.0006 -0.078 -0.0003 -0.0006 -0.0775 -0.0003 -0.0006 -0.078 -0.0003 -0.0006 -0.0775 -0.0018 -0.0006 -0.078 -0.0018 -0.0097 -0.078 -0.0005 -0.0097 -0.078 -0.0078 -0.0045 -0.078 -0.0065 -0.0095 -0.078 -0.008 -0.0045 -0.078 -0.008 -0.00357612 -0.078 -0.00511732 -0.00379289 -0.078 -0.00479289 -0.00411732 -0.078 -0.00457612 0.00411732 -0.078 -0.00642388 0.0045 -0.078 -0.0065 0.00379289 -0.078 -0.00620711 0.0045 -0.078 -0.0045 -0.0043 -0.078 -0.0035 -0.0095 -0.078 -0.0003 -0.0045 -0.078 -0.0037 -0.0045 -0.078 -0.0045 -0.00411732 -0.078 -0.00642388 -0.0035 -0.078 -0.0055 -0.00357612 -0.078 -0.00588268 -0.00379289 -0.078 -0.00620711 0.00051962 -0.078 -0.0021 0.0043 -0.078 -0.0035 0.00379289 -0.078 -0.00479289 0.00357612 -0.078 -0.00511732 0.0035 -0.078 -0.0055 0.00411732 -0.078 -0.00457612 0.00357612 -0.078 -0.00588268 0.0095 -0.078 -0.0003 0.0097 -0.078 -0.0005 0.0045 -0.078 -0.0037 0.0097 -0.078 -0.0078 0.0095 -0.078 -0.008 0.0045 -0.078 -0.008 0.0003 -0.078 -0.00231962 0 -0.078 -0.0024 -0.0003 -0.078 -0.00231962 -0.00051962 -0.078 -0.0021 0.00051962 -0.0775 -0.0015 -0.00051962 -0.0775 -0.0015 -0.0003 -0.0775 -0.00128038 0 -0.0775 -0.0012 0.0003 -0.0775 -0.00128038 -0.0045 -0.077 -0.008 -0.0045 -0.077 -0.0065 -0.0045 -0.077 -0.0045 -0.00411732 -0.077 -0.00457612 -0.00379289 -0.077 -0.00479289 -0.00357612 -0.077 -0.00511732 -0.0035 -0.077 -0.0055 -0.00357612 -0.077 -0.00588268 -0.00379289 -0.077 -0.00620711 -0.00411732 -0.077 -0.00642388 -0.0045 -0.077 -0.0037 -0.0043 -0.077 -0.0035 0.0043 -0.077 -0.0035 0.0045 -0.077 -0.0037 0.0045 -0.077 -0.0045 0.0045 -0.077 -0.0065 0.00411732 -0.077 -0.00642388 0.00379289 -0.077 -0.00620711 0.00357612 -0.077 -0.00588268 0.0035 -0.077 -0.0055 0.00357612 -0.077 -0.00511732 0.00379289 -0.077 -0.00479289 0.00411732 -0.077 -0.00457612 0.0045 -0.077 -0.008 0.0095 -0.077 -0.008 0.0097 -0.077 -0.0078 0.0097 -0.077 -0.0005 0.0095 -0.077 -0.0003 -0.0095 -0.077 -0.0003 -0.0097 -0.077 -0.0005 -0.0097 -0.077 -0.0078 -0.0095 -0.077 -0.008 -0.0006 -0.077 -0.0018 -0.00051962 -0.077 -0.0015 -0.0003 -0.077 -0.00128038 0 -0.077 -0.0012 0.0003 -0.077 -0.00128038 0.00051962 -0.077 -0.0015 0.0006 -0.077 -0.0018 0.00051962 -0.077 -0.0021 0.0003 -0.077 -0.00231962 0 -0.077 -0.0024 -0.0003 -0.077 -0.00231962 -0.00051962 -0.077 -0.0021 0.0006 -0.0496 -0.0003 0.0006 -0.0491 -0.0003 0.0006 -0.0496 -0.0018 0.0006 -0.0491 -0.0018 -0.0006 -0.0496 -0.0018 -0.0006 -0.0491 -0.0018 -0.0006 -0.0496 -0.0003 -0.0006 -0.0491 -0.0003 0.0095 -0.0491 -0.008 0.0045 -0.0491 -0.008 0.0045 -0.0491 -0.0065 -0.0045 -0.0491 -0.0045 -0.0045 -0.0491 -0.0065 -0.0097 -0.0491 -0.0005 0.0045 -0.0491 -0.0045 0.00411732 -0.0491 -0.00642388 0.00379289 -0.0491 -0.00620711 -0.0097 -0.0491 -0.0078 -0.0095 -0.0491 -0.008 -0.0045 -0.0491 -0.008 -0.00411732 -0.0491 -0.00457612 -0.00379289 -0.0491 -0.00479289 -0.00357612 -0.0491 -0.00511732 0.0035 -0.0491 -0.0055 0.00357612 -0.0491 -0.00511732 0.00357612 -0.0491 -0.00588268 0.00379289 -0.0491 -0.00479289 0.00411732 -0.0491 -0.00457612 0.0043 -0.0491 -0.0035 0.0095 -0.0491 -0.0003 0.0045 -0.0491 -0.0037 0.0097 -0.0491 -0.0005 0.0097 -0.0491 -0.0078 -0.00051962 -0.0491 -0.0021 -0.0043 -0.0491 -0.0035 -0.00379289 -0.0491 -0.00620711 -0.00411732 -0.0491 -0.00642388 -0.00357612 -0.0491 -0.00588268 -0.0035 -0.0491 -0.0055 -0.0095 -0.0491 -0.0003 -0.0045 -0.0491 -0.0037 -0.0003 -0.0491 -0.00231962 0 -0.0491 -0.0024 0.0003 -0.0491 -0.00231962 0.00051962 -0.0491 -0.0021 -0.00051962 -0.0496 -0.0015 -0.0003 -0.0496 -0.00128038 0.00051962 -0.0496 -0.0015 0.0003 -0.0496 -0.00128038 0 -0.0496 -0.0012 -0.0097 -0.0501 -0.0078 -0.0097 -0.0501 -0.0005 -0.0095 -0.0501 -0.008 -0.0045 -0.0501 -0.008 -0.0045 -0.0501 -0.0065 -0.0045 -0.0501 -0.0045 -0.00411732 -0.0501 -0.00457612 -0.00379289 -0.0501 -0.00479289 -0.00357612 -0.0501 -0.00511732 -0.0035 -0.0501 -0.0055 -0.00357612 -0.0501 -0.00588268 -0.00379289 -0.0501 -0.00620711 -0.00411732 -0.0501 -0.00642388 -0.0045 -0.0501 -0.0037 -0.0043 -0.0501 -0.0035 0.0043 -0.0501 -0.0035 0.0045 -0.0501 -0.0037 0.0045 -0.0501 -0.0045 0.0045 -0.0501 -0.0065 0.00411732 -0.0501 -0.00642388 0.00379289 -0.0501 -0.00620711 0.00357612 -0.0501 -0.00588268 0.0035 -0.0501 -0.0055 0.00357612 -0.0501 -0.00511732 0.00379289 -0.0501 -0.00479289 0.00411732 -0.0501 -0.00457612 0.0045 -0.0501 -0.008 0.0095 -0.0501 -0.008 0.0097 -0.0501 -0.0078 0.0097 -0.0501 -0.0005 0.0095 -0.0501 -0.0003 -0.0095 -0.0501 -0.0003 0.0006 -0.0501 -0.0018 0.00051962 -0.0501 -0.0015 0.0003 -0.0501 -0.00128038 0 -0.0501 -0.0012 -0.0003 -0.0501 -0.00128038 -0.00051962 -0.0501 -0.0015 -0.0006 -0.0501 -0.0018 -0.00051962 -0.0501 -0.0021 -0.0003 -0.0501 -0.00231962 0 -0.0501 -0.0024 0.0003 -0.0501 -0.00231962 0.00051962 -0.0501 -0.0021 -0.0095 -0.073 -0.008 -0.0097 -0.073 -0.0078 -0.0097 -0.073 -0.0005 -0.0095 -0.073 -0.0003 0.0095 -0.073 -0.0003 0.0097 -0.073 -0.0005 0.0097 -0.073 -0.0078 0.0095 -0.073 -0.008 0.0045 -0.073 -0.0045 0.0045 -0.073 -0.0037 0.0045 -0.073 -0.008 0.0045 -0.073 -0.0065 -0.0043 -0.073 -0.0035 -0.0045 -0.073 -0.0037 0.0043 -0.073 -0.0035 -0.0045 -0.073 -0.0065 -0.0045 -0.073 -0.008 -0.0045 -0.073 -0.0045 -0.00371817 -0.077 -0.00487651 -0.00406612 -0.077 -0.00459903 -0.00352507 -0.077 -0.00572252 -0.00352507 -0.077 -0.00527748 -0.00371817 -0.077 -0.00612349 -0.00406612 -0.077 -0.00640097 0.00406612 -0.077 -0.00459903 0.00371817 -0.077 -0.00487651 0.00371817 -0.077 -0.00612349 0.00406612 -0.077 -0.00640097 0.00352507 -0.077 -0.00572252 0.00352507 -0.077 -0.00527748 0.00406612 -0.073 -0.00640097 0.00371817 -0.073 -0.00612349 0.00352507 -0.073 -0.00572252 0.00352507 -0.073 -0.00527748 0.00371817 -0.073 -0.00487651 0.00406612 -0.073 -0.00459903 -0.00406612 -0.073 -0.00459903 -0.00371817 -0.073 -0.00487651 -0.00352507 -0.073 -0.00527748 -0.00352507 -0.073 -0.00572252 -0.00371817 -0.073 -0.00612349 -0.00406612 -0.073 -0.00640097 -0.0006 -0.073 -0.0018 -0.00051962 -0.073 -0.0021 -0.0003 -0.073 -0.00231962 0 -0.073 -0.0024 0.0003 -0.073 -0.00231962 0.00051962 -0.073 -0.0021 0.0006 -0.073 -0.0018 0.00051962 -0.073 -0.0015 0.0003 -0.073 -0.00128038 0 -0.073 -0.0012 -0.0003 -0.073 -0.00128038 -0.00051962 -0.073 -0.0015 0.0075 -0.06855 -0.00373876 0.0062705 -0.06855 -0.003 0.00639226 -0.06908346 -0.003 0.00722641 -0.06974868 -0.003 0.00777359 -0.06974868 -0.003 0.00673342 -0.06951126 -0.003 0.00860774 -0.06908346 -0.003 0.0087295 -0.06855 -0.003 0.00826658 -0.06951126 -0.003 0.00826658 -0.06758874 -0.003 0.00777359 -0.06735133 -0.003 0.00860774 -0.06801654 -0.003 0.00673342 -0.06758874 -0.003 0.00639226 -0.06801654 -0.003 0.00722641 -0.06735133 -0.003 0.0075 -0.05855 -0.00373876 0.0062705 -0.05855 -0.003 0.00639226 -0.05908346 -0.003 0.00722641 -0.05974868 -0.003 0.00777359 -0.05974868 -0.003 0.00673342 -0.05951126 -0.003 0.00860774 -0.05908346 -0.003 0.0087295 -0.05855 -0.003 0.00826658 -0.05951126 -0.003 0.00826658 -0.05758874 -0.003 0.00777359 -0.05735132 -0.003 0.00860774 -0.05801654 -0.003 0.00673342 -0.05758874 -0.003 0.00639226 -0.05801654 -0.003 0.00722641 -0.05735132 -0.003 -0.0075 -0.06855 -0.00373876 -0.0087295 -0.06855 -0.003 -0.00860774 -0.06908346 -0.003 -0.00777359 -0.06974868 -0.003 -0.00722641 -0.06974868 -0.003 -0.00826658 -0.06951126 -0.003 -0.00639226 -0.06908346 -0.003 -0.0062705 -0.06855 -0.003 -0.00673342 -0.06951126 -0.003 -0.00673342 -0.06758874 -0.003 -0.00722641 -0.06735133 -0.003 -0.00639226 -0.06801654 -0.003 -0.00826658 -0.06758874 -0.003 -0.00860774 -0.06801654 -0.003 -0.00777359 -0.06735133 -0.003 -0.0075 -0.05855 -0.00373876 -0.0087295 -0.05855 -0.003 -0.00860774 -0.05908346 -0.003 -0.00777359 -0.05974868 -0.003 -0.00722641 -0.05974868 -0.003 -0.00826658 -0.05951126 -0.003 -0.00639226 -0.05908346 -0.003 -0.0062705 -0.05855 -0.003 -0.00673342 -0.05951126 -0.003 -0.00673342 -0.05758874 -0.003 -0.00722641 -0.05735132 -0.003 -0.00639226 -0.05801654 -0.003 -0.00826658 -0.05758874 -0.003 -0.00860774 -0.05801654 -0.003 -0.00777359 -0.05735132 -0.003 0.0098 -0.0541 0 0.0098 -0.073 0 0.01 -0.0541 -0.0002 0.01 -0.073 -0.0002 0.0062705 -0.06855 0 0.00639226 -0.06908346 0 0.00673342 -0.06951126 0 0.00722641 -0.06974868 0 0.00777359 -0.06974868 0 0.00826658 -0.06951126 0 0.00860774 -0.06908346 0 0.0087295 -0.06855 0 0.00860774 -0.06801654 0 0.00826658 -0.06758874 0 0.00777359 -0.06735133 0 0.00722641 -0.06735133 0 0.00673342 -0.06758874 0 0.00639226 -0.06801654 0 0.0062705 -0.05855 0 0.00639226 -0.05908346 0 0.00673342 -0.05951126 0 0.00722641 -0.05974868 0 0.00777359 -0.05974868 0 0.00826658 -0.05951126 0 0.00860774 -0.05908346 0 0.0087295 -0.05855 0 0.00860774 -0.05801654 0 0.00826658 -0.05758874 0 0.00777359 -0.05735132 0 0.00722641 -0.05735132 0 0.00673342 -0.05758874 0 0.00639226 -0.05801654 0 -0.0087295 -0.06855 0 -0.00860774 -0.06908346 0 -0.00826658 -0.06951126 0 -0.00777359 -0.06974868 0 -0.00722641 -0.06974868 0 -0.00673342 -0.06951126 0 -0.00639226 -0.06908346 0 -0.0062705 -0.06855 0 -0.00639226 -0.06801654 0 -0.00673342 -0.06758874 0 -0.00722641 -0.06735133 0 -0.00777359 -0.06735133 0 -0.00826658 -0.06758874 0 -0.00860774 -0.06801654 0 -0.0087295 -0.05855 0 -0.00860774 -0.05908346 0 -0.00826658 -0.05951126 0 -0.00777359 -0.05974868 0 -0.00722641 -0.05974868 0 -0.00673342 -0.05951126 0 -0.00639226 -0.05908346 0 -0.0062705 -0.05855 0 -0.00639226 -0.05801654 0 -0.00673342 -0.05758874 0 -0.00722641 -0.05735132 0 -0.00777359 -0.05735132 0 -0.00826658 -0.05758874 0 -0.00860774 -0.05801654 0 -0.01 -0.0541 -0.0002 -0.01 -0.073 -0.0002 -0.0098 -0.0541 0 -0.0098 -0.073 0 -0.01 -0.0541 -0.0053 -0.01 -0.073 -0.0053 -0.00985 -0.0541 -0.00525981 -0.00985 -0.073 -0.00525981 -0.00974019 -0.0541 -0.00515 -0.00974019 -0.073 -0.00515 -0.0097 -0.0541 -0.005 -0.0097 -0.073 -0.005 -0.00974019 -0.0541 -0.00485 -0.00974019 -0.073 -0.00485 -0.00985 -0.0541 -0.00474019 -0.00985 -0.073 -0.00474019 -0.01 -0.0541 -0.0047 -0.01 -0.073 -0.0047 -0.0098 -0.0541 -0.008 -0.0098 -0.073 -0.008 -0.01 -0.0541 -0.0078 -0.01 -0.073 -0.0078 -0.0045 -0.0541 -0.0045 -0.0045 -0.0541 -0.0037 -0.0045 -0.0541 -0.008 -0.0045 -0.0541 -0.0065 0.0043 -0.0541 -0.0035 0.0045 -0.0541 -0.0037 -0.0043 -0.0541 -0.0035 0.0045 -0.0541 -0.0045 0.01 -0.0541 -0.0078 0.01 -0.073 -0.0078 0.0098 -0.0541 -0.008 0.0098 -0.073 -0.008 0.0045 -0.0541 -0.0065 0.0045 -0.0541 -0.008 0.005 -0.0541 0 0.005 -0.073 0 -0.005 -0.0541 0 -0.005 -0.073 0 -0.004 -0.073 -0.00463397 -0.004 -0.0541 -0.00463397 -0.00363397 -0.073 -0.005 -0.00363397 -0.0541 -0.005 -0.0035 -0.073 -0.0055 -0.0035 -0.0541 -0.0055 -0.00363397 -0.073 -0.006 -0.00363397 -0.0541 -0.006 -0.004 -0.073 -0.00636603 -0.004 -0.0541 -0.00636603 0.004 -0.073 -0.00636603 0.004 -0.0541 -0.00636603 0.00363397 -0.073 -0.006 0.00363397 -0.0541 -0.006 0.0035 -0.073 -0.0055 0.0035 -0.0541 -0.0055 0.00363397 -0.073 -0.005 0.00363397 -0.0541 -0.005 0.004 -0.073 -0.00463397 0.004 -0.0541 -0.00463397 -0.005 -0.0541 -0.00015 -0.005 -0.073 -0.00015 0.005 -0.073 -0.00015 0.005 -0.0541 -0.00015 -0.0097 -0.0541 -0.0078 -0.0095 -0.0541 -0.008 0.0095 -0.0541 -0.008 0.0097 -0.0541 -0.0078 -0.0095 -0.0541 -0.0003 -0.0097 -0.0541 -0.0005 0.0097 -0.0541 -0.0005 0.0095 -0.0541 -0.0003 0.00406612 -0.0501 -0.00640097 0.00371817 -0.0501 -0.00487651 0.00406612 -0.0501 -0.00459903 0.00352507 -0.0501 -0.00527748 0.00352507 -0.0501 -0.00572252 0.00371817 -0.0501 -0.00612349 -0.00406612 -0.0501 -0.00459903 -0.00371817 -0.0501 -0.00487651 -0.00406612 -0.0501 -0.00640097 -0.00352507 -0.0501 -0.00527748 -0.00352507 -0.0501 -0.00572252 -0.00371817 -0.0501 -0.00612349 -0.00406612 -0.0541 -0.00459903 -0.00371817 -0.0541 -0.00487651 -0.00352507 -0.0541 -0.00527748 -0.00352507 -0.0541 -0.00572252 -0.00371817 -0.0541 -0.00612349 -0.00406612 -0.0541 -0.00640097 0.00406612 -0.0541 -0.00640097 0.00371817 -0.0541 -0.00612349 0.00352507 -0.0541 -0.00572252 0.00352507 -0.0541 -0.00527748 0.00371817 -0.0541 -0.00487651 0.00406612 -0.0541 -0.00459903 0.0006 -0.0541 -0.0018 0.00051962 -0.0541 -0.0021 0.0003 -0.0541 -0.00231962 0 -0.0541 -0.0024 -0.0003 -0.0541 -0.00231962 -0.00051962 -0.0541 -0.0021 -0.0006 -0.0541 -0.0018 -0.00051962 -0.0541 -0.0015 -0.0003 -0.0541 -0.00128038 0 -0.0541 -0.0012 0.0003 -0.0541 -0.00128038 0.00051962 -0.0541 -0.0015 0.00892894 -0.069375 -0 0.00915 -0.06855 -0 0.0102 -0.078 -0 0.00892894 -0.057725 -0 0.0102 -0.0491 -0 0.00915 -0.05855 -0 0.00892894 -0.059375 -0 -0.00892894 -0.069375 -0 -0.0102 -0.078 -0 -0.00915 -0.06855 -0 -0.0102 -0.0491 -0 -0.00892894 -0.067725 -0 -0.0075 -0.0569 -0 -0.008325 -0.05712106 -0 0.008325 -0.05712106 -0 0.0075 -0.0569 -0 0.006675 -0.05712106 -0 0.00607106 -0.057725 -0 -0.008325 -0.06997894 -0 -0.0075 -0.0702 -0 -0.006675 -0.06997894 -0 -0.00607106 -0.069375 -0 0.00607106 -0.059375 -0 -0.00607106 -0.059375 -0 0.00585 -0.05855 -0 -0.00585 -0.05855 -0 -0.00607106 -0.057725 -0 -0.006675 -0.05712106 -0 0.006675 -0.06997894 -0 0.0075 -0.0702 -0 0.008325 -0.06997894 -0 0.008325 -0.06712106 -0 0.0075 -0.0669 -0 -0.006675 -0.05997894 -0 0.006675 -0.06712106 -0 -0.0075 -0.0602 -0 0.00607106 -0.067725 -0 0.008325 -0.05997894 -0 0.0075 -0.0602 -0 0.00892894 -0.067725 -0 0.006675 -0.05997894 -0 -0.0075 -0.0669 -0 -0.008325 -0.05997894 -0 -0.008325 -0.06712106 -0 -0.00892894 -0.059375 -0 -0.00915 -0.05855 -0 -0.00892894 -0.057725 -0 0.00607106 -0.069375 -0 0.00585 -0.06855 -0 -0.00585 -0.06855 -0 -0.00607106 -0.067725 -0 -0.006675 -0.06712106 -0 -0.016 -0.078 -0.003 -0.0102 -0.078 -0.003 -0.016 -0.078 -0 0.0102 -0.078 -0.003 0.016 -0.078 -0.003 0.016 -0.078 0.0005 0 -0.078 0.004 0.011 -0.078 0.004 0.019 -0.078 0.004 0.019 -0.078 0.0005 -0.026 -0.078 0.004 -0.026 -0.078 -0 -0.0251 -0.078 0.004 -0.016275 -0.078 0.004 -0.011 -0.078 0.004 0.019 -0.0491 0.004 0.019 -0.0491 0.0005 0.016 -0.0491 0.0005 0.016 -0.0491 -0.003 0.0102 -0.0491 -0.003 -0.011 -0.0491 0.004 0 -0.0491 0.004 -0.0102 -0.0491 -0.003 -0.016 -0.0491 -0.003 -0.016 -0.0491 -0 0.011 -0.0491 0.004 -0.016275 -0.0491 0.004 -0.0251 -0.0491 0.004 -0.026 -0.0491 -0 -0.026 -0.0491 0.004 -0.026 -0.0549 0.004 -0.01442894 -0.055225 0.004 -0.013825 -0.05462106 0.004 -0.016275 -0.0549 0.004 0.011 -0.0649 0.004 0.01135 -0.06605 0.004 0.01157106 -0.065225 0.004 0.01442894 -0.066875 0.004 0.019 -0.068775 0.004 0.01465 -0.06605 0.004 0.019 -0.0649 0.004 0.01442894 -0.065225 0.004 0.013825 -0.06747894 0.004 0.013 -0.0677 0.004 0.011 -0.068775 0.004 0.012175 -0.06747894 0.004 0.01157106 -0.066875 0.004 0.012175 -0.06462106 0.004 0.013 -0.0644 0.004 0.011 -0.06305 0.004 0.013825 -0.06462106 0.004 0.019 -0.06305 0.004 0.011 -0.0549 0.004 0.01135 -0.05605 0.004 0.01157106 -0.055225 0.004 0.019 -0.058775 0.004 0.019 -0.0549 0.004 0.01465 -0.05605 0.004 0.011 -0.058775 0.004 0.012175 -0.05747894 0.004 0.01157106 -0.056875 0.004 0.01442894 -0.056875 0.004 0.013825 -0.05747894 0.004 0.013 -0.0577 0.004 0.012175 -0.05462106 0.004 0.013 -0.0544 0.004 0.013825 -0.05462106 0.004 0.01442894 -0.055225 0.004 -0.013 -0.0577 0.004 -0.013825 -0.05747894 0.004 -0.016275 -0.058775 0.004 -0.01442894 -0.056875 0.004 -0.01465 -0.05605 0.004 -0.012175 -0.05462106 0.004 -0.01157106 -0.055225 0.004 -0.011 -0.0549 0.004 -0.01135 -0.05605 0.004 -0.011 -0.058775 0.004 -0.01157106 -0.056875 0.004 -0.012175 -0.05747894 0.004 -0.01157106 -0.066875 0.004 -0.011 -0.068775 0.004 -0.01135 -0.06605 0.004 -0.011 -0.0649 0.004 -0.01157106 -0.065225 0.004 -0.012175 -0.06462106 0.004 -0.01442894 -0.066875 0.004 -0.01465 -0.06605 0.004 -0.016275 -0.0649 0.004 -0.012175 -0.06747894 0.004 -0.013 -0.0677 0.004 -0.016275 -0.068775 0.004 -0.013825 -0.06747894 0.004 -0.013825 -0.06462106 0.004 -0.013 -0.0644 0.004 -0.011 -0.06305 0.004 0.00445733 -0.05773472 0.004 0.00477202 -0.056975 0.004 0 -0.0549 0.004 0.00527261 -0.05632261 0.004 0.005925 -0.05582202 0.004 0.009075 -0.05582202 0.004 0.00972739 -0.05632261 0.004 0.01022798 -0.056975 0.004 0.00668472 -0.05550733 0.004 0.0075 -0.0554 0.004 0.00831528 -0.05550733 0.004 0.01054267 -0.05773472 0.004 0.00972739 -0.06077738 0.004 0.009075 -0.06127798 0.004 0.01065 -0.05855 0.004 0.01054267 -0.05936528 0.004 0.01022798 -0.060125 0.004 0.005925 -0.06127798 0.004 0.00527261 -0.06077738 0.004 0 -0.06305 0.004 0.00477202 -0.060125 0.004 0 -0.058775 0.004 0.00445733 -0.05936528 0.004 0.00435 -0.05855 0.004 0.00831528 -0.06159266 0.004 0.0075 -0.0617 0.004 0.00668472 -0.06159266 0.004 0.00435 -0.06855 0.004 0.00445733 -0.06773472 0.004 0 -0.0649 0.004 0.00477202 -0.066975 0.004 0.00527261 -0.06632262 0.004 0.005925 -0.06582202 0.004 0.01054267 -0.06773472 0.004 0.01065 -0.06855 0.004 0.009075 -0.06582202 0.004 0.00972739 -0.06632262 0.004 0.01022798 -0.066975 0.004 0.00668472 -0.06550733 0.004 0.0075 -0.0654 0.004 0.00831528 -0.06550733 0.004 0.01054267 -0.06936528 0.004 0.01022798 -0.070125 0.004 0.011 -0.073925 0.004 0.00972739 -0.07077739 0.004 0.009075 -0.07127798 0.004 0.00831528 -0.07159267 0.004 0.0075 -0.0717 0.004 0 -0.073925 0.004 0.00668472 -0.07159267 0.004 0.005925 -0.07127798 0.004 0.00527261 -0.07077739 0.004 0.00477202 -0.070125 0.004 0 -0.068775 0.004 0.00445733 -0.06936528 0.004 -0.01065 -0.05855 0.004 -0.01054267 -0.05773472 0.004 -0.00445733 -0.05773472 0.004 -0.00972739 -0.05632261 0.004 -0.009075 -0.05582202 0.004 -0.00831528 -0.05550733 0.004 -0.0075 -0.0554 0.004 -0.00668472 -0.05550733 0.004 -0.005925 -0.05582202 0.004 -0.01022798 -0.056975 0.004 -0.00527261 -0.05632261 0.004 -0.00477202 -0.056975 0.004 -0.00527261 -0.06077738 0.004 -0.005925 -0.06127798 0.004 -0.00435 -0.05855 0.004 -0.00445733 -0.05936528 0.004 -0.00477202 -0.060125 0.004 -0.00668472 -0.06159266 0.004 -0.0075 -0.0617 0.004 -0.00831528 -0.06159266 0.004 -0.009075 -0.06127798 0.004 -0.00972739 -0.06077738 0.004 -0.01022798 -0.060125 0.004 -0.01054267 -0.05936528 0.004 -0.00972739 -0.06632262 0.004 -0.009075 -0.06582202 0.004 -0.00668472 -0.06550733 0.004 -0.0075 -0.0654 0.004 -0.00831528 -0.06550733 0.004 -0.01054267 -0.06936528 0.004 -0.01065 -0.06855 0.004 -0.01054267 -0.06773472 0.004 -0.01022798 -0.066975 0.004 -0.005925 -0.06582202 0.004 -0.00527261 -0.06632262 0.004 -0.00477202 -0.066975 0.004 -0.00445733 -0.06773472 0.004 -0.00831528 -0.07159267 0.004 -0.009075 -0.07127798 0.004 -0.011 -0.073925 0.004 -0.00972739 -0.07077739 0.004 -0.01022798 -0.070125 0.004 -0.00435 -0.06855 0.004 -0.00445733 -0.06936528 0.004 -0.00477202 -0.070125 0.004 -0.00527261 -0.07077739 0.004 -0.005925 -0.07127798 0.004 -0.00668472 -0.07159267 0.004 -0.0075 -0.0717 0.004 -0.02409267 -0.05218472 0.004 -0.0242 -0.053 0.004 -0.0251 -0.0549 0.004 -0.02409267 -0.05381528 0.004 -0.02377798 -0.051425 0.004 -0.02327739 -0.05077261 0.004 -0.022625 -0.05027202 0.004 -0.02186528 -0.04995733 0.004 -0.02105 -0.04985 0.004 -0.02023472 -0.04995733 0.004 -0.019475 -0.05027202 0.004 -0.01882261 -0.05077261 0.004 -0.01832202 -0.051425 0.004 -0.01800733 -0.05218472 0.004 -0.013 -0.0544 0.004 -0.0179 -0.053 0.004 -0.01800733 -0.05381528 0.004 -0.01832202 -0.054575 0.004 -0.01882261 -0.05522739 0.004 -0.02186528 -0.05604267 0.004 -0.022625 -0.05572798 0.004 -0.0251 -0.058775 0.004 -0.02327739 -0.05522739 0.004 -0.02377798 -0.054575 0.004 -0.019475 -0.05572798 0.004 -0.02023472 -0.05604267 0.004 -0.02105 -0.05615 0.004 -0.0251 -0.06305 0.004 -0.02409267 -0.06218472 0.004 -0.02377798 -0.061425 0.004 -0.02327739 -0.06077261 0.004 -0.022625 -0.06027202 0.004 -0.019475 -0.06027202 0.004 -0.01882261 -0.06077261 0.004 -0.01832202 -0.061425 0.004 -0.02186528 -0.05995733 0.004 -0.02105 -0.05985 0.004 -0.02023472 -0.05995733 0.004 -0.016275 -0.06305 0.004 -0.0251 -0.0649 0.004 -0.02409267 -0.06381528 0.004 -0.0242 -0.063 0.004 -0.01832202 -0.064575 0.004 -0.01882261 -0.06522739 0.004 -0.019475 -0.06572798 0.004 -0.02023472 -0.06604267 0.004 -0.0251 -0.068775 0.004 -0.02105 -0.06615 0.004 -0.02186528 -0.06604267 0.004 -0.022625 -0.06572798 0.004 -0.02327739 -0.06522739 0.004 -0.02377798 -0.064575 0.004 -0.01800733 -0.06218472 0.004 -0.0179 -0.063 0.004 -0.01800733 -0.06381528 0.004 -0.02409267 -0.07218472 0.004 -0.0242 -0.073 0.004 -0.0251 -0.073925 0.004 -0.01800733 -0.07218472 0.004 -0.0179 -0.073 0.004 -0.016275 -0.073925 0.004 -0.02377798 -0.071425 0.004 -0.02327739 -0.07077261 0.004 -0.022625 -0.07027202 0.004 -0.02023472 -0.06995733 0.004 -0.02105 -0.06985 0.004 -0.02186528 -0.06995733 0.004 -0.019475 -0.07027202 0.004 -0.01882261 -0.07077261 0.004 -0.01832202 -0.071425 0.004 -0.022625 -0.07572798 0.004 -0.02327739 -0.07522739 0.004 -0.02377798 -0.074575 0.004 -0.02409267 -0.07381528 0.004 -0.01800733 -0.07381528 0.004 -0.01832202 -0.074575 0.004 -0.01882261 -0.07522739 0.004 -0.019475 -0.07572798 0.004 -0.02023472 -0.07604267 0.004 -0.02105 -0.07615 0.004 -0.02186528 -0.07604267 0.004 -0.01442894 -0.065225 0.004 0.019 -0.073925 0.004 -0.026 -0.058775 0.004 -0.026 -0.06305 0.004 -0.026 -0.0649 0.004 -0.026 -0.068775 0.004 -0.026 -0.073925 0.004 0.00590622 -0.05897705 0.0025 0.00607106 -0.059375 0.0025 0.00633327 -0.05971673 0.0025 0.006675 -0.05997894 0.0025 0.00707295 -0.06014378 0.0025 0.0075 -0.0602 0.0025 0.00792705 -0.06014378 0.0025 0.008325 -0.05997894 0.0025 0.00866673 -0.05971673 0.0025 0.00892894 -0.059375 0.0025 0.00909378 -0.05897705 0.0025 0.00915 -0.05855 0.0025 0.00909378 -0.05812295 0.0025 0.00892894 -0.057725 0.0025 0.00866673 -0.05738327 0.0025 0.008325 -0.05712106 0.0025 0.00792705 -0.05695622 0.0025 0.0075 -0.0569 0.0025 0.00707295 -0.05695622 0.0025 0.006675 -0.05712106 0.0025 0.00633327 -0.05738327 0.0025 0.00607106 -0.057725 0.0025 0.00590622 -0.05812295 0.0025 0.00585 -0.05855 0.0025 -0.00909378 -0.06897705 0.0025 -0.00892894 -0.069375 0.0025 -0.00866673 -0.06971673 0.0025 -0.008325 -0.06997894 0.0025 -0.00792705 -0.07014377 0.0025 -0.0075 -0.0702 0.0025 -0.00707295 -0.07014377 0.0025 -0.006675 -0.06997894 0.0025 -0.00633327 -0.06971673 0.0025 -0.00607106 -0.069375 0.0025 -0.00590622 -0.06897705 0.0025 -0.00585 -0.06855 0.0025 -0.00590622 -0.06812295 0.0025 -0.00607106 -0.067725 0.0025 -0.00633327 -0.06738327 0.0025 -0.006675 -0.06712106 0.0025 -0.00707295 -0.06695622 0.0025 -0.0075 -0.0669 0.0025 -0.00792705 -0.06695622 0.0025 -0.008325 -0.06712106 0.0025 -0.00866673 -0.06738327 0.0025 -0.00892894 -0.067725 0.0025 -0.00909378 -0.06812295 0.0025 -0.00915 -0.06855 0.0025 0.00590622 -0.06897705 0.0025 0.00607106 -0.069375 0.0025 0.00633327 -0.06971673 0.0025 0.006675 -0.06997894 0.0025 0.00707295 -0.07014377 0.0025 0.0075 -0.0702 0.0025 0.00792705 -0.07014377 0.0025 0.008325 -0.06997894 0.0025 0.00866673 -0.06971673 0.0025 0.00892894 -0.069375 0.0025 0.00909378 -0.06897705 0.0025 0.00915 -0.06855 0.0025 0.00909378 -0.06812295 0.0025 0.00892894 -0.067725 0.0025 0.00866673 -0.06738327 0.0025 0.008325 -0.06712106 0.0025 0.00792705 -0.06695622 0.0025 0.0075 -0.0669 0.0025 0.00707295 -0.06695622 0.0025 0.006675 -0.06712106 0.0025 0.00633327 -0.06738327 0.0025 0.00607106 -0.067725 0.0025 0.00590622 -0.06812295 0.0025 0.00585 -0.06855 0.0025 -0.00909378 -0.05897705 0.0025 -0.00892894 -0.059375 0.0025 -0.00866673 -0.05971673 0.0025 -0.008325 -0.05997894 0.0025 -0.00792705 -0.06014378 0.0025 -0.0075 -0.0602 0.0025 -0.00707295 -0.06014378 0.0025 -0.006675 -0.05997894 0.0025 -0.00633327 -0.05971673 0.0025 -0.00607106 -0.059375 0.0025 -0.00590622 -0.05897705 0.0025 -0.00585 -0.05855 0.0025 -0.00590622 -0.05812295 0.0025 -0.00607106 -0.057725 0.0025 -0.00633327 -0.05738327 0.0025 -0.006675 -0.05712106 0.0025 -0.00707295 -0.05695622 0.0025 -0.0075 -0.0569 0.0025 -0.00792705 -0.05695622 0.0025 -0.008325 -0.05712106 0.0025 -0.00866673 -0.05738327 0.0025 -0.00892894 -0.057725 0.0025 -0.00909378 -0.05812295 0.0025 -0.00915 -0.05855 0.0025 -0.01135 -0.06605 -0.003 -0.01157106 -0.065225 -0.003 -0.012175 -0.06462106 -0.003 -0.01157106 -0.055225 -0.003 -0.01135 -0.05605 -0.003 -0.01157106 -0.056875 -0.003 -0.013825 -0.06747894 -0.003 -0.013 -0.0677 -0.003 -0.012175 -0.06747894 -0.003 -0.01157106 -0.066875 -0.003 -0.013825 -0.05462106 -0.003 -0.013 -0.0544 -0.003 -0.012175 -0.05462106 -0.003 -0.01442894 -0.055225 -0.003 -0.01465 -0.05605 -0.003 -0.01442894 -0.056875 -0.003 -0.013825 -0.05747894 -0.003 -0.013 -0.0577 -0.003 -0.013825 -0.06462106 -0.003 -0.013 -0.0644 -0.003 -0.012175 -0.05747894 -0.003 -0.01442894 -0.065225 -0.003 -0.01465 -0.06605 -0.003 -0.01442894 -0.066875 -0.003 0.01135 -0.06605 -0.003 0.01157106 -0.066875 -0.003 0.012175 -0.05462106 -0.003 0.01157106 -0.055225 -0.003 0.01135 -0.05605 -0.003 0.01157106 -0.056875 -0.003 0.012175 -0.05747894 -0.003 0.01157106 -0.065225 -0.003 0.013825 -0.05462106 -0.003 0.013 -0.0544 -0.003 0.013825 -0.05747894 -0.003 0.01442894 -0.056875 -0.003 0.01465 -0.05605 -0.003 0.01442894 -0.055225 -0.003 0.013825 -0.06747894 -0.003 0.013 -0.0677 -0.003 0.012175 -0.06747894 -0.003 0.01442894 -0.066875 -0.003 0.01465 -0.06605 -0.003 0.01442894 -0.065225 -0.003 0.013825 -0.06462106 -0.003 0.013 -0.0577 -0.003 0.013 -0.0644 -0.003 0.012175 -0.06462106 -0.003 -0.020225 -0.07442894 -0 -0.02105 -0.07465 -0 -0.021875 -0.07442894 -0 -0.02247894 -0.073825 -0 -0.01962106 -0.052175 -0 -0.020225 -0.05157106 -0 -0.02105 -0.05135 -0 -0.021875 -0.05157106 -0 -0.02247894 -0.052175 -0 -0.0227 -0.053 -0 -0.02247894 -0.053825 -0 -0.0227 -0.063 -0 -0.02247894 -0.062175 -0 -0.021875 -0.05442894 -0 -0.01962106 -0.073825 -0 -0.0194 -0.073 -0 -0.01962106 -0.072175 -0 -0.0194 -0.063 -0 -0.01962106 -0.063825 -0 -0.020225 -0.07157106 -0 -0.021875 -0.07157106 -0 -0.02247894 -0.072175 -0 -0.0227 -0.073 -0 -0.01962106 -0.062175 -0 -0.02105 -0.05465 -0 -0.020225 -0.05442894 -0 -0.01962106 -0.053825 -0 -0.0194 -0.053 -0 -0.020225 -0.06157106 -0 -0.02105 -0.06135 -0 -0.021875 -0.06157106 -0 -0.02247894 -0.063825 -0 -0.021875 -0.06442894 -0 -0.02105 -0.07135 -0 -0.02105 -0.06465 -0 -0.020225 -0.06442894 -0 -0.02264378 -0.05342705 0.0025 -0.02247894 -0.053825 0.0025 -0.02221673 -0.05416673 0.0025 -0.021875 -0.05442894 0.0025 -0.02147705 -0.05459378 0.0025 -0.02105 -0.05465 0.0025 -0.02062295 -0.05459378 0.0025 -0.020225 -0.05442894 0.0025 -0.01988327 -0.05416673 0.0025 -0.01962106 -0.053825 0.0025 -0.01945622 -0.05342705 0.0025 -0.0194 -0.053 0.0025 -0.01945622 -0.05257295 0.0025 -0.01962106 -0.052175 0.0025 -0.01988327 -0.05183327 0.0025 -0.020225 -0.05157106 0.0025 -0.02062295 -0.05140622 0.0025 -0.02105 -0.05135 0.0025 -0.02147705 -0.05140622 0.0025 -0.021875 -0.05157106 0.0025 -0.02221673 -0.05183327 0.0025 -0.02247894 -0.052175 0.0025 -0.02264378 -0.05257295 0.0025 -0.0227 -0.053 0.0025 -0.02264378 -0.06342705 0.0025 -0.02247894 -0.063825 0.0025 -0.02221673 -0.06416672 0.0025 -0.021875 -0.06442894 0.0025 -0.02147705 -0.06459378 0.0025 -0.02105 -0.06465 0.0025 -0.02062295 -0.06459378 0.0025 -0.020225 -0.06442894 0.0025 -0.01988327 -0.06416672 0.0025 -0.01962106 -0.063825 0.0025 -0.01945622 -0.06342705 0.0025 -0.0194 -0.063 0.0025 -0.01945622 -0.06257295 0.0025 -0.01962106 -0.062175 0.0025 -0.01988327 -0.06183327 0.0025 -0.020225 -0.06157106 0.0025 -0.02062295 -0.06140622 0.0025 -0.02105 -0.06135 0.0025 -0.02147705 -0.06140622 0.0025 -0.021875 -0.06157106 0.0025 -0.02221673 -0.06183327 0.0025 -0.02247894 -0.062175 0.0025 -0.02264378 -0.06257295 0.0025 -0.0227 -0.063 0.0025 -0.02264378 -0.07342705 0.0025 -0.02247894 -0.073825 0.0025 -0.02221673 -0.07416672 0.0025 -0.021875 -0.07442894 0.0025 -0.02147705 -0.07459377 0.0025 -0.02105 -0.07465 0.0025 -0.02062295 -0.07459377 0.0025 -0.020225 -0.07442894 0.0025 -0.01988327 -0.07416672 0.0025 -0.01962106 -0.073825 0.0025 -0.01945622 -0.07342705 0.0025 -0.0194 -0.073 0.0025 -0.01945622 -0.07257295 0.0025 -0.01962106 -0.072175 0.0025 -0.01988327 -0.07183328 0.0025 -0.020225 -0.07157106 0.0025 -0.02062295 -0.07140622 0.0025 -0.02105 -0.07135 0.0025 -0.02147705 -0.07140622 0.0025 -0.021875 -0.07157106 0.0025 -0.02221673 -0.07183328 0.0025 -0.02247894 -0.072175 0.0025 -0.02264378 -0.07257295 0.0025 -0.0227 -0.073 0.0025 0.01233139 -0.05739275 0.004 0.0128616 -0.0575436 0.004 0.01 -0.07405 0.004 0.01447446 -0.05577438 0.004 0.01427533 -0.05526035 0.004 0.016 -0.05305 0.004 0.016 -0.07405 0.004 0.01390395 -0.06724703 0.004 0.01427533 -0.06683965 0.004 0.01447446 -0.05632563 0.004 0.01427533 -0.05683965 0.004 0.0128616 -0.0545564 0.004 0.01 -0.05305 0.004 0.01341049 -0.05460726 0.004 0.01390395 -0.05485297 0.004 0.01233139 -0.05470726 0.004 0.01189149 -0.05503946 0.004 0.01160129 -0.05550814 0.004 0.0115 -0.05605 0.004 0.01160129 -0.05659186 0.004 0.01189149 -0.05706054 0.004 0.01447446 -0.06632563 0.004 0.01447446 -0.06577437 0.004 0.01427533 -0.06526035 0.004 0.01233139 -0.06470726 0.004 0.01189149 -0.06503946 0.004 0.01341049 -0.05749274 0.004 0.01341049 -0.06460726 0.004 0.0128616 -0.0645564 0.004 0.01390395 -0.06485298 0.004 0.01390395 -0.05724702 0.004 0.01160129 -0.06550813 0.004 0.0115 -0.06605 0.004 0.01160129 -0.06659186 0.004 0.01189149 -0.06706055 0.004 0.01233139 -0.06739274 0.004 0.0128616 -0.0675436 0.004 0.01341049 -0.06749274 0.004 0.016 -0.07405 0.01 0.016 -0.07105 0.0085 0.016 -0.07050814 0.00839871 0.016 -0.07026035 0.00572467 0.016 -0.07077438 0.00552554 0.016 -0.06224703 0.00609605 0.016 -0.06249274 0.00658951 0.016 -0.07239275 0.00766861 0.016 -0.07206054 0.00810851 0.016 -0.07159186 0.00839871 0.016 -0.0625436 0.0071384 0.016 -0.06239275 0.00766861 0.016 -0.06206054 0.00810851 0.016 -0.06159186 0.00839871 0.016 -0.06105 0.0085 0.016 -0.05305 0.01 0.016 -0.06050814 0.00839871 0.016 -0.06003946 0.00810851 0.016 -0.05970725 0.00766861 0.016 -0.0595564 0.0071384 0.016 -0.05960726 0.00658951 0.016 -0.05985297 0.00609605 0.016 -0.06183965 0.00572467 0.016 -0.06132562 0.00552554 0.016 -0.07003946 0.00810851 0.016 -0.06970725 0.00766861 0.016 -0.07132562 0.00552554 0.016 -0.07183965 0.00572467 0.016 -0.06026035 0.00572467 0.016 -0.06077437 0.00552554 0.016 -0.07224703 0.00609605 0.016 -0.07249274 0.00658951 0.016 -0.0725436 0.0071384 0.016 -0.0695564 0.0071384 0.016 -0.06960726 0.00658951 0.016 -0.06985297 0.00609605 0.01 -0.05305 0.01 0.01 -0.07405 0.01 0.01160129 -0.05659186 0.01 0.01390395 -0.05485297 0.01 0.01427533 -0.05526035 0.01 0.01447446 -0.06577437 0.01 0.01447446 -0.06632563 0.01 0.01427533 -0.06683965 0.01 0.01189149 -0.05706054 0.01 0.0115 -0.06605 0.01 0.01160129 -0.06550813 0.01 0.0115 -0.05605 0.01 0.01160129 -0.05550814 0.01 0.01189149 -0.05503946 0.01 0.01233139 -0.05470726 0.01 0.0128616 -0.0545564 0.01 0.01341049 -0.05460726 0.01 0.01390395 -0.06485298 0.01 0.01427533 -0.06526035 0.01 0.0128616 -0.0575436 0.01 0.01341049 -0.05749274 0.01 0.01390395 -0.05724702 0.01 0.01390395 -0.06724703 0.01 0.01341049 -0.06749274 0.01 0.0128616 -0.0675436 0.01 0.01233139 -0.06739274 0.01 0.01189149 -0.06706055 0.01 0.01160129 -0.06659186 0.01 0.01189149 -0.06503946 0.01 0.01233139 -0.06470726 0.01 0.01233139 -0.05739275 0.01 0.0128616 -0.0645564 0.01 0.01341049 -0.06460726 0.01 0.01447446 -0.05577438 0.01 0.01447446 -0.05632563 0.01 0.01427533 -0.05683965 0.01 0.01 -0.07224703 0.00609605 0.01 -0.07183965 0.00572467 0.01 -0.07132562 0.00552554 0.01 -0.07077438 0.00552554 0.01 -0.06077437 0.00552554 0.01 -0.06026035 0.00572467 0.01 -0.06132562 0.00552554 0.01 -0.06183965 0.00572467 0.01 -0.07026035 0.00572467 0.01 -0.06960726 0.00658951 0.01 -0.06159186 0.00839871 0.01 -0.06206054 0.00810851 0.01 -0.05985297 0.00609605 0.01 -0.05960726 0.00658951 0.01 -0.0595564 0.0071384 0.01 -0.05970725 0.00766861 0.01 -0.06003946 0.00810851 0.01 -0.0725436 0.0071384 0.01 -0.07249274 0.00658951 0.01 -0.06239275 0.00766861 0.01 -0.0625436 0.0071384 0.01 -0.06985297 0.00609605 0.01 -0.06249274 0.00658951 0.01 -0.06224703 0.00609605 0.01 -0.06970725 0.00766861 0.01 -0.07003946 0.00810851 0.01 -0.07050814 0.00839871 0.01 -0.07105 0.0085 0.01 -0.07159186 0.00839871 0.01 -0.07206054 0.00810851 0.01 -0.07239275 0.00766861 0.01 -0.06050814 0.00839871 0.01 -0.06105 0.0085 0.01 -0.0695564 0.0071384 0.019 -0.06263836 0.02407106 0.019 -0.0632423 0.024675 0.019 -0.06308168 0.01625 0.019 -0.06263836 0.02692894 0.019 -0.06181336 0.02715 0.019 -0.06014582 0.046175 0.019 -0.05207993 0.03492025 0.019 -0.06098836 0.02692894 0.019 -0.06038442 0.026325 0.019 -0.0632423 0.026325 0.019 -0.06036688 0.047 0.019 -0.06367721 0.07185103 0.019 -0.05069007 0.0275612 0.019 -0.06016336 0.0255 0.019 -0.04949884 0.02074635 0.019 -0.06038442 0.024675 0.019 -0.04914864 0.01625523 0.019 -0.06098836 0.02407106 0.019 -0.06181336 0.02385 0.019 -0.05145 0.086 0.019 -0.04946071 0.08686467 0.019 -0.05167106 0.086825 0.019 -0.05049079 0.0884603 0.019 -0.052275 0.08742894 0.019 -0.05204163 0.08955666 0.019 -0.0531 0.08765 0.019 -0.05388945 0.08999556 0.019 -0.053925 0.08742894 0.019 -0.0557623 0.08954526 0.019 -0.05452894 0.086825 0.019 -0.05732595 0.08842039 0.019 -0.05475 0.086 0.019 -0.05834832 0.08678788 0.019 -0.05452894 0.085175 0.019 -0.053925 0.08457106 0.019 -0.0531 0.08435 0.019 -0.05289447 0.04986182 0.019 -0.05231283 0.05732835 0.019 -0.06014582 0.047825 0.019 -0.05954187 0.04842894 0.019 -0.05871687 0.04865 0.019 -0.05789188 0.04842894 0.019 -0.05728793 0.047825 0.019 -0.05706688 0.047 0.019 -0.05281664 0.04237308 0.019 -0.05728793 0.046175 0.019 -0.05789188 0.04557106 0.019 -0.05871687 0.04535 0.019 -0.05954187 0.04557106 0.019 -0.05107623 0.0647147 0.019 -0.04998012 0.0709157 0.019 -0.052275 0.08457106 0.019 -0.0493203 0.07717817 0.019 -0.05167106 0.085175 0.019 -0.0491 0.08347145 0.019 -0.0491 0.085 0.019 -0.06247894 0.007825 0.019 -0.0627 0.007 0.019 -0.06308168 0.004 0.019 -0.06247894 0.006175 0.019 -0.061875 0.00557106 0.019 -0.0501 0.00426795 0.019 -0.04936795 0.005 0.019 -0.0511 0.004 0.019 -0.0491 0.006 0.019 -0.05962106 0.006175 0.019 -0.060225 0.00557106 0.019 -0.06105 0.00535 0.019 -0.061875 0.00842894 0.019 -0.06105 0.00865 0.019 -0.060225 0.00842894 0.019 -0.0491 0.01383969 0.019 -0.05962106 0.007825 0.019 -0.0594 0.007 0.019 -0.07247894 0.007825 0.019 -0.071875 0.00842894 0.019 -0.07708796 0.01626372 0.019 -0.07105 0.00865 0.019 -0.06962106 0.006175 0.019 -0.070225 0.00557106 0.019 -0.07105 0.00535 0.019 -0.076 0.004 0.019 -0.07798158 0.01013497 0.019 -0.078 0.00986418 0.019 -0.0727 0.007 0.019 -0.078 0.006 0.019 -0.07784776 0.00523463 0.019 -0.06831405 0.05668506 0.019 -0.07224901 0.04132203 0.019 -0.06346336 0.0255 0.019 -0.07547379 0.02579439 0.019 -0.070225 0.00842894 0.019 -0.06962106 0.007825 0.019 -0.0694 0.007 0.019 -0.071875 0.00557106 0.019 -0.07247894 0.006175 0.019 -0.07676537 0.00415224 0.019 -0.07741421 0.00458579 0.016 -0.05834832 0.08678788 0.016 -0.05732595 0.08842039 0.016 -0.05452894 0.086825 0.016 -0.0632423 0.024675 0.016 -0.06263836 0.02407106 0.016 -0.06308168 0.01625 0.016 -0.06181336 0.02385 0.016 -0.04914864 0.01625523 0.016 -0.0632423 0.026325 0.016 -0.06036688 0.047 0.016 -0.06014582 0.046175 0.016 -0.05289447 0.04986182 0.016 -0.05281664 0.04237308 0.016 -0.05728793 0.046175 0.016 -0.05231283 0.05732835 0.016 -0.0531 0.08435 0.016 -0.053925 0.08742894 0.016 -0.0557623 0.08954526 0.016 -0.0531 0.08765 0.016 -0.05388945 0.08999556 0.016 -0.052275 0.08742894 0.016 -0.05204163 0.08955666 0.016 -0.05167106 0.086825 0.016 -0.05049079 0.0884603 0.016 -0.05145 0.086 0.016 -0.06098836 0.02407106 0.016 -0.06038442 0.024675 0.016 -0.04949884 0.02074635 0.016 -0.06016336 0.0255 0.016 -0.05069007 0.0275612 0.016 -0.05207993 0.03492025 0.016 -0.06038442 0.026325 0.016 -0.06098836 0.02692894 0.016 -0.05871687 0.04865 0.016 -0.06367721 0.07185103 0.016 -0.05954187 0.04842894 0.016 -0.06014582 0.047825 0.016 -0.05107623 0.0647147 0.016 -0.05789188 0.04557106 0.016 -0.05871687 0.04535 0.016 -0.05954187 0.04557106 0.016 -0.06181336 0.02715 0.016 -0.06263836 0.02692894 0.016 -0.05475 0.086 0.016 -0.05452894 0.085175 0.016 -0.053925 0.08457106 0.016 -0.05789188 0.04842894 0.016 -0.05728793 0.047825 0.016 -0.05706688 0.047 0.016 -0.04946071 0.08686467 0.016 -0.0491 0.085 0.016 -0.05167106 0.085175 0.016 -0.0491 0.08347145 0.016 -0.052275 0.08457106 0.016 -0.0493203 0.07717817 0.016 -0.04998012 0.0709157 0.016 -0.07547379 0.02579439 0.016 -0.07224901 0.04132203 0.016 -0.06831405 0.05668506 0.016 -0.07708796 0.01626372 0.016 -0.06346336 0.0255 0.016 -0.07247894 0.006175 0.016 -0.076 0.004 0.016 -0.0727 0.007 0.016 -0.07676537 0.00415224 0.016 -0.07741421 0.00458579 0.016 -0.071875 0.00557106 0.016 -0.07105 0.00535 0.016 -0.06308168 0.004 0.016 -0.070225 0.00557106 0.016 -0.06962106 0.006175 0.016 -0.0694 0.007 0.016 -0.06962106 0.007825 0.016 -0.070225 0.00842894 0.016 -0.07105 0.00865 0.016 -0.071875 0.00842894 0.016 -0.07798158 0.01013497 0.016 -0.07247894 0.007825 0.016 -0.078 0.00986418 0.016 -0.078 0.006 0.016 -0.07784776 0.00523463 0.016 -0.0511 0.004 0.016 -0.05962106 0.006175 0.016 -0.0594 0.007 0.016 -0.061875 0.00842894 0.016 -0.06247894 0.007825 0.016 -0.0627 0.007 0.016 -0.06247894 0.006175 0.016 -0.0491 0.006 0.016 -0.04936795 0.005 0.016 -0.0501 0.00426795 0.016 -0.061875 0.00557106 0.016 -0.06105 0.00535 0.016 -0.060225 0.00557106 0.016 -0.0491 0.01383969 0.016 -0.05962106 0.007825 0.016 -0.060225 0.00842894 0.016 -0.06105 0.00865 -0.01366861 -0.05739275 0.004 -0.0131384 -0.0575436 0.004 -0.016 -0.07405 0.004 -0.01152554 -0.05577438 0.004 -0.01172467 -0.05526035 0.004 -0.01 -0.05305 0.004 -0.01 -0.07405 0.004 -0.01209605 -0.06724703 0.004 -0.01172467 -0.06683965 0.004 -0.01152554 -0.05632563 0.004 -0.01172467 -0.05683965 0.004 -0.0131384 -0.0545564 0.004 -0.016 -0.05305 0.004 -0.0125895 -0.05460726 0.004 -0.01209605 -0.05485297 0.004 -0.01366861 -0.05470726 0.004 -0.01410851 -0.05503946 0.004 -0.01439871 -0.05550814 0.004 -0.0145 -0.05605 0.004 -0.01439871 -0.05659186 0.004 -0.01410851 -0.05706054 0.004 -0.01152554 -0.06632563 0.004 -0.01152554 -0.06577437 0.004 -0.01172467 -0.06526035 0.004 -0.01366861 -0.06470726 0.004 -0.01410851 -0.06503946 0.004 -0.0125895 -0.05749274 0.004 -0.0125895 -0.06460726 0.004 -0.0131384 -0.0645564 0.004 -0.01209605 -0.06485298 0.004 -0.01209605 -0.05724702 0.004 -0.01439871 -0.06550813 0.004 -0.0145 -0.06605 0.004 -0.01439871 -0.06659186 0.004 -0.01410851 -0.06706055 0.004 -0.01366861 -0.06739274 0.004 -0.0131384 -0.0675436 0.004 -0.0125895 -0.06749274 0.004 -0.01 -0.07405 0.01 -0.01 -0.07105 0.0085 -0.01 -0.07050814 0.00839871 -0.01 -0.07026035 0.00572467 -0.01 -0.07077438 0.00552554 -0.01 -0.06224703 0.00609605 -0.01 -0.06249274 0.00658951 -0.01 -0.07239275 0.00766861 -0.01 -0.07206054 0.00810851 -0.01 -0.07159186 0.00839871 -0.01 -0.0625436 0.0071384 -0.01 -0.06239275 0.00766861 -0.01 -0.06206054 0.00810851 -0.01 -0.06159186 0.00839871 -0.01 -0.06105 0.0085 -0.01 -0.05305 0.01 -0.01 -0.06050814 0.00839871 -0.01 -0.06003946 0.00810851 -0.01 -0.05970725 0.00766861 -0.01 -0.0595564 0.0071384 -0.01 -0.05960726 0.00658951 -0.01 -0.05985297 0.00609605 -0.01 -0.06183965 0.00572467 -0.01 -0.06132562 0.00552554 -0.01 -0.07003946 0.00810851 -0.01 -0.06970725 0.00766861 -0.01 -0.07132562 0.00552554 -0.01 -0.07183965 0.00572467 -0.01 -0.06026035 0.00572467 -0.01 -0.06077437 0.00552554 -0.01 -0.07224703 0.00609605 -0.01 -0.07249274 0.00658951 -0.01 -0.0725436 0.0071384 -0.01 -0.0695564 0.0071384 -0.01 -0.06960726 0.00658951 -0.01 -0.06985297 0.00609605 -0.016 -0.05305 0.01 -0.016 -0.07405 0.01 -0.01439871 -0.05659186 0.01 -0.01209605 -0.05485297 0.01 -0.01172467 -0.05526035 0.01 -0.01152554 -0.06577437 0.01 -0.01152554 -0.06632563 0.01 -0.01172467 -0.06683965 0.01 -0.01410851 -0.05706054 0.01 -0.0145 -0.06605 0.01 -0.01439871 -0.06550813 0.01 -0.0145 -0.05605 0.01 -0.01439871 -0.05550814 0.01 -0.01410851 -0.05503946 0.01 -0.01366861 -0.05470726 0.01 -0.0131384 -0.0545564 0.01 -0.0125895 -0.05460726 0.01 -0.01209605 -0.06485298 0.01 -0.01172467 -0.06526035 0.01 -0.0131384 -0.0575436 0.01 -0.0125895 -0.05749274 0.01 -0.01209605 -0.05724702 0.01 -0.01209605 -0.06724703 0.01 -0.0125895 -0.06749274 0.01 -0.0131384 -0.0675436 0.01 -0.01366861 -0.06739274 0.01 -0.01410851 -0.06706055 0.01 -0.01439871 -0.06659186 0.01 -0.01410851 -0.06503946 0.01 -0.01366861 -0.06470726 0.01 -0.01366861 -0.05739275 0.01 -0.0131384 -0.0645564 0.01 -0.0125895 -0.06460726 0.01 -0.01152554 -0.05577438 0.01 -0.01152554 -0.05632563 0.01 -0.01172467 -0.05683965 0.01 -0.016 -0.07224703 0.00609605 -0.016 -0.07183965 0.00572467 -0.016 -0.07132562 0.00552554 -0.016 -0.07077438 0.00552554 -0.016 -0.06077437 0.00552554 -0.016 -0.06026035 0.00572467 -0.016 -0.06132562 0.00552554 -0.016 -0.06183965 0.00572467 -0.016 -0.07026035 0.00572467 -0.016 -0.06960726 0.00658951 -0.016 -0.06159186 0.00839871 -0.016 -0.06206054 0.00810851 -0.016 -0.05985297 0.00609605 -0.016 -0.05960726 0.00658951 -0.016 -0.0595564 0.0071384 -0.016 -0.05970725 0.00766861 -0.016 -0.06003946 0.00810851 -0.016 -0.0725436 0.0071384 -0.016 -0.07249274 0.00658951 -0.016 -0.06239275 0.00766861 -0.016 -0.0625436 0.0071384 -0.016 -0.06985297 0.00609605 -0.016 -0.06249274 0.00658951 -0.016 -0.06224703 0.00609605 -0.016 -0.06970725 0.00766861 -0.016 -0.07003946 0.00810851 -0.016 -0.07050814 0.00839871 -0.016 -0.07105 0.0085 -0.016 -0.07159186 0.00839871 -0.016 -0.07206054 0.00810851 -0.016 -0.07239275 0.00766861 -0.016 -0.06050814 0.00839871 -0.016 -0.06105 0.0085 -0.016 -0.0695564 0.0071384 0.0158 -0.05546824 0.042424 0.0158 -0.05533427 0.041924 0.0158 -0.05540669 0.044137 0.0158 -0.06016336 0.0255 0.0158 -0.06038442 0.024675 0.0158 -0.05583427 0.02978316 0.0158 -0.05540669 0.01383969 0.0158 -0.05546824 0.03014919 0.0158 -0.05533427 0.03064919 0.0158 -0.06038442 0.026325 0.0158 -0.05633427 0.02964919 0.0158 -0.06098836 0.02692894 0.0158 -0.07025605 0.02964919 0.0158 -0.06181336 0.02715 0.0158 -0.07654512 0.01965462 0.0158 -0.07652832 0.01792887 0.0158 -0.0632423 0.024675 0.0158 -0.07592579 0.01631164 0.0158 -0.06098836 0.02407106 0.0158 -0.06181336 0.02385 0.0158 -0.07161198 0.01383969 0.0158 -0.06263836 0.02407106 0.0158 -0.07331191 0.01413754 0.0158 -0.07480932 0.0149956 0.0158 -0.06830676 0.04255414 0.0158 -0.06796031 0.04282681 0.0158 -0.07158165 0.04414725 0.0158 -0.07069282 0.02974961 0.0158 -0.06753027 0.042924 0.0158 -0.05633427 0.042924 0.0158 -0.05583427 0.04279003 0.0158 -0.06346336 0.0255 0.0158 -0.0632423 0.026325 0.0158 -0.06263836 0.02692894 0.0158 -0.07104187 0.03003072 0.0158 -0.07123308 0.03043604 0.0158 -0.07399692 0.0333535 0.0158 -0.07122806 0.03088417 0.0158 -0.06850228 0.04215899 0.0158 -0.05269634 0.01411332 0.0158 -0.0512435 0.01490428 0.0158 -0.05432774 0.01383969 0.0158 -0.05012824 0.01612598 0.0158 -0.04987484 0.02345115 0.0158 -0.04934845 0.01929423 0.0158 -0.04947264 0.01764471 0.0158 -0.05587645 0.05551049 0.0158 -0.05706688 0.047 0.0158 -0.05728793 0.046175 0.0158 -0.05789188 0.04557106 0.0158 -0.05871687 0.04535 0.0158 -0.0554202 0.08968699 0.0158 -0.05587645 0.07651193 0.0158 -0.05558557 0.07622106 0.0158 -0.0554791 0.07582372 0.0158 -0.0554791 0.0561987 0.0158 -0.05558557 0.05580137 0.0158 -0.05627378 0.0766184 0.0158 -0.05954187 0.04557106 0.0158 -0.06014582 0.046175 0.0158 -0.07089764 0.04693831 0.0158 -0.06036688 0.047 0.0158 -0.06725234 0.06038689 0.0158 -0.06014582 0.047825 0.0158 -0.06353378 0.0557261 0.0158 -0.05954187 0.04842894 0.0158 -0.06325264 0.0554891 0.0158 -0.06289492 0.05540403 0.0158 -0.05871687 0.04865 0.0158 -0.05627378 0.05540403 0.0158 -0.05789188 0.04842894 0.0158 -0.05728793 0.047825 0.0158 -0.05748607 0.07634865 0.0158 -0.05834832 0.08678788 0.0158 -0.05764934 0.07605625 0.0158 -0.06306696 0.07367731 0.0158 -0.06365481 0.05643124 0.0158 -0.06367815 0.05606428 0.0158 -0.05721683 0.07654782 0.0158 -0.05688945 0.0766184 0.0158 -0.05732595 0.08842039 0.0158 -0.0557623 0.08954526 0.0158 -0.053925 0.08457106 0.0158 -0.05452894 0.085175 0.0158 -0.05475 0.086 0.0158 -0.0531 0.08435 0.0158 -0.05289447 0.04986182 0.0158 -0.05231283 0.05732835 0.0158 -0.05281664 0.04237308 0.0158 -0.05207993 0.03492025 0.0158 -0.05069007 0.0275612 0.0158 -0.05145 0.086 0.0158 -0.04946071 0.08686467 0.0158 -0.05167106 0.086825 0.0158 -0.05049079 0.0884603 0.0158 -0.052275 0.08742894 0.0158 -0.05204163 0.08955666 0.0158 -0.0531 0.08765 0.0158 -0.05388945 0.08999556 0.0158 -0.053925 0.08742894 0.0158 -0.05452894 0.086825 0.0158 -0.05107623 0.0647147 0.0158 -0.04998012 0.0709157 0.0158 -0.052275 0.08457106 0.0158 -0.0493203 0.07717817 0.0158 -0.05167106 0.085175 0.0158 -0.0491 0.08347145 0.0158 -0.0491 0.085 -0.016 -0.05452894 0.086825 -0.016 -0.05475 0.086 -0.016 -0.0554202 0.08968699 -0.016 -0.05281664 0.04237308 -0.016 -0.05207993 0.03492025 -0.016 -0.05533427 0.03064919 -0.016 -0.04934845 0.01929423 -0.016 -0.05432774 0.01383969 -0.016 -0.04987484 0.02345115 -0.016 -0.05540669 0.01383969 -0.016 -0.05069007 0.0275612 -0.016 -0.0512435 0.01490428 -0.016 -0.05269634 0.01411332 -0.016 -0.05012824 0.01612598 -0.016 -0.04947264 0.01764471 -0.016 -0.07480932 0.0149956 -0.016 -0.07592579 0.01631164 -0.016 -0.07652832 0.01792887 -0.016 -0.0632423 0.026325 -0.016 -0.06346336 0.0255 -0.016 -0.07654512 0.01965462 -0.016 -0.06181336 0.02385 -0.016 -0.06098836 0.02407106 -0.016 -0.06038442 0.024675 -0.016 -0.05583427 0.02978316 -0.016 -0.05546824 0.03014919 -0.016 -0.0632423 0.024675 -0.016 -0.06263836 0.02692894 -0.016 -0.07069282 0.02974961 -0.016 -0.06181336 0.02715 -0.016 -0.06098836 0.02692894 -0.016 -0.05533427 0.041924 -0.016 -0.05546824 0.042424 -0.016 -0.05540669 0.044137 -0.016 -0.05583427 0.04279003 -0.016 -0.06263836 0.02407106 -0.016 -0.07161198 0.01383969 -0.016 -0.07331191 0.01413754 -0.016 -0.06016336 0.0255 -0.016 -0.06038442 0.026325 -0.016 -0.05633427 0.02964919 -0.016 -0.07025605 0.02964919 -0.016 -0.07104187 0.03003072 -0.016 -0.05633427 0.042924 -0.016 -0.06753027 0.042924 -0.016 -0.07158165 0.04414725 -0.016 -0.06796031 0.04282681 -0.016 -0.06830676 0.04255414 -0.016 -0.06850228 0.04215899 -0.016 -0.07399692 0.0333535 -0.016 -0.07122806 0.03088417 -0.016 -0.07123308 0.03043604 -0.016 -0.05452894 0.085175 -0.016 -0.053925 0.08457106 -0.016 -0.0531 0.08435 -0.016 -0.05145 0.086 -0.016 -0.05167106 0.086825 -0.016 -0.05049079 0.0884603 -0.016 -0.05289447 0.04986182 -0.016 -0.05231283 0.05732835 -0.016 -0.05107623 0.0647147 -0.016 -0.05204163 0.08955666 -0.016 -0.052275 0.08742894 -0.016 -0.05388945 0.08999556 -0.016 -0.0531 0.08765 -0.016 -0.053925 0.08742894 -0.016 -0.04946071 0.08686467 -0.016 -0.0491 0.085 -0.016 -0.05167106 0.085175 -0.016 -0.0491 0.08347145 -0.016 -0.052275 0.08457106 -0.016 -0.0493203 0.07717817 -0.016 -0.04998012 0.0709157 -0.016 -0.06036688 0.047 -0.016 -0.06014582 0.046175 -0.016 -0.07089764 0.04693831 -0.016 -0.06353378 0.0557261 -0.016 -0.06014582 0.047825 -0.016 -0.05954187 0.04842894 -0.016 -0.05587645 0.07651193 -0.016 -0.05627378 0.0766184 -0.016 -0.0557623 0.08954526 -0.016 -0.05954187 0.04557106 -0.016 -0.05871687 0.04535 -0.016 -0.05789188 0.04557106 -0.016 -0.05587645 0.05551049 -0.016 -0.05558557 0.05580137 -0.016 -0.05728793 0.046175 -0.016 -0.05706688 0.047 -0.016 -0.05688945 0.0766184 -0.016 -0.05721683 0.07654782 -0.016 -0.05834832 0.08678788 -0.016 -0.05748607 0.07634865 -0.016 -0.06306696 0.07367731 -0.016 -0.05764934 0.07605625 -0.016 -0.06725234 0.06038689 -0.016 -0.06365481 0.05643124 -0.016 -0.06367815 0.05606428 -0.016 -0.05732595 0.08842039 -0.016 -0.05728793 0.047825 -0.016 -0.05789188 0.04842894 -0.016 -0.05627378 0.05540403 -0.016 -0.05871687 0.04865 -0.016 -0.06289492 0.05540403 -0.016 -0.06325264 0.0554891 -0.016 -0.0554791 0.0561987 -0.016 -0.0554791 0.07582372 -0.016 -0.05558557 0.07622106 -0.016 -0.06308168 0.01625 -0.016 -0.06367721 0.07185103 -0.016 -0.04949884 0.02074635 -0.016 -0.04914864 0.01625523 -0.016 -0.06247894 0.007825 -0.016 -0.0627 0.007 -0.016 -0.06308168 0.004 -0.016 -0.06247894 0.006175 -0.016 -0.061875 0.00557106 -0.016 -0.0501 0.00426795 -0.016 -0.04936795 0.005 -0.016 -0.0511 0.004 -0.016 -0.0491 0.006 -0.016 -0.05962106 0.006175 -0.016 -0.060225 0.00557106 -0.016 -0.06105 0.00535 -0.016 -0.061875 0.00842894 -0.016 -0.06105 0.00865 -0.016 -0.060225 0.00842894 -0.016 -0.0491 0.01383969 -0.016 -0.05962106 0.007825 -0.016 -0.0594 0.007 -0.016 -0.07247894 0.007825 -0.016 -0.071875 0.00842894 -0.016 -0.07708796 0.01626372 -0.016 -0.07105 0.00865 -0.016 -0.06962106 0.006175 -0.016 -0.070225 0.00557106 -0.016 -0.07105 0.00535 -0.016 -0.076 0.004 -0.016 -0.07798158 0.01013497 -0.016 -0.078 0.00986418 -0.016 -0.0727 0.007 -0.016 -0.078 0.006 -0.016 -0.07784776 0.00523463 -0.016 -0.06831405 0.05668506 -0.016 -0.07224901 0.04132203 -0.016 -0.07547379 0.02579439 -0.016 -0.070225 0.00842894 -0.016 -0.06962106 0.007825 -0.016 -0.0694 0.007 -0.016 -0.071875 0.00557106 -0.016 -0.07247894 0.006175 -0.016 -0.07676537 0.00415224 -0.016 -0.07741421 0.00458579 -0.019 -0.05834832 0.08678788 -0.019 -0.05732595 0.08842039 -0.019 -0.05452894 0.086825 -0.019 -0.0632423 0.024675 -0.019 -0.06263836 0.02407106 -0.019 -0.06308168 0.01625 -0.019 -0.06181336 0.02385 -0.019 -0.04914864 0.01625523 -0.019 -0.0632423 0.026325 -0.019 -0.06036688 0.047 -0.019 -0.06014582 0.046175 -0.019 -0.05289447 0.04986182 -0.019 -0.05281664 0.04237308 -0.019 -0.05728793 0.046175 -0.019 -0.05231283 0.05732835 -0.019 -0.0531 0.08435 -0.019 -0.053925 0.08742894 -0.019 -0.0557623 0.08954526 -0.019 -0.0531 0.08765 -0.019 -0.05388945 0.08999556 -0.019 -0.052275 0.08742894 -0.019 -0.05204163 0.08955666 -0.019 -0.05167106 0.086825 -0.019 -0.05049079 0.0884603 -0.019 -0.05145 0.086 -0.019 -0.06098836 0.02407106 -0.019 -0.06038442 0.024675 -0.019 -0.04949884 0.02074635 -0.019 -0.06016336 0.0255 -0.019 -0.05069007 0.0275612 -0.019 -0.05207993 0.03492025 -0.019 -0.06038442 0.026325 -0.019 -0.06098836 0.02692894 -0.019 -0.05871687 0.04865 -0.019 -0.06367721 0.07185103 -0.019 -0.05954187 0.04842894 -0.019 -0.06014582 0.047825 -0.019 -0.05107623 0.0647147 -0.019 -0.05789188 0.04557106 -0.019 -0.05871687 0.04535 -0.019 -0.05954187 0.04557106 -0.019 -0.06181336 0.02715 -0.019 -0.06263836 0.02692894 -0.019 -0.05475 0.086 -0.019 -0.05452894 0.085175 -0.019 -0.053925 0.08457106 -0.019 -0.05789188 0.04842894 -0.019 -0.05728793 0.047825 -0.019 -0.05706688 0.047 -0.019 -0.04946071 0.08686467 -0.019 -0.0491 0.085 -0.019 -0.05167106 0.085175 -0.019 -0.0491 0.08347145 -0.019 -0.052275 0.08457106 -0.019 -0.0493203 0.07717817 -0.019 -0.04998012 0.0709157 -0.019 -0.07547379 0.02579439 -0.019 -0.07224901 0.04132203 -0.019 -0.06831405 0.05668506 -0.019 -0.07708796 0.01626372 -0.019 -0.06346336 0.0255 -0.019 -0.07247894 0.006175 -0.019 -0.076 0.004 -0.019 -0.0727 0.007 -0.019 -0.07676537 0.00415224 -0.019 -0.07741421 0.00458579 -0.019 -0.071875 0.00557106 -0.019 -0.07105 0.00535 -0.019 -0.06308168 0.004 -0.019 -0.070225 0.00557106 -0.019 -0.06962106 0.006175 -0.019 -0.0694 0.007 -0.019 -0.06962106 0.007825 -0.019 -0.070225 0.00842894 -0.019 -0.07105 0.00865 -0.019 -0.071875 0.00842894 -0.019 -0.07798158 0.01013497 -0.019 -0.07247894 0.007825 -0.019 -0.078 0.00986418 -0.019 -0.078 0.006 -0.019 -0.07784776 0.00523463 -0.019 -0.0511 0.004 -0.019 -0.05962106 0.006175 -0.019 -0.0594 0.007 -0.019 -0.061875 0.00842894 -0.019 -0.06247894 0.007825 -0.019 -0.0627 0.007 -0.019 -0.06247894 0.006175 -0.019 -0.0491 0.006 -0.019 -0.04936795 0.005 -0.019 -0.0501 0.00426795 -0.019 -0.061875 0.00557106 -0.019 -0.06105 0.00535 -0.019 -0.060225 0.00557106 -0.019 -0.0491 0.01383969 -0.019 -0.05962106 0.007825 -0.019 -0.060225 0.00842894 -0.019 -0.06105 0.00865 0.0158 -0.0459589 0.08142408 -0.0162 -0.0459589 0.08142408 0.0158 -0.04683831 0.0817531 -0.0162 -0.04683831 0.0817531 0.0158 -0.04747083 0.0824469 -0.0162 -0.04747083 0.0824469 0.0158 -0.04771712 0.08335289 -0.0162 -0.04771712 0.08335289 0.0158 -0.04752281 0.08427127 -0.0162 -0.04752281 0.08427127 0.0158 -0.04693082 0.08499988 -0.0162 -0.04693082 0.08499988 0.0158 -0.04909995 0.08499988 -0.0162 -0.04909995 0.08499988 0.0158 -0.04909995 0.08347162 -0.0162 -0.04909995 0.08347162 0.0158 -0.04932025 0.07717832 -0.0162 -0.04932025 0.07717832 0.0158 -0.04998007 0.07091554 -0.0162 -0.04998007 0.07091554 0.0158 -0.0510762 0.06471475 -0.0162 -0.0510762 0.06471475 -0.0162 -0.05231288 0.05732854 0.0158 -0.05231288 0.05732854 -0.0162 -0.0528945 0.04986175 0.0158 -0.0528945 0.04986175 -0.0162 -0.05281666 0.04237302 0.0158 -0.05281666 0.04237302 -0.0162 -0.05207994 0.03492006 0.0158 -0.05207994 0.03492006 -0.0162 -0.05069008 0.02756103 0.0158 -0.05069008 0.02756103 0.0158 -0.04982271 0.02312454 -0.0162 -0.04982271 0.02312454 0.0158 -0.04929199 0.01863511 -0.0162 -0.04929199 0.01863511 0.0158 -0.04796734 0.01878675 -0.0162 -0.04796734 0.01878675 0.0158 -0.0483599 0.01974281 -0.0162 -0.0483599 0.01974281 0.0158 -0.04822293 0.02076705 -0.0162 -0.04822293 0.02076705 0.0158 -0.04759302 0.02158626 -0.0162 -0.04759302 0.02158626 0.0158 -0.04663828 0.02198156 -0.0162 -0.04663828 0.02198156 -0.0162 -0.04578879 0.02230152 0.0158 -0.04578879 0.02230152 -0.0162 -0.04516831 0.02296432 0.0158 -0.04516831 0.02296432 -0.0162 -0.04490462 0.02383312 0.0158 -0.04490462 0.02383312 -0.0162 -0.04505208 0.02472862 0.0158 -0.04505208 0.02472862 -0.0162 -0.04558029 0.02546676 0.0158 -0.04558029 0.02546676 -0.0162 -0.04638055 0.02589544 0.0158 -0.04638055 0.02589544 -0.0162 -0.04728773 0.02592643 0.0158 -0.04728773 0.02592643 0.0158 -0.0483146 0.02599367 -0.0162 -0.0483146 0.02599367 0.0158 -0.04917219 0.02656206 -0.0162 -0.04917219 0.02656206 0.0158 -0.04963353 0.02748187 -0.0162 -0.04963353 0.02748187 0.0158 -0.04957643 0.02850946 -0.0162 -0.04957643 0.02850946 0.0158 -0.04901614 0.02937253 -0.0162 -0.04901614 0.02937253 0.0158 -0.04810086 0.0298427 -0.0162 -0.04810086 0.0298427 -0.0162 -0.04719331 0.03030618 0.0158 -0.04719331 0.03030618 -0.0162 -0.04663184 0.03115638 0.0158 -0.04663184 0.03115638 -0.0162 -0.04656198 0.03217252 0.0158 -0.04656198 0.03217252 -0.0162 -0.04700198 0.03309186 0.0158 -0.04700198 0.03309186 -0.0162 -0.04783764 0.03367456 0.0158 -0.04783764 0.03367456 -0.0162 -0.04885199 0.0337704 0.0158 -0.04885199 0.0337704 0.0158 -0.04975381 0.03382858 -0.0162 -0.04975381 0.03382858 0.0158 -0.05053809 0.03427776 -0.0162 -0.05053809 0.03427776 0.0158 -0.05104449 0.03502639 -0.0162 -0.05104449 0.03502639 0.0158 -0.05116966 0.03592141 -0.0162 -0.05116966 0.03592141 0.0158 -0.05088809 0.0367802 -0.0162 -0.05088809 0.0367802 0.0158 -0.05025723 0.03742727 -0.0162 -0.05025723 0.03742727 0.0158 -0.04940596 0.03773053 -0.0162 -0.04940596 0.03773053 -0.0162 -0.04845622 0.03810104 0.0158 -0.04845622 0.03810104 -0.0162 -0.04781249 0.03889211 0.0158 -0.04781249 0.03889211 -0.0162 -0.04764226 0.03989728 0.0158 -0.04764226 0.03989728 -0.0162 -0.04798975 0.04085572 0.0158 -0.04798975 0.04085572 -0.0162 -0.04876449 0.04151853 0.0158 -0.04876449 0.04151853 -0.0162 -0.04976526 0.04171308 0.0158 -0.04976526 0.04171308 0.0158 -0.05065694 0.04185947 -0.0162 -0.05065694 0.04185947 0.0158 -0.05139342 0.04238303 -0.0162 -0.05139342 0.04238303 0.0158 -0.05182424 0.04317744 -0.0162 -0.05182424 0.04317744 0.0158 -0.05186143 0.0440801 -0.0162 -0.05186143 0.0440801 0.0158 -0.05149737 0.04490741 -0.0162 -0.05149737 0.04490741 0.0158 -0.05080631 0.04548963 -0.0162 -0.05080631 0.04548963 0.0158 -0.04992953 0.0457085 -0.0162 -0.04992953 0.0457085 -0.0162 -0.04894819 0.04598506 0.0158 -0.04894819 0.04598506 -0.0162 -0.04823044 0.0467089 0.0158 -0.04823044 0.0467089 -0.0162 -0.04796305 0.04769309 0.0158 -0.04796305 0.04769309 -0.0162 -0.0482153 0.04868062 0.0158 -0.0482153 0.04868062 -0.0162 -0.04892161 0.04941591 0.0158 -0.04892161 0.04941591 -0.0162 -0.04989865 0.04970725 0.0158 -0.04989865 0.04970725 0.0158 -0.05077198 0.04993947 -0.0162 -0.05077198 0.04993947 0.0158 -0.05145385 0.05053266 -0.0162 -0.05145385 0.05053266 0.0158 -0.05180505 0.05136522 -0.0162 -0.05180505 0.05136522 0.0158 -0.05175402 0.05226739 -0.0162 -0.05175402 0.05226739 0.0158 -0.05131104 0.05305513 -0.0162 -0.05131104 0.05305513 0.0158 -0.05056658 0.05356725 -0.0162 -0.05056658 0.05356725 0.0158 -0.04967263 0.05369981 -0.0162 -0.04967263 0.05369981 -0.0162 -0.04866889 0.0538791 0.0158 -0.04866889 0.0538791 -0.0162 -0.04788401 0.05452951 0.0158 -0.04788401 0.05452951 -0.0162 -0.04752186 0.0554827 0.0158 -0.04752186 0.0554827 -0.0162 -0.04767659 0.05649026 0.0158 -0.04767659 0.05649026 -0.0162 -0.04830792 0.05729087 0.0158 -0.04830792 0.05729087 -0.0162 -0.04925194 0.05767616 0.0158 -0.04925194 0.05767616 0.0158 -0.05009845 0.05799277 -0.0162 -0.05009845 0.05799277 0.0158 -0.05071917 0.05864938 -0.0162 -0.05071917 0.05864938 0.0158 -0.05098763 0.05951246 -0.0162 -0.05098763 0.05951246 0.0158 -0.05084875 0.06040509 -0.0162 -0.05084875 0.06040509 0.0158 -0.05033102 0.0611461 -0.0162 -0.05033102 0.0611461 0.0158 -0.04954019 0.06158336 -0.0162 -0.04954019 0.06158336 0.0158 -0.04863765 0.0616277 -0.0162 -0.04863765 0.0616277 -0.0162 -0.04761317 0.06171115 0.0158 -0.04761317 0.06171115 -0.0162 -0.04676535 0.06229242 0.0158 -0.04676535 0.06229242 -0.0162 -0.04631832 0.06321796 0.0158 -0.04631832 0.06321796 -0.0162 -0.04638984 0.06424316 0.0158 -0.04638984 0.06424316 -0.0162 -0.04696121 0.06509765 0.0158 -0.04696121 0.06509765 -0.0162 -0.04788151 0.06555542 0.0158 -0.04788151 0.06555542 0.0158 -0.04879453 0.0660065 -0.0162 -0.04879453 0.0660065 0.0158 -0.04936674 0.06684908 -0.0162 -0.04936674 0.06684908 0.0158 -0.04945007 0.06786426 -0.0162 -0.04945007 0.06786426 0.0158 -0.0490227 0.06878837 -0.0162 -0.0490227 0.06878837 0.0158 -0.04819551 0.06938251 -0.0162 -0.04819551 0.06938251 0.0158 -0.04718294 0.06949266 -0.0162 -0.04718294 0.06949266 -0.0162 -0.04628387 0.06956276 0.0158 -0.04628387 0.06956276 -0.0162 -0.04550698 0.07002052 0.0158 -0.04550698 0.07002052 -0.0162 -0.04501035 0.07077345 0.0158 -0.04501035 0.07077345 -0.0162 -0.04489496 0.07166799 0.0158 -0.04489496 0.07166799 -0.0162 -0.04518404 0.07252201 0.0158 -0.04518404 0.07252201 -0.0162 -0.04581907 0.0731624 0.0158 -0.04581907 0.0731624 -0.0162 -0.04667082 0.07345852 0.0158 -0.04667082 0.07345852 0.0158 -0.04762473 0.07382377 -0.0162 -0.04762473 0.07382377 0.0158 -0.04827395 0.07461198 -0.0162 -0.04827395 0.07461198 0.0158 -0.04844918 0.07561859 -0.0162 -0.04844918 0.07561859 0.0158 -0.04810479 0.07657989 -0.0162 -0.04810479 0.07657989 0.0158 -0.04733052 0.07724603 -0.0162 -0.04733052 0.07724603 0.0158 -0.04632821 0.07744297 -0.0162 -0.04632821 0.07744297 -0.0162 -0.04533007 0.07763799 0.0158 -0.04533007 0.07763799 -0.0162 -0.04455676 0.07829841 0.0158 -0.04455676 0.07829841 -0.0162 -0.04420843 0.07925399 0.0158 -0.04420843 0.07925399 -0.0162 -0.04437509 0.08025726 0.0158 -0.04437509 0.08025726 -0.0162 -0.04501357 0.08104929 0.0158 -0.04501357 0.08104929</float_array>
          <technique_common>
            <accessor source="#pos_0-array" count="7689" stride="3">
              <param name="X" type="float"/>
              <param name="Y" type="float"/>
              <param name="Z" type="float"/>
            </accessor>
          </technique_common>
        </source>
        <source id="norm_0">
          <float_array id="norm_0-array" count="3618">-0 -0 -1 0.34202 -0.93969 -0 0.97934 -0.20222 -0 0.81915 -0.57358 -0 0.52498 -0.85112 -0 0.34202 -0.93969 -0 0.97934 -0.20222 -0 0.81916 -0.57357 -0 0.52497 -0.85112 -0 0.34202 0.93969 -0 1 0 -0 0.97934 -0.20221 -0 0.81915 -0.57358 -0 0.34202 0.93969 -0 0.97934 -0.20222 -0 0.81915 -0.57357 -0 0.34202 -0.93969 -0 0.52498 -0.85111 -0 0.34202 0.93969 -0 0.34202 -0.93969 -0 0.97934 -0.20222 -0 0.81915 -0.57358 -0 0.52498 -0.85112 -0 0.34202 -0.93969 -0 0.81915 -0.57358 -0 0.52498 -0.85112 -0 0.34202 -0.93969 -0 0.97934 -0.20222 -0 0.81915 -0.57358 -0 0.52498 -0.85112 -0 0.52499 -0.85111 -0 0.34202 -0.93969 -0 0.52497 0.85112 -0 0.81915 0.57358 -0 0.97934 0.20221 -0 0.34202 0.93969 -0 0.52499 0.85111 -0 0.97934 0.20222 -0 0.34202 -0.93969 -0 0 -1 0 0 0 1 0.34202 0.93969 -0 -1 -0 0 0.52498 0.85112 -0 0.81915 0.57358 -0 0.97934 0.20222 -0 0.52498 0.85112 -0 0.81915 0.57358 -0 0.97934 0.20222 -0 1 0 -0 0.97934 0.20222 -0 0.52498 0.85111 -0 0.81915 0.57357 -0 0.52498 0.85112 -0 0.81915 0.57358 -0 0.97934 0.20222 -0 -0.96593 0.25882 0 -0.70711 0.70711 0 -0.25882 0.96593 -0 0.25882 0.96593 -0 0.70711 0.70711 -0 0.96593 0.25882 -0 0.96593 -0.25882 -0 0.70711 -0.70711 -0 0.25882 -0.96593 0 -0.25882 -0.96593 0 -0.70711 -0.70711 0 -0.96593 -0.25882 0 -0.96593 0.25882 0 -0.70711 0.70711 0 0.70711 0.70711 -0 0.96593 0.25882 -0 0.25882 -0.96593 0 -0.25882 -0.96593 0 0.96593 -0.25882 -0 0.70711 -0.70711 -0 0.25882 -0.96593 0 -0.25882 -0.96593 0 -0.70711 -0.70711 0 -0.96593 -0.25882 0 -0.96593 0.25882 0 -0.70711 0.70711 0 -0.25882 0.96593 -0 0.25882 0.96593 -0 0.70711 0.70711 -0 0.96593 0.25882 -0 0.96593 -0.25882 -0 0.25882 -0.96593 0 -0.25882 -0.96593 0 -0.96593 -0.25882 0 -0 1 -0 -1 -0 0 1 0 -0 0 -1 0 0.19509 0 0.98079 0.55557 0 0.83147 0.83147 0 0.55557 0.98079 0 0.19509 0.98079 0 -0.19509 0.83147 0 -0.55557 0.55557 0 -0.83147 0.19509 0 -0.98079 0.70711 0 -0.70711 -0 -0 -1 -0.70711 -0 -0.70711 -0.19509 -0 -0.98079 -0.55557 -0 -0.83147 -0.83147 -0 -0.55557 -0.98079 -0 -0.19509 -0.98079 -0 0.19509 -0.83147 -0 0.55557 -0.55557 -0 0.83147 -0.19509 -0 0.98079 0.70711 0 -0.70711 0.70711 0 0.70711 0 0 1 -0.70711 -0 0.70711 -0.70711 -0 -0.70711 0.96593 0 0.25882 0.96593 0 -0.25882 0.70711 0 -0.70711 0.25882 0 -0.96593 -0.25882 -0 -0.96593 -0.70711 -0 -0.70711 -0.96593 -0 -0.25882 -0.96593 -0 0.25882 -0.70711 -0 0.70711 -0.25882 -0 0.96593 0.25882 0 0.96593 0.70711 0 0.70711 -0 1 -0 -0.22252 -0 -0.97493 -0.62349 -0 -0.78183 -0.90097 -0 -0.43388 -0.90097 -0 0.43388 -0.62349 -0 0.78183 -0.22252 -0 0.97493 0.22252 0 0.97493 0.62349 0 0.78183 0.90097 0 0.43388 0.90097 0 -0.43388 0.62349 0 -0.78183 0.22252 0 -0.97493 0.51152 0.11675 0.85131 -0 0.52467 0.85131 0.22765 0.47271 0.85131 0.4102 0.32713 0.85131 -0.51152 0.11675 0.85131 -0.4102 0.32713 0.85131 -0.22765 0.47271 0.85131 -0.22765 -0.47271 0.85131 -0.4102 -0.32713 0.85131 -0.51152 -0.11675 0.85131 0.4102 -0.32713 0.85131 0.22765 -0.47271 0.85131 0 -0.52467 0.85131 0.51152 -0.11675 0.85131 -0 0.52467 0.85131 0.22765 0.47271 0.85131 -0.22765 0.47271 0.85131 -0.22765 -0.47271 0.85131 0.22765 -0.47271 0.85131 0 -0.52467 0.85131 0.51152 0.11675 0.85131 0.4102 0.32713 0.85131 -0.51152 0.11675 0.85131 -0.4102 0.32713 0.85131 -0.4102 -0.32713 0.85131 -0.51152 -0.11675 0.85131 0.4102 -0.32713 0.85131 0.51152 -0.11675 0.85131 0.70711 0 0.70711 0.97493 0.22252 -0 0.78183 0.62349 -0 0.43388 0.90097 -0 -0.43388 0.90097 0 -0.78183 0.62349 0 -0.97493 0.22252 0 -0.97493 -0.22252 0 -0.78183 -0.62349 0 -0.43388 -0.90097 0 0.43388 -0.90097 -0 0.78183 -0.62349 -0 0.97493 -0.22252 -0 0.43388 0.90097 -0 -0.43388 0.90097 0 -0.43388 -0.90097 0 0.43388 -0.90097 -0 0.97493 0.22252 -0 0.78183 0.62349 -0 -0.78183 0.62349 0 -0.97493 0.22252 0 -0.97493 -0.22252 0 -0.78183 -0.62349 0 0.78183 -0.62349 -0 0.97493 -0.22252 -0 -0.70711 -0 0.70711 -0.25882 -0 0.96593 -0.70711 -0 0.70711 -0.96593 -0 0.25882 -0.96593 -0 -0.25882 -0.70711 -0 -0.70711 -0.25882 -0 -0.96593 -0.70711 -0 -0.70711 0.70711 0 -0.70711 0.25882 0 0.96593 0.70711 0 0.70711 0.96593 0 0.25882 0.96593 0 -0.25882 0.70711 0 -0.70711 0.25882 0 -0.96593 -0.25882 -0 -0.96593 -0.70711 -0 -0.70711 -0.96593 -0 -0.25882 -0.96593 -0 0.25882 -0.70711 -0 0.70711 -0.25882 -0 0.96593 -0 -0 -1 -0 -0 -1 0 -1 0 -0 1 -0 0 0 1 0 0 1 0.96568 0.25875 0.02248 0.92388 0.38268 -0 0.79335 0.60876 -0 0.70693 0.70693 0.02248 0.60876 0.79335 -0 0.38268 0.92388 -0 0.25875 0.96568 0.02248 0.13053 0.99144 -0 -0.13053 0.99144 0 -0.25875 0.96568 0.02248 -0.38268 0.92388 0 -0.60876 0.79335 0 -0.70693 0.70693 0.02248 -0.79335 0.60876 0 -0.92388 0.38268 0 -0.96568 0.25875 0.02248 -0.99144 0.13053 0 -0.99144 -0.13053 0 -0.96568 -0.25875 0.02248 -0.92388 -0.38268 0 -0.79335 -0.60876 0 -0.70693 -0.70693 0.02248 -0.60876 -0.79335 0 -0.38268 -0.92388 0 -0.25875 -0.96568 0.02248 -0.13053 -0.99144 0 0.13053 -0.99144 -0 0.25875 -0.96568 0.02248 0.38268 -0.92388 -0 0.60876 -0.79335 -0 0.70693 -0.70693 0.02248 0.79335 -0.60876 -0 0.92388 -0.38268 -0 0.96568 -0.25875 0.02248 0.99144 -0.13053 -0 0.99144 0.13053 -0 0.96568 0.25875 0.02248 0.79335 0.60876 -0 0.70693 0.70693 0.02248 0.60876 0.79335 -0 0.25875 0.96568 0.02248 0.13053 0.99144 -0 -0.13053 0.99144 0 -0.25875 0.96568 0.02248 -0.60876 0.79335 0 -0.70693 0.70693 0.02248 -0.79335 0.60876 0 -0.96568 0.25875 0.02248 -0.99144 0.13053 0 -0.99144 -0.13053 0 -0.96568 -0.25875 0.02248 -0.79335 -0.60876 0 -0.70693 -0.70693 0.02248 -0.60876 -0.79335 0 -0.25875 -0.96568 0.02248 -0.13053 -0.99144 0 0.13053 -0.99144 -0 0.25875 -0.96568 0.02248 0.60876 -0.79335 -0 0.70693 -0.70693 0.02248 0.79335 -0.60876 -0 0.96568 -0.25875 0.02248 0.99144 -0.13053 -0 0.99144 0.13053 -0 0.70693 0.70693 0.02248 0.25875 0.96568 0.02248 0.13053 0.99144 -0 -0.13053 0.99144 0 -0.25875 0.96568 0.02248 -0.70693 0.70693 0.02248 -0.70693 -0.70693 0.02248 -0.25875 -0.96568 0.02248 -0.13053 -0.99144 0 0.13053 -0.99144 -0 0.25875 -0.96568 0.02248 0.70693 -0.70693 0.02248 0.70693 0.70693 0.02248 0.25875 0.96568 0.02248 0.13053 0.99144 -0 -0.13053 0.99144 0 -0.25875 0.96568 0.02248 -0.70693 0.70693 0.02248 -0.70693 -0.70693 0.02248 -0.25875 -0.96568 0.02248 -0.13053 -0.99144 0 0.13053 -0.99144 -0 0.25875 -0.96568 0.02248 0.70693 -0.70693 0.02248 1 0 -0 -1 -0 0 0.96593 0.25882 -0 0.70711 0.70711 -0 0.25882 0.96593 -0 -0.25882 0.96593 0 -0.70711 0.70711 0 -0.96593 0.25882 0 -0.96593 -0.25882 0 -0.70711 -0.70711 0 -0.25882 -0.96593 0 0.25882 -0.96593 -0 0.70711 -0.70711 -0 0.96593 -0.25882 -0 0.70711 0.70711 -0 0.25882 0.96593 -0 -0.25882 0.96593 0 -0.70711 0.70711 0 -0.96593 -0.25882 0 -0.70711 -0.70711 0 -0.25882 -0.96593 0 0.25882 -0.96593 -0 0.70711 -0.70711 -0 0.96593 -0.25882 -0 0.96593 0.25882 -0 0.70711 0.70711 -0 -0.70711 0.70711 0 -0.96593 0.25882 0 -0.96593 -0.25882 0 -0.70711 -0.70711 0 0.70711 -0.70711 -0 0.96593 -0.25882 -0 0.70711 0.70711 -0 -0.70711 0.70711 0 -0.96593 -0.25882 0 -0.70711 -0.70711 0 0.70711 -0.70711 -0 0.96593 -0.25882 -0 0.96568 0.25875 0.02248 0.92388 0.38269 -0 0.79335 0.60876 -0 0.70693 0.70693 0.02248 0.60876 0.79335 -0 0.25875 0.96568 0.02248 0.13053 0.99144 -0 -0.13053 0.99144 0 -0.25875 0.96568 0.02248 -0.60876 0.79335 0 -0.70693 0.70693 0.02248 -0.79335 0.60876 0 -0.92388 0.38268 0 -0.96568 0.25875 0.02248 -0.99144 0.13053 0 -0.99144 -0.13053 0 -0.96568 -0.25875 0.02248 -0.92388 -0.38268 0 -0.70693 -0.70693 0.02248 -0.60876 -0.79335 0 -0.25875 -0.96568 0.02248 -0.13053 -0.99145 0 0.13053 -0.99144 -0 0.25875 -0.96568 0.02248 0.60876 -0.79335 -0 0.70693 -0.70693 0.02248 0.92388 -0.38269 -0 0.96568 -0.25875 0.02248 0.99144 -0.13053 -0 0.99144 0.13053 -0 0.96568 0.25875 0.02248 0.92388 0.38269 -0 0.79335 0.60876 -0 0.70693 0.70693 0.02248 0.38268 0.92388 -0 0.25875 0.96568 0.02248 0.13053 0.99144 -0 -0.13053 0.99144 0 -0.25875 0.96568 0.02248 -0.38268 0.92388 0 -0.70693 0.70693 0.02248 -0.79335 0.60876 0 -0.92388 0.38268 0 -0.96568 0.25875 0.02248 -0.99144 0.13053 0 -0.79335 -0.60876 0 -0.70693 -0.70693 0.02248 -0.25875 -0.96568 0.02248 -0.13053 -0.99144 0 0.13053 -0.99144 -0 0.25875 -0.96568 0.02248 0.70693 -0.70693 0.02248 0.79335 -0.60876 -0 0.99144 0.13053 -0 0.70693 0.70693 0.02248 0.25875 0.96568 0.02248 0.13053 0.99144 -0 -0.13053 0.99145 0 -0.25875 0.96568 0.02248 -0.70693 0.70693 0.02248 -0.79335 -0.60876 0 -0.70693 -0.70693 0.02248 -0.25875 -0.96568 0.02248 -0.13053 -0.99144 0 0.13053 -0.99144 -0 0.25875 -0.96568 0.02248 0.70693 -0.70693 0.02248 0.79335 -0.60876 -0 0.65608 0.27176 0.70406 0.65608 0.27176 0.70406 0.56339 0.4323 0.70406 0.56339 0.4323 0.70406 0.4323 0.56339 0.70406 0.4323 0.56339 0.70406 0.27176 0.65608 0.70406 0.27176 0.65608 0.70406 0.09269 0.70406 0.70406 0.09269 0.70406 0.70406 -0.09269 0.70406 0.70406 -0.09269 0.70406 0.70406 -0.27176 0.65608 0.70406 -0.27176 0.65608 0.70406 -0.4323 0.56339 0.70406 -0.4323 0.56339 0.70406 -0.56339 0.4323 0.70406 -0.56339 0.4323 0.70406 -0.65608 0.27176 0.70406 -0.65608 0.27176 0.70406 -0.70406 0.09269 0.70406 -0.70406 0.09269 0.70406 -0.70406 -0.09269 0.70406 -0.70406 -0.09269 0.70406 -0.65608 -0.27176 0.70406 -0.65608 -0.27176 0.70406 -0.56339 -0.43231 0.70406 -0.56339 -0.4323 0.70406 -0.4323 -0.56339 0.70406 -0.4323 -0.56339 0.70406 -0.27176 -0.65608 0.70406 -0.27176 -0.65608 0.70406 -0.09269 -0.70406 0.70406 -0.09269 -0.70406 0.70406 0.09269 -0.70406 0.70406 0.09269 -0.70406 0.70406 0.27176 -0.65608 0.70406 0.27176 -0.65608 0.70406 0.4323 -0.56339 0.70406 0.4323 -0.56339 0.70406 0.56339 -0.43231 0.70406 0.56339 -0.4323 0.70406 0.65608 -0.27176 0.70406 0.65608 -0.27176 0.70406 0.70406 -0.09269 0.70406 0.70406 -0.09269 0.70406 0.70406 0.09269 0.70406 0.70406 0.09269 0.70406 0.65608 0.27176 0.70406 0.65608 0.27176 0.70406 0.56339 0.4323 0.70406 0.56339 0.4323 0.70406 0.4323 0.56339 0.70406 0.4323 0.56339 0.70406 0.27176 0.65608 0.70406 0.27176 0.65608 0.70406 0.09269 0.70406 0.70406 0.09269 0.70406 0.70406 -0.09269 0.70406 0.70406 -0.09269 0.70406 0.70406 -0.27176 0.65608 0.70406 -0.27176 0.65608 0.70406 -0.4323 0.56339 0.70406 -0.4323 0.56339 0.70406 -0.56339 0.4323 0.70406 -0.65608 0.27176 0.70406 -0.65608 0.27176 0.70406 -0.70406 0.09269 0.70406 -0.70406 0.09269 0.70406 -0.70406 -0.09269 0.70406 -0.65608 -0.27176 0.70406 -0.65608 -0.27176 0.70406 -0.56339 -0.4323 0.70406 -0.4323 -0.56339 0.70406 -0.4323 -0.56339 0.70406 -0.27176 -0.65608 0.70406 -0.27176 -0.65608 0.70406 -0.09269 -0.70406 0.70406 -0.09269 -0.70406 0.70406 0.09269 -0.70406 0.70406 0.09269 -0.70406 0.70406 0.27176 -0.65608 0.70406 0.27176 -0.65608 0.70406 0.4323 -0.56339 0.70406 0.4323 -0.56339 0.70406 0.56339 -0.4323 0.70406 0.56339 -0.4323 0.70406 0.65608 -0.27176 0.70406 0.65608 -0.27176 0.70406 0.70406 -0.09269 0.70406 0.70406 0.09269 0.70406 0.65608 0.27176 0.70406 0.56339 0.43231 0.70406 0.56339 0.4323 0.70406 0.4323 0.56339 0.70406 0.4323 0.56339 0.70406 0.27176 0.65608 0.70406 0.27176 0.65608 0.70406 0.09269 0.70406 0.70406 0.09269 0.70406 0.70406 -0.09269 0.70406 0.70406 -0.09269 0.70406 0.70406 -0.27176 0.65608 0.70406 -0.27176 0.65608 0.70406 -0.4323 0.56339 0.70406 -0.4323 0.56339 0.70406 -0.56339 0.43231 0.70406 -0.56339 0.4323 0.70406 -0.65608 0.27176 0.70406 -0.65608 0.27176 0.70406 -0.65608 -0.27176 0.70406 -0.56339 -0.4323 0.70406 -0.56339 -0.4323 0.70406 -0.4323 -0.56339 0.70406 -0.4323 -0.56339 0.70406 -0.27176 -0.65608 0.70406 -0.27176 -0.65608 0.70406 -0.09269 -0.70406 0.70406 -0.09269 -0.70406 0.70406 0.09269 -0.70406 0.70406 0.09269 -0.70406 0.70406 0.27176 -0.65608 0.70406 0.27176 -0.65608 0.70406 0.4323 -0.56339 0.70406 0.4323 -0.56339 0.70406 0.56339 -0.4323 0.70406 0.56339 -0.4323 0.70406 0.65608 -0.27176 0.70406 0.65608 -0.27176 0.70406 0.65608 0.27176 0.70406 0.65608 0.27176 0.70406 0.56339 0.4323 0.70406 0.56339 0.4323 0.70406 0.43231 0.56339 0.70406 0.4323 0.56339 0.70406 0.27176 0.65608 0.70406 0.27176 0.65608 0.70406 0.09269 0.70406 0.70406 -0.09269 0.70406 0.70406 -0.09269 0.70406 0.70406 -0.27176 0.65608 0.70406 -0.27176 0.65608 0.70406 -0.4323 0.56339 0.70406 -0.4323 0.56339 0.70406 -0.56339 0.4323 0.70406 -0.56339 0.4323 0.70406 -0.65608 0.27176 0.70406 -0.65608 0.27176 0.70406 -0.70406 0.09269 0.70406 -0.70406 0.09269 0.70406 -0.70406 -0.09269 0.70406 -0.70406 -0.09269 0.70406 -0.65608 -0.27176 0.70406 -0.65608 -0.27176 0.70406 -0.56339 -0.4323 0.70406 -0.56339 -0.4323 0.70406 -0.4323 -0.56339 0.70406 -0.4323 -0.56339 0.70406 -0.27176 -0.65608 0.70406 -0.09269 -0.70406 0.70406 -0.09269 -0.70406 0.70406 0.09269 -0.70406 0.70406 0.09269 -0.70406 0.70406 0.27176 -0.65608 0.70406 0.27176 -0.65608 0.70406 0.43231 -0.56339 0.70406 0.4323 -0.56339 0.70406 0.56339 -0.4323 0.70406 0.56339 -0.4323 0.70406 0.65608 -0.27176 0.70406 0.70406 -0.09269 0.70406 0.70406 0.09269 0.70406 0.70406 0.09269 0.70406 0.65608 0.27176 0.70406 0.56339 0.4323 0.70406 0.56339 0.4323 0.70406 0.43231 0.56339 0.70406 0.4323 0.56339 0.70406 0.27176 0.65608 0.70406 0.09269 0.70406 0.70406 0.09269 0.70406 0.70406 -0.09269 0.70406 0.70406 -0.09269 0.70406 0.70406 -0.27176 0.65608 0.70406 -0.4323 0.56339 0.70406 -0.56339 0.4323 0.70406 -0.56339 0.4323 0.70406 -0.65608 0.27176 0.70406 -0.70406 0.09269 0.70406 -0.70406 0.09269 0.70406 -0.70406 -0.09269 0.70406 -0.65608 -0.27176 0.70406 -0.65608 -0.27176 0.70406 -0.56339 -0.4323 0.70406 -0.56339 -0.4323 0.70406 -0.4323 -0.56339 0.70406 -0.27176 -0.65608 0.70406 -0.09269 -0.70406 0.70406 0.09269 -0.70406 0.70406 0.09269 -0.70406 0.70406 0.27176 -0.65608 0.70406 0.27176 -0.65608 0.70406 0.4323 -0.56339 0.70406 0.65608 -0.27176 0.70406 0.70406 -0.09269 0.70406 0.70406 -0.09269 0.70406 0.70406 0.09269 0.70406 0.65608 0.27176 0.70406 0.65608 0.27176 0.70406 0.56339 0.4323 0.70406 0.56339 0.4323 0.70406 0.4323 0.56339 0.70406 0.4323 0.56339 0.70406 0.09269 0.70406 0.70406 -0.09269 0.70406 0.70406 -0.09269 0.70406 0.70406 -0.43231 0.56339 0.70406 -0.4323 0.56339 0.70406 -0.56339 0.4323 0.70406 -0.56339 0.4323 0.70406 -0.65608 0.27176 0.70406 -0.65608 0.27176 0.70406 -0.70406 0.09269 0.70406 -0.70406 0.09269 0.70406 -0.70406 -0.09269 0.70406 -0.70406 -0.09269 0.70406 -0.65608 -0.27176 0.70406 -0.56339 -0.4323 0.70406 -0.56339 -0.4323 0.70406 -0.43231 -0.56339 0.70406 -0.4323 -0.56339 0.70406 -0.09269 -0.70406 0.70406 -0.09269 -0.70406 0.70406 0.09269 -0.70406 0.70406 0.09269 -0.70406 0.70406 0.4323 -0.56339 0.70406 0.4323 -0.56339 0.70406 0.56339 -0.4323 0.70406 0.56339 -0.4323 0.70406 0.65608 -0.27176 0.70406 0.65608 -0.27176 0.70406 0.70406 -0.09269 0.70406 0.70406 -0.09269 0.70406 0.70406 0.09269 0.70406 0.70406 0.09269 0.70406 0.65608 0.27176 0.70406 0.65608 0.27176 0.70406 0.56339 0.4323 0.70406 0.56339 0.4323 0.70406 0.4323 0.56339 0.70406 0.4323 0.56339 0.70406 0.09269 0.70406 0.70406 0.09269 0.70406 0.70406 -0.09269 0.70406 0.70406 -0.09269 0.70406 0.70406 -0.4323 0.56339 0.70406 -0.56339 0.4323 0.70406 -0.56339 0.4323 0.70406 -0.70406 0.09269 0.70406 -0.70406 0.09269 0.70406 -0.70406 -0.09269 0.70406 -0.65608 -0.27176 0.70406 -0.65608 -0.27176 0.70406 -0.56339 -0.4323 0.70406 -0.56339 -0.4323 0.70406 -0.43231 -0.56339 0.70406 -0.4323 -0.56339 0.70406 -0.09269 -0.70406 0.70406 -0.09269 -0.70406 0.70406 0.09269 -0.70406 0.70406 0.09269 -0.70406 0.70406 0.4323 -0.56339 0.70406 0.56339 -0.4323 0.70406 0.56339 -0.4323 0.70406 0.65608 -0.27176 0.70406 0.70406 -0.09269 0.70406 0.70406 -0.09269 0.70406 0.70406 0.09269 0.70406 -0 -0 -1 1 0 -0 0 0 1 -1 -0 0 0 -1 0 -0 1 -0 -0 0.18375 -0.98297 -0 0.52643 -0.85022 -0 0.79802 -0.60264 -0 0.96183 -0.27366 -0 0.99573 0.09227 -0 0.89516 0.44574 -0 0.6737 0.73901 -0 0.36124 0.93247 0 -0.36124 0.93247 0 -0.6737 0.73901 0 -0.89516 0.44574 0 -0.99573 0.09227 0 -0.96183 -0.27366 0 -0.79802 -0.60264 0 -0.52643 -0.85022 0 -0.18375 -0.98297 -0 0.18375 -0.98297 -0 0.79802 -0.60263 -0 0.96183 -0.27366 -0 0.99573 0.09227 -0 0.36124 0.93247 0 -0.36124 0.93247 0 -0.99573 0.09227 0 -0.96183 -0.27366 0 -0.79802 -0.60263 0 -0.18375 -0.98297 0.98297 0.18375 -0 0.85022 0.52643 -0 0.60264 0.79802 -0 0.27366 0.96183 -0 -0.09227 0.99573 -0 -0.44574 0.89516 0 -0.73901 0.6737 0 -0.93247 0.36124 0 -0.93247 -0.36124 0 -0.73901 -0.6737 0 -0.44574 -0.89516 0 -0.09227 -0.99573 0 0.27366 -0.96183 -0 0.60264 -0.79802 -0 0.85022 -0.52643 -0 0.98297 -0.18375 -0 0.98297 0.18375 -0 0.85022 0.52643 -0 0.60263 0.79802 -0 0.27366 0.96183 -0 -0.09227 0.99573 -0 -0.73901 0.6737 0 -0.73901 -0.6737 0 -0.44574 -0.89516 0 -0.09227 -0.99573 0 0.27366 -0.96183 -0 0.60263 -0.79802 -0 0.85022 -0.52643 -0 0.98297 -0.18375 -0 1 0 -0 -1 -0 0 -0 0.98263 0.18558 -0 0.99515 0.09837 -0 0.99995 0.01039 -0 0.99698 -0.07766 -0 0.98627 -0.16512 -0 0.98473 -0.17406 -0 0.9945 -0.10478 -0 0.99939 -0.03498 -0 1 0 -0 0.9818 0.18992 -0 0.84014 0.54237 -0 0.57726 0.81656 0 0.2311 0.97293 0 -0.23377 0.97229 0 -0.58398 0.81177 0 -0.84752 0.53077 0 -0.97911 0.20334 0 -0.96873 0.24812 0 -0.9563 0.29238 0 -0.94186 0.33602 0 -0.98954 0.14428 0 -0.98596 0.16699 0 -0.99769 0.06786 0 -1 -0 0 -0.98079 -0.19509 0 -0.83147 -0.55557 0 -0.55557 -0.83147 -0 -0.19509 -0.98079 -0 0 -1 -0 0.25882 -0.96593 -0 0.70711 -0.70711 -0 0.96593 -0.25882 -0 0.9998 0.02013 -0 0.99697 0.07774 -0 0.98506 0.17219 -0 0.96593 -0.25882 -0 0.70711 -0.70711 -0 0.25882 -0.96593 0 -0.25882 -0.96593 0 -0.70711 -0.70711 0 -0.96593 -0.25882 0 -0.96593 0.25882 0 -0.70711 0.70711 0 -0.25882 0.96593 -0 0.25882 0.96593 -0 0.70711 0.70711 -0 0.96593 0.25882 -0 0.96593 -0.25882 -0 0.70711 -0.70711 -0 0.25882 -0.96593 0 -0.70711 -0.70711 0 -0.96593 -0.25882 0 -0.96593 0.25882 0 -0.70711 0.70711 -0 0.25882 0.96593 -0 0.70711 0.70711 -0 0.96593 0.25882 -0 0.96593 -0.25882 -0 0.70711 -0.70711 0 -0.96593 -0.25882 0 -0.96593 0.25882 -0 0.70711 0.70711 -0 0.96593 0.25882 -0 0.96593 -0.25882 -0 0.70711 -0.70711 -0 0.25882 -0.96593 0 -0.25882 -0.96593 0 -0.70711 -0.70711 0 -0.96593 -0.25882 0 -0.96593 0.25882 0 -0.70711 0.70711 0 -0.25882 0.96593 -0 0.25882 0.96593 -0 0.70711 0.70711 -0 0.96593 0.25882 -0 0.96593 -0.25882 -0 0.70711 -0.70711 0 -0.96593 -0.25882 0 -0.96593 0.25882 0 -0.70711 0.70711 -0 0.70711 0.70711 -0 0.96593 0.25882 -0 -0 -1 1 0 -0 1 0 -0 0 0 1 -1 -0 0 -1 -0 0 0 -1 0 -0 1 -0 -0 0.18375 -0.98297 -0 0.52643 -0.85022 -0 0.79802 -0.60264 -0 0.96183 -0.27366 -0 0.99573 0.09227 -0 0.89516 0.44574 -0 0.6737 0.73901 -0 0.36124 0.93247 0 -0.36124 0.93247 0 -0.6737 0.73901 0 -0.89516 0.44574 0 -0.99573 0.09227 0 -0.96183 -0.27366 0 -0.79802 -0.60264 0 -0.52643 -0.85022 0 -0.18375 -0.98297 -0 0.18375 -0.98297 -0 0.79802 -0.60263 -0 0.96183 -0.27366 -0 0.99573 0.09227 -0 0.36124 0.93247 0 -0.36124 0.93247 0 -0.99573 0.09227 0 -0.96183 -0.27366 0 -0.79802 -0.60263 0 -0.18375 -0.98297 0.98297 0.18375 -0 0.85022 0.52643 -0 0.60264 0.79802 -0 0.27366 0.96183 -0 -0.09227 0.99573 0 -0.44574 0.89516 0 -0.73901 0.6737 0 -0.93247 0.36124 0 -0.93247 -0.36124 0 -0.73901 -0.6737 0 -0.44574 -0.89516 0 -0.09227 -0.99573 0 0.27366 -0.96183 -0 0.60264 -0.79802 -0 0.85022 -0.52643 -0 0.98297 -0.18375 -0 0.98297 0.18375 -0 0.85022 0.52643 -0 0.60263 0.79802 -0 0.27366 0.96183 -0 -0.09227 0.99573 0 -0.73901 0.6737 0 -0.73901 -0.6737 0 -0.44574 -0.89516 0 -0.09227 -0.99573 0 0.27366 -0.96183 -0 0.60263 -0.79802 -0 0.85022 -0.52643 -0 0.98297 -0.18375 -0 1 -0 0 -1 0 -0 -0 0.98263 0.18558 0 0.99515 0.09837 0 0.99995 0.01039 0 0.99698 -0.07766 0 0.98627 -0.16512 0 0.98473 -0.17406 0 0.9945 -0.10478 0 0.99939 -0.03498 0 1 -0 -0 0.9818 0.18992 -0 0.84014 0.54237 -0 0.57726 0.81656 -0 0.2311 0.97293 -0 -0.19761 0.98028 -0 -0.38274 0.92386 -0 -0.58398 0.81177 -0 -0.84752 0.53077 -0 -0.94091 0.33864 -0 -0.95382 0.30037 -0 -0.96517 0.26161 -0 -0.97126 0.23803 -0 -0.97587 0.21837 -0 -0.98314 0.18288 -0 0.99208 0.12563 -0 0.98089 0.19456 0 -0.25882 -0.96593 0 -0.70711 -0.70711 0 -0.96593 -0.25882 0 -0 -1 0 0.8731 -0.48754 0 0.59472 -0.80393 0 0.21071 -0.97755 0 0.95623 -0.29262 -0 0.23136 0.97287 -0 0.64453 0.76458 -0 0.91971 0.39259 0 0.99799 -0.06345 -0 0 1 -0 -0.96593 0.25882 -0 -0.70711 0.70711 -0 -0.25882 0.96593 -0 -1 0 0 -0.25882 -0.96593 0 -0.70711 -0.70711 0 -0.96593 -0.25882 0 0.89629 -0.44347 0 0.61847 -0.78581 0 0.22044 -0.9754 0 0.972 -0.23499 -0 0.22408 0.97457 -0 0.62724 0.77883 -0 0.90441 0.42666 0 0.99994 -0.01121 -0 -0.96593 0.25882 -0 -0.70711 0.70711 -0 -0.25882 0.96593 0 0.96593 -0.25882 0 0.70711 -0.70711 0 0.25882 -0.96593 0 -0.25882 -0.96593 0 -0.70711 -0.70711 0 -0.96593 -0.25882 -0 -0.96593 0.25882 -0 -0.70711 0.70711 -0 -0.25882 0.96593 -0 0.25882 0.96593 -0 0.70711 0.70711 -0 0.96593 0.25882 0 0.96593 -0.25882 0 0.70711 -0.70711 0 0.25882 -0.96593 0 -0.25882 -0.96593 0 -0.70711 -0.70711 0 -0.96593 -0.25882 -0 -0.96593 0.25882 -0 -0.70711 0.70711 -0 -0.25882 0.96593 -0 0.25882 0.96593 -0 0.70711 0.70711 -0 0.96593 0.25882 0 0.96593 -0.25882 0 0.70711 -0.70711 0 -0.70711 -0.70711 0 -0.96593 -0.25882 -0 -0.96593 0.25882 -0 -0.70711 0.70711 -0 0.70711 0.70711 -0 0.96593 0.25882 0 0.16542 -0.98622 0 0.47815 -0.87828 0 0.73855 -0.6742 0 0.91811 -0.39633 0 0.99718 -0.07508 -0 -0.99995 -0.00973 0 -0.93708 -0.34912 0 -0.76256 -0.64692 0 -0.49719 -0.86764 0 -0.17258 -0.985 1 0 -0 -1 -0 0 -0 0.98263 0.18558 -0 0.99515 0.09837 -0 0.99995 0.01039 -0 0.99698 -0.07766 -0 0.98627 -0.16512 -0 0.98473 -0.17406 -0 0.9945 -0.10478 -0 0.99939 -0.03498 -0 1 -0 -0 0.9818 0.18992 -0 0.84014 0.54237 -0 0.57726 0.81656 -0 0.2311 0.97293 0 -0.23377 0.97229 0 -0.58398 0.81177 0 -0.84752 0.53077 0 -0.97911 0.20334 0 -0.96873 0.24812 0 -0.9563 0.29238 0 -0.94186 0.33602 0 -0.98954 0.14428 0 -0.98596 0.16699 0 -0.99769 0.06786 0 -1 0 0 -0.98079 -0.19509 0 -0.83147 -0.55557 0 -0.55557 -0.83147 0 -0.19509 -0.98079 -0 -0 -1 -0 0.25882 -0.96593 -0 0.70711 -0.70711 -0 0.96593 -0.25882 -0 0.9998 0.02013 -0 0.99697 0.07774 -0 0.98506 0.17219 -0 0.96593 -0.25882 -0 0.70711 -0.70711 -0 0.25882 -0.96593 0 -0.25882 -0.96593 0 -0.70711 -0.70711 0 -0.96593 -0.25882 0 -0.96593 0.25882 0 -0.70711 0.70711 0 -0.25882 0.96593 -0 0.25882 0.96593 -0 0.70711 0.70711 -0 0.96593 0.25882 -0 0.96593 -0.25882 -0 0.70711 -0.70711 -0 0.25882 -0.96593 0 -0.70711 -0.70711 0 -0.96593 -0.25882 0 -0.96593 0.25882 0 -0.70711 0.70711 -0 0.25882 0.96593 -0 0.70711 0.70711 -0 0.96593 0.25882 -0 0.96593 -0.25882 -0 0.70711 -0.70711 0 -0.96593 -0.25882 0 -0.96593 0.25882 -0 0.70711 0.70711 -0 0.96593 0.25882 -0 0.96593 -0.25882 -0 0.70711 -0.70711 -0 0.25882 -0.96593 0 -0.25882 -0.96593 0 -0.70711 -0.70711 0 -0.96593 -0.25882 0 -0.96593 0.25882 0 -0.70711 0.70711 0 -0.25882 0.96593 -0 0.25882 0.96593 -0 0.70711 0.70711 -0 0.96593 0.25882 -0 0.70711 -0.70711 0 -0.96593 -0.25882 0 -0.96593 0.25882 0 -0.70711 0.70711 -0 0.70711 0.70711 -0 0.96593 0.25882 -0 0.35041 0.9366 -0 0.73899 0.67372 -0 0.96498 0.26232 -0 0.97834 -0.207 -0 0.77611 -0.63059 0 0 1 0 -1 0 0 -0.99939 0.03498 0 -0.9945 0.10478 0 -0.98473 0.17407 0 -0.98627 0.16513 0 -0.99698 0.07766 0 -0.99995 -0.01039 0 -0.99515 -0.09837 0 -0.98263 -0.18558 0 -0.98142 -0.19187 0 -0.99308 -0.1174 -0 0.92506 0.37983 -0 0.99118 -0.13255 -0 0.79274 -0.60955 -0 0.38254 -0.92394 -0 0.35248 -0.93582 -0 0.73003 -0.68342 -0 0.9569 -0.29043 -0 0.98671 0.16248 -0 0.81323 0.58195 -0 0.4722 0.88149 0 0.03415 0.99942 0 0.06533 0.99786 -0 0.55245 0.83354 -0 0.89387 0.44833 -0 0.99846 -0.05548 -0 0.83876 -0.5445 -0 0.45692 -0.88951 -0 0.45482 -0.89058 -0 0.83445 -0.55108 -0 0.99765 -0.06859 -0 0.90201 0.43171 -0 0.57197 0.82028 0 0.09407 0.99557 0 0.06437 0.99793 -0 0.49699 0.86776 -0 0.8283 0.56029 -0 0.99036 0.1385 -0 0.95023 -0.31155 -0 0.71602 -0.69808 -0 0.33559 -0.94201 -0 0.36343 -0.93162 -0 0.77564 -0.63117 -0 0.98596 -0.16698 -0 0.94012 0.34085 -0 0.65008 0.75987 0 0.19083 0.98162 0 0.162 0.98679 -0 0.57941 0.81503 -0 0.87905 0.47673 -0 0.99915 0.04117 -0 0.9153 -0.40278 -0 0.64431 -0.76476 -0 0.24219 -0.97023 -0 0.27126 -0.96251 -0 0.71008 -0.70412 -0 0.96502 -0.26218 -0 0.96889 0.24749 -0 0.72117 0.69276 -0 0.28576 0.9583 -0 0.25697 0.96642 -0 0.65634 0.75447 -0 0.92138 0.38866 -0 0.9984 -0.05646 -0 0.87163 -0.49016 -0 0.56676 -0.82388 -0 0.14668 -0.98918 -0 0.17584 -0.98442 -0 0.63807 -0.76998 -0 0.9348 -0.35517 -0 0.98841 0.15179 -0 0.78523 0.6192 -0 0.37787 0.92586 -0 0.35033 0.93663 -0 0.72668 0.68697 -0 0.95487 0.29701 -0 0.98811 -0.15373 -0 0.81974 -0.57274 -0 0.48387 -0.87514 -0 0.04908 -0.9988 -0 0.08118 -0.9967 -0 0.56547 -0.82477 -0 0.90047 -0.43492 -0 0.99758 0.0696 -0 0.83128 0.55585 -0 0.44536 0.89535 -0 0.44295 0.89655 -0 0.82727 0.56181 -0 0.99665 0.08181 -0 0.90764 -0.41975 -0 0.58337 -0.8122 -0 0.10814 -0.99414 -0 0.07773 -0.99697 -0 0.50766 -0.86156 -0 0.83476 -0.55061 -0 0.99178 -0.12794 -0 0.94721 0.32063 -0 0.71007 0.70413 -0 0.32838 0.94455 -0 0.35759 0.93388 -0 0.77188 0.63576 -0 0.98518 0.17151 -0 0.94141 -0.33727 -0 0.65219 -0.75805 -0 0.19279 -0.98124 -0 0.19176 -0.98144 -0 0.64942 -0.76043 -0 0.93953 -0.34248 -0 0.98648 0.16387 -0 0.77853 0.62761 -0 0.36856 0.9296 1 0 -0 -1 -0 0 -0 0.11373 -0.99351</float_array>
          <technique_common>
            <accessor source="#norm_0-array" count="3618" stride="3">
              <param name="X" type="float"/>
              <param name="Y" type="float"/>
              <param name="Z" type="float"/>
            </accessor>
          </technique_common>
        </source>
        <vertices id="vert_0">
          <input semantic="POSITION" source="#pos_0"/>
        </vertices>
        <triangles count="5508" material="mat_0">
          <input semantic="VERTEX" source="#vert_0" offset="0"/>
          <input semantic="NORMAL" source="#norm_0" offset="1"/>
          <p>0 0 1 0 2 0 3 0 4 0 5 0 5 0 4 0 6 0 5 0 6 0 7 0 7 0 6 0 8 0 9 0 10 0 11 0 11 0 10 0 12 0 13 0 14 0 12 0 15 0 16 0 10 0 10 0 16 0 17 0 10 0 17 0 18 0 0 0 2 0 19 0 20 0 21 0 22 0 22 0 21 0 23 0 22 0 23 0 24 0 24 0 23 0 25 0 26 0 27 0 28 0 18 0 29 0 10 0 10 0 29 0 30 0 10 0 30 0 31 0 32 0 33 0 27 0 27 0 33 0 2 0 27 0 2 0 28 0 28 0 2 0 1 0 14 0 13 0 34 0 34 0 13 0 2 0 34 0 2 0 35 0 35 0 2 0 33 0 35 0 33 0 8 0 8 0 33 0 36 0 8 0 36 0 7 0 37 0 38 0 39 0 39 0 38 0 40 0 39 0 40 0 41 0 41 0 40 0 42 0 41 0 42 0 31 0 43 0 44 0 45 0 45 0 44 0 10 0 43 0 46 0 44 0 44 0 46 0 47 0 44 0 47 0 2 0 2 0 47 0 48 0 2 0 48 0 19 0 49 0 50 0 51 0 52 0 53 0 54 0 54 0 53 0 55 0 54 0 55 0 56 0 56 0 55 0 57 0 56 0 57 0 58 0 58 0 57 0 59 0 58 0 59 0 32 0 32 0 59 0 60 0 32 0 60 0 33 0 9 0 61 0 10 0 10 0 61 0 62 0 10 0 62 0 3 0 63 0 64 0 10 0 65 0 66 0 67 0 68 0 69 0 70 0 71 0 72 0 73 0 73 0 72 0 74 0 75 0 76 0 12 0 12 0 76 0 77 0 12 0 77 0 13 0 78 0 79 0 80 0 80 0 79 0 68 0 80 0 68 0 81 0 81 0 68 0 70 0 10 0 64 0 45 0 45 0 64 0 82 0 45 0 82 0 83 0 84 0 85 0 86 0 87 0 88 0 89 0 89 0 88 0 90 0 89 0 90 0 91 0 91 0 90 0 92 0 91 0 92 0 93 0 5 0 94 0 3 0 3 0 94 0 95 0 3 0 95 0 10 0 10 0 95 0 52 0 10 0 52 0 63 0 63 0 52 0 54 0 25 0 96 0 24 0 24 0 96 0 97 0 24 0 97 0 98 0 99 0 100 0 101 0 101 0 100 0 102 0 101 0 102 0 103 0 103 0 102 0 104 0 103 0 104 0 105 0 26 0 28 0 106 0 106 0 28 0 107 0 106 0 107 0 108 0 108 0 107 0 109 0 108 0 109 0 83 0 83 0 109 0 110 0 83 0 110 0 45 0 10 0 111 0 71 0 112 0 113 0 86 0 86 0 113 0 114 0 86 0 114 0 84 0 115 0 116 0 117 0 51 0 50 0 118 0 119 0 120 0 121 0 121 0 120 0 122 0 121 0 122 0 51 0 51 0 122 0 123 0 51 0 123 0 49 0 124 0 125 0 10 0 10 0 125 0 126 0 10 0 126 0 111 0 111 0 126 0 78 0 111 0 78 0 127 0 127 0 78 0 80 0 128 0 129 0 130 0 130 0 129 0 131 0 130 0 131 0 74 0 74 0 131 0 132 0 74 0 132 0 73 0 133 0 134 0 135 0 135 0 134 0 136 0 135 0 136 0 67 0 67 0 136 0 137 0 67 0 137 0 65 0 138 0 139 0 140 0 140 0 139 0 115 0 140 0 115 0 141 0 141 0 115 0 117 0 10 0 142 0 143 0 144 0 145 0 146 0 147 0 148 0 149 0 149 0 148 0 150 0 149 0 150 0 151 0 151 0 150 0 152 0 153 0 154 0 155 0 155 0 154 0 156 0 155 0 156 0 157 0 157 0 156 0 158 0 157 0 158 0 159 0 10 0 158 0 160 0 31 0 42 0 10 0 10 0 42 0 161 0 10 0 161 0 162 0 152 0 163 0 151 0 151 0 163 0 164 0 151 0 164 0 165 0 166 0 167 0 168 0 168 0 167 0 169 0 168 0 169 0 170 0 170 0 169 0 171 0 84 0 172 0 85 0 85 0 172 0 173 0 85 0 173 0 174 0 174 0 173 0 175 0 75 0 12 0 176 0 176 0 12 0 10 0 176 0 10 0 177 0 171 0 178 0 170 0 170 0 178 0 179 0 170 0 179 0 180 0 160 0 181 0 10 0 10 0 181 0 182 0 10 0 182 0 177 0 177 0 182 0 138 0 177 0 138 0 183 0 183 0 138 0 140 0 184 0 185 0 186 0 186 0 185 0 187 0 186 0 187 0 188 0 188 0 187 0 142 0 188 0 142 0 189 0 189 0 142 0 10 0 189 0 10 0 190 0 190 0 10 0 162 0 146 0 191 0 144 0 144 0 191 0 192 0 144 0 192 0 193 0 193 0 192 0 124 0 193 0 124 0 194 0 71 0 73 0 10 0 10 0 73 0 195 0 10 0 195 0 175 0 159 0 158 0 196 0 196 0 158 0 10 0 196 0 10 0 66 0 50 0 197 0 10 0 175 0 173 0 10 0 10 0 173 0 198 0 10 0 198 0 66 0 66 0 198 0 199 0 66 0 199 0 67 0 118 0 50 0 200 0 200 0 50 0 10 0 200 0 10 0 201 0 143 0 202 0 10 0 10 0 202 0 203 0 10 0 203 0 98 0 98 0 97 0 10 0 10 0 97 0 204 0 10 0 204 0 93 0 104 0 205 0 105 0 105 0 205 0 201 0 105 0 201 0 206 0 206 0 201 0 10 0 206 0 10 0 207 0 207 0 10 0 93 0 207 0 93 0 208 0 208 0 93 0 92 0 194 0 124 0 209 0 209 0 124 0 10 0 209 0 10 0 179 0 180 0 179 0 210 0 210 0 179 0 10 0 210 0 10 0 164 0 164 0 10 0 197 0 164 0 197 0 165 0 211 1 212 1 117 1 117 1 212 1 141 1 213 2 177 2 214 2 214 2 177 2 183 2 214 3 183 3 215 3 215 3 183 3 140 3 215 4 140 4 212 4 212 4 140 4 141 4 216 5 217 5 21 5 21 5 217 5 23 5 218 6 97 6 219 6 219 6 97 6 96 6 219 7 96 7 220 7 220 7 96 7 25 7 220 8 25 8 217 8 217 8 25 8 23 8 221 9 222 9 89 9 89 9 222 9 87 9 222 10 223 10 87 10 87 10 223 10 88 10 223 5 224 5 88 5 88 5 224 5 90 5 225 6 207 6 226 6 226 6 207 6 208 6 226 7 208 7 227 7 227 7 208 7 92 7 227 8 92 8 224 8 224 8 92 8 90 8 228 9 229 9 101 9 101 9 229 9 99 9 229 10 230 10 99 10 99 10 230 10 100 10 230 5 231 5 100 5 100 5 231 5 102 5 232 11 201 11 233 11 233 11 201 11 205 11 233 12 205 12 234 12 234 12 205 12 104 12 234 8 104 8 231 8 231 8 104 8 102 8 235 13 236 13 121 13 121 13 236 13 119 13 236 10 237 10 119 10 119 10 237 10 120 10 237 5 238 5 120 5 120 5 238 5 122 5 239 14 50 14 240 14 240 14 50 14 49 14 240 15 49 15 241 15 241 15 49 15 123 15 241 8 123 8 238 8 238 8 123 8 122 8 242 9 243 9 149 9 149 9 243 9 147 9 243 10 244 10 147 10 147 10 244 10 148 10 244 16 245 16 148 16 148 16 245 16 150 16 246 14 164 14 247 14 247 14 164 14 163 14 247 12 163 12 248 12 248 12 163 12 152 12 248 17 152 17 245 17 245 17 152 17 150 17 249 9 250 9 168 9 168 9 250 9 166 9 250 10 251 10 166 10 166 10 251 10 167 10 251 16 252 16 167 16 167 16 252 16 169 16 253 14 179 14 254 14 254 14 179 14 178 14 254 15 178 15 255 15 255 15 178 15 171 15 255 8 171 8 252 8 252 8 171 8 169 8 256 13 257 13 144 13 144 13 257 13 145 13 257 10 258 10 145 10 145 10 258 10 146 10 258 5 259 5 146 5 146 5 259 5 191 5 260 14 125 14 261 14 261 14 125 14 124 14 261 15 124 15 262 15 262 15 124 15 192 15 262 8 192 8 259 8 259 8 192 8 191 8 263 13 264 13 68 13 68 13 264 13 69 13 264 10 265 10 69 10 69 10 265 10 70 10 265 5 266 5 70 5 70 5 266 5 81 5 267 14 111 14 268 14 268 14 111 14 127 14 268 15 127 15 269 15 269 15 127 15 80 15 269 8 80 8 266 8 266 8 80 8 81 8 270 18 271 18 130 18 130 18 271 18 128 18 271 10 272 10 128 10 128 10 272 10 129 10 272 19 273 19 129 19 129 19 273 19 131 19 274 20 195 20 275 20 275 20 195 20 73 20 275 21 73 21 276 21 276 21 73 21 132 21 276 22 132 22 273 22 273 22 132 22 131 22 277 18 278 18 86 18 86 18 278 18 112 18 278 10 279 10 112 10 112 10 279 10 113 10 279 19 280 19 113 19 113 19 280 19 114 19 281 14 173 14 282 14 282 14 173 14 172 14 282 21 172 21 283 21 283 21 172 21 84 21 283 22 84 22 280 22 280 22 84 22 114 22 284 18 285 18 135 18 135 18 285 18 133 18 285 10 286 10 133 10 133 10 286 10 134 10 286 23 287 23 134 23 134 23 287 23 136 23 288 14 66 14 289 14 289 14 66 14 65 14 289 24 65 24 290 24 290 24 65 24 137 24 290 25 137 25 287 25 287 25 137 25 136 25 291 18 292 18 155 18 155 18 292 18 153 18 293 10 211 10 116 10 116 10 211 10 117 10 292 10 294 10 153 10 153 10 294 10 154 10 294 26 295 26 154 26 154 26 295 26 156 26 296 27 181 27 297 27 297 27 181 27 160 27 297 28 160 28 298 28 298 28 160 28 158 28 298 29 158 29 295 29 295 29 158 29 156 29 299 18 293 18 115 18 115 18 293 18 116 18 300 10 301 10 202 10 202 10 301 10 203 10 300 6 202 6 302 6 302 6 202 6 143 6 302 12 143 12 303 12 303 12 143 12 142 12 303 30 142 30 304 30 304 30 142 30 187 30 305 31 304 31 185 31 185 31 304 31 187 31 184 10 306 10 185 10 185 10 306 10 305 10 307 9 306 9 186 9 186 9 306 9 184 9 307 32 186 32 308 32 308 32 186 32 188 32 308 33 188 33 309 33 309 33 188 33 189 33 309 34 189 34 310 34 310 34 189 34 190 34 311 10 310 10 162 10 162 10 310 10 190 10 311 11 162 11 312 11 312 11 162 11 161 11 312 12 161 12 313 12 313 12 161 12 42 12 313 8 42 8 314 8 314 8 42 8 40 8 315 5 314 5 38 5 38 5 314 5 40 5 37 10 316 10 38 10 38 10 316 10 315 10 317 35 316 35 39 35 39 35 316 35 37 35 317 36 39 36 318 36 318 36 39 36 41 36 318 33 41 33 319 33 319 33 41 33 31 33 319 37 31 37 320 37 320 37 31 37 30 37 321 10 320 10 29 10 29 10 320 10 30 10 321 11 29 11 322 11 322 11 29 11 18 11 322 12 18 12 323 12 323 12 18 12 17 12 323 8 17 8 324 8 324 8 17 8 16 8 324 38 16 38 325 38 325 38 16 38 15 38 326 10 216 10 20 10 20 10 216 10 21 10 327 39 328 39 2 39 2 39 328 39 44 39 329 40 330 40 328 40 331 40 332 40 333 40 334 40 335 40 327 40 328 40 330 40 336 40 309 40 310 40 303 40 335 40 337 40 327 40 327 40 337 40 338 40 327 40 338 40 328 40 328 40 338 40 339 40 328 40 339 40 340 40 341 40 342 40 343 40 343 40 342 40 344 40 343 40 344 40 345 40 345 40 344 40 346 40 345 40 346 40 347 40 347 40 346 40 329 40 347 40 329 40 332 40 332 40 329 40 328 40 348 40 349 40 234 40 341 40 343 40 350 40 350 40 343 40 351 40 350 40 351 40 352 40 352 40 351 40 353 40 352 40 353 40 354 40 330 40 355 40 336 40 336 40 355 40 356 40 336 40 356 40 357 40 358 40 359 40 360 40 361 40 362 40 328 40 328 40 362 40 363 40 328 40 363 40 332 40 332 40 363 40 364 40 332 40 364 40 333 40 365 40 366 40 367 40 367 40 366 40 368 40 367 40 368 40 369 40 325 40 336 40 324 40 324 40 336 40 323 40 358 40 360 40 368 40 370 40 225 40 226 40 365 40 367 40 371 40 371 40 367 40 372 40 371 40 372 40 333 40 333 40 372 40 373 40 333 40 373 40 331 40 224 40 223 40 222 40 303 40 310 40 302 40 305 40 306 40 304 40 304 40 306 40 307 40 304 40 307 40 303 40 303 40 307 40 308 40 303 40 308 40 309 40 216 40 326 40 217 40 217 40 326 40 374 40 217 40 374 40 220 40 220 40 374 40 375 40 340 40 376 40 328 40 328 40 376 40 377 40 328 40 377 40 361 40 361 40 377 40 378 40 361 40 378 40 379 40 379 40 378 40 380 40 379 40 380 40 359 40 359 40 380 40 381 40 359 40 381 40 360 40 226 40 227 40 370 40 370 40 227 40 224 40 370 40 224 40 221 40 221 40 224 40 222 40 318 40 311 40 312 40 319 40 320 40 357 40 357 40 320 40 321 40 357 40 321 40 336 40 336 40 321 40 322 40 336 40 322 40 323 40 334 40 327 40 360 40 360 40 327 40 352 40 360 40 352 40 368 40 368 40 352 40 354 40 368 40 354 40 369 40 314 40 315 40 316 40 375 40 382 40 220 40 220 40 382 40 301 40 220 40 301 40 219 40 230 40 229 40 231 40 231 40 229 40 228 40 231 40 228 40 234 40 234 40 228 40 383 40 234 40 383 40 348 40 312 40 313 40 318 40 318 40 313 40 314 40 318 40 314 40 317 40 317 40 314 40 316 40 384 40 385 40 215 40 386 40 357 40 387 40 387 40 357 40 388 40 387 40 388 40 352 40 352 40 388 40 389 40 352 40 389 40 350 40 357 40 390 40 391 40 357 40 392 40 393 40 215 40 385 40 214 40 394 40 395 40 248 40 287 40 286 40 285 40 357 40 396 40 397 40 265 40 264 40 266 40 266 40 264 40 263 40 266 40 263 40 269 40 269 40 263 40 398 40 391 40 399 40 357 40 357 40 399 40 288 40 357 40 288 40 392 40 392 40 288 40 289 40 289 40 290 40 392 40 392 40 290 40 287 40 392 40 287 40 284 40 284 40 287 40 285 40 398 40 400 40 269 40 269 40 400 40 401 40 269 40 401 40 268 40 295 40 294 40 292 40 393 40 402 40 357 40 357 40 402 40 281 40 357 40 281 40 396 40 396 40 281 40 282 40 280 40 279 40 278 40 397 40 403 40 357 40 357 40 403 40 274 40 357 40 274 40 404 40 404 40 274 40 275 40 318 40 319 40 311 40 311 40 319 40 357 40 311 40 357 40 310 40 297 40 298 40 390 40 390 40 298 40 295 40 390 40 295 40 291 40 291 40 295 40 292 40 211 40 293 40 212 40 212 40 293 40 299 40 212 40 299 40 215 40 215 40 299 40 405 40 215 40 405 40 384 40 282 40 283 40 396 40 396 40 283 40 280 40 396 40 280 40 277 40 277 40 280 40 278 40 273 40 272 40 271 40 406 40 407 40 357 40 357 40 407 40 218 40 275 40 276 40 404 40 404 40 276 40 273 40 404 40 273 40 270 40 270 40 273 40 271 40 248 40 395 40 247 40 244 40 243 40 245 40 245 40 243 40 242 40 245 40 242 40 248 40 248 40 242 40 408 40 248 40 408 40 394 40 302 40 310 40 300 40 300 40 310 40 357 40 300 40 357 40 301 40 301 40 357 40 218 40 301 40 218 40 219 40 409 40 261 40 410 40 410 40 261 40 411 40 386 40 412 40 357 40 357 40 412 40 413 40 357 40 413 40 213 40 414 40 254 40 415 40 415 40 254 40 416 40 297 40 390 40 296 40 296 40 390 40 357 40 296 40 357 40 385 40 385 40 357 40 213 40 385 40 213 40 214 40 259 40 258 40 257 40 252 40 251 40 250 40 261 40 262 40 411 40 411 40 262 40 259 40 411 40 259 40 256 40 256 40 259 40 257 40 254 40 255 40 416 40 416 40 255 40 252 40 416 40 252 40 249 40 249 40 252 40 250 40 417 40 418 40 240 40 240 40 418 40 419 40 240 40 419 40 239 40 238 40 237 40 236 40 240 40 241 40 417 40 417 40 241 40 238 40 417 40 238 40 235 40 235 40 238 40 236 40 404 40 420 40 357 40 357 40 420 40 421 40 357 40 421 40 267 40 370 40 406 40 225 40 225 40 406 40 357 40 225 40 357 40 349 40 260 40 357 40 401 40 401 40 357 40 267 40 401 40 267 40 268 40 253 40 357 40 409 40 409 40 357 40 260 40 409 40 260 40 261 40 246 40 357 40 414 40 414 40 357 40 253 40 414 40 253 40 254 40 239 40 357 40 395 40 395 40 357 40 246 40 395 40 246 40 247 40 239 40 419 40 357 40 357 40 419 40 232 40 357 40 232 40 349 40 349 40 232 40 233 40 349 40 233 40 234 40 387 41 352 41 77 41 77 41 352 41 13 41 352 10 327 10 13 10 13 10 327 10 2 10 10 42 44 42 336 42 336 42 44 42 328 42 374 32 22 32 375 32 375 32 22 32 24 32 375 33 24 33 382 33 382 33 24 33 98 33 382 34 98 34 301 34 301 34 98 34 203 34 374 9 326 9 22 9 22 9 326 9 20 9 296 10 385 10 181 10 181 10 385 10 182 10 299 43 115 43 405 43 405 43 115 43 139 43 405 44 139 44 384 44 384 44 139 44 138 44 384 45 138 45 385 45 385 45 138 45 182 45 288 10 399 10 66 10 66 10 399 10 196 10 291 46 155 46 390 46 390 46 155 46 157 46 390 47 157 47 391 47 391 47 157 47 159 47 391 48 159 48 399 48 399 48 159 48 196 48 281 49 402 49 173 49 173 49 402 49 198 49 284 46 135 46 392 46 392 46 135 46 67 46 392 47 67 47 393 47 393 47 67 47 199 47 393 50 199 50 402 50 402 50 199 50 198 50 274 49 403 49 195 49 195 49 403 49 175 49 277 46 86 46 396 46 396 46 86 46 85 46 396 47 85 47 397 47 397 47 85 47 174 47 397 48 174 48 403 48 403 48 174 48 175 48 267 49 421 49 111 49 111 49 421 49 71 49 270 46 130 46 404 46 404 46 130 46 74 46 404 47 74 47 420 47 420 47 74 47 72 47 420 48 72 48 421 48 421 48 72 48 71 48 260 10 401 10 125 10 125 10 401 10 126 10 263 51 68 51 398 51 398 51 68 51 79 51 398 33 79 33 400 33 400 33 79 33 78 33 400 48 78 48 401 48 401 48 78 48 126 48 253 10 409 10 179 10 179 10 409 10 209 10 256 32 144 32 411 32 411 32 144 32 193 32 411 52 193 52 410 52 410 52 193 52 194 52 410 48 194 48 409 48 409 48 194 48 209 48 246 10 414 10 164 10 164 10 414 10 210 10 249 32 168 32 416 32 416 32 168 32 170 32 416 52 170 52 415 52 415 52 170 52 180 52 415 48 180 48 414 48 414 48 180 48 210 48 239 10 395 10 50 10 50 10 395 10 197 10 242 32 149 32 408 32 408 32 149 32 151 32 408 33 151 33 394 33 394 33 151 33 165 33 394 34 165 34 395 34 395 34 165 34 197 34 232 10 419 10 201 10 201 10 419 10 200 10 235 51 121 51 417 51 417 51 121 51 51 51 417 33 51 33 418 33 418 33 51 33 118 33 418 48 118 48 419 48 419 48 118 48 200 48 225 10 349 10 207 10 207 10 349 10 206 10 228 32 101 32 383 32 383 32 101 32 103 32 383 33 103 33 348 33 348 33 103 33 105 33 348 34 105 34 349 34 349 34 105 34 206 34 218 10 407 10 97 10 97 10 407 10 204 10 221 32 89 32 370 32 370 32 89 32 91 32 370 33 91 33 406 33 406 33 91 33 93 33 406 34 93 34 407 34 407 34 93 34 204 34 213 10 413 10 177 10 177 10 413 10 176 10 387 53 77 53 386 53 386 53 77 53 76 53 386 54 76 54 412 54 412 54 76 54 75 54 412 55 75 55 413 55 413 55 75 55 176 55 334 56 1 56 335 56 335 56 1 56 0 56 335 57 0 57 337 57 337 57 0 57 19 57 337 58 19 58 338 58 338 58 19 58 48 58 338 59 48 59 339 59 339 59 48 59 47 59 339 60 47 60 340 60 340 60 47 60 46 60 340 61 46 61 376 61 376 61 46 61 43 61 376 62 43 62 377 62 377 62 43 62 45 62 377 63 45 63 378 63 378 63 45 63 110 63 378 64 110 64 380 64 380 64 110 64 109 64 380 65 109 65 381 65 381 65 109 65 107 65 381 66 107 66 360 66 360 66 107 66 28 66 360 67 28 67 334 67 334 67 28 67 1 67 368 68 27 68 358 68 358 68 27 68 26 68 358 69 26 69 359 69 359 69 26 69 106 69 359 58 106 58 379 58 379 58 106 58 108 58 379 59 108 59 361 59 361 59 108 59 83 59 361 70 83 70 362 70 362 70 83 70 82 70 362 71 82 71 363 71 363 71 82 71 64 71 363 62 64 62 364 62 364 62 64 62 63 62 364 63 63 63 333 63 333 63 63 63 54 63 333 72 54 72 371 72 371 72 54 72 56 72 371 73 56 73 365 73 365 73 56 73 58 73 365 66 58 66 366 66 366 66 58 66 32 66 366 67 32 67 368 67 368 67 32 67 27 67 354 68 33 68 369 68 369 68 33 68 60 68 369 69 60 69 367 69 367 69 60 69 59 69 367 58 59 58 372 58 372 58 59 58 57 58 372 59 57 59 373 59 373 59 57 59 55 59 373 70 55 70 331 70 331 70 55 70 53 70 331 71 53 71 332 71 332 71 53 71 52 71 332 74 52 74 347 74 347 74 52 74 95 74 347 75 95 75 345 75 345 75 95 75 94 75 345 76 94 76 343 76 343 76 94 76 5 76 343 77 5 77 351 77 351 77 5 77 7 77 351 78 7 78 353 78 353 78 7 78 36 78 353 79 36 79 354 79 354 79 36 79 33 79 350 80 14 80 341 80 341 80 14 80 34 80 341 81 34 81 342 81 342 81 34 81 35 81 342 82 35 82 344 82 344 82 35 82 8 82 344 83 8 83 346 83 346 83 8 83 6 83 346 84 6 84 329 84 329 84 6 84 4 84 329 85 4 85 330 85 330 85 4 85 3 85 330 86 3 86 355 86 355 86 3 86 62 86 355 75 62 75 356 75 356 75 62 75 61 75 356 87 61 87 357 87 357 87 61 87 9 87 357 88 9 88 388 88 388 88 9 88 11 88 388 78 11 78 389 78 389 78 11 78 12 78 389 89 12 89 350 89 350 89 12 89 14 89 325 90 15 90 336 90 336 90 15 90 10 90 422 91 423 91 424 91 424 91 423 91 425 91 426 92 427 92 428 92 428 92 427 92 429 92 430 93 431 93 432 93 432 93 431 93 433 93 432 93 433 93 434 93 435 93 436 93 437 93 438 93 439 93 440 93 440 93 439 93 441 93 442 93 443 93 444 93 444 93 443 93 430 93 444 93 430 93 445 93 445 93 430 93 432 93 445 93 432 93 437 93 437 93 432 93 446 93 447 93 435 93 448 93 448 93 435 93 437 93 448 93 437 93 449 93 449 93 437 93 446 93 423 93 450 93 451 93 452 93 453 93 454 93 441 93 455 93 440 93 440 93 455 93 452 93 440 93 452 93 456 93 456 93 452 93 454 93 425 93 423 93 457 93 457 93 423 93 451 93 457 93 451 93 458 93 458 93 451 93 459 93 458 93 459 93 460 93 460 93 459 93 441 93 460 93 441 93 461 93 461 93 441 93 439 93 461 93 439 93 462 93 450 93 463 93 451 93 451 93 463 93 464 93 451 93 464 93 442 93 464 93 465 93 442 93 442 93 465 93 466 93 442 93 466 93 443 93 443 93 466 93 429 93 443 93 429 93 427 93 467 93 422 93 424 93 426 93 428 93 468 93 468 93 469 93 426 93 426 93 469 93 470 93 426 93 470 93 424 93 424 93 470 93 471 93 424 93 471 93 467 93 472 92 473 92 434 92 434 92 473 92 432 92 474 94 445 94 437 94 474 94 437 94 475 94 475 95 437 95 436 95 475 95 436 95 476 95 476 96 436 96 435 96 476 96 435 96 477 96 477 97 435 97 447 97 477 97 447 97 478 97 478 98 447 98 448 98 478 98 448 98 479 98 479 99 448 99 449 99 479 99 449 99 480 99 480 100 449 100 446 100 480 100 446 100 481 100 481 101 446 101 432 101 481 101 432 101 473 101 474 92 482 92 445 92 445 92 482 92 444 92 482 102 483 102 444 102 444 102 483 102 442 102 483 103 484 103 442 103 442 103 484 103 451 103 484 104 485 104 451 104 451 104 485 104 459 104 485 91 486 91 459 91 459 91 486 91 441 91 487 105 439 105 438 105 487 105 438 105 488 105 488 106 438 106 440 106 488 106 440 106 489 106 489 107 440 107 456 107 489 107 456 107 490 107 490 108 456 108 454 108 490 108 454 108 491 108 491 109 454 109 453 109 491 109 453 109 492 109 492 110 453 110 452 110 492 110 452 110 493 110 493 111 452 111 455 111 493 111 455 111 494 111 494 112 455 112 441 112 494 112 441 112 486 112 487 91 495 91 439 91 439 91 495 91 462 91 495 103 496 103 462 103 462 103 496 103 461 103 496 113 497 113 461 113 461 113 497 113 460 113 497 92 498 92 460 92 460 92 498 92 458 92 498 114 499 114 458 114 458 114 499 114 457 114 425 115 457 115 424 115 424 115 457 115 499 115 424 115 499 115 426 115 426 115 499 115 500 115 426 115 500 115 427 115 427 115 500 115 443 115 500 116 501 116 443 116 443 116 501 116 430 116 501 91 502 91 430 91 430 91 502 91 431 91 502 117 503 117 431 117 431 117 503 117 433 117 503 103 472 103 433 103 433 103 472 103 434 103 429 118 466 118 428 118 428 118 466 118 504 118 428 119 504 119 468 119 468 119 504 119 505 119 468 120 505 120 469 120 469 120 505 120 506 120 469 121 506 121 470 121 470 121 506 121 507 121 470 122 507 122 471 122 471 122 507 122 508 122 471 123 508 123 467 123 467 123 508 123 509 123 467 124 509 124 422 124 422 124 509 124 510 124 422 125 510 125 511 125 423 125 422 125 450 125 450 125 422 125 511 125 450 126 511 126 463 126 463 126 511 126 512 126 463 127 512 127 464 127 464 127 512 127 513 127 464 128 513 128 465 128 465 128 513 128 514 128 465 129 514 129 466 129 466 129 514 129 515 129 466 118 515 118 504 118 493 130 494 130 486 130 486 130 496 130 487 130 487 130 496 130 495 130 503 130 502 130 501 130 473 130 474 130 475 130 491 130 492 130 490 130 490 130 492 130 493 130 490 130 493 130 489 130 489 130 493 130 486 130 489 130 486 130 488 130 488 130 486 130 487 130 498 130 485 130 484 130 485 130 498 130 486 130 486 130 498 130 497 130 486 130 497 130 496 130 500 130 483 130 501 130 501 130 483 130 482 130 472 130 503 130 473 130 473 130 503 130 501 130 473 130 501 130 474 130 474 130 501 130 482 130 484 130 483 130 513 130 513 130 483 130 514 130 477 130 478 130 479 130 509 130 499 130 510 130 510 130 499 130 498 130 510 130 498 130 511 130 511 130 498 130 484 130 511 130 484 130 512 130 512 130 484 130 513 130 475 130 476 130 473 130 473 130 476 130 477 130 473 130 477 130 481 130 481 130 477 130 479 130 481 130 479 130 480 130 506 130 500 130 507 130 507 130 500 130 499 130 507 130 499 130 508 130 508 130 499 130 509 130 506 130 505 130 500 130 500 130 505 130 504 130 500 130 504 130 483 130 483 130 504 130 515 130 483 130 515 130 514 130 516 91 517 91 518 91 518 91 517 91 519 91 520 92 521 92 522 92 522 92 521 92 523 92 524 130 525 130 526 130 527 130 528 130 529 130 524 130 526 130 530 130 530 130 526 130 531 130 530 130 531 130 532 130 533 130 529 130 534 130 534 130 529 130 528 130 534 130 528 130 535 130 527 130 536 130 528 130 528 130 536 130 537 130 528 130 537 130 538 130 539 130 540 130 541 130 541 130 540 130 542 130 541 130 542 130 532 130 532 130 542 130 543 130 532 130 543 130 530 130 544 130 545 130 546 130 546 130 545 130 547 130 546 130 547 130 530 130 530 130 547 130 548 130 530 130 548 130 524 130 521 130 549 130 550 130 551 130 552 130 553 130 553 130 552 130 528 130 553 130 528 130 554 130 554 130 528 130 538 130 523 130 521 130 555 130 555 130 521 130 550 130 555 130 550 130 529 130 529 130 550 130 556 130 529 130 556 130 527 130 549 130 557 130 550 130 550 130 557 130 558 130 550 130 558 130 544 130 558 130 559 130 544 130 544 130 559 130 560 130 544 130 560 130 545 130 545 130 560 130 519 130 545 130 519 130 517 130 561 130 520 130 522 130 561 130 522 130 562 130 518 130 563 130 516 130 516 130 563 130 564 130 516 130 564 130 522 130 522 130 564 130 565 130 522 130 565 130 562 130 566 91 567 91 533 91 533 91 567 91 529 91 568 117 566 117 534 117 534 117 566 117 533 117 569 103 568 103 535 103 535 103 568 103 534 103 570 92 569 92 528 92 528 92 569 92 535 92 527 94 571 94 572 94 527 94 572 94 536 94 536 95 572 95 573 95 536 95 573 95 537 95 537 96 573 96 574 96 537 96 574 96 538 96 538 97 574 97 575 97 538 97 575 97 554 97 554 98 575 98 576 98 554 98 576 98 553 98 553 99 576 99 577 99 553 99 577 99 551 99 551 100 577 100 578 100 551 100 578 100 552 100 552 101 578 101 570 101 552 101 570 101 528 101 579 92 571 92 556 92 556 92 571 92 527 92 580 102 579 102 550 102 550 102 579 102 556 102 581 103 580 103 544 103 544 103 580 103 550 103 582 104 581 104 546 104 546 104 581 104 544 104 583 91 582 91 530 91 530 91 582 91 546 91 526 105 584 105 585 105 526 105 585 105 531 105 531 106 585 106 586 106 531 106 586 106 532 106 532 107 586 107 587 107 532 107 587 107 541 107 541 108 587 108 588 108 541 108 588 108 539 108 539 109 588 109 589 109 539 109 589 109 540 109 540 110 589 110 590 110 540 110 590 110 542 110 542 111 590 111 591 111 542 111 591 111 543 111 543 112 591 112 583 112 543 112 583 112 530 112 592 91 584 91 525 91 525 91 584 91 526 91 593 103 592 103 524 103 524 103 592 103 525 103 594 113 593 113 548 113 548 113 593 113 524 113 595 92 594 92 547 92 547 92 594 92 548 92 596 114 595 114 545 114 545 114 595 114 547 114 523 115 555 115 522 115 522 115 555 115 597 115 522 115 597 115 516 115 516 115 597 115 596 115 516 115 596 115 517 115 517 115 596 115 545 115 567 116 597 116 529 116 529 116 597 116 555 116 519 125 560 125 518 125 518 125 560 125 598 125 518 124 598 124 563 124 563 124 598 124 599 124 563 123 599 123 564 123 564 123 599 123 600 123 564 122 600 122 565 122 565 122 600 122 601 122 565 121 601 121 562 121 562 121 601 121 602 121 562 120 602 120 561 120 561 120 602 120 603 120 561 119 603 119 520 119 520 119 603 119 604 119 520 118 604 118 605 118 521 118 520 118 549 118 549 118 520 118 605 118 549 129 605 129 557 129 557 129 605 129 606 129 557 128 606 128 558 128 558 128 606 128 607 128 558 127 607 127 559 127 559 127 607 127 608 127 559 126 608 126 560 126 560 126 608 126 609 126 560 125 609 125 598 125 568 93 569 93 570 93 566 93 568 93 571 93 583 93 591 93 584 93 584 93 591 93 590 93 590 93 589 93 588 93 571 93 568 93 572 93 572 93 568 93 570 93 572 93 570 93 573 93 585 93 584 93 586 93 586 93 584 93 590 93 586 93 590 93 587 93 587 93 590 93 588 93 577 93 576 93 578 93 578 93 576 93 575 93 578 93 575 93 570 93 570 93 575 93 574 93 570 93 574 93 573 93 566 93 571 93 567 93 567 93 571 93 579 93 567 93 579 93 580 93 596 93 581 93 595 93 595 93 581 93 582 93 595 93 582 93 594 93 594 93 582 93 583 93 594 93 583 93 593 93 593 93 583 93 584 93 593 93 584 93 592 93 599 93 598 93 596 93 580 93 581 93 607 93 607 93 581 93 608 93 603 93 597 93 604 93 604 93 597 93 567 93 604 93 567 93 605 93 605 93 567 93 580 93 605 93 580 93 606 93 606 93 580 93 607 93 596 93 598 93 581 93 581 93 598 93 609 93 581 93 609 93 608 93 603 93 602 93 597 93 597 93 602 93 601 93 597 93 601 93 596 93 596 93 601 93 600 93 596 93 600 93 599 93 503 117 502 117 610 117 610 117 502 117 611 117 501 116 500 116 612 116 612 116 500 116 613 116 499 114 498 114 614 114 614 114 498 114 615 114 497 113 496 113 616 113 616 113 496 113 617 113 486 91 485 91 618 91 618 91 485 91 619 91 495 91 487 91 620 91 620 91 487 91 621 91 483 102 482 102 622 102 622 102 482 102 623 102 485 104 484 104 619 104 619 104 484 104 624 104 473 92 472 92 625 92 625 92 472 92 626 92 482 92 474 92 623 92 623 92 474 92 627 92 487 93 495 93 496 93 503 93 472 93 473 93 503 93 473 93 474 93 474 93 473 93 628 93 474 93 628 93 629 93 630 93 631 93 632 93 632 93 631 93 628 93 632 93 628 93 633 93 633 93 628 93 473 93 501 93 482 93 483 93 499 93 484 93 498 93 498 93 484 93 485 93 498 93 485 93 497 93 497 93 485 93 486 93 497 93 486 93 496 93 496 93 486 93 487 93 487 93 486 93 634 93 487 93 634 93 635 93 636 93 637 93 638 93 638 93 637 93 487 93 638 93 487 93 639 93 639 93 487 93 635 93 482 93 501 93 474 93 474 93 501 93 502 93 474 93 502 93 503 93 508 93 499 93 507 93 507 93 499 93 500 93 507 93 500 93 506 93 483 93 484 93 513 93 513 93 484 93 512 93 513 93 514 93 483 93 483 93 514 93 515 93 483 93 515 93 501 93 501 93 515 93 504 93 501 93 504 93 500 93 500 93 504 93 505 93 500 93 505 93 506 93 508 93 509 93 499 93 499 93 509 93 510 93 499 93 510 93 484 93 484 93 510 93 511 93 484 93 511 93 512 93 472 103 503 103 626 103 626 103 503 103 610 103 502 91 501 91 611 91 611 91 501 91 612 91 500 115 499 115 613 115 613 115 499 115 614 115 498 92 497 92 615 92 615 92 497 92 616 92 496 103 495 103 617 103 617 103 495 103 620 103 621 131 487 131 637 131 621 131 637 131 640 131 640 132 637 132 636 132 640 132 636 132 641 132 641 133 636 133 638 133 641 133 638 133 642 133 642 91 638 91 639 91 642 91 639 91 643 91 643 134 639 134 635 134 643 134 635 134 644 134 644 135 635 135 634 135 644 135 634 135 645 135 645 136 634 136 486 136 645 136 486 136 618 136 484 103 483 103 624 103 624 103 483 103 622 103 627 137 474 137 629 137 627 137 629 137 646 137 646 138 629 138 628 138 646 138 628 138 647 138 647 139 628 139 631 139 647 139 631 139 648 139 648 92 631 92 630 92 648 92 630 92 649 92 649 140 630 140 632 140 649 140 632 140 650 140 650 141 632 141 633 141 650 141 633 141 651 141 651 142 633 142 473 142 651 142 473 142 625 142 652 118 504 118 653 118 653 118 504 118 515 118 653 129 515 129 654 129 654 129 515 129 514 129 654 128 514 128 655 128 655 128 514 128 513 128 655 127 513 127 656 127 656 127 513 127 512 127 656 126 512 126 657 126 657 126 512 126 511 126 657 125 511 125 658 125 658 125 511 125 510 125 658 124 510 124 659 124 659 124 510 124 509 124 659 123 509 123 660 123 660 123 509 123 508 123 660 122 508 122 661 122 661 122 508 122 507 122 661 121 507 121 662 121 662 121 507 121 506 121 662 120 506 120 663 120 663 120 506 120 505 120 663 119 505 119 652 119 652 119 505 119 504 119 617 130 620 130 621 130 641 130 642 130 640 130 640 130 642 130 643 130 627 130 646 130 625 130 625 130 646 130 647 130 651 130 625 130 650 130 650 130 625 130 647 130 650 130 647 130 649 130 649 130 647 130 648 130 645 130 618 130 644 130 644 130 618 130 617 130 644 130 617 130 643 130 643 130 617 130 621 130 643 130 621 130 640 130 615 130 619 130 624 130 619 130 615 130 618 130 618 130 615 130 616 130 618 130 616 130 617 130 613 130 622 130 612 130 612 130 622 130 623 130 612 130 623 130 611 130 611 130 623 130 627 130 611 130 627 130 610 130 610 130 627 130 625 130 610 130 625 130 626 130 659 130 614 130 658 130 658 130 614 130 615 130 658 130 615 130 657 130 657 130 615 130 624 130 657 130 624 130 656 130 662 130 613 130 661 130 661 130 613 130 614 130 661 130 614 130 660 130 660 130 614 130 659 130 656 130 624 130 655 130 655 130 624 130 622 130 655 130 622 130 654 130 662 130 663 130 613 130 613 130 663 130 652 130 613 130 652 130 622 130 622 130 652 130 653 130 622 130 653 130 654 130 664 143 665 143 666 143 664 144 667 144 668 144 669 145 667 145 664 145 666 146 669 146 664 146 664 147 670 147 671 147 672 148 670 148 664 148 668 149 672 149 664 149 664 150 673 150 674 150 675 151 673 151 664 151 671 152 675 152 664 152 664 153 676 153 677 153 678 154 676 154 664 154 674 155 678 155 664 155 677 156 665 156 664 156 679 143 680 143 681 143 679 157 682 157 683 157 684 158 682 158 679 158 681 146 684 146 679 146 679 147 685 147 686 147 687 148 685 148 679 148 683 159 687 159 679 159 679 160 688 160 689 160 690 151 688 151 679 151 686 152 690 152 679 152 679 153 691 153 692 153 693 161 691 161 679 161 689 162 693 162 679 162 692 156 680 156 679 156 694 163 695 163 696 163 694 144 697 144 698 144 699 145 697 145 694 145 696 164 699 164 694 164 694 165 700 165 701 165 702 166 700 166 694 166 698 149 702 149 694 149 694 150 703 150 704 150 705 167 703 167 694 167 701 168 705 168 694 168 694 169 706 169 707 169 708 154 706 154 694 154 704 155 708 155 694 155 707 170 695 170 694 170 709 163 710 163 711 163 709 157 712 157 713 157 714 158 712 158 709 158 711 164 714 164 709 164 709 165 715 165 716 165 717 166 715 166 709 166 713 159 717 159 709 159 709 160 718 160 719 160 720 167 718 167 709 167 716 168 720 168 709 168 709 169 721 169 722 169 723 161 721 161 709 161 719 162 723 162 709 162 722 170 710 170 709 170 724 171 725 171 726 171 726 171 725 171 727 171 665 172 728 172 666 172 666 172 728 172 729 172 666 173 729 173 669 173 669 173 729 173 730 173 669 174 730 174 667 174 667 174 730 174 731 174 667 130 731 130 668 130 668 130 731 130 732 130 668 175 732 175 672 175 672 175 732 175 733 175 672 176 733 176 670 176 670 176 733 176 734 176 670 177 734 177 671 177 671 177 734 177 735 177 671 178 735 178 675 178 675 178 735 178 736 178 675 179 736 179 673 179 673 179 736 179 737 179 673 180 737 180 674 180 674 180 737 180 738 180 674 93 738 93 678 93 678 93 738 93 739 93 678 181 739 181 676 181 676 181 739 181 740 181 676 182 740 182 677 182 677 182 740 182 741 182 677 183 741 183 665 183 665 183 741 183 728 183 680 172 742 172 681 172 681 172 742 172 743 172 681 173 743 173 684 173 684 173 743 173 744 173 684 184 744 184 682 184 682 184 744 184 745 184 682 130 745 130 683 130 683 130 745 130 746 130 683 185 746 185 687 185 687 185 746 185 747 185 687 176 747 176 685 176 685 176 747 176 748 176 685 177 748 177 686 177 686 177 748 177 749 177 686 178 749 178 690 178 690 178 749 178 750 178 690 179 750 179 688 179 688 179 750 179 751 179 688 186 751 186 689 186 689 186 751 186 752 186 689 93 752 93 693 93 693 93 752 93 753 93 693 187 753 187 691 187 691 187 753 187 754 187 691 182 754 182 692 182 692 182 754 182 755 182 692 183 755 183 680 183 680 183 755 183 742 183 695 188 756 188 696 188 696 188 756 188 757 188 696 189 757 189 699 189 699 189 757 189 758 189 699 174 758 174 697 174 697 174 758 174 759 174 697 130 759 130 698 130 698 130 759 130 760 130 698 175 760 175 702 175 702 175 760 175 761 175 702 190 761 190 700 190 700 190 761 190 762 190 700 191 762 191 701 191 701 191 762 191 763 191 701 192 763 192 705 192 705 192 763 192 764 192 705 193 764 193 703 193 703 193 764 193 765 193 703 180 765 180 704 180 704 180 765 180 766 180 704 93 766 93 708 93 708 93 766 93 767 93 708 181 767 181 706 181 706 181 767 181 768 181 706 194 768 194 707 194 707 194 768 194 769 194 707 195 769 195 695 195 695 195 769 195 756 195 710 188 770 188 711 188 711 188 770 188 771 188 711 189 771 189 714 189 714 189 771 189 772 189 714 184 772 184 712 184 712 184 772 184 773 184 712 130 773 130 713 130 713 130 773 130 774 130 713 185 774 185 717 185 717 185 774 185 775 185 717 190 775 190 715 190 715 190 775 190 776 190 715 191 776 191 716 191 716 191 776 191 777 191 716 192 777 192 720 192 720 192 777 192 778 192 720 193 778 193 718 193 718 193 778 193 779 193 718 186 779 186 719 186 719 186 779 186 780 186 719 93 780 93 723 93 723 93 780 93 781 93 723 187 781 187 721 187 721 187 781 187 782 187 721 194 782 194 722 194 722 194 782 194 783 194 722 195 783 195 710 195 710 195 783 195 770 195 784 196 785 196 786 196 786 196 785 196 787 196 788 197 789 197 790 197 790 197 789 197 791 197 790 198 791 198 792 198 792 198 791 198 793 198 792 199 793 199 794 199 794 199 793 199 795 199 794 200 795 200 796 200 796 200 795 200 797 200 796 201 797 201 798 201 798 201 797 201 799 201 798 202 799 202 800 202 800 202 799 202 801 202 802 203 803 203 804 203 804 203 803 203 805 203 806 92 807 92 627 92 627 92 807 92 623 92 808 92 809 92 626 92 626 92 809 92 625 92 810 104 811 104 624 104 624 104 811 104 619 104 807 102 812 102 623 102 623 102 812 102 622 102 811 91 813 91 619 91 619 91 813 91 618 91 814 204 815 204 816 204 816 204 815 204 817 204 818 91 819 91 621 91 621 91 819 91 620 91 726 92 727 92 814 92 814 92 727 92 815 92 820 115 754 115 753 115 725 115 747 115 746 115 725 115 733 115 732 115 820 115 753 115 724 115 724 115 753 115 752 115 724 115 752 115 751 115 751 115 750 115 724 115 724 115 750 115 749 115 724 115 749 115 725 115 725 115 749 115 748 115 725 115 748 115 747 115 744 115 743 115 821 115 821 115 743 115 742 115 821 115 742 115 820 115 820 115 742 115 755 115 820 115 755 115 754 115 725 115 732 115 821 115 821 115 732 115 731 115 821 115 731 115 730 115 730 115 729 115 821 115 821 115 729 115 728 115 821 115 728 115 744 115 737 115 736 115 746 115 746 115 736 115 735 115 746 115 735 115 725 115 725 115 735 115 734 115 725 115 734 115 733 115 728 115 741 115 744 115 744 115 741 115 740 115 744 115 740 115 745 115 745 115 740 115 739 115 745 115 739 115 746 115 746 115 739 115 738 115 746 115 738 115 737 115 786 115 782 115 781 115 786 115 781 115 822 115 822 115 781 115 780 115 822 115 780 115 779 115 822 115 766 115 765 115 772 115 768 115 767 115 772 115 771 115 787 115 787 115 771 115 770 115 787 115 770 115 786 115 786 115 770 115 783 115 786 115 783 115 782 115 776 115 766 115 777 115 777 115 766 115 822 115 777 115 822 115 778 115 778 115 822 115 779 115 758 115 757 115 787 115 787 115 757 115 756 115 787 115 756 115 772 115 772 115 756 115 769 115 772 115 769 115 768 115 765 115 764 115 822 115 822 115 764 115 763 115 822 115 763 115 823 115 823 115 763 115 762 115 762 115 761 115 823 115 823 115 761 115 760 115 823 115 760 115 787 115 787 115 760 115 759 115 787 115 759 115 758 115 776 115 775 115 766 115 766 115 775 115 774 115 766 115 774 115 767 115 767 115 774 115 773 115 767 115 773 115 772 115 800 91 801 91 784 91 784 91 801 91 785 91 804 91 805 91 788 91 788 91 805 91 789 91 802 103 808 103 803 103 803 103 808 103 626 103 806 205 627 205 824 205 806 205 824 205 825 205 825 206 824 206 826 206 825 206 826 206 827 206 827 207 826 207 828 207 827 207 828 207 829 207 829 208 828 208 830 208 829 208 830 208 831 208 831 209 830 209 832 209 831 209 832 209 833 209 833 210 832 210 625 210 833 210 625 210 809 210 812 103 810 103 622 103 622 103 810 103 624 103 818 211 621 211 834 211 818 211 834 211 835 211 835 212 834 212 836 212 835 212 836 212 837 212 837 213 836 213 838 213 837 213 838 213 839 213 839 214 838 214 840 214 839 214 840 214 841 214 841 215 840 215 842 215 841 215 842 215 843 215 843 216 842 216 618 216 843 216 618 216 813 216 819 103 816 103 620 103 620 103 816 103 817 103 822 92 823 92 844 92 844 92 823 92 845 92 799 93 797 93 845 93 621 93 620 93 817 93 725 93 821 93 846 93 785 93 801 93 787 93 787 93 801 93 799 93 787 93 799 93 823 93 823 93 799 93 845 93 803 93 626 93 625 93 826 93 824 93 828 93 828 93 824 93 627 93 828 93 627 93 830 93 803 93 625 93 627 93 627 93 625 93 832 93 627 93 832 93 830 93 627 93 623 93 797 93 797 93 623 93 845 93 845 93 623 93 622 93 845 93 622 93 846 93 846 93 622 93 624 93 846 93 624 93 619 93 842 93 621 93 618 93 618 93 621 93 817 93 618 93 817 93 619 93 619 93 817 93 815 93 619 93 815 93 846 93 846 93 815 93 727 93 846 93 727 93 725 93 836 93 834 93 838 93 838 93 834 93 621 93 838 93 621 93 840 93 840 93 621 93 842 93 789 93 805 93 791 93 791 93 805 93 803 93 791 93 803 93 793 93 793 93 803 93 627 93 793 93 627 93 795 93 795 93 627 93 797 93 847 91 846 91 820 91 820 91 846 91 821 91 809 130 808 130 802 130 844 130 796 130 822 130 822 130 796 130 798 130 798 130 800 130 822 130 822 130 800 130 784 130 822 130 784 130 786 130 726 130 814 130 724 130 724 130 814 130 847 130 724 130 847 130 820 130 818 130 835 130 837 130 843 130 813 130 841 130 841 130 813 130 818 130 841 130 818 130 839 130 839 130 818 130 837 130 802 130 804 130 788 130 831 130 833 130 829 130 829 130 833 130 809 130 829 130 809 130 827 130 788 130 790 130 802 130 802 130 790 130 806 130 802 130 806 130 809 130 809 130 806 130 825 130 809 130 825 130 827 130 819 130 818 130 816 130 816 130 818 130 813 130 816 130 813 130 814 130 814 130 813 130 811 130 814 130 811 130 847 130 847 130 811 130 810 130 847 130 810 130 844 130 844 130 810 130 812 130 844 130 812 130 796 130 796 130 812 130 807 130 796 130 807 130 794 130 794 130 807 130 806 130 794 130 806 130 792 130 792 130 806 130 790 130 844 115 845 115 847 115 847 115 845 115 846 115 566 117 568 117 848 117 848 117 568 117 849 117 571 92 579 92 806 92 806 92 579 92 807 92 569 92 570 92 808 92 808 92 570 92 809 92 581 104 582 104 810 104 810 104 582 104 811 104 579 102 580 102 807 102 807 102 580 102 812 102 582 91 583 91 811 91 811 91 583 91 813 91 584 91 592 91 818 91 818 91 592 91 819 91 593 113 594 113 850 113 850 113 594 113 851 113 597 116 567 116 852 116 852 116 567 116 853 116 595 114 596 114 854 114 854 114 596 114 855 114 856 130 583 130 584 130 584 130 583 130 593 130 584 130 593 130 592 130 857 130 858 130 859 130 859 130 858 130 583 130 859 130 583 130 860 130 860 130 583 130 856 130 860 130 856 130 861 130 595 130 582 130 581 130 571 130 862 130 570 130 570 130 862 130 863 130 570 130 863 130 864 130 582 130 595 130 583 130 583 130 595 130 594 130 583 130 594 130 593 130 865 130 866 130 863 130 863 130 866 130 867 130 863 130 867 130 864 130 581 130 609 130 595 130 595 130 609 130 598 130 595 130 598 130 596 130 596 130 598 130 599 130 599 130 600 130 596 130 596 130 600 130 601 130 596 130 601 130 597 130 597 130 601 130 602 130 597 130 602 130 603 130 604 130 605 130 580 130 605 130 606 130 580 130 580 130 606 130 607 130 580 130 607 130 581 130 581 130 607 130 608 130 581 130 608 130 609 130 603 130 604 130 597 130 597 130 604 130 580 130 597 130 580 130 567 130 567 130 580 130 579 130 567 130 579 130 566 130 566 130 579 130 571 130 566 130 571 130 568 130 568 130 571 130 570 130 568 130 570 130 569 130 567 91 566 91 853 91 853 91 566 91 848 91 568 103 569 103 849 103 849 103 569 103 808 103 571 137 806 137 868 137 571 137 868 137 862 137 862 138 868 138 869 138 862 138 869 138 863 138 863 139 869 139 870 139 863 139 870 139 865 139 865 92 870 92 871 92 865 92 871 92 866 92 866 140 871 140 872 140 866 140 872 140 867 140 867 141 872 141 873 141 867 141 873 141 864 141 864 142 873 142 809 142 864 142 809 142 570 142 580 103 581 103 812 103 812 103 581 103 810 103 584 131 818 131 874 131 584 131 874 131 856 131 856 132 874 132 875 132 856 132 875 132 861 132 861 133 875 133 876 133 861 133 876 133 860 133 860 91 876 91 877 91 860 91 877 91 859 91 859 134 877 134 878 134 859 134 878 134 857 134 857 135 878 135 879 135 857 135 879 135 858 135 858 136 879 136 813 136 858 136 813 136 583 136 592 103 593 103 819 103 819 103 593 103 850 103 594 92 595 92 851 92 851 92 595 92 854 92 596 115 597 115 855 115 855 115 597 115 852 115 880 125 598 125 881 125 881 125 598 125 609 125 881 126 609 126 882 126 882 126 609 126 608 126 882 127 608 127 883 127 883 127 608 127 607 127 883 128 607 128 884 128 884 128 607 128 606 128 884 129 606 129 885 129 885 129 606 129 605 129 885 118 605 118 886 118 886 118 605 118 604 118 886 119 604 119 887 119 887 119 604 119 603 119 887 120 603 120 888 120 888 120 603 120 602 120 888 121 602 121 889 121 889 121 602 121 601 121 889 122 601 122 890 122 890 122 601 122 600 122 890 123 600 123 891 123 891 123 600 123 599 123 891 124 599 124 880 124 880 124 599 124 598 124 849 93 808 93 809 93 883 93 812 93 810 93 849 93 809 93 806 93 806 93 809 93 869 93 806 93 869 93 868 93 871 93 870 93 872 93 872 93 870 93 869 93 872 93 869 93 873 93 873 93 869 93 809 93 813 93 879 93 818 93 818 93 879 93 878 93 853 93 807 93 812 93 874 93 818 93 875 93 875 93 818 93 878 93 875 93 878 93 876 93 876 93 878 93 877 93 807 93 853 93 806 93 806 93 853 93 848 93 806 93 848 93 849 93 880 93 881 93 810 93 810 93 881 93 882 93 810 93 882 93 883 93 887 93 852 93 886 93 886 93 852 93 853 93 886 93 853 93 885 93 885 93 853 93 812 93 885 93 812 93 884 93 884 93 812 93 883 93 887 93 888 93 852 93 852 93 888 93 889 93 852 93 889 93 855 93 855 93 889 93 890 93 855 93 890 93 891 93 891 93 880 93 855 93 855 93 880 93 810 93 855 93 810 93 854 93 854 93 810 93 811 93 854 93 811 93 851 93 851 93 811 93 813 93 851 93 813 93 850 93 850 93 813 93 818 93 850 93 818 93 819 93 892 217 893 217 894 217 895 217 896 217 897 217 897 218 896 218 894 218 897 217 894 217 898 217 899 217 900 217 901 217 901 218 900 218 902 218 901 217 902 217 903 217 902 218 904 218 905 218 895 217 906 217 896 217 896 218 906 218 907 218 896 217 907 217 902 217 902 217 907 217 908 217 902 217 908 217 909 217 899 217 910 217 900 217 900 218 910 218 911 218 900 217 911 217 894 217 894 217 911 217 912 217 894 217 912 217 913 217 914 217 915 217 916 217 916 218 915 218 917 218 916 218 917 218 909 218 909 217 917 217 918 217 909 217 918 217 902 217 902 217 918 217 919 217 902 217 919 217 904 217 920 217 921 217 894 217 894 218 921 218 922 218 894 217 922 217 892 217 923 217 924 217 925 217 925 217 924 217 926 217 925 217 926 217 927 217 927 217 926 217 928 217 898 217 894 217 929 217 929 217 894 217 893 217 929 218 893 218 930 218 930 217 893 217 931 217 930 217 931 217 932 217 932 217 931 217 923 217 932 217 923 217 914 217 914 217 923 217 925 217 914 217 925 217 915 217 927 217 933 217 934 217 934 217 933 217 935 217 934 217 935 217 936 217 936 218 935 218 903 218 936 217 903 217 937 217 937 217 903 217 902 217 937 217 902 217 938 217 938 217 902 217 905 217 920 217 894 217 939 217 939 217 894 217 913 217 939 217 913 217 940 217 940 218 913 218 941 218 940 218 941 218 928 218 928 217 941 217 942 217 928 217 942 217 927 217 927 217 942 217 943 217 927 217 943 217 933 217 944 219 945 219 946 219 946 219 945 219 900 219 947 219 948 219 894 219 894 219 948 219 949 219 950 219 900 219 951 219 951 219 900 219 894 219 951 219 894 219 952 219 952 219 894 219 949 219 952 219 949 219 953 219 954 219 955 219 956 219 956 219 955 219 946 219 956 219 946 219 957 219 957 219 946 219 900 219 957 219 900 219 958 219 958 219 900 219 950 219 959 220 960 220 961 220 962 220 963 220 961 220 961 220 963 220 896 220 961 220 896 220 959 220 902 220 964 220 965 220 966 220 967 220 902 220 902 220 967 220 968 220 902 220 965 220 896 220 896 220 965 220 969 220 896 220 969 220 959 220 964 220 902 220 970 220 970 220 902 220 968 220 970 220 968 220 971 220 971 220 968 220 972 220 971 220 972 220 973 220 971 221 973 221 974 221 975 221 976 221 977 221 978 221 979 221 980 221 981 221 982 221 983 221 983 221 982 221 984 221 983 221 984 221 985 221 981 221 986 221 982 221 982 221 986 221 987 221 982 221 987 221 988 221 987 221 989 221 988 221 988 221 989 221 990 221 988 221 990 221 979 221 991 221 992 221 993 221 985 221 984 221 994 221 994 221 984 221 995 221 994 221 995 221 992 221 996 221 997 221 998 221 999 221 1000 221 1001 221 1002 221 1003 221 1004 221 1001 221 1005 221 999 221 999 221 1005 221 1006 221 999 221 1006 221 1007 221 1008 221 1009 221 969 221 969 221 1009 221 959 221 959 221 1009 221 1010 221 959 221 1010 221 1000 221 1000 221 1010 221 1011 221 1000 221 1011 221 1001 221 1012 221 1013 221 1014 221 1014 221 1013 221 1015 221 1014 221 1015 221 977 221 977 221 1015 221 1016 221 977 221 1016 221 975 221 1017 221 1018 221 1019 221 1019 221 1018 221 1020 221 1019 221 1020 221 1021 221 1021 221 1020 221 1022 221 1021 221 1022 221 1023 221 1024 221 1025 221 1026 221 1026 221 1025 221 1027 221 1026 221 1027 221 1028 221 1028 221 1027 221 1029 221 1030 221 1031 221 1032 221 1024 221 1033 221 1025 221 1025 221 1033 221 1034 221 1025 221 1034 221 1035 221 1035 222 1034 222 1036 222 1035 221 1036 221 1030 221 1037 221 1038 221 1039 221 1040 221 1041 221 1042 221 1042 221 1041 221 1043 221 1042 221 1043 221 1044 221 1045 221 1046 221 996 221 996 221 1046 221 1047 221 1044 221 1048 221 1042 221 1042 221 1048 221 1049 221 1042 221 1049 221 996 221 996 222 1049 222 1050 222 996 222 1050 222 1045 222 1047 221 1051 221 996 221 996 221 1051 221 1002 221 996 221 1002 221 997 221 997 221 1002 221 1004 221 993 221 1052 221 1053 221 1051 221 1054 221 1002 221 1002 221 1054 221 1055 221 1002 221 1055 221 993 221 993 221 1055 221 1056 221 993 221 1056 221 1052 221 1057 221 1058 221 1059 221 1059 221 1058 221 1060 221 1059 222 1060 222 1061 222 1061 222 1060 222 1062 222 1061 221 1062 221 1063 221 1053 221 1064 221 993 221 993 221 1064 221 1065 221 993 221 1065 221 1059 221 1059 221 1065 221 1066 221 1059 222 1066 222 1057 222 1067 221 1068 221 1069 221 1068 221 1070 221 1069 221 1069 221 1070 221 1071 221 1069 221 1071 221 1072 221 979 221 978 221 988 221 988 221 978 221 1073 221 988 221 1073 221 1074 221 1075 221 1076 221 978 221 978 221 1076 221 1077 221 978 221 1077 221 1073 221 1072 221 1078 221 1069 221 1069 221 1078 221 1079 221 1069 221 1079 221 978 221 978 221 1079 221 1080 221 978 221 1080 221 1075 221 1081 221 1082 221 1083 221 1083 221 1082 221 1084 221 1083 221 1084 221 1085 221 1085 221 1086 221 1083 221 1083 221 1086 221 1087 221 1083 221 1087 221 1088 221 1088 221 1087 221 1089 221 1088 221 1089 221 1090 221 1090 221 1091 221 1088 221 1088 221 1091 221 1092 221 1088 222 1092 222 1093 222 1093 221 1092 221 1094 221 1021 221 1095 221 1096 221 1097 221 1061 221 1042 221 1042 221 1061 221 1063 221 1042 221 1063 221 1040 221 1098 221 1099 221 1019 221 1099 222 1100 222 1019 222 1019 222 1100 222 1101 222 1019 221 1101 221 1042 221 1042 221 1101 221 1102 221 1042 222 1102 222 1103 222 1021 221 1096 221 1019 221 1019 221 1096 221 1104 221 1019 221 1104 221 1098 221 1103 221 1105 221 1042 221 1042 221 1105 221 1106 221 1042 221 1106 221 1097 221 1107 221 1108 221 1059 221 1097 221 1109 221 1061 221 1061 221 1109 221 1110 221 1061 221 1110 221 1059 221 1059 222 1110 222 1111 222 1059 221 1111 221 1107 221 1108 221 1112 221 1059 221 1059 221 1112 221 1113 221 1059 221 1113 221 1039 221 1039 221 1113 221 1114 221 1039 221 1114 221 1115 221 1115 221 1116 221 1039 221 1039 221 1116 221 1117 221 1039 221 1117 221 1118 221 1119 221 1120 221 1027 221 1121 221 1069 221 1122 221 1122 221 1069 221 1027 221 1122 221 1027 221 1123 221 1123 221 1027 221 1120 221 1124 221 1125 221 1025 221 1025 221 1125 221 1126 221 1025 221 1126 221 1027 221 1027 221 1126 221 1127 221 1027 221 1127 221 1119 221 1121 221 1128 221 1069 221 1069 221 1128 221 1129 221 1069 221 1129 221 1130 221 1130 221 1131 221 1069 221 1069 221 1131 221 1093 221 1069 221 1093 221 1067 221 1067 221 1093 221 1094 221 1132 221 1133 221 1134 221 1134 221 1133 221 1135 221 1134 221 1135 221 1136 221 1131 221 1137 221 1093 221 1093 221 1137 221 1138 221 1093 221 1138 221 1088 221 1088 221 1138 221 1139 221 1088 221 1139 221 1140 221 1140 221 1141 221 1088 221 1088 221 1141 221 1142 221 1088 221 1142 221 1134 221 1134 221 1142 221 1143 221 1134 221 1143 221 1132 221 1144 221 971 221 1145 221 1145 221 971 221 1146 221 1145 221 1146 221 1147 221 1144 221 1148 221 971 221 971 221 1148 221 1149 221 971 221 1149 221 1150 221 1150 221 1151 221 971 221 971 221 1151 221 1152 221 971 221 1152 221 970 221 970 221 1152 221 1153 221 970 221 1153 221 1154 221 1154 221 1155 221 970 221 970 221 1155 221 1156 221 970 221 1156 221 1157 221 1158 221 964 221 976 221 976 221 964 221 970 221 976 221 970 221 977 221 977 221 970 221 1157 221 977 221 1157 221 1159 221 1159 221 1160 221 977 221 977 222 1160 222 1161 222 977 221 1161 221 1014 221 1014 221 1161 221 1162 221 1163 221 1164 221 1165 221 1165 221 1164 221 1166 221 1165 221 1166 221 1146 221 1146 221 1166 221 1167 221 1146 221 1167 221 1147 221 1162 221 1168 221 1014 221 1014 221 1168 221 1169 221 1014 222 1169 222 1165 222 1165 221 1169 221 1170 221 1165 221 1170 221 1163 221 1165 221 1171 221 1172 221 1172 222 1173 222 1165 222 1165 222 1173 222 1174 222 1165 222 1174 222 1175 222 1176 221 1177 221 1014 221 1014 222 1177 222 1178 222 1175 221 1179 221 1165 221 1165 222 1179 222 1180 222 1165 221 1180 221 1014 221 1014 221 1180 221 1181 221 1014 221 1181 221 1176 221 1023 221 1012 221 1021 221 1021 221 1012 221 1014 221 1021 221 1014 221 1182 221 1182 221 1014 221 1178 221 1183 221 1184 221 1171 221 1171 221 1184 221 1185 221 1171 222 1185 222 1172 222 1030 221 1032 221 1035 221 1035 221 1032 221 1186 221 1035 222 1186 222 1187 222 1187 221 1188 221 1035 221 1035 221 1188 221 1189 221 1035 222 1189 222 1190 222 1190 222 1189 222 1191 222 1190 221 1191 221 1192 221 1192 221 1193 221 1190 221 1190 221 1193 221 1194 221 1190 221 1194 221 1183 221 1183 221 1194 221 1195 221 1183 221 1195 221 1184 221 1178 221 1196 221 1182 221 1182 221 1196 221 1197 221 1182 221 1197 221 1032 221 1032 221 1197 221 1198 221 1032 221 1198 221 1186 221 1199 221 1190 221 1200 221 1200 221 1190 221 1201 221 1202 221 1203 221 1204 221 1199 221 1205 221 1190 221 1190 221 1205 221 1206 221 1190 221 1206 221 1207 221 1208 221 1035 221 1209 221 1209 222 1035 222 1190 222 1209 221 1190 221 1210 221 1210 221 1190 221 1207 221 1208 221 1211 221 1035 221 1035 221 1211 221 1212 221 1035 221 1212 221 1213 221 1214 222 1215 222 956 222 956 221 1215 221 1216 221 956 222 1216 222 1201 222 1201 221 1216 221 1217 221 1201 221 1217 221 1200 221 1218 222 1219 222 957 222 957 222 1219 222 1220 222 957 221 1220 221 1221 221 1221 221 1222 221 957 221 957 221 1222 221 1223 221 957 221 1223 221 956 221 956 221 1223 221 1224 221 956 221 1224 221 1214 221 1158 221 1017 221 964 221 964 221 1017 221 1019 221 964 221 1019 221 965 221 965 221 1019 221 1042 221 965 221 1042 221 969 221 969 221 1042 221 996 221 969 221 996 221 1008 221 1008 221 996 221 998 221 992 221 995 221 993 221 993 221 995 221 999 221 993 221 999 221 1002 221 1002 221 999 221 1007 221 1002 221 1007 221 1003 221 1031 221 1225 221 1032 221 1032 221 1225 221 1037 221 1032 221 1037 221 1182 221 1182 221 1037 221 1039 221 1182 221 1039 221 1021 221 1021 221 1039 221 1118 221 1021 221 1118 221 1095 221 1038 221 1029 221 1039 221 1039 221 1029 221 1027 221 1039 221 1027 221 1059 221 1059 221 1027 221 1069 221 1059 221 1069 221 993 221 993 221 1069 221 978 221 993 221 978 221 991 221 991 221 978 221 980 221 1074 221 1081 221 988 221 988 221 1081 221 1083 221 988 221 1083 221 982 221 982 221 1083 221 1226 221 1213 221 1202 221 1035 221 1035 221 1202 221 1204 221 1035 221 1204 221 1025 221 1025 221 1204 221 1134 221 1025 221 1134 221 1124 221 1124 221 1134 221 1136 221 1203 222 1218 222 1204 222 1204 221 1218 221 957 221 1204 222 957 222 1134 222 1134 222 957 222 958 222 1134 221 958 221 1088 221 1088 221 958 221 950 221 1088 221 950 221 1083 221 1083 221 950 221 951 221 1083 221 951 221 1226 221 1226 221 951 221 952 221 971 221 974 221 1146 221 1146 222 974 222 1227 222 1146 222 1227 222 1165 222 1165 221 1227 221 1228 221 1165 221 1228 221 1171 221 1171 221 1228 221 1229 221 1171 221 1229 221 1183 221 1183 221 1229 221 1230 221 1183 221 1230 221 1190 221 1190 221 1230 221 1231 221 1190 221 1231 221 1201 221 1201 222 1231 222 954 222 1201 222 954 222 956 222 914 223 916 223 1232 223 1232 224 1233 224 914 224 914 225 1233 225 1234 225 914 226 1234 226 932 226 1234 227 1235 227 932 227 932 228 1235 228 1236 228 932 229 1236 229 930 229 1236 230 1237 230 930 230 930 231 1237 231 1238 231 930 232 1238 232 929 232 1238 233 1239 233 929 233 929 234 1239 234 1240 234 929 235 1240 235 898 235 1240 236 1241 236 898 236 898 237 1241 237 1242 237 898 238 1242 238 897 238 1242 239 1243 239 897 239 897 240 1243 240 1244 240 897 241 1244 241 895 241 1244 242 1245 242 895 242 895 243 1245 243 1246 243 895 244 1246 244 906 244 1246 245 1247 245 906 245 906 246 1247 246 1248 246 906 247 1248 247 907 247 1248 248 1249 248 907 248 907 249 1249 249 1250 249 907 250 1250 250 908 250 1250 251 1251 251 908 251 908 252 1251 252 1252 252 908 253 1252 253 909 253 1252 254 1253 254 909 254 909 255 1253 255 1254 255 909 256 1254 256 916 256 916 257 1254 257 1255 257 916 258 1255 258 1232 258 899 259 901 259 1256 259 1256 224 1257 224 899 224 899 260 1257 260 1258 260 899 261 1258 261 910 261 1258 262 1259 262 910 262 910 228 1259 228 1260 228 910 263 1260 263 911 263 1260 264 1261 264 911 264 911 265 1261 265 1262 265 911 266 1262 266 912 266 1262 233 1263 233 912 233 912 267 1263 267 1264 267 912 268 1264 268 913 268 1264 269 1265 269 913 269 913 237 1265 237 1266 237 913 270 1266 270 941 270 1266 271 1267 271 941 271 941 272 1267 272 1268 272 941 273 1268 273 942 273 1268 242 1269 242 942 242 942 274 1269 274 1270 274 942 275 1270 275 943 275 1270 276 1271 276 943 276 943 246 1271 246 1272 246 943 277 1272 277 933 277 1272 278 1273 278 933 278 933 279 1273 279 1274 279 933 280 1274 280 935 280 1274 251 1275 251 935 251 935 281 1275 281 1276 281 935 282 1276 282 903 282 1276 283 1277 283 903 283 903 255 1277 255 1278 255 903 284 1278 284 901 284 901 285 1278 285 1279 285 901 286 1279 286 1256 286 939 223 940 223 1280 223 1280 224 1281 224 939 224 939 260 1281 260 1282 260 939 287 1282 287 920 287 1282 227 1283 227 920 227 920 228 1283 228 1284 228 920 288 1284 288 921 288 1284 289 1285 289 921 289 921 290 1285 290 1286 290 921 291 1286 291 922 291 1286 233 1287 233 922 233 922 234 1287 234 1288 234 922 292 1288 292 892 292 1288 269 1289 269 892 269 892 237 1289 237 1290 237 892 238 1290 238 893 238 1290 239 1291 239 893 239 893 240 1291 240 1292 240 893 241 1292 241 931 241 1292 242 1293 242 931 242 931 274 1293 274 1294 274 931 293 1294 293 923 293 1294 245 1295 245 923 245 923 246 1295 246 1296 246 923 294 1296 294 924 294 1296 295 1297 295 924 295 924 296 1297 296 1298 296 924 297 1298 297 926 297 1298 251 1299 251 926 251 926 252 1299 252 1300 252 926 298 1300 298 928 298 1300 283 1301 283 928 283 928 255 1301 255 1302 255 928 256 1302 256 940 256 940 257 1302 257 1303 257 940 258 1303 258 1280 258 936 259 937 259 1304 259 1304 224 1305 224 936 224 936 225 1305 225 1306 225 936 299 1306 299 934 299 1306 262 1307 262 934 262 934 228 1307 228 1308 228 934 300 1308 300 927 300 1308 301 1309 301 927 301 927 302 1309 302 1310 302 927 303 1310 303 925 303 1310 233 1311 233 925 233 925 267 1311 267 1312 267 925 304 1312 304 915 304 1312 236 1313 236 915 236 915 237 1313 237 1314 237 915 270 1314 270 917 270 1314 271 1315 271 917 271 917 272 1315 272 1316 272 917 273 1316 273 918 273 1316 242 1317 242 918 242 918 243 1317 243 1318 243 918 305 1318 305 919 305 1318 276 1319 276 919 276 919 246 1319 246 1320 246 919 306 1320 306 904 306 1320 307 1321 307 904 307 904 308 1321 308 1322 308 904 309 1322 309 905 309 1322 251 1323 251 905 251 905 281 1323 281 1324 281 905 310 1324 310 938 310 1324 254 1325 254 938 254 938 255 1325 255 1326 255 938 284 1326 284 937 284 937 285 1326 285 1327 285 937 286 1327 286 1304 286 948 311 962 311 949 311 949 311 962 311 961 311 967 312 944 312 968 312 968 312 944 312 946 312 945 311 966 311 900 311 900 311 966 311 902 311 945 217 1328 217 966 217 966 217 1328 217 1329 217 966 217 1329 217 1330 217 1331 218 966 218 1332 218 1332 217 966 217 1330 217 1332 217 1330 217 1333 217 944 217 1334 217 945 217 945 217 1334 217 1335 217 1335 218 1336 218 945 218 945 217 1336 217 1337 217 945 217 1337 217 1328 217 1338 217 967 217 1339 217 1339 217 967 217 966 217 1339 217 966 217 1340 217 1340 217 966 217 1331 217 1338 217 1341 217 967 217 967 218 1341 218 1342 218 967 217 1342 217 944 217 944 217 1342 217 1343 217 944 218 1343 218 1344 218 1344 217 1345 217 1346 217 1330 217 1347 217 1333 217 1333 217 1347 217 1346 217 1333 217 1346 217 1348 217 1348 217 1346 217 1345 217 1346 217 1349 217 1344 217 1344 218 1349 218 1350 218 1344 217 1350 217 944 217 944 217 1350 217 1351 217 944 217 1351 217 1334 217 963 312 947 312 896 312 896 312 947 312 894 312 947 217 1352 217 1353 217 1354 217 1355 217 963 217 963 218 1355 218 1356 218 963 217 1356 217 947 217 947 217 1356 217 1357 217 947 217 1357 217 1352 217 1352 217 1357 217 1358 217 1352 217 1358 217 1359 217 962 217 1360 217 963 217 963 218 1360 218 1361 218 963 217 1361 217 1354 217 1362 218 1363 218 948 218 948 217 1363 217 1364 217 948 217 1364 217 962 217 962 218 1364 218 1365 218 962 217 1365 217 1360 217 1366 217 948 217 1367 217 1367 218 948 218 947 218 1367 218 947 218 1368 218 1368 217 947 217 1353 217 1366 217 1369 217 948 217 948 217 1369 217 1370 217 948 217 1370 217 1362 217 1370 218 1371 218 1362 218 1362 217 1371 217 1372 217 1362 217 1372 217 1373 217 1373 217 1372 217 1374 217 1373 217 1374 217 1358 217 1358 217 1374 217 1375 217 1358 217 1375 217 1359 217 1352 313 979 313 1353 313 1353 313 979 313 990 313 1353 314 990 314 1368 314 1368 314 990 314 989 314 1368 315 989 315 1367 315 1367 315 989 315 987 315 1367 316 987 316 1366 316 1366 316 987 316 986 316 1366 317 986 317 1369 317 1369 317 986 317 981 317 1369 318 981 318 1370 318 1370 318 981 318 983 318 1370 319 983 319 1371 319 1371 319 983 319 985 319 1371 320 985 320 1372 320 1372 320 985 320 994 320 1372 321 994 321 1374 321 1374 321 994 321 992 321 1374 322 992 322 1375 322 1375 322 992 322 991 322 1375 323 991 323 1359 323 1359 323 991 323 980 323 1359 324 980 324 1352 324 1352 324 980 324 979 324 1356 313 997 313 1357 313 1357 313 997 313 1004 313 1357 325 1004 325 1358 325 1358 325 1004 325 1003 325 1358 326 1003 326 1373 326 1373 326 1003 326 1007 326 1373 327 1007 327 1362 327 1362 327 1007 327 1006 327 1362 328 1006 328 1363 328 1363 328 1006 328 1005 328 1363 318 1005 318 1364 318 1364 318 1005 318 1001 318 1364 329 1001 329 1365 329 1365 329 1001 329 1011 329 1365 330 1011 330 1360 330 1360 330 1011 330 1010 330 1360 331 1010 331 1361 331 1361 331 1010 331 1009 331 1361 332 1009 332 1354 332 1354 332 1009 332 1008 332 1354 333 1008 333 1355 333 1355 333 1008 333 998 333 1355 334 998 334 1356 334 1356 334 998 334 997 334 1342 335 1016 335 1343 335 1343 335 1016 335 1015 335 1343 336 1015 336 1344 336 1344 336 1015 336 1013 336 1344 326 1013 326 1345 326 1345 326 1013 326 1012 326 1345 327 1012 327 1348 327 1348 327 1012 327 1023 327 1348 337 1023 337 1333 337 1333 337 1023 337 1022 337 1333 338 1022 338 1332 338 1332 338 1022 338 1020 338 1332 339 1020 339 1331 339 1331 339 1020 339 1018 339 1331 340 1018 340 1340 340 1340 340 1018 340 1017 340 1340 331 1017 331 1339 331 1339 331 1017 331 1158 331 1339 332 1158 332 1338 332 1338 332 1158 332 976 332 1338 341 976 341 1341 341 1341 341 976 341 975 341 1341 342 975 342 1342 342 1342 342 975 342 1016 342 1350 335 1031 335 1351 335 1351 335 1031 335 1030 335 1351 343 1030 343 1334 343 1334 343 1030 343 1036 343 1334 315 1036 315 1335 315 1335 315 1036 315 1034 315 1335 316 1034 316 1336 316 1336 316 1034 316 1033 316 1336 344 1033 344 1337 344 1337 344 1033 344 1024 344 1337 338 1024 338 1328 338 1328 338 1024 338 1026 338 1328 345 1026 345 1329 345 1329 345 1026 345 1028 345 1329 346 1028 346 1330 346 1330 346 1028 346 1029 346 1330 321 1029 321 1347 321 1347 321 1029 321 1038 321 1347 322 1038 322 1346 322 1346 322 1038 322 1037 322 1346 347 1037 347 1349 347 1349 347 1037 347 1225 347 1349 348 1225 348 1350 348 1350 348 1225 348 1031 348 1376 217 946 217 1377 217 1377 217 946 217 955 217 1377 217 955 217 1378 217 1378 217 955 217 1379 217 1380 217 1381 217 968 217 968 217 1381 217 1382 217 968 217 1382 217 972 217 972 218 1382 218 1383 218 1383 217 1384 217 972 217 972 217 1384 217 1385 217 972 217 1385 217 1386 217 1387 217 972 217 1388 217 1388 218 972 218 1386 218 1388 217 1386 217 1389 217 1376 218 1390 218 946 218 946 217 1390 217 1391 217 946 217 1391 217 1392 217 1393 218 946 218 1394 218 1394 217 946 217 1392 217 1394 217 1392 217 1395 217 1387 217 1396 217 972 217 972 217 1396 217 1397 217 972 217 1397 217 955 217 955 217 1397 217 1398 217 955 217 1398 217 1379 217 1399 217 1400 217 1393 217 1393 217 1400 217 1401 217 1393 217 1401 217 946 217 946 217 1401 217 1402 217 946 217 1402 217 968 217 968 217 1402 217 1403 217 968 217 1403 217 1380 217 1399 218 1404 218 1400 218 1400 217 1404 217 1405 217 1400 218 1405 218 1389 218 1389 217 1405 217 1406 217 1389 217 1406 217 1388 217 1387 217 1407 217 1396 217 1396 217 1407 217 1408 217 1396 217 1408 217 1409 217 1409 218 1408 218 1410 218 1409 217 1410 217 1395 217 1395 217 1410 217 1411 217 1395 217 1411 217 1394 217 974 312 973 312 972 312 954 312 1231 312 955 312 955 312 1231 312 1230 312 1230 312 1229 312 955 312 955 312 1229 312 1228 312 955 312 1228 312 972 312 972 312 1228 312 1227 312 972 312 1227 312 974 312 1412 349 1386 349 1385 349 1412 350 1413 350 1386 350 1386 351 1413 351 1414 351 1386 352 1414 352 1389 352 1414 353 1415 353 1389 353 1389 228 1415 228 1416 228 1389 354 1416 354 1400 354 1416 355 1417 355 1400 355 1400 356 1417 356 1418 356 1400 357 1418 357 1401 357 1418 233 1419 233 1401 233 1401 358 1419 358 1420 358 1401 359 1420 359 1402 359 1420 360 1421 360 1402 360 1402 361 1421 361 1422 361 1402 362 1422 362 1403 362 1422 363 1423 363 1403 363 1403 364 1423 364 1424 364 1403 365 1424 365 1380 365 1424 366 1425 366 1380 366 1380 243 1425 243 1426 243 1380 367 1426 367 1381 367 1426 368 1427 368 1381 368 1381 246 1427 246 1428 246 1381 369 1428 369 1382 369 1428 370 1429 370 1382 370 1382 371 1429 371 1430 371 1382 372 1430 372 1383 372 1430 251 1431 251 1383 251 1383 373 1431 373 1432 373 1383 374 1432 374 1384 374 1432 254 1433 254 1384 254 1384 375 1433 375 1434 375 1384 376 1434 376 1385 376 1385 377 1434 377 1435 377 1385 378 1435 378 1412 378 1436 379 1407 379 1387 379 1436 380 1437 380 1407 380 1407 381 1437 381 1438 381 1407 382 1438 382 1408 382 1438 353 1439 353 1408 353 1408 383 1439 383 1440 383 1408 384 1440 384 1410 384 1440 385 1441 385 1410 385 1410 386 1441 386 1442 386 1410 387 1442 387 1411 387 1442 388 1443 388 1411 388 1411 358 1443 358 1444 358 1411 389 1444 389 1394 389 1444 390 1445 390 1394 390 1394 391 1445 391 1446 391 1394 392 1446 392 1393 392 1446 393 1447 393 1393 393 1393 364 1447 364 1448 364 1393 365 1448 365 1399 365 1448 366 1449 366 1399 366 1399 394 1449 394 1450 394 1399 395 1450 395 1404 395 1450 368 1451 368 1404 368 1404 246 1451 246 1452 246 1404 396 1452 396 1405 396 1452 397 1453 397 1405 397 1405 398 1453 398 1454 398 1405 399 1454 399 1406 399 1454 251 1455 251 1406 251 1406 373 1455 373 1456 373 1406 400 1456 400 1388 400 1456 401 1457 401 1388 401 1388 375 1457 375 1458 375 1388 376 1458 376 1387 376 1387 377 1458 377 1459 377 1387 402 1459 402 1436 402 1460 349 1379 349 1398 349 1460 350 1461 350 1379 350 1379 260 1461 260 1462 260 1379 403 1462 403 1378 403 1462 353 1463 353 1378 353 1378 228 1463 228 1464 228 1378 404 1464 404 1377 404 1464 405 1465 405 1377 405 1377 406 1465 406 1466 406 1377 407 1466 407 1376 407 1466 233 1467 233 1376 233 1376 358 1467 358 1468 358 1376 408 1468 408 1390 408 1468 269 1469 269 1390 269 1390 361 1469 361 1470 361 1390 362 1470 362 1391 362 1470 363 1471 363 1391 363 1391 364 1471 364 1472 364 1391 365 1472 365 1392 365 1472 366 1473 366 1392 366 1392 409 1473 409 1474 409 1392 410 1474 410 1395 410 1474 368 1475 368 1395 368 1395 246 1475 246 1476 246 1395 411 1476 411 1409 411 1476 412 1477 412 1409 412 1409 413 1477 413 1478 413 1409 414 1478 414 1396 414 1478 251 1479 251 1396 251 1396 373 1479 373 1480 373 1396 415 1480 415 1397 415 1480 416 1481 416 1397 416 1397 375 1481 375 1482 375 1397 376 1482 376 1398 376 1398 377 1482 377 1483 377 1398 378 1483 378 1460 378 1460 417 1217 417 1461 417 1461 418 1217 418 1216 418 1461 419 1216 419 1462 419 1462 420 1216 420 1215 420 1462 421 1215 421 1463 421 1463 422 1215 422 1214 422 1463 423 1214 423 1464 423 1464 424 1214 424 1224 424 1464 425 1224 425 1465 425 1465 426 1224 426 1223 426 1465 427 1223 427 1466 427 1466 428 1223 428 1222 428 1466 429 1222 429 1467 429 1467 430 1222 430 1221 430 1467 431 1221 431 1468 431 1468 432 1221 432 1220 432 1468 433 1220 433 1469 433 1469 434 1220 434 1219 434 1469 435 1219 435 1470 435 1470 436 1219 436 1218 436 1470 437 1218 437 1471 437 1471 438 1218 438 1203 438 1471 439 1203 439 1472 439 1472 440 1203 440 1202 440 1472 441 1202 441 1473 441 1473 442 1202 442 1213 442 1473 443 1213 443 1474 443 1474 444 1213 444 1212 444 1474 445 1212 445 1475 445 1475 446 1212 446 1211 446 1475 447 1211 447 1476 447 1476 448 1211 448 1208 448 1476 449 1208 449 1477 449 1477 450 1208 450 1209 450 1477 451 1209 451 1478 451 1478 452 1209 452 1210 452 1478 453 1210 453 1479 453 1479 454 1210 454 1207 454 1479 455 1207 455 1480 455 1480 456 1207 456 1206 456 1480 457 1206 457 1481 457 1481 458 1206 458 1205 458 1481 459 1205 459 1482 459 1482 460 1205 460 1199 460 1482 461 1199 461 1483 461 1483 462 1199 462 1200 462 1483 463 1200 463 1460 463 1460 464 1200 464 1217 464 1436 465 1184 465 1437 465 1437 466 1184 466 1195 466 1437 467 1195 467 1438 467 1438 468 1195 468 1194 468 1438 469 1194 469 1439 469 1439 470 1194 470 1193 470 1439 471 1193 471 1440 471 1440 472 1193 472 1192 472 1440 473 1192 473 1441 473 1441 474 1192 474 1191 474 1441 475 1191 475 1442 475 1442 476 1191 476 1189 476 1442 477 1189 477 1443 477 1443 478 1189 478 1188 478 1443 479 1188 479 1444 479 1444 480 1188 480 1187 480 1444 434 1187 434 1445 434 1445 481 1187 481 1186 481 1445 482 1186 482 1446 482 1446 483 1186 483 1198 483 1446 484 1198 484 1447 484 1447 485 1198 485 1197 485 1447 439 1197 439 1448 439 1448 486 1197 486 1196 486 1448 487 1196 487 1449 487 1449 488 1196 488 1178 488 1449 489 1178 489 1450 489 1450 444 1178 444 1177 444 1450 490 1177 490 1451 490 1451 491 1177 491 1176 491 1451 492 1176 492 1452 492 1452 493 1176 493 1181 493 1452 494 1181 494 1453 494 1453 495 1181 495 1180 495 1453 496 1180 496 1454 496 1454 497 1180 497 1179 497 1454 498 1179 498 1455 498 1455 499 1179 499 1175 499 1455 500 1175 500 1456 500 1456 501 1175 501 1174 501 1456 502 1174 502 1457 502 1457 503 1174 503 1173 503 1457 504 1173 504 1458 504 1458 505 1173 505 1172 505 1458 506 1172 506 1459 506 1459 506 1172 506 1185 506 1459 507 1185 507 1436 507 1436 507 1185 507 1184 507 1412 417 1147 417 1413 417 1413 508 1147 508 1167 508 1413 509 1167 509 1414 509 1414 510 1167 510 1166 510 1414 511 1166 511 1415 511 1415 512 1166 512 1164 512 1415 513 1164 513 1416 513 1416 514 1164 514 1163 514 1416 515 1163 515 1417 515 1417 516 1163 516 1170 516 1417 517 1170 517 1418 517 1418 518 1170 518 1169 518 1418 519 1169 519 1419 519 1419 520 1169 520 1168 520 1419 521 1168 521 1420 521 1420 522 1168 522 1162 522 1420 523 1162 523 1421 523 1421 524 1162 524 1161 524 1421 525 1161 525 1422 525 1422 526 1161 526 1160 526 1422 437 1160 437 1423 437 1423 438 1160 438 1159 438 1423 439 1159 439 1424 439 1424 440 1159 440 1157 440 1424 441 1157 441 1425 441 1425 527 1157 527 1156 527 1425 528 1156 528 1426 528 1426 529 1156 529 1155 529 1426 530 1155 530 1427 530 1427 531 1155 531 1154 531 1427 532 1154 532 1428 532 1428 533 1154 533 1153 533 1428 534 1153 534 1429 534 1429 535 1153 535 1152 535 1429 536 1152 536 1430 536 1430 537 1152 537 1151 537 1430 538 1151 538 1431 538 1431 539 1151 539 1150 539 1431 540 1150 540 1432 540 1432 541 1150 541 1149 541 1432 542 1149 542 1433 542 1433 543 1149 543 1148 543 1433 544 1148 544 1434 544 1434 545 1148 545 1144 545 1434 461 1144 461 1435 461 1435 462 1144 462 1145 462 1435 463 1145 463 1412 463 1412 464 1145 464 1147 464 1256 546 1124 546 1257 546 1257 547 1124 547 1136 547 1257 548 1136 548 1258 548 1258 549 1136 549 1135 549 1258 550 1135 550 1259 550 1259 551 1135 551 1133 551 1259 552 1133 552 1260 552 1260 553 1133 553 1132 553 1260 554 1132 554 1261 554 1261 473 1132 473 1143 473 1261 555 1143 555 1262 555 1262 556 1143 556 1142 556 1262 557 1142 557 1263 557 1263 558 1142 558 1141 558 1263 559 1141 559 1264 559 1264 560 1141 560 1140 560 1264 561 1140 561 1265 561 1265 562 1140 562 1139 562 1265 563 1139 563 1266 563 1266 564 1139 564 1138 564 1266 565 1138 565 1267 565 1267 566 1138 566 1137 566 1267 567 1137 567 1268 567 1268 568 1137 568 1131 568 1268 569 1131 569 1269 569 1269 570 1131 570 1130 570 1269 571 1130 571 1270 571 1270 572 1130 572 1129 572 1270 573 1129 573 1271 573 1271 574 1129 574 1128 574 1271 492 1128 492 1272 492 1272 575 1128 575 1121 575 1272 576 1121 576 1273 576 1273 577 1121 577 1122 577 1273 578 1122 578 1274 578 1274 579 1122 579 1123 579 1274 580 1123 580 1275 580 1275 581 1123 581 1120 581 1275 582 1120 582 1276 582 1276 583 1120 583 1119 583 1276 584 1119 584 1277 584 1277 585 1119 585 1127 585 1277 586 1127 586 1278 586 1278 586 1127 586 1126 586 1278 587 1126 587 1279 587 1279 462 1126 462 1125 462 1279 588 1125 588 1256 588 1256 589 1125 589 1124 589 1304 590 1118 590 1305 590 1305 590 1118 590 1117 590 1305 591 1117 591 1306 591 1306 592 1117 592 1116 592 1306 593 1116 593 1307 593 1307 594 1116 594 1115 594 1307 552 1115 552 1308 552 1308 595 1115 595 1114 595 1308 596 1114 596 1309 596 1309 597 1114 597 1113 597 1309 598 1113 598 1310 598 1310 599 1113 599 1112 599 1310 519 1112 519 1311 519 1311 600 1112 600 1108 600 1311 559 1108 559 1312 559 1312 601 1108 601 1107 601 1312 602 1107 602 1313 602 1313 603 1107 603 1111 603 1313 563 1111 563 1314 563 1314 604 1111 604 1110 604 1314 605 1110 605 1315 605 1315 606 1110 606 1109 606 1315 567 1109 567 1316 567 1316 607 1109 607 1097 607 1316 608 1097 608 1317 608 1317 609 1097 609 1106 609 1317 610 1106 610 1318 610 1318 611 1106 611 1105 611 1318 491 1105 491 1319 491 1319 612 1105 612 1103 612 1319 492 1103 492 1320 492 1320 613 1103 613 1102 613 1320 614 1102 614 1321 614 1321 535 1102 535 1101 535 1321 615 1101 615 1322 615 1322 616 1101 616 1100 616 1322 617 1100 617 1323 617 1323 618 1100 618 1099 618 1323 582 1099 582 1324 582 1324 619 1099 619 1098 619 1324 542 1098 542 1325 542 1325 503 1098 503 1104 503 1325 586 1104 586 1326 586 1326 620 1104 620 1096 620 1326 621 1096 621 1327 621 1327 622 1096 622 1095 622 1327 588 1095 588 1304 588 1304 623 1095 623 1118 623 1280 624 1094 624 1281 624 1281 625 1094 625 1092 625 1281 626 1092 626 1282 626 1282 627 1092 627 1091 627 1282 628 1091 628 1283 628 1283 629 1091 629 1090 629 1283 552 1090 552 1284 552 1284 553 1090 553 1089 553 1284 630 1089 630 1285 630 1285 426 1089 426 1087 426 1285 631 1087 631 1286 631 1286 632 1087 632 1086 632 1286 557 1086 557 1287 557 1287 558 1086 558 1085 558 1287 633 1085 633 1288 633 1288 634 1085 634 1084 634 1288 635 1084 635 1289 635 1289 636 1084 636 1082 636 1289 637 1082 637 1290 637 1290 638 1082 638 1081 638 1290 639 1081 639 1291 639 1291 640 1081 640 1074 640 1291 641 1074 641 1292 641 1292 642 1074 642 1073 642 1292 643 1073 643 1293 643 1293 643 1073 643 1077 643 1293 644 1077 644 1294 644 1294 645 1077 645 1076 645 1294 646 1076 646 1295 646 1295 647 1076 647 1075 647 1295 492 1075 492 1296 492 1296 575 1075 575 1080 575 1296 648 1080 648 1297 648 1297 649 1080 649 1079 649 1297 650 1079 650 1298 650 1298 651 1079 651 1078 651 1298 580 1078 580 1299 580 1299 581 1078 581 1072 581 1299 652 1072 652 1300 652 1300 653 1072 653 1071 653 1300 654 1071 654 1301 654 1301 655 1071 655 1070 655 1301 656 1070 656 1302 656 1302 657 1070 657 1068 657 1302 658 1068 658 1303 658 1303 659 1068 659 1067 659 1303 660 1067 660 1280 660 1280 661 1067 661 1094 661 1232 662 1062 662 1233 662 1233 663 1062 663 1060 663 1233 664 1060 664 1234 664 1234 665 1060 665 1058 665 1234 666 1058 666 1235 666 1235 667 1058 667 1057 667 1235 552 1057 552 1236 552 1236 595 1057 595 1066 595 1236 668 1066 668 1237 668 1237 669 1066 669 1065 669 1237 670 1065 670 1238 670 1238 671 1065 671 1064 671 1238 519 1064 519 1239 519 1239 600 1064 600 1053 600 1239 633 1053 633 1240 633 1240 672 1053 672 1052 672 1240 673 1052 673 1241 673 1241 674 1052 674 1056 674 1241 637 1056 637 1242 637 1242 637 1056 637 1055 637 1242 675 1055 675 1243 675 1243 676 1055 676 1054 676 1243 641 1054 641 1244 641 1244 677 1054 677 1051 677 1244 678 1051 678 1245 678 1245 679 1051 679 1047 679 1245 680 1047 680 1246 680 1246 681 1047 681 1046 681 1246 682 1046 682 1247 682 1247 683 1046 683 1045 683 1247 492 1045 492 1248 492 1248 613 1045 613 1050 613 1248 684 1050 684 1249 684 1249 685 1050 685 1049 685 1249 686 1049 686 1250 686 1250 687 1049 687 1048 687 1250 617 1048 617 1251 617 1251 618 1048 618 1044 618 1251 652 1044 652 1252 652 1252 688 1044 688 1043 688 1252 689 1043 689 1253 689 1253 690 1043 690 1041 690 1253 656 1041 656 1254 656 1254 691 1041 691 1040 691 1254 692 1040 692 1255 692 1255 693 1040 693 1063 693 1255 660 1063 660 1232 660 1232 694 1063 694 1062 694 960 217 953 217 961 217 961 217 953 217 949 217 960 311 959 311 1000 311 984 311 953 311 995 311 995 311 953 311 960 311 995 311 960 311 999 311 999 311 960 311 1000 311 984 311 982 311 953 311 953 311 982 311 1226 311 953 311 1226 311 952 311 1484 695 1485 695 1486 695 1487 695 1488 695 1489 695 1490 695 1491 695 1492 695 1487 695 1489 695 1493 695 1493 695 1489 695 1490 695 1493 695 1490 695 1494 695 1495 695 1496 695 1497 695 1497 695 1496 695 1489 695 1497 695 1489 695 1498 695 1498 695 1489 695 1488 695 1495 695 1499 695 1496 695 1496 695 1499 695 1500 695 1496 695 1500 695 1501 695 1501 695 1502 695 1496 695 1496 695 1502 695 1503 695 1496 695 1503 695 1486 695 1486 695 1503 695 1504 695 1486 695 1504 695 1484 695 1492 695 1505 695 1490 695 1490 695 1505 695 1506 695 1490 695 1506 695 1494 695 1494 695 1506 695 1507 695 1485 695 1508 695 1509 695 1510 695 1511 695 1485 695 1485 695 1511 695 1512 695 1485 695 1512 695 1508 695 1507 695 1513 695 1494 695 1494 695 1513 695 1511 695 1494 695 1511 695 1514 695 1514 695 1511 695 1510 695 1509 695 1515 695 1485 695 1485 695 1515 695 1516 695 1485 695 1516 695 1486 695 1486 695 1516 695 1517 695 1486 695 1517 695 1518 695 1518 695 1519 695 1486 695 1486 695 1519 695 1520 695 1486 695 1520 695 1490 695 1490 695 1520 695 1521 695 1490 695 1521 695 1491 695 1522 696 1523 696 1524 696 1489 696 1525 696 1526 696 1527 696 1528 696 1522 696 1529 696 1530 696 1522 696 1522 696 1530 696 1531 696 1522 696 1531 696 1523 696 1528 696 1532 696 1522 696 1522 696 1532 696 1533 696 1522 696 1533 696 1534 696 1534 696 1535 696 1522 696 1522 696 1535 696 1536 696 1522 696 1536 696 1537 696 1537 696 1536 696 1538 696 1537 696 1538 696 1539 696 1539 696 1540 696 1537 696 1537 696 1540 696 1541 696 1537 696 1541 696 1489 696 1489 696 1541 696 1542 696 1489 696 1542 696 1543 696 1527 696 1522 696 1544 696 1544 696 1522 696 1524 696 1544 696 1524 696 1545 696 1545 696 1524 696 1546 696 1545 696 1546 696 1547 696 1489 696 1526 696 1490 696 1490 696 1526 696 1548 696 1490 696 1548 696 1549 696 1543 696 1550 696 1489 696 1489 696 1550 696 1551 696 1489 696 1551 696 1545 696 1549 696 1552 696 1490 696 1490 696 1552 696 1553 696 1490 696 1553 696 1522 696 1522 696 1553 696 1554 696 1522 696 1554 696 1529 696 1547 696 1555 696 1545 696 1545 696 1555 696 1556 696 1545 696 1556 696 1489 696 1489 696 1556 696 1557 696 1489 696 1557 696 1525 696 1558 697 1559 697 1560 697 1537 697 1561 697 1562 697 1563 697 1564 697 1522 697 1522 697 1564 697 1565 697 1560 697 1559 697 1566 697 1566 697 1559 697 1567 697 1566 697 1567 697 1568 697 1560 697 1569 697 1558 697 1558 697 1569 697 1570 697 1558 697 1570 697 1571 697 1571 697 1572 697 1558 697 1558 697 1572 697 1573 697 1558 697 1573 697 1537 697 1537 697 1573 697 1574 697 1537 697 1574 697 1561 697 1575 697 1576 697 1577 697 1577 697 1576 697 1563 697 1577 697 1563 697 1578 697 1578 697 1563 697 1522 697 1578 697 1522 697 1579 697 1565 697 1580 697 1522 697 1522 697 1580 697 1581 697 1522 697 1581 697 1559 697 1559 697 1581 697 1582 697 1559 697 1582 697 1583 697 1583 697 1584 697 1559 697 1559 697 1584 697 1585 697 1559 697 1585 697 1567 697 1568 697 1586 697 1566 697 1566 697 1586 697 1587 697 1566 697 1587 697 1588 697 1588 697 1587 697 1589 697 1588 697 1589 697 1577 697 1577 697 1589 697 1590 697 1577 697 1590 697 1575 697 1562 697 1591 697 1537 697 1537 697 1591 697 1592 697 1537 697 1592 697 1522 697 1522 697 1592 697 1593 697 1522 697 1593 697 1579 697 1594 698 1595 698 1486 698 1486 698 1595 698 1596 698 1486 698 1596 698 1597 698 1496 698 1598 698 1599 698 1598 698 1496 698 1600 698 1600 698 1496 698 1486 698 1600 698 1486 698 1601 698 1601 698 1486 698 1597 698 1601 698 1597 698 1602 698 1603 698 1604 698 1605 698 1599 698 1606 698 1496 698 1496 698 1606 698 1607 698 1496 698 1607 698 1558 698 1607 698 1608 698 1558 698 1558 698 1608 698 1609 698 1558 698 1609 698 1610 698 1559 698 1611 698 1486 698 1486 698 1611 698 1612 698 1486 698 1612 698 1594 698 1605 698 1613 698 1603 698 1603 698 1613 698 1614 698 1603 698 1614 698 1615 698 1615 698 1614 698 1616 698 1615 698 1616 698 1602 698 1602 698 1616 698 1617 698 1602 698 1617 698 1601 698 1618 698 1619 698 1558 698 1558 698 1619 698 1620 698 1558 698 1620 698 1559 698 1559 698 1620 698 1621 698 1559 698 1621 698 1622 698 1622 698 1623 698 1559 698 1559 698 1623 698 1624 698 1559 698 1624 698 1611 698 1610 698 1625 698 1558 698 1558 698 1625 698 1626 698 1558 698 1626 698 1618 698 1618 698 1626 698 1604 698 1618 698 1604 698 1627 698 1627 698 1604 698 1603 698 1522 699 1559 699 1490 699 1490 699 1559 699 1486 699 1558 700 1537 700 1496 700 1496 700 1537 700 1489 700 1626 701 1536 701 1604 701 1604 701 1536 701 1535 701 1604 702 1535 702 1605 702 1605 702 1535 702 1534 702 1605 703 1534 703 1613 703 1613 703 1534 703 1533 703 1613 704 1533 704 1614 704 1614 704 1533 704 1532 704 1614 705 1532 705 1616 705 1616 705 1532 705 1528 705 1616 706 1528 706 1617 706 1617 706 1528 706 1527 706 1617 707 1527 707 1601 707 1601 707 1527 707 1544 707 1601 708 1544 708 1600 708 1600 708 1544 708 1545 708 1600 697 1545 697 1598 697 1598 697 1545 697 1551 697 1598 709 1551 709 1599 709 1599 709 1551 709 1550 709 1599 710 1550 710 1606 710 1606 710 1550 710 1543 710 1606 711 1543 711 1607 711 1607 711 1543 711 1542 711 1607 712 1542 712 1608 712 1608 712 1542 712 1541 712 1608 713 1541 713 1609 713 1609 713 1541 713 1540 713 1609 714 1540 714 1610 714 1610 714 1540 714 1539 714 1610 715 1539 715 1625 715 1625 715 1539 715 1538 715 1625 716 1538 716 1626 716 1626 716 1538 716 1536 716 1621 717 1523 717 1622 717 1622 717 1523 717 1531 717 1622 702 1531 702 1623 702 1623 702 1531 702 1530 702 1623 718 1530 718 1624 718 1624 718 1530 718 1529 718 1624 719 1529 719 1611 719 1611 719 1529 719 1554 719 1611 720 1554 720 1612 720 1612 720 1554 720 1553 720 1612 706 1553 706 1594 706 1594 706 1553 706 1552 706 1594 707 1552 707 1595 707 1595 707 1552 707 1549 707 1595 721 1549 721 1596 721 1596 721 1549 721 1548 721 1596 697 1548 697 1597 697 1597 697 1548 697 1526 697 1597 722 1526 722 1602 722 1602 722 1526 722 1525 722 1602 710 1525 710 1615 710 1615 710 1525 710 1557 710 1615 711 1557 711 1603 711 1603 711 1557 711 1556 711 1603 723 1556 723 1627 723 1627 723 1556 723 1555 723 1627 724 1555 724 1618 724 1618 724 1555 724 1547 724 1618 725 1547 725 1619 725 1619 725 1547 725 1546 725 1619 715 1546 715 1620 715 1620 715 1546 715 1524 715 1620 726 1524 726 1621 726 1621 726 1524 726 1523 726 1516 727 1567 727 1517 727 1517 727 1567 727 1585 727 1517 728 1585 728 1518 728 1518 728 1585 728 1584 728 1518 729 1584 729 1519 729 1519 729 1584 729 1583 729 1519 730 1583 730 1520 730 1520 730 1583 730 1582 730 1520 731 1582 731 1521 731 1521 731 1582 731 1581 731 1521 732 1581 732 1491 732 1491 732 1581 732 1580 732 1491 733 1580 733 1492 733 1492 733 1580 733 1565 733 1492 734 1565 734 1505 734 1505 734 1565 734 1564 734 1505 698 1564 698 1506 698 1506 698 1564 698 1563 698 1506 735 1563 735 1507 735 1507 735 1563 735 1576 735 1507 736 1576 736 1513 736 1513 736 1576 736 1575 736 1513 737 1575 737 1511 737 1511 737 1575 737 1590 737 1511 738 1590 738 1512 738 1512 738 1590 738 1589 738 1512 739 1589 739 1508 739 1508 739 1589 739 1587 739 1508 740 1587 740 1509 740 1509 740 1587 740 1586 740 1509 741 1586 741 1515 741 1515 741 1586 741 1568 741 1515 742 1568 742 1516 742 1516 742 1568 742 1567 742 1502 743 1569 743 1503 743 1503 743 1569 743 1560 743 1503 744 1560 744 1504 744 1504 744 1560 744 1566 744 1504 745 1566 745 1484 745 1484 745 1566 745 1588 745 1484 746 1588 746 1485 746 1485 746 1588 746 1577 746 1485 747 1577 747 1510 747 1510 747 1577 747 1578 747 1510 732 1578 732 1514 732 1514 732 1578 732 1579 732 1514 748 1579 748 1494 748 1494 748 1579 748 1593 748 1494 734 1593 734 1493 734 1493 734 1593 734 1592 734 1493 698 1592 698 1487 698 1487 698 1592 698 1591 698 1487 735 1591 735 1488 735 1488 735 1591 735 1562 735 1488 749 1562 749 1498 749 1498 749 1562 749 1561 749 1498 750 1561 750 1497 750 1497 750 1561 750 1574 750 1497 751 1574 751 1495 751 1495 751 1574 751 1573 751 1495 752 1573 752 1499 752 1499 752 1573 752 1572 752 1499 753 1572 753 1500 753 1500 753 1572 753 1571 753 1500 754 1571 754 1501 754 1501 754 1571 754 1570 754 1501 755 1570 755 1502 755 1502 755 1570 755 1569 755 1628 756 1629 756 1630 756 1631 756 1632 756 1633 756 1634 756 1635 756 1636 756 1631 756 1633 756 1637 756 1637 756 1633 756 1638 756 1637 756 1638 756 1639 756 1634 756 1636 756 1640 756 1640 756 1636 756 1641 756 1640 756 1641 756 1642 756 1642 756 1641 756 1643 756 1642 756 1643 756 1644 756 1644 756 1643 756 1645 756 1644 756 1645 756 1630 756 1630 756 1645 756 1646 756 1630 756 1646 756 1628 756 1647 756 1648 756 1649 756 1649 756 1648 756 1650 756 1649 756 1650 756 1651 756 1651 756 1650 756 1652 756 1651 756 1652 756 1653 756 1653 756 1652 756 1654 756 1653 756 1654 756 1655 756 1655 756 1654 756 1656 756 1655 756 1656 756 1657 756 1657 756 1656 756 1658 756 1657 756 1658 756 1659 756 1659 756 1658 756 1660 756 1659 756 1660 756 1661 756 1661 756 1660 756 1639 756 1661 756 1639 756 1662 756 1663 756 1664 756 1665 756 1638 756 1666 756 1639 756 1639 756 1666 756 1667 756 1639 756 1667 756 1662 756 1662 756 1667 756 1668 756 1662 756 1668 756 1663 756 1663 756 1668 756 1669 756 1663 756 1669 756 1664 756 1669 756 1670 756 1664 756 1664 756 1670 756 1671 756 1664 756 1671 756 1672 756 1672 756 1671 756 1673 756 1672 756 1673 756 1634 756 1634 756 1673 756 1674 756 1634 756 1674 756 1635 756 1635 756 1674 756 1675 756 1635 756 1675 756 1632 756 1632 756 1675 756 1676 756 1632 756 1676 756 1633 756 1665 756 1677 756 1663 756 1663 756 1677 756 1678 756 1663 756 1678 756 1679 756 1679 756 1678 756 1680 756 1679 756 1680 756 1681 756 1681 756 1680 756 1682 756 1681 756 1682 756 1647 756 1647 756 1682 756 1683 756 1647 756 1683 756 1648 756 1684 756 1630 756 1685 756 1685 756 1630 756 1686 756 1685 756 1686 756 1687 756 1687 756 1686 756 1688 756 1689 756 1690 756 1691 756 1691 756 1690 756 1692 756 1692 756 1693 756 1691 756 1691 756 1693 756 1694 756 1691 756 1694 756 1686 756 1686 756 1694 756 1695 756 1686 756 1695 756 1688 756 1684 756 1696 756 1630 756 1630 756 1696 756 1697 756 1630 756 1697 756 1644 756 1644 756 1697 756 1698 756 1644 756 1698 756 1699 756 1699 756 1698 756 1700 756 1699 756 1700 756 1692 756 1692 756 1700 756 1701 756 1692 756 1701 756 1693 756 1702 756 1703 756 1704 756 1704 756 1703 756 1705 756 1706 756 1707 756 1686 756 1686 756 1707 756 1708 756 1686 756 1708 756 1709 756 1704 756 1710 756 1702 756 1702 756 1710 756 1711 756 1702 756 1711 756 1712 756 1712 756 1711 756 1713 756 1712 756 1713 756 1714 756 1639 756 1715 756 1637 756 1637 756 1715 756 1716 756 1637 756 1716 756 1717 756 1717 756 1716 756 1718 756 1717 756 1718 756 1629 756 1629 756 1718 756 1704 756 1629 756 1704 756 1630 756 1630 756 1704 756 1705 756 1705 756 1719 756 1630 756 1630 756 1719 756 1720 756 1630 756 1720 756 1686 756 1686 756 1720 756 1721 756 1686 756 1721 756 1706 756 1708 756 1722 756 1709 756 1709 756 1722 756 1723 756 1709 756 1723 756 1724 756 1724 756 1723 756 1712 756 1724 756 1712 756 1725 756 1725 756 1712 756 1714 756 1726 757 1727 757 1728 757 1729 757 1730 757 1731 757 1731 757 1730 757 1732 757 1731 757 1732 757 1733 757 1734 757 1735 757 1736 757 1737 757 1738 757 1739 757 1740 757 1737 757 1741 757 1728 757 1727 757 1742 757 1742 757 1727 757 1743 757 1742 757 1743 757 1744 757 1744 757 1743 757 1745 757 1744 757 1745 757 1746 757 1746 757 1745 757 1747 757 1746 757 1747 757 1748 757 1748 757 1747 757 1749 757 1748 757 1749 757 1750 757 1732 757 1751 757 1733 757 1733 757 1751 757 1752 757 1733 757 1752 757 1753 757 1753 757 1752 757 1754 757 1753 757 1754 757 1755 757 1755 757 1754 757 1756 757 1756 757 1754 757 1757 757 1756 757 1757 757 1758 757 1726 757 1759 757 1760 757 1760 757 1759 757 1761 757 1760 757 1761 757 1762 757 1740 757 1741 757 1763 757 1739 757 1738 757 1764 757 1764 757 1738 757 1756 757 1764 757 1756 757 1765 757 1765 757 1756 757 1758 757 1765 757 1758 757 1766 757 1766 757 1758 757 1767 757 1766 757 1767 757 1736 757 1736 757 1767 757 1768 757 1736 757 1768 757 1734 757 1728 757 1769 757 1726 757 1726 757 1769 757 1770 757 1726 757 1770 757 1759 757 1759 757 1770 757 1771 757 1759 757 1771 757 1772 757 1772 757 1771 757 1741 757 1772 757 1741 757 1773 757 1773 757 1741 757 1737 757 1773 757 1737 757 1774 757 1774 757 1737 757 1739 757 1749 757 1775 757 1750 757 1750 757 1775 757 1776 757 1750 757 1776 757 1777 757 1777 757 1776 757 1778 757 1777 757 1778 757 1779 757 1779 757 1778 757 1780 757 1779 757 1780 757 1741 757 1741 757 1780 757 1781 757 1741 757 1781 757 1763 757 1782 757 1783 757 1734 757 1762 757 1735 757 1760 757 1760 757 1735 757 1734 757 1760 757 1734 757 1784 757 1784 757 1734 757 1783 757 1731 757 1785 757 1729 757 1729 757 1785 757 1782 757 1729 757 1782 757 1786 757 1786 757 1782 757 1734 757 1787 757 1788 757 1789 757 1789 757 1788 757 1790 757 1789 757 1790 757 1791 757 1787 757 1792 757 1788 757 1788 757 1792 757 1793 757 1788 757 1793 757 1794 757 1794 757 1793 757 1795 757 1794 757 1795 757 1796 757 1797 757 1798 757 1731 757 1731 757 1798 757 1799 757 1731 757 1799 757 1785 757 1799 757 1800 757 1785 757 1785 757 1800 757 1801 757 1785 757 1801 757 1802 757 1802 757 1801 757 1803 757 1802 757 1803 757 1804 757 1804 757 1803 757 1789 757 1804 757 1789 757 1805 757 1805 757 1789 757 1791 757 1805 757 1791 757 1806 757 1807 757 1808 757 1809 757 1731 757 1810 757 1811 757 1794 757 1812 757 1813 757 1814 757 1815 757 1816 757 1796 757 1797 757 1794 757 1794 757 1797 757 1731 757 1794 757 1731 757 1812 757 1812 757 1731 757 1811 757 1813 757 1817 757 1794 757 1794 757 1817 757 1818 757 1794 757 1818 757 1807 757 1807 757 1818 757 1819 757 1807 757 1819 757 1808 757 1816 757 1807 757 1814 757 1814 757 1807 757 1809 757 1814 757 1809 757 1820 757 1820 757 1809 757 1821 757 1820 757 1821 757 1733 757 1733 757 1821 757 1822 757 1733 757 1822 757 1731 757 1731 757 1822 757 1823 757 1731 757 1823 757 1810 757 1640 758 1755 758 1634 758 1634 758 1755 758 1756 758 1634 759 1756 759 1672 759 1672 759 1756 759 1738 759 1672 760 1738 760 1664 760 1664 760 1738 760 1737 760 1664 761 1737 761 1665 761 1665 761 1737 761 1740 761 1665 762 1740 762 1677 762 1677 762 1740 762 1763 762 1677 763 1763 763 1781 763 1677 763 1781 763 1678 763 1678 764 1781 764 1780 764 1678 764 1780 764 1680 764 1680 765 1780 765 1778 765 1680 765 1778 765 1682 765 1683 766 1682 766 1776 766 1776 766 1682 766 1778 766 1683 767 1776 767 1775 767 1683 767 1775 767 1648 767 1648 768 1775 768 1749 768 1648 768 1749 768 1650 768 1650 769 1749 769 1747 769 1650 769 1747 769 1652 769 1652 770 1747 770 1745 770 1652 770 1745 770 1654 770 1654 771 1745 771 1743 771 1654 771 1743 771 1656 771 1656 772 1743 772 1727 772 1656 772 1727 772 1658 772 1658 773 1727 773 1726 773 1658 773 1726 773 1660 773 1782 774 1716 774 1783 774 1783 775 1716 775 1715 775 1783 775 1715 775 1784 775 1784 776 1715 776 1639 776 1784 776 1639 776 1760 776 1760 777 1639 777 1660 777 1760 777 1660 777 1726 777 1802 778 1710 778 1785 778 1785 778 1710 778 1704 778 1785 779 1704 779 1782 779 1782 779 1704 779 1718 779 1782 774 1718 774 1716 774 1802 780 1804 780 1710 780 1710 780 1804 780 1711 780 1713 781 1711 781 1805 781 1805 781 1711 781 1804 781 1713 782 1805 782 1806 782 1713 782 1806 782 1714 782 1714 783 1806 783 1791 783 1714 783 1791 783 1725 783 1725 784 1791 784 1790 784 1725 784 1790 784 1724 784 1724 785 1790 785 1788 785 1724 785 1788 785 1709 785 1807 786 1691 786 1794 786 1794 786 1691 786 1686 786 1794 786 1686 786 1788 786 1788 786 1686 786 1709 786 1691 787 1807 787 1816 787 1691 787 1816 787 1689 787 1689 788 1816 788 1815 788 1689 788 1815 788 1690 788 1690 789 1815 789 1814 789 1690 789 1814 789 1692 789 1699 766 1692 766 1820 766 1820 766 1692 766 1814 766 1699 790 1820 790 1644 790 1644 790 1820 790 1733 790 1644 791 1733 791 1642 791 1733 791 1753 791 1642 791 1642 792 1753 792 1755 792 1642 792 1755 792 1640 792 1712 793 1789 793 1702 793 1702 793 1789 793 1803 793 1702 794 1803 794 1703 794 1703 794 1803 794 1801 794 1703 795 1801 795 1705 795 1705 795 1801 795 1800 795 1705 796 1800 796 1719 796 1719 796 1800 796 1799 796 1719 797 1799 797 1720 797 1720 797 1799 797 1798 797 1720 798 1798 798 1721 798 1721 798 1798 798 1797 798 1721 799 1797 799 1706 799 1706 799 1797 799 1796 799 1706 800 1796 800 1707 800 1707 800 1796 800 1795 800 1707 801 1795 801 1708 801 1708 801 1795 801 1793 801 1708 802 1793 802 1722 802 1722 802 1793 802 1792 802 1722 803 1792 803 1723 803 1723 803 1792 803 1787 803 1723 804 1787 804 1712 804 1712 804 1787 804 1789 804 1685 805 1812 805 1684 805 1684 805 1812 805 1811 805 1684 806 1811 806 1696 806 1696 806 1811 806 1810 806 1696 807 1810 807 1697 807 1697 807 1810 807 1823 807 1697 796 1823 796 1698 796 1698 796 1823 796 1822 796 1698 808 1822 808 1700 808 1700 808 1822 808 1821 808 1700 809 1821 809 1701 809 1701 809 1821 809 1809 809 1701 810 1809 810 1693 810 1693 810 1809 810 1808 810 1693 811 1808 811 1694 811 1694 811 1808 811 1819 811 1694 801 1819 801 1695 801 1695 801 1819 801 1818 801 1695 812 1818 812 1688 812 1688 812 1818 812 1817 812 1688 813 1817 813 1687 813 1687 813 1817 813 1813 813 1687 814 1813 814 1685 814 1685 814 1813 814 1812 814 1659 815 1769 815 1657 815 1657 815 1769 815 1728 815 1657 816 1728 816 1655 816 1655 816 1728 816 1742 816 1655 795 1742 795 1653 795 1653 795 1742 795 1744 795 1653 796 1744 796 1651 796 1651 796 1744 796 1746 796 1651 797 1746 797 1649 797 1649 797 1746 797 1748 797 1649 817 1748 817 1647 817 1647 817 1748 817 1750 817 1647 818 1750 818 1681 818 1681 818 1750 818 1777 818 1681 800 1777 800 1679 800 1679 800 1777 800 1779 800 1679 801 1779 801 1663 801 1663 801 1779 801 1741 801 1663 802 1741 802 1662 802 1662 802 1741 802 1771 802 1662 819 1771 819 1661 819 1661 819 1771 819 1770 819 1661 820 1770 820 1659 820 1659 820 1770 820 1769 820 1638 821 1735 821 1666 821 1666 821 1735 821 1762 821 1666 822 1762 822 1667 822 1667 822 1762 822 1761 822 1667 823 1761 823 1668 823 1668 823 1761 823 1759 823 1668 824 1759 824 1669 824 1669 824 1759 824 1772 824 1669 825 1772 825 1670 825 1670 825 1772 825 1773 825 1670 826 1773 826 1671 826 1671 826 1773 826 1774 826 1671 827 1774 827 1673 827 1673 827 1774 827 1739 827 1673 828 1739 828 1674 828 1674 828 1739 828 1764 828 1674 829 1764 829 1675 829 1675 829 1764 829 1765 829 1675 830 1765 830 1676 830 1676 830 1765 830 1766 830 1676 831 1766 831 1633 831 1633 831 1766 831 1736 831 1633 832 1736 832 1638 832 1638 832 1736 832 1735 832 1717 833 1786 833 1637 833 1637 833 1786 833 1734 833 1637 834 1734 834 1631 834 1631 834 1734 834 1768 834 1631 795 1768 795 1632 795 1632 795 1768 795 1767 795 1632 796 1767 796 1635 796 1635 796 1767 796 1758 796 1635 825 1758 825 1636 825 1636 825 1758 825 1757 825 1636 835 1757 835 1641 835 1641 835 1757 835 1754 835 1641 836 1754 836 1643 836 1643 836 1754 836 1752 836 1643 837 1752 837 1645 837 1645 837 1752 837 1751 837 1645 801 1751 801 1646 801 1646 801 1751 801 1732 801 1646 802 1732 802 1628 802 1628 802 1732 802 1730 802 1628 838 1730 838 1629 838 1629 838 1730 838 1729 838 1629 839 1729 839 1717 839 1717 839 1729 839 1786 839 1824 840 1825 840 1826 840 1827 840 1828 840 1829 840 1830 840 1831 840 1832 840 1827 840 1829 840 1833 840 1833 840 1829 840 1830 840 1833 840 1830 840 1834 840 1835 840 1836 840 1837 840 1837 840 1836 840 1829 840 1837 840 1829 840 1838 840 1838 840 1829 840 1828 840 1835 840 1839 840 1836 840 1836 840 1839 840 1840 840 1836 840 1840 840 1841 840 1841 840 1842 840 1836 840 1836 840 1842 840 1843 840 1836 840 1843 840 1826 840 1826 840 1843 840 1844 840 1826 840 1844 840 1824 840 1832 840 1845 840 1830 840 1830 840 1845 840 1846 840 1830 840 1846 840 1834 840 1834 840 1846 840 1847 840 1825 840 1848 840 1849 840 1850 840 1851 840 1825 840 1825 840 1851 840 1852 840 1825 840 1852 840 1848 840 1847 840 1853 840 1834 840 1834 840 1853 840 1851 840 1834 840 1851 840 1854 840 1854 840 1851 840 1850 840 1849 840 1855 840 1825 840 1825 840 1855 840 1856 840 1825 840 1856 840 1826 840 1826 840 1856 840 1857 840 1826 840 1857 840 1858 840 1858 840 1859 840 1826 840 1826 840 1859 840 1860 840 1826 840 1860 840 1830 840 1830 840 1860 840 1861 840 1830 840 1861 840 1831 840 1862 841 1863 841 1864 841 1829 841 1865 841 1866 841 1867 842 1868 842 1862 842 1869 841 1870 841 1862 841 1862 841 1870 841 1871 841 1862 841 1871 841 1863 841 1868 842 1872 842 1862 842 1862 841 1872 841 1873 841 1862 841 1873 841 1874 841 1874 841 1875 841 1862 841 1862 841 1875 841 1876 841 1862 841 1876 841 1877 841 1877 841 1876 841 1878 841 1877 841 1878 841 1879 841 1879 841 1880 841 1877 841 1877 841 1880 841 1881 841 1877 841 1881 841 1829 841 1829 842 1881 842 1882 842 1829 841 1882 841 1883 841 1867 841 1862 841 1884 841 1884 841 1862 841 1864 841 1884 841 1864 841 1885 841 1885 841 1864 841 1886 841 1885 841 1886 841 1887 841 1829 841 1866 841 1830 841 1830 841 1866 841 1888 841 1830 841 1888 841 1889 841 1883 841 1890 841 1829 841 1829 841 1890 841 1891 841 1829 842 1891 842 1885 842 1889 841 1892 841 1830 841 1830 841 1892 841 1893 841 1830 841 1893 841 1862 841 1862 841 1893 841 1894 841 1862 841 1894 841 1869 841 1887 841 1895 841 1885 841 1885 841 1895 841 1896 841 1885 841 1896 841 1829 841 1829 841 1896 841 1897 841 1829 841 1897 841 1865 841 1898 843 1899 843 1900 843 1877 843 1901 843 1902 843 1903 843 1904 843 1862 843 1862 843 1904 843 1905 843 1900 843 1899 843 1906 843 1906 843 1899 843 1907 843 1906 843 1907 843 1908 843 1900 843 1909 843 1898 843 1898 843 1909 843 1910 843 1898 843 1910 843 1911 843 1911 843 1912 843 1898 843 1898 843 1912 843 1913 843 1898 843 1913 843 1877 843 1877 843 1913 843 1914 843 1877 843 1914 843 1901 843 1915 843 1916 843 1917 843 1917 843 1916 843 1903 843 1917 843 1903 843 1918 843 1918 843 1903 843 1862 843 1918 843 1862 843 1919 843 1905 843 1920 843 1862 843 1862 843 1920 843 1921 843 1862 843 1921 843 1899 843 1899 843 1921 843 1922 843 1899 843 1922 843 1923 843 1923 843 1924 843 1899 843 1899 843 1924 843 1925 843 1899 843 1925 843 1907 843 1908 843 1926 843 1906 843 1906 843 1926 843 1927 843 1906 843 1927 843 1928 843 1928 843 1927 843 1929 843 1928 843 1929 843 1917 843 1917 843 1929 843 1930 843 1917 843 1930 843 1915 843 1902 843 1931 843 1877 843 1877 843 1931 843 1932 843 1877 843 1932 843 1862 843 1862 843 1932 843 1933 843 1862 843 1933 843 1919 843 1934 844 1935 844 1826 844 1826 844 1935 844 1936 844 1826 844 1936 844 1937 844 1836 844 1938 844 1939 844 1938 845 1836 845 1940 845 1940 844 1836 844 1826 844 1940 845 1826 845 1941 845 1941 844 1826 844 1937 844 1941 844 1937 844 1942 844 1943 844 1944 844 1945 844 1939 845 1946 845 1836 845 1836 844 1946 844 1947 844 1836 844 1947 844 1898 844 1947 844 1948 844 1898 844 1898 844 1948 844 1949 844 1898 844 1949 844 1950 844 1899 844 1951 844 1826 844 1826 844 1951 844 1952 844 1826 844 1952 844 1934 844 1945 844 1953 844 1943 844 1943 845 1953 845 1954 845 1943 844 1954 844 1955 844 1955 844 1954 844 1956 844 1955 845 1956 845 1942 845 1942 844 1956 844 1957 844 1942 844 1957 844 1941 844 1958 844 1959 844 1898 844 1898 844 1959 844 1960 844 1898 844 1960 844 1899 844 1899 844 1960 844 1961 844 1899 844 1961 844 1962 844 1962 844 1963 844 1899 844 1899 844 1963 844 1964 844 1899 844 1964 844 1951 844 1950 844 1965 844 1898 844 1898 844 1965 844 1966 844 1898 845 1966 845 1958 845 1958 844 1966 844 1944 844 1958 844 1944 844 1967 844 1967 844 1944 844 1943 844 1862 846 1899 846 1830 846 1830 846 1899 846 1826 846 1898 847 1877 847 1836 847 1836 847 1877 847 1829 847 1966 848 1876 848 1944 848 1944 848 1876 848 1875 848 1944 849 1875 849 1945 849 1945 849 1875 849 1874 849 1945 850 1874 850 1953 850 1953 850 1874 850 1873 850 1953 851 1873 851 1954 851 1954 851 1873 851 1872 851 1954 852 1872 852 1956 852 1956 852 1872 852 1868 852 1956 853 1868 853 1957 853 1957 853 1868 853 1867 853 1957 854 1867 854 1941 854 1941 854 1867 854 1884 854 1941 855 1884 855 1940 855 1940 855 1884 855 1885 855 1940 843 1885 843 1938 843 1938 843 1885 843 1891 843 1938 856 1891 856 1939 856 1939 856 1891 856 1890 856 1939 857 1890 857 1946 857 1946 857 1890 857 1883 857 1946 858 1883 858 1947 858 1947 858 1883 858 1882 858 1947 859 1882 859 1948 859 1948 859 1882 859 1881 859 1948 860 1881 860 1949 860 1949 860 1881 860 1880 860 1949 861 1880 861 1950 861 1950 861 1880 861 1879 861 1950 862 1879 862 1965 862 1965 862 1879 862 1878 862 1965 863 1878 863 1966 863 1966 863 1878 863 1876 863 1961 864 1863 864 1962 864 1962 864 1863 864 1871 864 1962 849 1871 849 1963 849 1963 849 1871 849 1870 849 1963 865 1870 865 1964 865 1964 865 1870 865 1869 865 1964 866 1869 866 1951 866 1951 866 1869 866 1894 866 1951 867 1894 867 1952 867 1952 867 1894 867 1893 867 1952 853 1893 853 1934 853 1934 853 1893 853 1892 853 1934 854 1892 854 1935 854 1935 854 1892 854 1889 854 1935 868 1889 868 1936 868 1936 868 1889 868 1888 868 1936 843 1888 843 1937 843 1937 843 1888 843 1866 843 1937 869 1866 869 1942 869 1942 869 1866 869 1865 869 1942 857 1865 857 1955 857 1955 857 1865 857 1897 857 1955 858 1897 858 1943 858 1943 858 1897 858 1896 858 1943 870 1896 870 1967 870 1967 870 1896 870 1895 870 1967 871 1895 871 1958 871 1958 871 1895 871 1887 871 1958 872 1887 872 1959 872 1959 872 1887 872 1886 872 1959 862 1886 862 1960 862 1960 862 1886 862 1864 862 1960 873 1864 873 1961 873 1961 873 1864 873 1863 873 1856 874 1907 874 1857 874 1857 874 1907 874 1925 874 1857 875 1925 875 1858 875 1858 875 1925 875 1924 875 1858 876 1924 876 1859 876 1859 876 1924 876 1923 876 1859 877 1923 877 1860 877 1860 877 1923 877 1922 877 1860 878 1922 878 1861 878 1861 878 1922 878 1921 878 1861 879 1921 879 1831 879 1831 879 1921 879 1920 879 1831 880 1920 880 1832 880 1832 880 1920 880 1905 880 1832 881 1905 881 1845 881 1845 881 1905 881 1904 881 1845 844 1904 844 1846 844 1846 844 1904 844 1903 844 1846 882 1903 882 1847 882 1847 882 1903 882 1916 882 1847 883 1916 883 1853 883 1853 883 1916 883 1915 883 1853 884 1915 884 1851 884 1851 884 1915 884 1930 884 1851 885 1930 885 1852 885 1852 885 1930 885 1929 885 1852 886 1929 886 1848 886 1848 886 1929 886 1927 886 1848 887 1927 887 1849 887 1849 887 1927 887 1926 887 1849 888 1926 888 1855 888 1855 888 1926 888 1908 888 1855 889 1908 889 1856 889 1856 889 1908 889 1907 889 1842 890 1909 890 1843 890 1843 890 1909 890 1900 890 1843 891 1900 891 1844 891 1844 891 1900 891 1906 891 1844 892 1906 892 1824 892 1824 892 1906 892 1928 892 1824 893 1928 893 1825 893 1825 893 1928 893 1917 893 1825 894 1917 894 1850 894 1850 894 1917 894 1918 894 1850 879 1918 879 1854 879 1854 879 1918 879 1919 879 1854 895 1919 895 1834 895 1834 895 1919 895 1933 895 1834 881 1933 881 1833 881 1833 881 1933 881 1932 881 1833 844 1932 844 1827 844 1827 844 1932 844 1931 844 1827 882 1931 882 1828 882 1828 882 1931 882 1902 882 1828 896 1902 896 1838 896 1838 896 1902 896 1901 896 1838 897 1901 897 1837 897 1837 897 1901 897 1914 897 1837 898 1914 898 1835 898 1835 898 1914 898 1913 898 1835 899 1913 899 1839 899 1839 899 1913 899 1912 899 1839 900 1912 900 1840 900 1840 900 1912 900 1911 900 1840 901 1911 901 1841 901 1841 901 1911 901 1910 901 1841 902 1910 902 1842 902 1842 902 1910 902 1909 902 1968 903 1969 903 1970 903 1971 903 1972 903 1973 903 1973 903 1972 903 1974 903 1973 903 1974 903 1975 903 1975 903 1974 903 1976 903 1971 903 1973 903 1977 903 1977 903 1973 903 1978 903 1977 903 1978 903 1979 903 1979 903 1978 903 1980 903 1979 903 1980 903 1981 903 1982 903 1983 903 1984 903 1984 903 1983 903 1985 903 1972 903 1986 903 1974 903 1974 903 1986 903 1987 903 1974 903 1987 903 1988 903 1988 903 1987 903 1989 903 1988 903 1989 903 1990 903 1990 903 1989 903 1984 903 1990 903 1984 903 1991 903 1991 903 1984 903 1985 903 1992 903 1993 903 1994 903 1980 903 1995 903 1982 903 1996 903 1997 903 1970 903 1970 903 1997 903 1998 903 1970 903 1998 903 1968 903 1984 903 1999 903 1982 903 1982 903 1999 903 2000 903 1982 903 2000 903 1980 903 1980 903 2000 903 2001 903 1980 903 2001 903 1981 903 1995 903 2002 903 1982 903 1982 903 2002 903 2003 903 1982 903 2003 903 2004 903 2004 903 2003 903 2005 903 2004 903 2005 903 1994 903 1994 903 2005 903 2006 903 1994 903 2006 903 1992 903 2007 903 2008 903 2009 903 2009 903 2008 903 2010 903 1976 903 1974 903 2011 903 2011 903 1974 903 2009 903 2011 903 2009 903 2012 903 2012 903 2009 903 2010 903 2012 903 2010 903 2013 903 2014 903 2015 903 1970 903 1970 903 2015 903 2016 903 1970 903 2016 903 2017 903 2017 903 2018 903 1970 903 1970 903 2018 903 1994 903 1970 903 1994 903 1996 903 1996 903 1994 903 1993 903 2019 903 2020 903 2021 903 2022 903 2023 903 1970 903 1970 903 2023 903 2024 903 1970 903 2024 903 2014 903 2020 903 2019 903 2025 903 2018 903 2026 903 1994 903 1994 903 2026 903 2027 903 1994 903 2027 903 2028 903 2028 903 2027 903 2029 903 2028 903 2029 903 2030 903 2030 903 2029 903 2031 903 2030 903 2031 903 2032 903 2032 903 2031 903 2033 903 2032 903 2033 903 2034 903 2034 903 2033 903 2035 903 2035 903 2033 903 2036 903 2035 903 2036 903 2037 903 2037 903 2036 903 2038 903 2037 903 2038 903 2014 903 2014 903 2038 903 2039 903 2014 903 2039 903 2015 903 2040 903 2041 903 2042 903 2042 903 2041 903 2043 903 2042 903 2043 903 2044 903 2044 903 2043 903 2030 903 2044 903 2030 903 2045 903 2045 903 2030 903 2032 903 2040 903 2046 903 2041 903 2041 903 2046 903 2047 903 2041 903 2047 903 2048 903 2048 903 2047 903 2025 903 2048 903 2025 903 2049 903 2049 903 2025 903 2019 903 1970 903 2050 903 2051 903 2021 903 2022 903 2019 903 2019 903 2022 903 1970 903 2019 903 1970 903 2052 903 2052 903 1970 903 2051 903 2053 903 2054 903 2055 903 2053 903 2050 903 2054 903 2054 903 2050 903 1970 903 2054 903 1970 903 2056 903 2056 903 1970 903 1969 903 2056 903 1969 903 2057 903 2057 903 1969 903 1976 903 2057 903 1976 903 2058 903 2058 903 1976 903 2011 903 2059 903 2060 903 2061 903 2061 903 2060 903 2062 903 2061 903 2062 903 2063 903 2063 903 2062 903 2064 903 2063 903 2064 903 2065 903 2065 903 2064 903 2066 903 2065 903 2066 903 2067 903 2067 903 2066 903 2019 903 2067 903 2019 903 2068 903 2068 903 2019 903 2052 903 2055 903 2069 903 2053 903 2053 903 2069 903 2070 903 2053 903 2070 903 2071 903 2071 903 2070 903 2072 903 2071 903 2072 903 2073 903 2073 903 2072 903 2074 903 2073 903 2074 903 2059 903 2059 903 2074 903 2075 903 2059 903 2075 903 2060 903 2076 904 2077 904 2078 904 2079 904 2080 904 2081 904 2082 904 2083 904 2084 904 2084 904 2083 904 2085 904 2084 904 2085 904 2086 904 2087 904 2088 904 2089 904 2089 904 2088 904 2083 904 2089 904 2083 904 2090 904 2090 904 2083 904 2082 904 2091 904 2092 904 2093 904 2094 904 2095 904 2096 904 2097 904 2098 904 2085 904 2085 904 2098 904 2099 904 2085 904 2099 904 2100 904 2080 904 2086 904 2081 904 2081 904 2086 904 2085 904 2081 904 2085 904 2101 904 2101 904 2085 904 2100 904 2096 904 2095 904 2093 904 2093 904 2095 904 2102 904 2093 904 2102 904 2091 904 2103 904 2104 904 2105 904 2105 904 2104 904 2106 904 2107 904 2108 904 2109 904 2109 904 2108 904 2110 904 2097 904 2085 904 2111 904 2111 904 2085 904 2112 904 2111 904 2112 904 2102 904 2102 904 2112 904 2113 904 2102 904 2113 904 2091 904 2099 904 2114 904 2100 904 2100 904 2114 904 2115 904 2100 904 2115 904 2116 904 2116 904 2115 904 2106 904 2116 904 2106 904 2117 904 2117 904 2106 904 2104 904 2118 904 2104 904 2096 904 2096 904 2104 904 2103 904 2096 904 2103 904 2094 904 2110 904 2119 904 2109 904 2109 904 2119 904 2120 904 2109 904 2120 904 2121 904 2121 904 2120 904 2122 904 2122 904 2123 904 2121 904 2121 904 2123 904 2124 904 2121 904 2124 904 2125 904 2125 904 2124 904 2126 904 2125 904 2126 904 2096 904 2096 904 2126 904 2127 904 2096 904 2127 904 2118 904 2078 904 2077 904 2109 904 2077 904 2128 904 2109 904 2109 904 2128 904 2129 904 2109 904 2129 904 2130 904 2131 904 2132 904 2133 904 2081 904 2107 904 2079 904 2079 904 2107 904 2109 904 2079 904 2109 904 2134 904 2134 904 2109 904 2130 904 2134 904 2130 904 2135 904 2135 904 2130 904 2136 904 2133 904 2132 904 2137 904 2137 904 2132 904 2138 904 2137 904 2138 904 2139 904 2139 904 2138 904 2140 904 2139 904 2140 904 2078 904 2078 904 2140 904 2141 904 2078 904 2141 904 2076 904 2133 904 2142 904 2131 904 2131 904 2142 904 2143 904 2131 904 2143 904 2144 904 2144 904 2143 904 2145 904 2144 904 2145 904 2146 904 2146 904 2145 904 2147 904 2146 904 2147 904 2130 904 2130 904 2147 904 2148 904 2130 904 2148 904 2136 904 2149 904 2150 904 2121 904 2121 904 2151 904 2149 904 2149 904 2151 904 2152 904 2149 904 2152 904 2153 904 2153 904 2152 904 2154 904 2078 904 2155 904 2156 904 2078 904 2156 904 2157 904 2150 904 2158 904 2121 904 2121 904 2158 904 2159 904 2121 904 2159 904 2109 904 2109 904 2159 904 2160 904 2109 904 2161 904 2162 904 2160 904 2163 904 2109 904 2109 904 2163 904 2164 904 2109 904 2164 904 2161 904 2165 904 2166 904 2167 904 2167 904 2166 904 2168 904 2167 904 2168 904 2169 904 2169 904 2168 904 2170 904 2169 904 2170 904 2171 904 2171 904 2170 904 2172 904 2171 904 2172 904 2151 904 2151 904 2172 904 2173 904 2151 904 2173 904 2152 904 2165 904 2167 904 2156 904 2156 904 2167 904 2174 904 2156 904 2174 904 2157 904 2164 904 2175 904 2161 904 2161 904 2175 904 2176 904 2161 904 2176 904 2177 904 2177 904 2176 904 2178 904 2177 904 2178 904 2179 904 2179 904 2178 904 2154 904 2179 904 2154 904 2180 904 2180 904 2154 904 2152 904 2162 904 2181 904 2109 904 2109 904 2181 904 2182 904 2109 904 2182 904 2078 904 2078 904 2182 904 2183 904 2078 904 2183 904 2155 904 2058 905 2086 905 2057 905 2057 905 2086 905 2080 905 2057 906 2080 906 2056 906 2056 906 2080 906 2079 906 2056 907 2079 907 2054 907 2054 907 2079 907 2134 907 2054 908 2134 908 2055 908 2055 908 2134 908 2135 908 2055 909 2135 909 2069 909 2069 909 2135 909 2136 909 2069 910 2136 910 2148 910 2069 910 2148 910 2070 910 2070 911 2148 911 2147 911 2070 911 2147 911 2072 911 2072 912 2147 912 2145 912 2072 912 2145 912 2074 912 2075 913 2074 913 2143 913 2143 913 2074 913 2145 913 2075 914 2143 914 2142 914 2075 914 2142 914 2060 914 2060 915 2142 915 2133 915 2060 915 2133 915 2062 915 2062 916 2133 916 2137 916 2062 916 2137 916 2064 916 2064 917 2137 917 2139 917 2064 917 2139 917 2066 917 2066 918 2139 918 2019 918 2019 918 2139 918 2078 918 2019 919 2078 919 2049 919 2078 919 2157 919 2049 919 2049 920 2157 920 2174 920 2049 920 2174 920 2048 920 2048 921 2174 921 2167 921 2048 921 2167 921 2041 921 2041 922 2167 922 2169 922 2041 922 2169 922 2043 922 2043 923 2169 923 2171 923 2043 923 2171 923 2030 923 2030 924 2171 924 2151 924 2030 924 2151 924 2028 924 2028 925 2151 925 1994 925 1994 925 2151 925 2121 925 1994 926 2121 926 2004 926 2121 926 2125 926 2004 926 2004 927 2125 927 2096 927 2004 927 2096 927 1982 927 2012 928 2082 928 2084 928 2012 928 2084 928 2011 928 2011 929 2084 929 2086 929 2011 929 2086 929 2058 929 2025 930 2156 930 2020 930 2020 930 2156 930 2155 930 2020 931 2155 931 2021 931 2021 931 2155 931 2183 931 2021 932 2183 932 2022 932 2022 932 2183 932 2182 932 2025 933 2047 933 2156 933 2156 933 2047 933 2165 933 2042 934 2170 934 2040 934 2040 934 2170 934 2168 934 2040 935 2168 935 2046 935 2046 935 2168 935 2166 935 2046 936 2166 936 2047 936 2047 936 2166 936 2165 936 2042 937 2044 937 2170 937 2170 937 2044 937 2172 937 2035 938 2179 938 2034 938 2034 938 2179 938 2180 938 2034 939 2180 939 2032 939 2032 939 2180 939 2152 939 2032 940 2152 940 2045 940 2045 940 2152 940 2173 940 2045 941 2173 941 2044 941 2044 941 2173 941 2172 941 2035 942 2037 942 2179 942 2179 942 2037 942 2177 942 2023 943 2181 943 2024 943 2024 943 2181 943 2162 943 2024 944 2162 944 2014 944 2014 944 2162 944 2161 944 2014 945 2161 945 2037 945 2037 945 2161 945 2177 945 2023 946 2022 946 2181 946 2181 946 2022 946 2182 946 1997 947 2119 947 1998 947 1998 947 2119 947 2110 947 1998 948 2110 948 1968 948 1968 948 2110 948 2108 948 1968 949 2108 949 1969 949 1969 949 2108 949 2107 949 1997 933 1996 933 2119 933 2119 933 1996 933 2120 933 2006 950 2124 950 1992 950 1992 950 2124 950 2123 950 1992 951 2123 951 1993 951 1993 951 2123 951 2122 951 1993 952 2122 952 1996 952 1996 952 2122 952 2120 952 2006 953 2005 953 2124 953 2124 953 2005 953 2126 953 1980 954 2117 954 1995 954 1995 954 2117 954 2104 954 1995 955 2104 955 2002 955 2002 955 2104 955 2118 955 2002 956 2118 956 2003 956 2003 956 2118 956 2127 956 2003 957 2127 957 2005 957 2005 957 2127 957 2126 957 1980 942 1978 942 2117 942 2117 942 1978 942 2116 942 1976 958 2081 958 1975 958 1975 958 2081 958 2101 958 1975 959 2101 959 1973 959 1973 959 2101 959 2100 959 1973 960 2100 960 1978 960 1978 960 2100 960 2116 960 1976 946 1969 946 2081 946 2081 946 1969 946 2107 946 2052 961 2077 961 2068 961 2068 961 2077 961 2076 961 2068 962 2076 962 2067 962 2067 962 2076 962 2141 962 2067 963 2141 963 2065 963 2065 963 2141 963 2140 963 2065 964 2140 964 2063 964 2063 964 2140 964 2138 964 2063 965 2138 965 2061 965 2061 965 2138 965 2132 965 2061 966 2132 966 2059 966 2059 966 2132 966 2131 966 2059 967 2131 967 2073 967 2073 967 2131 967 2144 967 2073 968 2144 968 2071 968 2071 968 2144 968 2146 968 2071 969 2146 969 2053 969 2053 969 2146 969 2130 969 2053 970 2130 970 2050 970 2050 970 2130 970 2129 970 2050 971 2129 971 2051 971 2051 971 2129 971 2128 971 2051 972 2128 972 2052 972 2052 972 2128 972 2077 972 2029 973 2149 973 2031 973 2031 973 2149 973 2153 973 2031 974 2153 974 2033 974 2033 974 2153 974 2154 974 2033 975 2154 975 2036 975 2036 975 2154 975 2178 975 2036 976 2178 976 2038 976 2038 976 2178 976 2176 976 2038 977 2176 977 2039 977 2039 977 2176 977 2175 977 2039 978 2175 978 2015 978 2015 978 2175 978 2164 978 2015 979 2164 979 2016 979 2016 979 2164 979 2163 979 2016 980 2163 980 2017 980 2017 980 2163 980 2160 980 2017 981 2160 981 2018 981 2018 981 2160 981 2159 981 2018 982 2159 982 2026 982 2026 982 2159 982 2158 982 2026 983 2158 983 2027 983 2027 983 2158 983 2150 983 2027 984 2150 984 2029 984 2029 984 2150 984 2149 984 1999 985 2095 985 2000 985 2000 985 2095 985 2094 985 2000 986 2094 986 2001 986 2001 986 2094 986 2103 986 2001 963 2103 963 1981 963 1981 963 2103 963 2105 963 1981 964 2105 964 1979 964 1979 964 2105 964 2106 964 1979 987 2106 987 1977 987 1977 987 2106 987 2115 987 1977 988 2115 988 1971 988 1971 988 2115 988 2114 988 1971 989 2114 989 1972 989 1972 989 2114 989 2099 989 1972 990 2099 990 1986 990 1986 990 2099 990 2098 990 1986 969 2098 969 1987 969 1987 969 2098 969 2097 969 1987 970 2097 970 1989 970 1989 970 2097 970 2111 970 1989 991 2111 991 1984 991 1984 991 2111 991 2102 991 1984 992 2102 992 1999 992 1999 992 2102 992 2095 992 2083 933 2009 933 2085 933 2085 933 2009 933 1974 933 2085 933 1974 933 2112 933 2112 933 1974 933 1988 933 2009 993 2083 993 2088 993 2009 993 2088 993 2007 993 2007 994 2088 994 2087 994 2007 994 2087 994 2008 994 2008 995 2087 995 2089 995 2008 995 2089 995 2010 995 2010 996 2089 996 2090 996 2010 996 2090 996 2013 996 2013 997 2090 997 2082 997 2013 997 2082 997 2012 997 1982 998 2096 998 2093 998 1982 998 2093 998 1983 998 1983 999 2093 999 2092 999 1983 999 2092 999 1985 999 1985 1000 2092 1000 2091 1000 1985 1000 2091 1000 1991 1000 1991 1001 2091 1001 2113 1001 1991 1001 2113 1001 1990 1001 1990 1002 2113 1002 2112 1002 1990 1002 2112 1002 1988 1002 2111 1003 2102 1003 2184 1003 2103 1003 2105 1003 2150 1003 2080 1003 2106 1003 2115 1003 2103 1003 2150 1003 2094 1003 2094 1003 2150 1003 2149 1003 2094 1003 2149 1003 2185 1003 2080 1003 2115 1003 2086 1003 2086 1003 2115 1003 2114 1003 2086 1003 2114 1003 2186 1003 2186 1003 2114 1003 2099 1003 2186 1003 2099 1003 2187 1003 2187 1003 2099 1003 2098 1003 2187 1003 2098 1003 2184 1003 2184 1003 2098 1003 2097 1003 2184 1003 2097 1003 2111 1003 2131 1003 2142 1003 2132 1003 2132 1003 2142 1003 2133 1003 2132 1003 2133 1003 2138 1003 2138 1003 2133 1003 2137 1003 2138 1003 2137 1003 2140 1003 2140 1003 2137 1003 2139 1003 2140 1003 2139 1003 2141 1003 2141 1003 2139 1003 2157 1003 2141 1003 2157 1003 2076 1003 2076 1003 2157 1003 2174 1003 2076 1003 2174 1003 2077 1003 2077 1003 2174 1003 2167 1003 2077 1003 2167 1003 2128 1003 2128 1003 2167 1003 2185 1003 2128 1003 2185 1003 2129 1003 2130 1003 2134 1003 2135 1003 2149 1003 2153 1003 2185 1003 2185 1003 2153 1003 2154 1003 2185 1003 2154 1003 2129 1003 2129 1003 2154 1003 2178 1003 2129 1003 2178 1003 2130 1003 2130 1003 2178 1003 2176 1003 2130 1003 2176 1003 2134 1003 2176 1003 2175 1003 2134 1003 2134 1003 2175 1003 2164 1003 2134 1003 2164 1003 2079 1003 2079 1003 2164 1003 2163 1003 2079 1003 2163 1003 2080 1003 2080 1003 2163 1003 2160 1003 2080 1003 2160 1003 2106 1003 2106 1003 2160 1003 2159 1003 2106 1003 2159 1003 2105 1003 2105 1003 2159 1003 2158 1003 2105 1003 2158 1003 2150 1003 2135 1003 2136 1003 2130 1003 2130 1003 2136 1003 2148 1003 2130 1003 2148 1003 2146 1003 2146 1003 2148 1003 2147 1003 2146 1003 2147 1003 2144 1003 2144 1003 2147 1003 2145 1003 2144 1003 2145 1003 2131 1003 2131 1003 2145 1003 2143 1003 2131 1003 2143 1003 2142 1003 2188 1003 2184 1003 2189 1003 2189 1003 2184 1003 2190 1003 2189 1003 2190 1003 2191 1003 2191 1003 2190 1003 2192 1003 2193 1003 2194 1003 2195 1003 2195 1003 2194 1003 2196 1003 2196 1003 2197 1003 2195 1003 2195 1003 2197 1003 2198 1003 2195 1003 2198 1003 2190 1003 2190 1003 2198 1003 2199 1003 2190 1003 2199 1003 2192 1003 2188 1003 2200 1003 2184 1003 2184 1003 2200 1003 2201 1003 2184 1003 2201 1003 2187 1003 2187 1003 2201 1003 2202 1003 2187 1003 2202 1003 2203 1003 2203 1003 2202 1003 2204 1003 2203 1003 2204 1003 2196 1003 2196 1003 2204 1003 2205 1003 2196 1003 2205 1003 2197 1003 2206 1003 2207 1003 2208 1003 2208 1003 2207 1003 2209 1003 2210 1003 2211 1003 2190 1003 2190 1003 2211 1003 2212 1003 2190 1003 2212 1003 2213 1003 2208 1003 2214 1003 2206 1003 2206 1003 2214 1003 2215 1003 2206 1003 2215 1003 2216 1003 2216 1003 2215 1003 2217 1003 2216 1003 2217 1003 2218 1003 2185 1003 2219 1003 2094 1003 2094 1003 2219 1003 2220 1003 2094 1003 2220 1003 2095 1003 2095 1003 2220 1003 2221 1003 2095 1003 2221 1003 2102 1003 2102 1003 2221 1003 2208 1003 2102 1003 2208 1003 2184 1003 2184 1003 2208 1003 2209 1003 2209 1003 2222 1003 2184 1003 2184 1003 2222 1003 2223 1003 2184 1003 2223 1003 2190 1003 2190 1003 2223 1003 2224 1003 2190 1003 2224 1003 2210 1003 2212 1003 2225 1003 2213 1003 2213 1003 2225 1003 2226 1003 2213 1003 2226 1003 2227 1003 2227 1003 2226 1003 2216 1003 2227 1003 2216 1003 2228 1003 2228 1003 2216 1003 2218 1003 2229 1004 2230 1004 2231 1004 2232 1004 2233 1004 2234 1004 2234 1004 2233 1004 2235 1004 2234 1004 2235 1004 2236 1004 2237 1004 2238 1004 2239 1004 2240 1004 2241 1004 2242 1004 2243 1004 2240 1004 2244 1004 2231 1004 2230 1004 2245 1004 2245 1004 2230 1004 2246 1004 2245 1004 2246 1004 2247 1004 2247 1004 2246 1004 2248 1004 2247 1004 2248 1004 2249 1004 2249 1004 2248 1004 2250 1004 2249 1004 2250 1004 2251 1004 2251 1004 2250 1004 2252 1004 2251 1004 2252 1004 2253 1004 2235 1004 2254 1004 2236 1004 2236 1004 2254 1004 2255 1004 2236 1004 2255 1004 2256 1004 2256 1004 2255 1004 2257 1004 2256 1004 2257 1004 2258 1004 2258 1004 2257 1004 2259 1004 2259 1004 2257 1004 2260 1004 2259 1004 2260 1004 2261 1004 2229 1004 2262 1004 2263 1004 2263 1004 2262 1004 2264 1004 2263 1004 2264 1004 2265 1004 2243 1004 2244 1004 2266 1004 2242 1004 2241 1004 2267 1004 2267 1004 2241 1004 2259 1004 2267 1004 2259 1004 2268 1004 2268 1004 2259 1004 2261 1004 2268 1004 2261 1004 2269 1004 2269 1004 2261 1004 2270 1004 2269 1004 2270 1004 2239 1004 2239 1004 2270 1004 2271 1004 2239 1004 2271 1004 2237 1004 2231 1004 2272 1004 2229 1004 2229 1004 2272 1004 2273 1004 2229 1004 2273 1004 2262 1004 2262 1004 2273 1004 2274 1004 2262 1004 2274 1004 2275 1004 2275 1004 2274 1004 2244 1004 2275 1004 2244 1004 2276 1004 2276 1004 2244 1004 2240 1004 2276 1004 2240 1004 2277 1004 2277 1004 2240 1004 2242 1004 2252 1004 2278 1004 2253 1004 2253 1004 2278 1004 2279 1004 2253 1004 2279 1004 2280 1004 2280 1004 2279 1004 2281 1004 2280 1004 2281 1004 2282 1004 2282 1004 2281 1004 2283 1004 2282 1004 2283 1004 2244 1004 2244 1004 2283 1004 2284 1004 2244 1004 2284 1004 2266 1004 2285 1004 2286 1004 2237 1004 2265 1004 2238 1004 2263 1004 2263 1004 2238 1004 2237 1004 2263 1004 2237 1004 2287 1004 2287 1004 2237 1004 2286 1004 2234 1004 2288 1004 2232 1004 2232 1004 2288 1004 2285 1004 2232 1004 2285 1004 2289 1004 2289 1004 2285 1004 2237 1004 2290 1004 2291 1004 2292 1004 2292 1004 2291 1004 2293 1004 2292 1004 2293 1004 2294 1004 2290 1004 2295 1004 2291 1004 2291 1004 2295 1004 2296 1004 2291 1004 2296 1004 2297 1004 2297 1004 2296 1004 2298 1004 2297 1004 2298 1004 2299 1004 2300 1004 2301 1004 2234 1004 2234 1004 2301 1004 2302 1004 2234 1004 2302 1004 2288 1004 2302 1004 2303 1004 2288 1004 2288 1004 2303 1004 2304 1004 2288 1004 2304 1004 2305 1004 2305 1004 2304 1004 2306 1004 2305 1004 2306 1004 2307 1004 2307 1004 2306 1004 2292 1004 2307 1004 2292 1004 2308 1004 2308 1004 2292 1004 2294 1004 2308 1004 2294 1004 2309 1004 2310 1004 2311 1004 2312 1004 2234 1004 2313 1004 2314 1004 2297 1004 2315 1004 2316 1004 2317 1004 2318 1004 2319 1004 2299 1004 2300 1004 2297 1004 2297 1004 2300 1004 2234 1004 2297 1004 2234 1004 2315 1004 2315 1004 2234 1004 2314 1004 2316 1004 2320 1004 2297 1004 2297 1004 2320 1004 2321 1004 2297 1004 2321 1004 2310 1004 2310 1004 2321 1004 2322 1004 2310 1004 2322 1004 2311 1004 2319 1004 2310 1004 2317 1004 2317 1004 2310 1004 2312 1004 2317 1004 2312 1004 2323 1004 2323 1004 2312 1004 2324 1004 2323 1004 2324 1004 2236 1004 2236 1004 2324 1004 2325 1004 2236 1004 2325 1004 2234 1004 2234 1004 2325 1004 2326 1004 2234 1004 2326 1004 2313 1004 2086 1005 2258 1005 2080 1005 2080 1005 2258 1005 2259 1005 2080 1006 2259 1006 2079 1006 2079 1006 2259 1006 2241 1006 2079 1007 2241 1007 2134 1007 2134 1007 2241 1007 2240 1007 2134 1008 2240 1008 2135 1008 2135 1008 2240 1008 2243 1008 2135 1009 2243 1009 2136 1009 2136 1009 2243 1009 2266 1009 2136 1010 2266 1010 2284 1010 2136 1010 2284 1010 2148 1010 2148 1011 2284 1011 2283 1011 2148 1011 2283 1011 2147 1011 2147 1012 2283 1012 2281 1012 2147 1012 2281 1012 2145 1012 2143 1013 2145 1013 2279 1013 2279 1013 2145 1013 2281 1013 2143 1014 2279 1014 2278 1014 2143 1014 2278 1014 2142 1014 2142 1015 2278 1015 2252 1015 2142 1015 2252 1015 2133 1015 2133 1016 2252 1016 2250 1016 2133 1016 2250 1016 2137 1016 2137 1017 2250 1017 2248 1017 2137 1017 2248 1017 2139 1017 2139 1018 2248 1018 2246 1018 2139 1018 2246 1018 2157 1018 2157 1019 2246 1019 2230 1019 2157 1019 2230 1019 2174 1019 2174 1020 2230 1020 2229 1020 2174 1020 2229 1020 2167 1020 2285 1021 2220 1021 2286 1021 2286 1022 2220 1022 2219 1022 2286 1022 2219 1022 2287 1022 2287 1023 2219 1023 2185 1023 2287 1023 2185 1023 2263 1023 2263 1024 2185 1024 2167 1024 2263 1024 2167 1024 2229 1024 2305 1025 2214 1025 2288 1025 2288 1025 2214 1025 2208 1025 2288 1026 2208 1026 2285 1026 2285 1026 2208 1026 2221 1026 2285 1021 2221 1021 2220 1021 2305 1027 2307 1027 2214 1027 2214 1027 2307 1027 2215 1027 2217 1028 2215 1028 2308 1028 2308 1028 2215 1028 2307 1028 2217 1029 2308 1029 2309 1029 2217 1029 2309 1029 2218 1029 2218 1030 2309 1030 2294 1030 2218 1030 2294 1030 2228 1030 2228 1031 2294 1031 2293 1031 2228 1031 2293 1031 2227 1031 2227 1032 2293 1032 2291 1032 2227 1032 2291 1032 2213 1032 2310 1033 2195 1033 2297 1033 2297 1033 2195 1033 2190 1033 2297 1033 2190 1033 2291 1033 2291 1033 2190 1033 2213 1033 2195 1034 2310 1034 2319 1034 2195 1034 2319 1034 2193 1034 2193 1035 2319 1035 2318 1035 2193 1035 2318 1035 2194 1035 2194 1036 2318 1036 2317 1036 2194 1036 2317 1036 2196 1036 2203 1013 2196 1013 2323 1013 2323 1013 2196 1013 2317 1013 2203 1037 2323 1037 2187 1037 2187 1037 2323 1037 2236 1037 2187 1038 2236 1038 2186 1038 2236 1038 2256 1038 2186 1038 2186 1039 2256 1039 2258 1039 2186 1039 2258 1039 2086 1039 2216 1040 2292 1040 2206 1040 2206 1040 2292 1040 2306 1040 2206 1041 2306 1041 2207 1041 2207 1041 2306 1041 2304 1041 2207 1042 2304 1042 2209 1042 2209 1042 2304 1042 2303 1042 2209 1043 2303 1043 2222 1043 2222 1043 2303 1043 2302 1043 2222 1044 2302 1044 2223 1044 2223 1044 2302 1044 2301 1044 2223 1045 2301 1045 2224 1045 2224 1045 2301 1045 2300 1045 2224 1046 2300 1046 2210 1046 2210 1046 2300 1046 2299 1046 2210 1047 2299 1047 2211 1047 2211 1047 2299 1047 2298 1047 2211 1048 2298 1048 2212 1048 2212 1048 2298 1048 2296 1048 2212 1049 2296 1049 2225 1049 2225 1049 2296 1049 2295 1049 2225 1050 2295 1050 2226 1050 2226 1050 2295 1050 2290 1050 2226 1051 2290 1051 2216 1051 2216 1051 2290 1051 2292 1051 2189 1052 2315 1052 2188 1052 2188 1052 2315 1052 2314 1052 2188 1053 2314 1053 2200 1053 2200 1053 2314 1053 2313 1053 2200 1054 2313 1054 2201 1054 2201 1054 2313 1054 2326 1054 2201 1043 2326 1043 2202 1043 2202 1043 2326 1043 2325 1043 2202 1055 2325 1055 2204 1055 2204 1055 2325 1055 2324 1055 2204 1056 2324 1056 2205 1056 2205 1056 2324 1056 2312 1056 2205 1057 2312 1057 2197 1057 2197 1057 2312 1057 2311 1057 2197 1058 2311 1058 2198 1058 2198 1058 2311 1058 2322 1058 2198 1048 2322 1048 2199 1048 2199 1048 2322 1048 2321 1048 2199 1059 2321 1059 2192 1059 2192 1059 2321 1059 2320 1059 2192 1060 2320 1060 2191 1060 2191 1060 2320 1060 2316 1060 2191 1061 2316 1061 2189 1061 2189 1061 2316 1061 2315 1061 2077 1062 2272 1062 2076 1062 2076 1062 2272 1062 2231 1062 2076 1063 2231 1063 2141 1063 2141 1063 2231 1063 2245 1063 2141 1042 2245 1042 2140 1042 2140 1042 2245 1042 2247 1042 2140 1043 2247 1043 2138 1043 2138 1043 2247 1043 2249 1043 2138 1044 2249 1044 2132 1044 2132 1044 2249 1044 2251 1044 2132 1064 2251 1064 2131 1064 2131 1064 2251 1064 2253 1064 2131 1065 2253 1065 2144 1065 2144 1065 2253 1065 2280 1065 2144 1047 2280 1047 2146 1047 2146 1047 2280 1047 2282 1047 2146 1048 2282 1048 2130 1048 2130 1048 2282 1048 2244 1048 2130 1049 2244 1049 2129 1049 2129 1049 2244 1049 2274 1049 2129 1066 2274 1066 2128 1066 2128 1066 2274 1066 2273 1066 2128 1067 2273 1067 2077 1067 2077 1067 2273 1067 2272 1067 2149 1068 2238 1068 2153 1068 2153 1068 2238 1068 2265 1068 2153 1069 2265 1069 2154 1069 2154 1069 2265 1069 2264 1069 2154 1070 2264 1070 2178 1070 2178 1070 2264 1070 2262 1070 2178 1071 2262 1071 2176 1071 2176 1071 2262 1071 2275 1071 2176 1072 2275 1072 2175 1072 2175 1072 2275 1072 2276 1072 2175 1073 2276 1073 2164 1073 2164 1073 2276 1073 2277 1073 2164 1074 2277 1074 2163 1074 2163 1074 2277 1074 2242 1074 2163 1075 2242 1075 2160 1075 2160 1075 2242 1075 2267 1075 2160 1076 2267 1076 2159 1076 2159 1076 2267 1076 2268 1076 2159 1077 2268 1077 2158 1077 2158 1077 2268 1077 2269 1077 2158 1078 2269 1078 2150 1078 2150 1078 2269 1078 2239 1078 2150 1079 2239 1079 2149 1079 2149 1079 2239 1079 2238 1079 2095 1036 2289 1036 2094 1036 2094 1036 2289 1036 2237 1036 2094 1080 2237 1080 2103 1080 2103 1080 2237 1080 2271 1080 2103 1042 2271 1042 2105 1042 2105 1042 2271 1042 2270 1042 2105 1043 2270 1043 2106 1043 2106 1043 2270 1043 2261 1043 2106 1072 2261 1072 2115 1072 2115 1072 2261 1072 2260 1072 2115 1081 2260 1081 2114 1081 2114 1081 2260 1081 2257 1081 2114 1082 2257 1082 2099 1082 2099 1082 2257 1082 2255 1082 2099 1083 2255 1083 2098 1083 2098 1083 2255 1083 2254 1083 2098 1048 2254 1048 2097 1048 2097 1048 2254 1048 2235 1048 2097 1049 2235 1049 2111 1049 2111 1049 2235 1049 2233 1049 2111 1084 2233 1084 2102 1084 2102 1084 2233 1084 2232 1084 2102 1085 2232 1085 2095 1085 2095 1085 2232 1085 2289 1085 2327 1086 2328 1086 2329 1086 2329 1086 2328 1086 2330 1086 2329 1087 2330 1087 2331 1087 2331 1087 2330 1087 2332 1087 2331 1088 2332 1088 2333 1088 2333 1088 2332 1088 2334 1088 2333 1089 2334 1089 2335 1089 2335 1089 2334 1089 2336 1089 2335 1090 2336 1090 2337 1090 2337 1090 2336 1090 2338 1090 2339 1091 2337 1091 2340 1091 2340 1091 2337 1091 2338 1091 2341 1092 2339 1092 2342 1092 2342 1092 2339 1092 2340 1092 2341 1093 2342 1093 2343 1093 2343 1093 2342 1093 2344 1093 2343 1094 2344 1094 2345 1094 2345 1094 2344 1094 2346 1094 2345 1095 2346 1095 2347 1095 2347 1095 2346 1095 2348 1095 2347 1096 2348 1096 2349 1096 2347 1096 2349 1096 2350 1096 2350 1097 2349 1097 2351 1097 2350 1097 2351 1097 2352 1097 2352 1098 2351 1098 2353 1098 2352 1098 2353 1098 2354 1098 2354 1099 2353 1099 2355 1099 2354 1099 2355 1099 2356 1099 2356 1100 2355 1100 2357 1100 2356 1100 2357 1100 2358 1100 2358 1101 2357 1101 2359 1101 2359 1101 2357 1101 2360 1101 2359 1102 2360 1102 2361 1102 2361 1102 2360 1102 2362 1102 2363 1103 2364 1103 2365 1103 2365 1103 2364 1103 2366 1103 2365 1104 2366 1104 2367 1104 2367 1104 2366 1104 2368 1104 2367 1105 2368 1105 2369 1105 2369 1105 2368 1105 2370 1105 2369 1106 2370 1106 2371 1106 2371 1106 2370 1106 2372 1106 2371 1107 2372 1107 2373 1107 2371 1107 2373 1107 2374 1107 2374 1108 2373 1108 2375 1108 2374 1108 2375 1108 2376 1108 2376 1109 2375 1109 2377 1109 2376 1109 2377 1109 2378 1109 2378 1110 2377 1110 2379 1110 2378 1110 2379 1110 2380 1110 2380 1111 2379 1111 2381 1111 2380 1111 2381 1111 2382 1111 2382 1112 2381 1112 2383 1112 2382 1112 2383 1112 2384 1112 2384 1113 2383 1113 2385 1113 2384 1113 2385 1113 2386 1113 2386 1114 2385 1114 2387 1114 2387 1114 2385 1114 2388 1114 2387 1115 2388 1115 2389 1115 2389 1115 2388 1115 2390 1115 2389 1116 2390 1116 2391 1116 2391 1116 2390 1116 2392 1116 2391 1117 2392 1117 2393 1117 2393 1117 2392 1117 2394 1117 2393 1118 2394 1118 2395 1118 2395 1118 2394 1118 2396 1118 2395 1119 2396 1119 2397 1119 2397 1119 2396 1119 2398 1119 2397 1120 2398 1120 2399 1120 2397 1120 2399 1120 2400 1120 2400 1121 2399 1121 2401 1121 2400 1121 2401 1121 2402 1121 2402 1122 2401 1122 2403 1122 2402 1122 2403 1122 2404 1122 2404 1123 2403 1123 2405 1123 2404 1123 2405 1123 2406 1123 2406 1124 2405 1124 2407 1124 2406 1124 2407 1124 2408 1124 2408 1125 2407 1125 2409 1125 2408 1125 2409 1125 2410 1125 2410 1126 2409 1126 2411 1126 2411 1126 2409 1126 2412 1126 2411 1127 2412 1127 2413 1127 2413 1127 2412 1127 2414 1127 2413 1128 2414 1128 2415 1128 2415 1128 2414 1128 2416 1128 2415 1129 2416 1129 2417 1129 2417 1129 2416 1129 2418 1129 2417 1130 2418 1130 2419 1130 2419 1130 2418 1130 2420 1130 2419 1131 2420 1131 2421 1131 2421 1131 2420 1131 2422 1131 2421 1132 2422 1132 2423 1132 2423 1132 2422 1132 2424 1132 2423 1133 2424 1133 2425 1133 2423 1133 2425 1133 2426 1133 2426 1134 2425 1134 2427 1134 2426 1134 2427 1134 2428 1134 2428 1135 2427 1135 2429 1135 2428 1135 2429 1135 2430 1135 2430 1136 2429 1136 2431 1136 2430 1136 2431 1136 2432 1136 2432 1137 2431 1137 2433 1137 2432 1137 2433 1137 2434 1137 2434 1138 2433 1138 2435 1138 2434 1138 2435 1138 2436 1138 2436 1139 2435 1139 2437 1139 2437 1139 2435 1139 2438 1139 2437 1140 2438 1140 2439 1140 2439 1140 2438 1140 2440 1140 2439 1141 2440 1141 2441 1141 2441 1141 2440 1141 2442 1141 2441 1142 2442 1142 2443 1142 2443 1142 2442 1142 2444 1142 2443 1143 2444 1143 2445 1143 2445 1143 2444 1143 2446 1143 2445 1144 2446 1144 2447 1144 2447 1144 2446 1144 2448 1144 2447 1145 2448 1145 2449 1145 2449 1145 2448 1145 2450 1145 2449 1146 2450 1146 2451 1146 2449 1146 2451 1146 2452 1146 2452 1147 2451 1147 2453 1147 2452 1147 2453 1147 2454 1147 2454 1148 2453 1148 2455 1148 2454 1148 2455 1148 2456 1148 2456 1149 2455 1149 2457 1149 2456 1149 2457 1149 2458 1149 2458 1150 2457 1150 2459 1150 2458 1150 2459 1150 2460 1150 2460 1151 2459 1151 2461 1151 2460 1151 2461 1151 2462 1151 2462 1152 2461 1152 2463 1152 2463 1152 2461 1152 2464 1152 2463 1153 2464 1153 2465 1153 2465 1153 2464 1153 2466 1153 2465 1154 2466 1154 2467 1154 2467 1154 2466 1154 2468 1154 2467 1155 2468 1155 2469 1155 2469 1155 2468 1155 2470 1155 2469 1156 2470 1156 2471 1156 2471 1156 2470 1156 2472 1156 2471 1157 2472 1157 2473 1157 2473 1157 2472 1157 2474 1157 2473 1158 2474 1158 2475 1158 2475 1158 2474 1158 2476 1158 2475 1159 2476 1159 2477 1159 2475 1159 2477 1159 2478 1159 2478 1160 2477 1160 2479 1160 2478 1160 2479 1160 2480 1160 2480 1161 2479 1161 2481 1161 2480 1161 2481 1161 2482 1161 2482 1162 2481 1162 2483 1162 2482 1162 2483 1162 2484 1162 2484 1163 2483 1163 2485 1163 2484 1163 2485 1163 2486 1163 2486 1164 2485 1164 2487 1164 2486 1164 2487 1164 2488 1164 2488 1165 2487 1165 2489 1165 2489 1165 2487 1165 2490 1165 2489 1166 2490 1166 2491 1166 2491 1166 2490 1166 2492 1166 2491 1167 2492 1167 2493 1167 2493 1167 2492 1167 2494 1167 2493 1168 2494 1168 2495 1168 2495 1168 2494 1168 2496 1168 2495 1169 2496 1169 2497 1169 2497 1169 2496 1169 2498 1169 2497 1170 2498 1170 2499 1170 2499 1170 2498 1170 2500 1170 2499 1171 2500 1171 2501 1171 2501 1171 2500 1171 2502 1171 2501 1172 2502 1172 2503 1172 2501 1172 2503 1172 2504 1172 2504 1173 2503 1173 2505 1173 2504 1173 2505 1173 2506 1173 2506 1174 2505 1174 2507 1174 2506 1174 2507 1174 2508 1174 2508 1175 2507 1175 2509 1175 2508 1175 2509 1175 2510 1175 2510 1176 2509 1176 2511 1176 2510 1176 2511 1176 2512 1176 2512 1177 2511 1177 2513 1177 2512 1177 2513 1177 2514 1177 2514 1178 2513 1178 2515 1178 2515 1178 2513 1178 2516 1178 2515 1179 2516 1179 2517 1179 2517 1179 2516 1179 2518 1179 2517 1180 2518 1180 2519 1180 2519 1180 2518 1180 2520 1180 2519 1181 2520 1181 2521 1181 2521 1181 2520 1181 2522 1181 2521 1182 2522 1182 2523 1182 2523 1182 2522 1182 2524 1182 2523 1183 2524 1183 2525 1183 2525 1183 2524 1183 2526 1183 2525 1184 2526 1184 2527 1184 2525 1184 2527 1184 2528 1184 2528 1185 2527 1185 2529 1185 2528 1185 2529 1185 2530 1185 2530 1186 2529 1186 2531 1186 2530 1186 2531 1186 2532 1186 2532 1187 2531 1187 2533 1187 2532 1187 2533 1187 2534 1187 2534 1188 2533 1188 2535 1188 2534 1188 2535 1188 2536 1188 2536 1189 2535 1189 2537 1189 2536 1189 2537 1189 2538 1189 2538 1190 2537 1190 2539 1190 2538 1190 2539 1190 2540 1190 2540 1191 2539 1191 2541 1191 2541 1191 2539 1191 2542 1191 2541 1192 2542 1192 2543 1192 2543 1192 2542 1192 2544 1192 2543 1193 2544 1193 2545 1193 2545 1193 2544 1193 2546 1193 2545 1194 2546 1194 2547 1194 2547 1194 2546 1194 2548 1194 2547 1195 2548 1195 2549 1195 2549 1195 2548 1195 2550 1195 2549 1196 2550 1196 2551 1196 2551 1196 2550 1196 2552 1196 2551 1197 2552 1197 2553 1197 2551 1197 2553 1197 2554 1197 2554 1198 2553 1198 2555 1198 2554 1198 2555 1198 2556 1198 2556 1199 2555 1199 2557 1199 2556 1199 2557 1199 2558 1199 2558 1200 2557 1200 2559 1200 2558 1200 2559 1200 2560 1200 2560 1201 2559 1201 2561 1201 2560 1201 2561 1201 2562 1201 2562 1202 2561 1202 2328 1202 2562 1202 2328 1202 2327 1202 2335 1203 2337 1203 2339 1203 2369 1203 2358 1203 2367 1203 2367 1203 2358 1203 2359 1203 2367 1203 2359 1203 2365 1203 2365 1203 2359 1203 2361 1203 2365 1203 2361 1203 2363 1203 2356 1203 2393 1203 2395 1203 2393 1203 2356 1203 2391 1203 2391 1203 2356 1203 2358 1203 2391 1203 2358 1203 2389 1203 2389 1203 2358 1203 2369 1203 2389 1203 2369 1203 2387 1203 2387 1203 2369 1203 2371 1203 2387 1203 2371 1203 2386 1203 2386 1203 2371 1203 2374 1203 2386 1203 2374 1203 2376 1203 2345 1203 2541 1203 2543 1203 2382 1203 2384 1203 2380 1203 2380 1203 2384 1203 2386 1203 2380 1203 2386 1203 2378 1203 2378 1203 2386 1203 2376 1203 2536 1203 2538 1203 2540 1203 2343 1203 2547 1203 2341 1203 2341 1203 2547 1203 2549 1203 2345 1203 2543 1203 2343 1203 2343 1203 2543 1203 2545 1203 2343 1203 2545 1203 2547 1203 2408 1203 2410 1203 2397 1203 2397 1203 2410 1203 2411 1203 2397 1203 2411 1203 2395 1203 2395 1203 2411 1203 2413 1203 2395 1203 2413 1203 2356 1203 2528 1203 2530 1203 2525 1203 2525 1203 2530 1203 2532 1203 2347 1203 2519 1203 2345 1203 2345 1203 2519 1203 2521 1203 2345 1203 2521 1203 2541 1203 2541 1203 2521 1203 2523 1203 2541 1203 2523 1203 2540 1203 2540 1203 2523 1203 2525 1203 2540 1203 2525 1203 2536 1203 2536 1203 2525 1203 2532 1203 2536 1203 2532 1203 2534 1203 2413 1203 2415 1203 2356 1203 2356 1203 2415 1203 2417 1203 2356 1203 2417 1203 2354 1203 2354 1203 2417 1203 2419 1203 2354 1203 2419 1203 2421 1203 2560 1203 2562 1203 2558 1203 2558 1203 2562 1203 2327 1203 2558 1203 2327 1203 2556 1203 2436 1203 2437 1203 2423 1203 2469 1203 2350 1203 2352 1203 2335 1203 2339 1203 2333 1203 2333 1203 2339 1203 2341 1203 2333 1203 2341 1203 2331 1203 2331 1203 2341 1203 2549 1203 2331 1203 2549 1203 2329 1203 2329 1203 2549 1203 2551 1203 2329 1203 2551 1203 2327 1203 2327 1203 2551 1203 2554 1203 2327 1203 2554 1203 2556 1203 2404 1203 2406 1203 2402 1203 2402 1203 2406 1203 2408 1203 2402 1203 2408 1203 2400 1203 2400 1203 2408 1203 2397 1203 2439 1203 2354 1203 2437 1203 2437 1203 2354 1203 2421 1203 2437 1203 2421 1203 2423 1203 2463 1203 2465 1203 2352 1203 2352 1203 2465 1203 2467 1203 2352 1203 2467 1203 2469 1203 2439 1203 2441 1203 2354 1203 2354 1203 2441 1203 2443 1203 2354 1203 2443 1203 2352 1203 2443 1203 2445 1203 2352 1203 2352 1203 2445 1203 2447 1203 2352 1203 2447 1203 2463 1203 2463 1203 2447 1203 2449 1203 2463 1203 2449 1203 2462 1203 2462 1203 2449 1203 2452 1203 2423 1203 2426 1203 2428 1203 2489 1203 2491 1203 2350 1203 2350 1203 2491 1203 2493 1203 2434 1203 2436 1203 2432 1203 2432 1203 2436 1203 2423 1203 2432 1203 2423 1203 2430 1203 2430 1203 2423 1203 2428 1203 2458 1203 2460 1203 2456 1203 2456 1203 2460 1203 2462 1203 2456 1203 2462 1203 2454 1203 2454 1203 2462 1203 2452 1203 2493 1203 2495 1203 2350 1203 2350 1203 2495 1203 2515 1203 2350 1203 2515 1203 2347 1203 2347 1203 2515 1203 2517 1203 2347 1203 2517 1203 2519 1203 2469 1203 2471 1203 2350 1203 2350 1203 2471 1203 2473 1203 2350 1203 2473 1203 2489 1203 2489 1203 2473 1203 2475 1203 2489 1203 2475 1203 2488 1203 2488 1203 2475 1203 2478 1203 2488 1203 2478 1203 2480 1203 2480 1203 2482 1203 2488 1203 2488 1203 2482 1203 2484 1203 2488 1203 2484 1203 2486 1203 2504 1203 2506 1203 2508 1203 2495 1203 2497 1203 2515 1203 2515 1203 2497 1203 2499 1203 2515 1203 2499 1203 2514 1203 2514 1203 2499 1203 2501 1203 2514 1203 2501 1203 2512 1203 2512 1203 2501 1203 2504 1203 2512 1203 2504 1203 2510 1203 2510 1203 2504 1203 2508 1203 2355 1204 2396 1204 2394 1204 2375 1204 2373 1204 2372 1204 2357 1204 2370 1204 2360 1204 2360 1204 2370 1204 2368 1204 2360 1204 2368 1204 2362 1204 2362 1204 2368 1204 2366 1204 2362 1204 2366 1204 2364 1204 2355 1204 2394 1204 2357 1204 2344 1204 2342 1204 2550 1204 2340 1204 2338 1204 2336 1204 2550 1204 2548 1204 2344 1204 2344 1204 2548 1204 2546 1204 2344 1204 2546 1204 2346 1204 2383 1204 2381 1204 2385 1204 2385 1204 2381 1204 2379 1204 2394 1204 2392 1204 2357 1204 2357 1204 2392 1204 2390 1204 2357 1204 2390 1204 2370 1204 2370 1204 2390 1204 2388 1204 2370 1204 2388 1204 2372 1204 2372 1204 2388 1204 2385 1204 2372 1204 2385 1204 2375 1204 2375 1204 2385 1204 2379 1204 2375 1204 2379 1204 2377 1204 2340 1204 2336 1204 2342 1204 2555 1204 2553 1204 2552 1204 2546 1204 2544 1204 2346 1204 2346 1204 2544 1204 2542 1204 2346 1204 2542 1204 2524 1204 2524 1204 2542 1204 2539 1204 2524 1204 2539 1204 2526 1204 2526 1204 2539 1204 2537 1204 2526 1204 2537 1204 2535 1204 2529 1204 2527 1204 2531 1204 2531 1204 2527 1204 2526 1204 2531 1204 2526 1204 2533 1204 2533 1204 2526 1204 2535 1204 2561 1204 2559 1204 2328 1204 2328 1204 2559 1204 2557 1204 2418 1204 2355 1204 2420 1204 2420 1204 2355 1204 2353 1204 2420 1204 2353 1204 2422 1204 2557 1204 2555 1204 2328 1204 2328 1204 2555 1204 2552 1204 2328 1204 2552 1204 2330 1204 2330 1204 2552 1204 2550 1204 2330 1204 2550 1204 2332 1204 2332 1204 2550 1204 2342 1204 2332 1204 2342 1204 2334 1204 2334 1204 2342 1204 2336 1204 2407 1204 2405 1204 2403 1204 2353 1204 2440 1204 2422 1204 2422 1204 2440 1204 2438 1204 2422 1204 2438 1204 2424 1204 2424 1204 2438 1204 2435 1204 2424 1204 2435 1204 2433 1204 2418 1204 2416 1204 2355 1204 2355 1204 2416 1204 2414 1204 2355 1204 2414 1204 2396 1204 2396 1204 2414 1204 2412 1204 2396 1204 2412 1204 2398 1204 2398 1204 2412 1204 2409 1204 2398 1204 2409 1204 2399 1204 2399 1204 2409 1204 2407 1204 2399 1204 2407 1204 2401 1204 2401 1204 2407 1204 2403 1204 2524 1204 2522 1204 2346 1204 2346 1204 2522 1204 2520 1204 2346 1204 2520 1204 2348 1204 2348 1204 2520 1204 2518 1204 2348 1204 2518 1204 2349 1204 2349 1204 2518 1204 2516 1204 2349 1204 2516 1204 2496 1204 2448 1204 2446 1204 2351 1204 2351 1204 2446 1204 2444 1204 2351 1204 2444 1204 2353 1204 2353 1204 2444 1204 2442 1204 2353 1204 2442 1204 2440 1204 2474 1204 2472 1204 2349 1204 2349 1204 2472 1204 2470 1204 2349 1204 2470 1204 2351 1204 2427 1204 2425 1204 2429 1204 2429 1204 2425 1204 2424 1204 2429 1204 2424 1204 2431 1204 2431 1204 2424 1204 2433 1204 2496 1204 2494 1204 2349 1204 2349 1204 2494 1204 2492 1204 2349 1204 2492 1204 2474 1204 2474 1204 2492 1204 2490 1204 2474 1204 2490 1204 2476 1204 2476 1204 2490 1204 2487 1204 2476 1204 2487 1204 2477 1204 2459 1204 2457 1204 2461 1204 2461 1204 2457 1204 2455 1204 2470 1204 2468 1204 2351 1204 2351 1204 2468 1204 2466 1204 2351 1204 2466 1204 2448 1204 2448 1204 2466 1204 2464 1204 2448 1204 2464 1204 2450 1204 2450 1204 2464 1204 2461 1204 2450 1204 2461 1204 2451 1204 2451 1204 2461 1204 2455 1204 2451 1204 2455 1204 2453 1204 2487 1204 2485 1204 2483 1204 2477 1204 2487 1204 2479 1204 2479 1204 2487 1204 2483 1204 2479 1204 2483 1204 2481 1204 2507 1204 2505 1204 2509 1204 2509 1204 2505 1204 2503 1204 2509 1204 2503 1204 2511 1204 2511 1204 2503 1204 2502 1204 2511 1204 2502 1204 2513 1204 2513 1204 2502 1204 2500 1204 2513 1204 2500 1204 2516 1204 2516 1204 2500 1204 2498 1204 2516 1204 2498 1204 2496 1204 2361 1205 2362 1205 2363 1205 2363 1205 2362 1205 2364 1205</p>
        </triangles>
      </mesh>
    </geometry>
  </library_geometries>
  <library_visual_scenes>
    <visual_scene id="DefaultScene">
      <node id="node_2abe4e3b_a0a7_452c_a23d_5ed0a01b9c92" type="NODE">
        <matrix>1 0 0 0 0 1 0 0 0 0 1 0 0 0 0 1</matrix>
        <node id="node_d08d0f0e_7757_486f_9fd8_ced1ae5e1057" type="NODE">
          <matrix>1 0 0 0 0 1 0 0 0 0 1 0 0 0 0 1</matrix>
          <node id="node_d08d0f0e_7757_486f_9fd8_ced1ae5e1057_mesh0" type="NODE">
            <matrix>1 0 0 0 0 1 0 0 0 0 1 0 0 0 0 1</matrix>
            <instance_geometry url="#geometry_ca748b2b_d0dc_49c8_ba2b_37274bd8ead3">
              <bind_material>
                <technique_common>
                  <instance_material symbol="mat_0" target="#mat_0"/>
                </technique_common>
              </bind_material>
            </instance_geometry>
          </node>
        </node>
      </node>
    </visual_scene>
  </library_visual_scenes>
  <scene>
    <instance_visual_scene url="#DefaultScene"/>
  </scene>
</COLLADA>
